session_id,channel,method,bp,bp_x,warning,power
ID01_01,smo2_dom,raw,1,845.5494268278342,NA,154.5549426827834
ID01_01,smo2_dom,raw,2,1882.5626679298562,NA,258.2562667929856
ID01_01,smo2_dom,mean,1,126.02726724588555,NA,126.02726724588555
ID01_01,smo2_dom,mean,2,239.37364281067153,NA,239.37364281067153
ID01_01,smo2_dom,slope,1,NA,NA,NA
ID01_01,smo2_dom,slope,2,NA,NA,NA
ID01_01,smo2_dom,ratio,1,160.0001,Breakpoint estimate(s) outdistanced to allow finite estimates and st.errs,160.0001
ID01_01,smo2_dom,ratio,2,249.9999,Breakpoint estimate(s) outdistanced to allow finite estimates and st.errs,249.9999
ID01_01,smo2_dom,Log-log,1,239.9,NA,239.9
ID01_01,smo2_dom,Dmax,2,231.07247912717807,NA,231.07247912717807
ID01_01,smo2_dom,ModDmax,2,260.8645935742119,NA,260.8645935742119
ID01_01,smo2_dom,Log-log.ratio,1,146.5,NA,146.5
ID01_01,smo2_dom,Dmax.ratio,2,151.2167835538675,NA,151.2167835538675
ID01_01,smo2_dom,ModDmax.ratio,2,247.22657649101734,NA,247.22657649101734
ID01_01,smo2_dom,poly,1,186.87578320519944,NA,186.87578320519944
ID01_01,smo2_dom,poly,2,NA,NA,NA
ID01_01,smo2_ndom,raw,1,903.8010828285792,NA,160.38010828285792
ID01_01,smo2_ndom,raw,2,1744.7545913807792,NA,244.4754591380779
ID01_01,smo2_ndom,mean,1,111.48668071279617,NA,111.48668071279617
ID01_01,smo2_ndom,mean,2,185.182341506395,NA,185.182341506395
ID01_01,smo2_ndom,slope,1,NA,NA,NA
ID01_01,smo2_ndom,slope,2,NA,NA,NA
ID01_01,smo2_ndom,ratio,1,145.33794846698245,NA,145.33794846698245
ID01_01,smo2_ndom,ratio,2,209.89705975848793,NA,209.89705975848793
ID01_01,smo2_ndom,Log-log,1,177.8,NA,177.8
ID01_01,smo2_ndom,Dmax,2,175.02563267076638,NA,175.02563267076638
ID01_01,smo2_ndom,ModDmax,2,214.78238978667713,NA,214.78238978667713
ID01_01,smo2_ndom,Log-log.ratio,1,197,NA,197
ID01_01,smo2_ndom,Dmax.ratio,2,200.7349195629669,NA,200.7349195629669
ID01_01,smo2_ndom,ModDmax.ratio,2,238.29185405161556,NA,238.29185405161556
ID01_01,smo2_ndom,poly,1,103.54801390615435,NA,103.54801390615435
ID01_01,smo2_ndom,poly,2,235.97768733167715,NA,235.97768733167715
ID01_01,smo2_avg,raw,1,516.4010584679236,NA,121.64010584679235
ID01_01,smo2_avg,raw,2,1084.7183290540972,NA,178.4718329054097
ID01_01,smo2_avg,mean,1,160.0001,Breakpoint estimate(s) outdistanced to allow finite estimates and st.errs,160.0001
ID01_01,smo2_avg,mean,2,249.9999,Breakpoint estimate(s) outdistanced to allow finite estimates and st.errs,249.9999
ID01_01,smo2_avg,slope,1,NA,NA,NA
ID01_01,smo2_avg,slope,2,NA,NA,NA
ID01_01,smo2_avg,ratio,1,148.54783496202413,NA,148.54783496202413
ID01_01,smo2_avg,ratio,2,200.3072954887532,NA,200.3072954887532
ID01_01,smo2_avg,Log-log,1,142.2,NA,142.2
ID01_01,smo2_avg,Dmax,2,145.4436200053239,NA,145.4436200053239
ID01_01,smo2_avg,ModDmax,2,241.414724122274,NA,241.414724122274
ID01_01,smo2_avg,Log-log.ratio,1,171.9,NA,171.9
ID01_01,smo2_avg,Dmax.ratio,2,177.85562188363647,NA,177.85562188363647
ID01_01,smo2_avg,ModDmax.ratio,2,215.41961357151266,NA,215.41961357151266
ID01_01,smo2_avg,poly,1,86.9058708373852,NA,86.9058708373852
ID01_01,smo2_avg,poly,2,210.57456235572386,NA,210.57456235572386
ID01_02,smo2_dom,raw,1,658.6299495819321,NA,135.8629949581932
ID01_02,smo2_dom,raw,2,1366.999988959619,NA,206.6999988959619
ID01_02,smo2_dom,mean,1,111.39045548619063,NA,111.39045548619063
ID01_02,smo2_dom,mean,2,189.0729194287893,NA,189.0729194287893
ID01_02,smo2_dom,slope,1,129.9999,Breakpoint estimate(s) outdistanced to allow finite estimates and st.errs,129.9999
ID01_02,smo2_dom,slope,2,160.0001,Breakpoint estimate(s) outdistanced to allow finite estimates and st.errs,160.0001
ID01_02,smo2_dom,ratio,1,129.9999,Breakpoint estimate(s) outdistanced to allow finite estimates and st.errs,129.9999
ID01_02,smo2_dom,ratio,2,189.9999,Breakpoint estimate(s) outdistanced to allow finite estimates and st.errs,189.9999
ID01_02,smo2_dom,Log-log,1,184.9,NA,184.9
ID01_02,smo2_dom,Dmax,2,165.86275185920618,NA,165.86275185920618
ID01_02,smo2_dom,ModDmax,2,269.0795061017027,NA,269.0795061017027
ID01_02,smo2_dom,Log-log.ratio,1,187.4,NA,187.4
ID01_02,smo2_dom,Dmax.ratio,2,169.6073407320115,NA,169.6073407320115
ID01_02,smo2_dom,ModDmax.ratio,2,199.02558038438136,NA,199.02558038438136
ID01_02,smo2_dom,poly,1,131.77536468671275,NA,131.77536468671275
ID01_02,smo2_dom,poly,2,226.51067365439727,NA,226.51067365439727
ID01_02,smo2_ndom,raw,1,745.8355717741008,NA,144.58355717741006
ID01_02,smo2_ndom,raw,2,1412.6334324673392,NA,211.2633432467339
ID01_02,smo2_ndom,mean,1,160.0001,Breakpoint estimate(s) outdistanced to allow finite estimates and st.errs,160.0001
ID01_02,smo2_ndom,mean,2,249.9999,Breakpoint estimate(s) outdistanced to allow finite estimates and st.errs,249.9999
ID01_02,smo2_ndom,slope,1,NA,NA,NA
ID01_02,smo2_ndom,slope,2,NA,NA,NA
ID01_02,smo2_ndom,ratio,1,145.6742791547228,NA,145.6742791547228
ID01_02,smo2_ndom,ratio,2,199.93812409548337,NA,199.93812409548337
ID01_02,smo2_ndom,Log-log,1,160,NA,160
ID01_02,smo2_ndom,Dmax,2,154.340233255695,NA,154.340233255695
ID01_02,smo2_ndom,ModDmax,2,249.30457152528814,NA,249.30457152528814
ID01_02,smo2_ndom,Log-log.ratio,1,184.9,NA,184.9
ID01_02,smo2_ndom,Dmax.ratio,2,183.4758997565422,NA,183.4758997565422
ID01_02,smo2_ndom,ModDmax.ratio,2,224.93689037562837,NA,224.93689037562837
ID01_02,smo2_ndom,poly,1,93.97643985958662,NA,93.97643985958662
ID01_02,smo2_ndom,poly,2,218.32745319359407,NA,218.32745319359407
ID01_02,smo2_avg,raw,1,682.7890094407876,NA,138.27890094407877
ID01_02,smo2_avg,raw,2,1354.9999378766872,NA,205.49999378766873
ID01_02,smo2_avg,mean,1,113.98133225721455,NA,113.98133225721455
ID01_02,smo2_avg,mean,2,189.97012783852222,NA,189.97012783852222
ID01_02,smo2_avg,slope,1,129.9999,Breakpoint estimate(s) outdistanced to allow finite estimates and st.errs,129.9999
ID01_02,smo2_avg,slope,2,160.0001,Breakpoint estimate(s) outdistanced to allow finite estimates and st.errs,160.0001
ID01_02,smo2_avg,ratio,1,115.61038143197194,NA,115.61038143197194
ID01_02,smo2_avg,ratio,2,232.68064093165222,NA,232.68064093165222
ID01_02,smo2_avg,Log-log,1,188.3,NA,188.3
ID01_02,smo2_avg,Dmax,2,199.62740603899744,NA,199.62740603899744
ID01_02,smo2_avg,ModDmax,2,228.16967683970765,NA,228.16967683970765
ID01_02,smo2_avg,Log-log.ratio,1,187.5,NA,187.5
ID01_02,smo2_avg,Dmax.ratio,2,204.31094895604633,NA,204.31094895604633
ID01_02,smo2_avg,ModDmax.ratio,2,239.55859838017113,NA,239.55859838017113
ID01_02,smo2_avg,poly,1,144.56004262632132,NA,144.56004262632132
ID01_02,smo2_avg,poly,2,231.67729576001946,NA,231.67729576001946
ID01_03,smo2_dom,raw,1,603.4011712498154,NA,130.34011712498153
ID01_03,smo2_dom,raw,2,1495.6218478544697,NA,219.562184785447
ID01_03,smo2_dom,mean,1,117.7203280888331,NA,117.7203280888331
ID01_03,smo2_dom,mean,2,181.95379751418594,NA,181.95379751418594
ID01_03,smo2_dom,slope,1,NA,NA,NA
ID01_03,smo2_dom,slope,2,NA,NA,NA
ID01_03,smo2_dom,ratio,1,145.39465409935272,NA,145.39465409935272
ID01_03,smo2_dom,ratio,2,211.18144733772021,NA,211.18144733772021
ID01_03,smo2_dom,Log-log,1,161.6,NA,161.6
ID01_03,smo2_dom,Dmax,2,173.4718603750003,NA,173.4718603750003
ID01_03,smo2_dom,ModDmax,2,207.41659266013147,NA,207.41659266013147
ID01_03,smo2_dom,Log-log.ratio,1,191.8,NA,191.8
ID01_03,smo2_dom,Dmax.ratio,2,202.2039294946553,NA,202.2039294946553
ID01_03,smo2_dom,ModDmax.ratio,2,237.43398078804412,NA,237.43398078804412
ID01_03,smo2_dom,poly,1,72.18596374279639,NA,72.18596374279639
ID01_03,smo2_dom,poly,2,241.205706566146,NA,241.205706566146
ID01_03,smo2_ndom,raw,1,782.8695054257146,NA,148.28695054257145
ID01_03,smo2_ndom,raw,2,1670.3046036876942,NA,237.0304603687694
ID01_03,smo2_ndom,mean,1,119.4165892337356,NA,119.4165892337356
ID01_03,smo2_ndom,mean,2,201.8910844654854,NA,201.8910844654854
ID01_03,smo2_ndom,slope,1,189.9999,Breakpoint estimate(s) outdistanced to allow finite estimates and st.errs,189.9999
ID01_03,smo2_ndom,slope,2,249.9999,Breakpoint estimate(s) outdistanced to allow finite estimates and st.errs,249.9999
ID01_03,smo2_ndom,ratio,1,179.77114138165194,NA,179.77114138165194
ID01_03,smo2_ndom,ratio,2,232.23070353802174,NA,232.23070353802174
ID01_03,smo2_ndom,Log-log,1,180.6,NA,180.6
ID01_03,smo2_ndom,Dmax,2,190.11343788230053,NA,190.11343788230053
ID01_03,smo2_ndom,ModDmax,2,228.55327582609246,NA,228.55327582609246
ID01_03,smo2_ndom,Log-log.ratio,1,203.8,NA,203.8
ID01_03,smo2_ndom,Dmax.ratio,2,209.26626449870184,NA,209.26626449870184
ID01_03,smo2_ndom,ModDmax.ratio,2,243.70460634825002,NA,243.70460634825002
ID01_03,smo2_ndom,poly,1,99.76079639988752,NA,99.76079639988752
ID01_03,smo2_ndom,poly,2,268.4531833855848,NA,268.4531833855848
ID01_03,smo2_avg,raw,1,640.3490810309959,NA,134.03490810309958
ID01_03,smo2_avg,raw,2,1561.7830769212644,NA,226.17830769212645
ID01_03,smo2_avg,mean,1,120.47604048708065,NA,120.47604048708065
ID01_03,smo2_avg,mean,2,198.52225193726213,NA,198.52225193726213
ID01_03,smo2_avg,slope,1,107.79273951983141,NA,107.79273951983141
ID01_03,smo2_avg,slope,2,247.36425517816414,NA,247.36425517816414
ID01_03,smo2_avg,ratio,1,230.0767093768809,NA,230.0767093768809
ID01_03,smo2_avg,ratio,2,166.91603154526092,NA,166.91603154526092
ID01_03,smo2_avg,Log-log,1,171.7,NA,171.7
ID01_03,smo2_avg,Dmax,2,182.05900049870786,NA,182.05900049870786
ID01_03,smo2_avg,ModDmax,2,220.40413066487915,NA,220.40413066487915
ID01_03,smo2_avg,Log-log.ratio,1,198.1,NA,198.1
ID01_03,smo2_avg,Dmax.ratio,2,206.27430063696858,NA,206.27430063696858
ID01_03,smo2_avg,ModDmax.ratio,2,240.8366038924286,NA,240.8366038924286
ID01_03,smo2_avg,poly,1,87.24378291993835,NA,87.24378291993835
ID01_03,smo2_avg,poly,2,253.85864312510404,NA,253.85864312510404
ID02_01,smo2_dom,raw,1,317.36413832006684,NA,152.89402305334448
ID02_01,smo2_dom,raw,2,946.2963457162961,NA,257.7160576193827
ID02_01,smo2_dom,mean,1,150.0001,NaNs produced,150.0001
ID02_01,smo2_dom,mean,2,250.0001,NaNs produced,250.0001
ID02_01,smo2_dom,slope,1,150.0001,NaNs produced,150.0001
ID02_01,smo2_dom,slope,2,250.0001,NaNs produced,250.0001
ID02_01,smo2_dom,ratio,1,NA,NA,NA
ID02_01,smo2_dom,ratio,2,NA,NA,NA
ID02_01,smo2_dom,Log-log,1,218.1,NA,218.1
ID02_01,smo2_dom,Dmax,2,213.27625492880938,NA,213.27625492880938
ID02_01,smo2_dom,ModDmax,2,317.0489750047638,NA,317.0489750047638
ID02_01,smo2_dom,Log-log.ratio,1,237.8,NA,237.8
ID02_01,smo2_dom,Dmax.ratio,2,240.91206492358745,NA,240.91206492358745
ID02_01,smo2_dom,ModDmax.ratio,2,288.6640629829073,NA,288.6640629829073
ID02_01,smo2_dom,poly,1,131.7594175405901,NA,131.7594175405901
ID02_01,smo2_dom,poly,2,283.2983609965024,NA,283.2983609965024
ID02_01,smo2_ndom,raw,1,271.55470225798416,NA,145.25911704299736
ID02_01,smo2_ndom,raw,2,943.3551979950757,NA,257.2258663325126
ID02_01,smo2_ndom,mean,1,NA,NA,NA
ID02_01,smo2_ndom,mean,2,NA,NA,NA
ID02_01,smo2_ndom,slope,1,NA,NA,NA
ID02_01,smo2_ndom,slope,2,NA,NA,NA
ID02_01,smo2_ndom,ratio,1,182.68881943883437,NaNs produced,182.68881943883437
ID02_01,smo2_ndom,ratio,2,271.16065968912665,NaNs produced,271.16065968912665
ID02_01,smo2_ndom,Log-log,1,211.5,NA,211.5
ID02_01,smo2_ndom,Dmax,2,225.8717251087663,NA,225.8717251087663
ID02_01,smo2_ndom,ModDmax,2,258.8021776236968,NA,258.8021776236968
ID02_01,smo2_ndom,Log-log.ratio,1,241.7,NA,241.7
ID02_01,smo2_ndom,Dmax.ratio,2,252.40785143681245,NA,252.40785143681245
ID02_01,smo2_ndom,ModDmax.ratio,2,296.266117951674,NA,296.266117951674
ID02_01,smo2_ndom,poly,1,300.66842192360315,NA,300.66842192360315
ID02_01,smo2_ndom,poly,2,NA,NA,NA
ID02_01,smo2_avg,raw,1,289.64194260893316,NA,148.27365710148885
ID02_01,smo2_avg,raw,2,942.5819571823583,NA,257.0969928637264
ID02_01,smo2_avg,mean,1,150.0001,NaNs produced,150.0001
ID02_01,smo2_avg,mean,2,250.0001,NaNs produced,250.0001
ID02_01,smo2_avg,slope,1,NA,NA,NA
ID02_01,smo2_avg,slope,2,NA,NA,NA
ID02_01,smo2_avg,ratio,1,182.41041352068032,NaNs produced,182.41041352068032
ID02_01,smo2_avg,ratio,2,257.7416821740628,NaNs produced,257.7416821740628
ID02_01,smo2_avg,Log-log,1,215.8,NA,215.8
ID02_01,smo2_avg,Dmax,2,217.22032468334123,NA,217.22032468334123
ID02_01,smo2_avg,ModDmax,2,324.31103288116094,NA,324.31103288116094
ID02_01,smo2_avg,Log-log.ratio,1,238.9,NA,238.9
ID02_01,smo2_avg,Dmax.ratio,2,244.63693398526584,NA,244.63693398526584
ID02_01,smo2_avg,ModDmax.ratio,2,291.5925322248,NA,291.5925322248
ID02_01,smo2_avg,poly,1,117.21871056687446,NA,117.21871056687446
ID02_01,smo2_avg,poly,2,286.79028846158917,NA,286.79028846158917
ID02_02,smo2_dom,raw,1,569.0000851852736,NA,194.83334753087894
ID02_02,smo2_dom,raw,2,1057.6418193428972,NA,276.27363655714953
ID02_02,smo2_dom,mean,1,222.79604905466795,NA,222.79604905466795
ID02_02,smo2_dom,mean,2,327.4915682197875,NA,327.4915682197875
ID02_02,smo2_dom,slope,1,NA,NA,NA
ID02_02,smo2_dom,slope,2,NA,NA,NA
ID02_02,smo2_dom,ratio,1,NA,NA,NA
ID02_02,smo2_dom,ratio,2,NA,NA,NA
ID02_02,smo2_dom,Log-log,1,210.9,NA,210.9
ID02_02,smo2_dom,Dmax,2,213.39830600585415,NA,213.39830600585415
ID02_02,smo2_dom,ModDmax,2,344.10493030664486,NA,344.10493030664486
ID02_02,smo2_dom,Log-log.ratio,1,226.5,NA,226.5
ID02_02,smo2_dom,Dmax.ratio,2,229.36418362562353,NA,229.36418362562353
ID02_02,smo2_dom,ModDmax.ratio,2,360.4402780090674,NA,360.4402780090674
ID02_02,smo2_dom,poly,1,300.01071500140444,NA,300.01071500140444
ID02_02,smo2_dom,poly,2,NA,NA,NA
ID02_02,smo2_ndom,raw,1,588.8195266528542,NA,198.1365877754757
ID02_02,smo2_ndom,raw,2,1163.6850866623233,NA,293.9475144437206
ID02_02,smo2_ndom,mean,1,200.0001,Breakpoint estimate(s) outdistanced to allow finite estimates and st.errs,200.0001
ID02_02,smo2_ndom,mean,2,349.9999,Breakpoint estimate(s) outdistanced to allow finite estimates and st.errs,349.9999
ID02_02,smo2_ndom,slope,1,NA,NA,NA
ID02_02,smo2_ndom,slope,2,NA,NA,NA
ID02_02,smo2_ndom,ratio,1,199.9999,Breakpoint estimate(s) outdistanced to allow finite estimates and st.errs,199.9999
ID02_02,smo2_ndom,ratio,2,300.0001,Breakpoint estimate(s) outdistanced to allow finite estimates and st.errs,300.0001
ID02_02,smo2_ndom,Log-log,1,225,NA,225
ID02_02,smo2_ndom,Dmax,2,219.86805772786684,NA,219.86805772786684
ID02_02,smo2_ndom,ModDmax,2,348.95851969590666,NA,348.95851969590666
ID02_02,smo2_ndom,Log-log.ratio,1,240.4,NA,240.4
ID02_02,smo2_ndom,Dmax.ratio,2,240.3614893219347,NA,240.3614893219347
ID02_02,smo2_ndom,ModDmax.ratio,2,281.69210258043563,NA,281.69210258043563
ID02_02,smo2_ndom,poly,1,134.13248880824827,NA,134.13248880824827
ID02_02,smo2_ndom,poly,2,309.5745917178737,NA,309.5745917178737
ID02_02,smo2_avg,raw,1,577.7557696356246,NA,196.2926282726041
ID02_02,smo2_avg,raw,2,1114.552959987687,NA,285.7588266646145
ID02_02,smo2_avg,mean,1,225.6555419455756,NA,225.6555419455756
ID02_02,smo2_avg,mean,2,335.2838205739437,NA,335.2838205739437
ID02_02,smo2_avg,slope,1,199.9999,NaNs produced,199.9999
ID02_02,smo2_avg,slope,2,299.9999,NaNs produced,299.9999
ID02_02,smo2_avg,ratio,1,NA,NA,NA
ID02_02,smo2_avg,ratio,2,NA,NA,NA
ID02_02,smo2_avg,Log-log,1,218.1,NA,218.1
ID02_02,smo2_avg,Dmax,2,216.7518896762293,NA,216.7518896762293
ID02_02,smo2_avg,ModDmax,2,346.4949139597092,NA,346.4949139597092
ID02_02,smo2_avg,Log-log.ratio,1,234.4,NA,234.4
ID02_02,smo2_avg,Dmax.ratio,2,234.98028075070485,NA,234.98028075070485
ID02_02,smo2_avg,ModDmax.ratio,2,369.94826402893506,NA,369.94826402893506
ID02_02,smo2_avg,poly,1,117.98521916014063,NA,117.98521916014063
ID02_02,smo2_avg,poly,2,305.3399635987521,NA,305.3399635987521
ID02_03,smo2_dom,raw,1,870.6938281390264,NA,245.11563802317107
ID02_03,smo2_dom,raw,2,1540.348908645085,NA,356.7248181075141
ID02_03,smo2_dom,mean,1,199.9999,Breakpoint estimate(s) outdistanced to allow finite estimates and st.errs,199.9999
ID02_03,smo2_dom,mean,2,300.0001,Breakpoint estimate(s) outdistanced to allow finite estimates and st.errs,300.0001
ID02_03,smo2_dom,slope,1,199.92063417601648,NA,199.92063417601648
ID02_03,smo2_dom,slope,2,303.1717447536617,NA,303.1717447536617
ID02_03,smo2_dom,ratio,1,199.9999,Breakpoint estimate(s) outdistanced to allow finite estimates and st.errs,199.9999
ID02_03,smo2_dom,ratio,2,299.9999,Breakpoint estimate(s) outdistanced to allow finite estimates and st.errs,299.9999
ID02_03,smo2_dom,Log-log,1,200,NA,200
ID02_03,smo2_dom,Dmax,2,217.12058508370367,NA,217.12058508370367
ID02_03,smo2_dom,ModDmax,2,348.0064738570672,NA,348.0064738570672
ID02_03,smo2_dom,Log-log.ratio,1,202.8,NA,202.8
ID02_03,smo2_dom,Dmax.ratio,2,234.5909049022549,NA,234.5909049022549
ID02_03,smo2_dom,ModDmax.ratio,2,260.1946038502023,NA,260.1946038502023
ID02_03,smo2_dom,poly,1,303.0494048923567,NA,303.0494048923567
ID02_03,smo2_dom,poly,2,NA,NA,NA
ID02_03,smo2_ndom,raw,1,533.4801913109801,NA,188.91336521849666
ID02_03,smo2_ndom,raw,2,1623.3199346363008,NA,370.55332243938346
ID02_03,smo2_ndom,mean,1,180.6996466807264,NA,180.6996466807264
ID02_03,smo2_ndom,mean,2,302.47288535801465,NA,302.47288535801465
ID02_03,smo2_ndom,slope,1,NA,NA,NA
ID02_03,smo2_ndom,slope,2,NA,NA,NA
ID02_03,smo2_ndom,ratio,1,199.9999,Breakpoint estimate(s) outdistanced to allow finite estimates and st.errs,199.9999
ID02_03,smo2_ndom,ratio,2,300.0001,Breakpoint estimate(s) outdistanced to allow finite estimates and st.errs,300.0001
ID02_03,smo2_ndom,Log-log,1,191.5,NA,191.5
ID02_03,smo2_ndom,Dmax,2,204.28776691358775,NA,204.28776691358775
ID02_03,smo2_ndom,ModDmax,2,338.1237053535323,NA,338.1237053535323
ID02_03,smo2_ndom,Log-log.ratio,1,199.7,NA,199.7
ID02_03,smo2_ndom,Dmax.ratio,2,232.12338507560008,NA,232.12338507560008
ID02_03,smo2_ndom,ModDmax.ratio,2,255.16960925912537,NA,255.16960925912537
ID02_03,smo2_ndom,poly,1,267.2006305010013,NA,267.2006305010013
ID02_03,smo2_ndom,poly,2,NA,NA,NA
ID02_03,smo2_avg,raw,1,298.1100230968443,NA,149.68500384947404
ID02_03,smo2_avg,raw,2,816.0303364688157,NA,236.00505607813594
ID02_03,smo2_avg,mean,1,NA,NA,NA
ID02_03,smo2_avg,mean,2,NA,NA,NA
ID02_03,smo2_avg,slope,1,199.9999,Breakpoint estimate(s) outdistanced to allow finite estimates and st.errs,199.9999
ID02_03,smo2_avg,slope,2,250.0001,Breakpoint estimate(s) outdistanced to allow finite estimates and st.errs,250.0001
ID02_03,smo2_avg,ratio,1,215.23575787181537,NA,215.23575787181537
ID02_03,smo2_avg,ratio,2,315.7685780851678,NA,315.7685780851678
ID02_03,smo2_avg,Log-log,1,197.1,NA,197.1
ID02_03,smo2_avg,Dmax,2,212.55629434118646,NA,212.55629434118646
ID02_03,smo2_avg,ModDmax,2,343.97762283044045,NA,343.97762283044045
ID02_03,smo2_avg,Log-log.ratio,1,201.4,NA,201.4
ID02_03,smo2_avg,Dmax.ratio,2,233.55372750277684,NA,233.55372750277684
ID02_03,smo2_avg,ModDmax.ratio,2,258.01397860526896,NA,258.01397860526896
ID02_03,smo2_avg,poly,1,290.69599705836026,NA,290.69599705836026
ID02_03,smo2_avg,poly,2,NA,NA,NA
ID03_01,smo2_dom,raw,1,562.2680216652982,NA,159.9690695553731
ID03_01,smo2_dom,raw,2,1535.25045188423,NA,289.70006025123064
ID03_01,smo2_dom,mean,1,185.81639995197486,NA,185.81639995197486
ID03_01,smo2_dom,mean,2,254.3051326534137,NA,254.3051326534137
ID03_01,smo2_dom,slope,1,141.8658777822082,NA,141.8658777822082
ID03_01,smo2_dom,slope,2,321.16530621718124,NA,321.16530621718124
ID03_01,smo2_dom,ratio,1,197.95218743710427,NA,197.95218743710427
ID03_01,smo2_dom,ratio,2,261.73370178152163,NA,261.73370178152163
ID03_01,smo2_dom,Log-log,1,274.4,NA,274.4
ID03_01,smo2_dom,Dmax,2,282.15773599050857,NA,282.15773599050857
ID03_01,smo2_dom,ModDmax,2,320.06982102353834,NA,320.06982102353834
ID03_01,smo2_dom,Log-log.ratio,1,178.1,NA,178.1
ID03_01,smo2_dom,Dmax.ratio,2,220.81749622729888,NA,220.81749622729888
ID03_01,smo2_dom,ModDmax.ratio,2,249.2329579746656,NA,249.2329579746656
ID03_01,smo2_dom,poly,1,190.7723206845575,NA,190.7723206845575
ID03_01,smo2_dom,poly,2,NA,NA,NA
ID03_01,smo2_ndom,raw,1,804.6162813174002,NA,192.28217084232003
ID03_01,smo2_ndom,raw,2,1552.265560527131,NA,291.96874140361746
ID03_01,smo2_ndom,mean,1,193.40519268034475,NA,193.40519268034475
ID03_01,smo2_ndom,mean,2,250.20352616935045,NA,250.20352616935045
ID03_01,smo2_ndom,slope,1,NA,NA,NA
ID03_01,smo2_ndom,slope,2,NA,NA,NA
ID03_01,smo2_ndom,ratio,1,199.5142208800311,NA,199.5142208800311
ID03_01,smo2_ndom,ratio,2,284.997929725966,NA,284.997929725966
ID03_01,smo2_ndom,Log-log,1,284.3,NA,284.3
ID03_01,smo2_ndom,Dmax,2,293.02709903268675,NA,293.02709903268675
ID03_01,smo2_ndom,ModDmax,2,324.6762265604419,NA,324.6762265604419
ID03_01,smo2_ndom,Log-log.ratio,1,183.9,NA,183.9
ID03_01,smo2_ndom,Dmax.ratio,2,231.85985121536618,NA,231.85985121536618
ID03_01,smo2_ndom,ModDmax.ratio,2,264.0734496652362,NA,264.0734496652362
ID03_01,smo2_ndom,poly,1,206.28081624190395,NA,206.28081624190395
ID03_01,smo2_ndom,poly,2,NA,NA,NA
ID03_01,smo2_avg,raw,1,589.4906355188016,NA,163.59875140250688
ID03_01,smo2_avg,raw,2,1568.7125721259645,NA,294.16167628346193
ID03_01,smo2_avg,mean,1,190.1526785418559,NA,190.1526785418559
ID03_01,smo2_avg,mean,2,252.19923583270287,NA,252.19923583270287
ID03_01,smo2_avg,slope,1,143.62490446971333,NA,143.62490446971333
ID03_01,smo2_avg,slope,2,321.9936142661784,NA,321.9936142661784
ID03_01,smo2_avg,ratio,1,198.70568784635952,NA,198.70568784635952
ID03_01,smo2_avg,ratio,2,278.9219307281287,NA,278.9219307281287
ID03_01,smo2_avg,Log-log,1,278.8,NA,278.8
ID03_01,smo2_avg,Dmax,2,287.68002025450886,NA,287.68002025450886
ID03_01,smo2_avg,ModDmax,2,322.1772242614907,NA,322.1772242614907
ID03_01,smo2_avg,Log-log.ratio,1,181.2,NA,181.2
ID03_01,smo2_avg,Dmax.ratio,2,226.8037645031322,NA,226.8037645031322
ID03_01,smo2_avg,ModDmax.ratio,2,257.69716750366433,NA,257.69716750366433
ID03_01,smo2_avg,poly,1,197.8336508262544,NA,197.8336508262544
ID03_01,smo2_avg,poly,2,NA,NA,NA
ID03_02,smo2_dom,raw,1,540.4309810448818,NA,157.05746413931757
ID03_02,smo2_dom,raw,2,1714.7108011413875,NA,313.6281068188517
ID03_02,smo2_dom,mean,1,194.31941028676505,NA,194.31941028676505
ID03_02,smo2_dom,mean,2,267.5103889039956,NA,267.5103889039956
ID03_02,smo2_dom,slope,1,164.9999,Breakpoint estimate(s) outdistanced to allow finite estimates and st.errs,164.9999
ID03_02,smo2_dom,slope,2,245.0001,Breakpoint estimate(s) outdistanced to allow finite estimates and st.errs,245.0001
ID03_02,smo2_dom,ratio,1,198.05932185243134,NA,198.05932185243134
ID03_02,smo2_dom,ratio,2,264.8431807714458,NA,264.8431807714458
ID03_02,smo2_dom,Log-log,1,297.3,NA,297.3
ID03_02,smo2_dom,Dmax,2,291.5108063541079,NA,291.5108063541079
ID03_02,smo2_dom,ModDmax,2,331.28925709358293,NA,331.28925709358293
ID03_02,smo2_dom,Log-log.ratio,1,202.3,NA,202.3
ID03_02,smo2_dom,Dmax.ratio,2,250.46377668869863,NA,250.46377668869863
ID03_02,smo2_dom,ModDmax.ratio,2,284.57319752053326,NA,284.57319752053326
ID03_02,smo2_dom,poly,1,215.29971899878774,NA,215.29971899878774
ID03_02,smo2_dom,poly,2,NA,NA,NA
ID03_02,smo2_ndom,raw,1,832.671951386458,NA,196.02292685152776
ID03_02,smo2_ndom,raw,2,1526.698317458714,NA,288.5597756611619
ID03_02,smo2_ndom,mean,1,180.25199734775993,NA,180.25199734775993
ID03_02,smo2_ndom,mean,2,257.83297869943794,NA,257.83297869943794
ID03_02,smo2_ndom,slope,1,218.64648792638238,NA,218.64648792638238
ID03_02,smo2_ndom,slope,2,315.5101486458856,NA,315.5101486458856
ID03_02,smo2_ndom,ratio,1,202.3548683053533,NA,202.3548683053533
ID03_02,smo2_ndom,ratio,2,311.07923227626526,NA,311.07923227626526
ID03_02,smo2_ndom,Log-log,1,278.4,NA,278.4
ID03_02,smo2_ndom,Dmax,2,287.4970125945703,NA,287.4970125945703
ID03_02,smo2_ndom,ModDmax,2,321.52739940738,NA,321.52739940738
ID03_02,smo2_ndom,Log-log.ratio,1,170,NA,170
ID03_02,smo2_ndom,Dmax.ratio,2,203.72866416383266,NA,203.72866416383266
ID03_02,smo2_ndom,ModDmax.ratio,2,222.82981661806673,NA,222.82981661806673
ID03_02,smo2_ndom,poly,1,195.40498451254143,NA,195.40498451254143
ID03_02,smo2_ndom,poly,2,NA,NA,NA
ID03_02,smo2_avg,raw,1,807.3046245790124,NA,192.640616610535
ID03_02,smo2_avg,raw,2,1591.8275248113814,NA,297.24366997485083
ID03_02,smo2_avg,mean,1,186.18455776693548,NA,186.18455776693548
ID03_02,smo2_avg,mean,2,262.09180954543433,NA,262.09180954543433
ID03_02,smo2_avg,slope,1,NA,NA,NA
ID03_02,smo2_avg,slope,2,NA,NA,NA
ID03_02,smo2_avg,ratio,1,197.59320053164907,NA,197.59320053164907
ID03_02,smo2_avg,ratio,2,246.50251269265652,NA,246.50251269265652
ID03_02,smo2_avg,Log-log,1,286.6,NA,286.6
ID03_02,smo2_avg,Dmax,2,289.28430010607013,NA,289.28430010607013
ID03_02,smo2_avg,ModDmax,2,325.70584965669315,NA,325.70584965669315
ID03_02,smo2_avg,Log-log.ratio,1,188.1,NA,188.1
ID03_02,smo2_avg,Dmax.ratio,2,227.48862074580907,NA,227.48862074580907
ID03_02,smo2_avg,ModDmax.ratio,2,261.825433203026,NA,261.825433203026
ID03_02,smo2_avg,poly,1,202.91925326837026,NA,202.91925326837026
ID03_02,smo2_avg,poly,2,NA,NA,NA
ID03_03,smo2_dom,raw,1,711.2867624451396,NA,179.83823499268527
ID03_03,smo2_dom,raw,2,1828.8334424203815,NA,328.8444589893842
ID03_03,smo2_dom,mean,1,145.78492420604272,NA,145.78492420604272
ID03_03,smo2_dom,mean,2,298.73089634890607,NA,298.73089634890607
ID03_03,smo2_dom,slope,1,244.9999,Breakpoint estimate(s) outdistanced to allow finite estimates and st.errs,244.9999
ID03_03,smo2_dom,slope,2,324.9999,Breakpoint estimate(s) outdistanced to allow finite estimates and st.errs,324.9999
ID03_03,smo2_dom,ratio,1,NA,NA,NA
ID03_03,smo2_dom,ratio,2,NA,NA,NA
ID03_03,smo2_dom,Log-log,1,308.4,NA,308.4
ID03_03,smo2_dom,Dmax,2,296.448978295757,NA,296.448978295757
ID03_03,smo2_dom,ModDmax,2,337.06857568834766,NA,337.06857568834766
ID03_03,smo2_dom,Log-log.ratio,1,206.3,NA,206.3
ID03_03,smo2_dom,Dmax.ratio,2,218.92221940665496,NA,218.92221940665496
ID03_03,smo2_dom,ModDmax.ratio,2,258.8334508923175,NA,258.8334508923175
ID03_03,smo2_dom,poly,1,228.79115334574735,NA,228.79115334574735
ID03_03,smo2_dom,poly,2,NA,NA,NA
ID03_03,smo2_ndom,raw,1,892.2355952020731,NA,203.9647460269431
ID03_03,smo2_ndom,raw,2,1590.5671979125573,NA,297.075626388341
ID03_03,smo2_ndom,mean,1,193.08174730245835,NA,193.08174730245835
ID03_03,smo2_ndom,mean,2,262.472497866567,NA,262.472497866567
ID03_03,smo2_ndom,slope,1,NA,NA,NA
ID03_03,smo2_ndom,slope,2,NA,NA,NA
ID03_03,smo2_ndom,ratio,1,225.024730533213,NA,225.024730533213
ID03_03,smo2_ndom,ratio,2,303.1281031445218,NA,303.1281031445218
ID03_03,smo2_ndom,Log-log,1,296.4,NA,296.4
ID03_03,smo2_ndom,Dmax,2,297.2963522702245,NA,297.2963522702245
ID03_03,smo2_ndom,ModDmax,2,329.98146889356985,NA,329.98146889356985
ID03_03,smo2_ndom,Log-log.ratio,1,184.7,NA,184.7
ID03_03,smo2_ndom,Dmax.ratio,2,206.4963957102251,NA,206.4963957102251
ID03_03,smo2_ndom,ModDmax.ratio,2,231.95428953758986,NA,231.95428953758986
ID03_03,smo2_ndom,poly,1,220.53530274962947,NA,220.53530274962947
ID03_03,smo2_ndom,poly,2,NA,NA,NA
ID03_03,smo2_avg,raw,1,847.7617416482249,NA,198.03489888642997
ID03_03,smo2_avg,raw,2,1678.1236709242937,NA,308.7498227899058
ID03_03,smo2_avg,mean,1,184.12461596218293,NA,184.12461596218293
ID03_03,smo2_avg,mean,2,276.21221085624495,NA,276.21221085624495
ID03_03,smo2_avg,slope,1,162.19108516350389,NA,162.19108516350389
ID03_03,smo2_avg,slope,2,316.0553190205246,NA,316.0553190205246
ID03_03,smo2_avg,ratio,1,204.9999,Breakpoint estimate(s) outdistanced to allow finite estimates and st.errs,204.9999
ID03_03,smo2_avg,ratio,2,324.9999,Breakpoint estimate(s) outdistanced to allow finite estimates and st.errs,324.9999
ID03_03,smo2_avg,Log-log,1,302.4,NA,302.4
ID03_03,smo2_avg,Dmax,2,296.90338851807513,NA,296.90338851807513
ID03_03,smo2_avg,ModDmax,2,333.3726991139619,NA,333.3726991139619
ID03_03,smo2_avg,Log-log.ratio,1,195,NA,195
ID03_03,smo2_avg,Dmax.ratio,2,212.7623671233281,NA,212.7623671233281
ID03_03,smo2_avg,ModDmax.ratio,2,245.18337974293587,NA,245.18337974293587
ID03_03,smo2_avg,poly,1,224.51488412657324,NA,224.51488412657324
ID03_03,smo2_avg,poly,2,NA,NA,NA
ID04_01,smo2_dom,raw,1,502.5244267268417,NA,115.25244267268417
ID04_01,smo2_dom,raw,2,1957.0791898799039,NA,260.7079189879904
ID04_01,smo2_dom,mean,1,NA,NA,NA
ID04_01,smo2_dom,mean,2,NA,NA,NA
ID04_01,smo2_dom,slope,1,NA,NA,NA
ID04_01,smo2_dom,slope,2,NA,NA,NA
ID04_01,smo2_dom,ratio,1,NA,NA,NA
ID04_01,smo2_dom,ratio,2,NA,NA,NA
ID04_01,smo2_dom,Log-log,1,253.8,NA,253.8
ID04_01,smo2_dom,Dmax,2,203.3221438934555,NA,203.3221438934555
ID04_01,smo2_dom,ModDmax,2,NA,NA,NA
ID04_01,smo2_dom,Log-log.ratio,1,168.2,NA,168.2
ID04_01,smo2_dom,Dmax.ratio,2,163.8169270939399,NA,163.8169270939399
ID04_01,smo2_dom,ModDmax.ratio,2,196.85924530324053,NA,196.85924530324053
ID04_01,smo2_dom,poly,1,155.24057877914368,NA,155.24057877914368
ID04_01,smo2_dom,poly,2,NA,NA,NA
ID04_01,smo2_ndom,raw,1,791.1495287407741,NA,144.1149528740774
ID04_01,smo2_ndom,raw,2,1532.0005204982945,NA,218.20005204982945
ID04_01,smo2_ndom,mean,1,102.32248214032573,NA,102.32248214032573
ID04_01,smo2_ndom,mean,2,185.00218233730448,NA,185.00218233730448
ID04_01,smo2_ndom,slope,1,NA,NA,NA
ID04_01,smo2_ndom,slope,2,NA,NA,NA
ID04_01,smo2_ndom,ratio,1,137.19941151579678,NA,137.19941151579678
ID04_01,smo2_ndom,ratio,2,225.91574977150478,NA,225.91574977150478
ID04_01,smo2_ndom,Log-log,1,127,NA,127
ID04_01,smo2_ndom,Dmax,2,129.36570945556045,NA,129.36570945556045
ID04_01,smo2_ndom,ModDmax,2,227.29279756747815,NA,227.29279756747815
ID04_01,smo2_ndom,Log-log.ratio,1,153.2,NA,153.2
ID04_01,smo2_ndom,Dmax.ratio,2,194.67355592903604,NA,194.67355592903604
ID04_01,smo2_ndom,ModDmax.ratio,2,218.0487431519001,NA,218.0487431519001
ID04_01,smo2_ndom,poly,1,155.52831339719845,NA,155.52831339719845
ID04_01,smo2_ndom,poly,2,234.60467726057027,NA,234.60467726057027
ID04_01,smo2_avg,raw,1,567.9999382571192,NA,121.79999382571192
ID04_01,smo2_avg,raw,2,1918.134415042871,NA,256.8134415042871
ID04_01,smo2_avg,mean,1,95.0001,Breakpoint estimate(s) outdistanced to allow finite estimates and st.errs,95.0001
ID04_01,smo2_avg,mean,2,244.9999,Breakpoint estimate(s) outdistanced to allow finite estimates and st.errs,244.9999
ID04_01,smo2_avg,slope,1,95.0001,Breakpoint estimate(s) outdistanced to allow finite estimates and st.errs,95.0001
ID04_01,smo2_avg,slope,2,214.9999,Breakpoint estimate(s) outdistanced to allow finite estimates and st.errs,214.9999
ID04_01,smo2_avg,ratio,1,139.7038386164625,NA,139.7038386164625
ID04_01,smo2_avg,ratio,2,207.54510405310714,NA,207.54510405310714
ID04_01,smo2_avg,Log-log,1,139.8,NA,139.8
ID04_01,smo2_avg,Dmax,2,216.00065873906868,NA,216.00065873906868
ID04_01,smo2_avg,ModDmax,2,221.71181862184127,NA,221.71181862184127
ID04_01,smo2_avg,Log-log.ratio,1,160.5,NA,160.5
ID04_01,smo2_avg,Dmax.ratio,2,182.01094044069134,NA,182.01094044069134
ID04_01,smo2_avg,ModDmax.ratio,2,214.68922772634463,NA,214.68922772634463
ID04_01,smo2_avg,poly,1,155.43426947124772,NA,155.43426947124772
ID04_01,smo2_avg,poly,2,253.04285473074455,NA,253.04285473074455
ID04_02,smo2_dom,raw,1,522.5309883829018,NA,117.25309883829019
ID04_02,smo2_dom,raw,2,1608.6320821202166,NA,225.86320821202165
ID04_02,smo2_dom,mean,1,95.0001,Breakpoint estimate(s) outdistanced to allow finite estimates and st.errs,95.0001
ID04_02,smo2_dom,mean,2,215.0001,Breakpoint estimate(s) outdistanced to allow finite estimates and st.errs,215.0001
ID04_02,smo2_dom,slope,1,155.00053556590538,NA,155.00053556590538
ID04_02,smo2_dom,slope,2,226.48636226925052,NA,226.48636226925052
ID04_02,smo2_dom,ratio,1,154.9999,Breakpoint estimate(s) outdistanced to allow finite estimates and st.errs,154.9999
ID04_02,smo2_dom,ratio,2,244.9999,Breakpoint estimate(s) outdistanced to allow finite estimates and st.errs,244.9999
ID04_02,smo2_dom,Log-log,1,221.5,NA,221.5
ID04_02,smo2_dom,Dmax,2,199.38705562237175,NA,199.38705562237175
ID04_02,smo2_dom,ModDmax,2,245.864970605281,NA,245.864970605281
ID04_02,smo2_dom,Log-log.ratio,1,157.8,NA,157.8
ID04_02,smo2_dom,Dmax.ratio,2,191.46088673996422,NA,191.46088673996422
ID04_02,smo2_dom,ModDmax.ratio,2,219.75298561404355,NA,219.75298561404355
ID04_02,smo2_dom,poly,1,146.92012610607725,NA,146.92012610607725
ID04_02,smo2_dom,poly,2,238.7660830210863,NA,238.7660830210863
ID04_02,smo2_ndom,raw,1,849.1654125960597,NA,149.916541259606
ID04_02,smo2_ndom,raw,2,1882.9999931958555,NA,253.29999931958554
ID04_02,smo2_ndom,mean,1,134.60143832886203,NA,134.60143832886203
ID04_02,smo2_ndom,mean,2,218.75276593931278,NA,218.75276593931278
ID04_02,smo2_ndom,slope,1,NA,NA,NA
ID04_02,smo2_ndom,slope,2,NA,NA,NA
ID04_02,smo2_ndom,ratio,1,143.46345919980143,NA,143.46345919980143
ID04_02,smo2_ndom,ratio,2,197.12448147380346,NA,197.12448147380346
ID04_02,smo2_ndom,Log-log,1,136.7,NA,136.7
ID04_02,smo2_ndom,Dmax,2,141.18150173023633,NA,141.18150173023633
ID04_02,smo2_ndom,ModDmax,2,234.5561781879168,NA,234.5561781879168
ID04_02,smo2_ndom,Log-log.ratio,1,155.7,NA,155.7
ID04_02,smo2_ndom,Dmax.ratio,2,186.36799651868472,NA,186.36799651868472
ID04_02,smo2_ndom,ModDmax.ratio,2,215.7779543714821,NA,215.7779543714821
ID04_02,smo2_ndom,poly,1,194.2896894888779,NA,194.2896894888779
ID04_02,smo2_ndom,poly,2,NA,NA,NA
ID04_02,smo2_avg,raw,1,609.5039385502063,NA,125.95039385502062
ID04_02,smo2_avg,raw,2,1886.0002116308951,NA,253.6000211630895
ID04_02,smo2_avg,mean,1,107.66935794565698,NA,107.66935794565698
ID04_02,smo2_avg,mean,2,217.99188318796558,NA,217.99188318796558
ID04_02,smo2_avg,slope,1,NA,NA,NA
ID04_02,smo2_avg,slope,2,NA,NA,NA
ID04_02,smo2_avg,ratio,1,154.9999,Breakpoint estimate(s) outdistanced to allow finite estimates and st.errs,154.9999
ID04_02,smo2_avg,ratio,2,244.9999,Breakpoint estimate(s) outdistanced to allow finite estimates and st.errs,244.9999
ID04_02,smo2_avg,Log-log,1,134.7,NA,134.7
ID04_02,smo2_avg,Dmax,2,135.27188610815244,NA,135.27188610815244
ID04_02,smo2_avg,ModDmax,2,230.20887393084584,NA,230.20887393084584
ID04_02,smo2_avg,Log-log.ratio,1,155.9,NA,155.9
ID04_02,smo2_avg,Dmax.ratio,2,187.4788819948982,NA,187.4788819948982
ID04_02,smo2_avg,ModDmax.ratio,2,216.68659894394847,NA,216.68659894394847
ID04_02,smo2_avg,poly,1,175.4705190676449,NA,175.4705190676449
ID04_02,smo2_avg,poly,2,NA,NA,NA
ID04_03,smo2_dom,raw,1,772.5415754674791,NA,142.2541575467479
ID04_03,smo2_dom,raw,2,1536.253028005353,NA,218.62530280053528
ID04_03,smo2_dom,mean,1,140.2032607318261,NA,140.2032607318261
ID04_03,smo2_dom,mean,2,189.40718840066535,NA,189.40718840066535
ID04_03,smo2_dom,slope,1,154.9999,Breakpoint estimate(s) outdistanced to allow finite estimates and st.errs,154.9999
ID04_03,smo2_dom,slope,2,185.0001,Breakpoint estimate(s) outdistanced to allow finite estimates and st.errs,185.0001
ID04_03,smo2_dom,ratio,1,148.97512756862432,NA,148.97512756862432
ID04_03,smo2_dom,ratio,2,222.66515225257382,NA,222.66515225257382
ID04_03,smo2_dom,Log-log,1,122,NA,122
ID04_03,smo2_dom,Dmax,2,229.0662567392525,NA,229.0662567392525
ID04_03,smo2_dom,ModDmax,2,224.75738665516712,NA,224.75738665516712
ID04_03,smo2_dom,Log-log.ratio,1,141.6,NA,141.6
ID04_03,smo2_dom,Dmax.ratio,2,186.63521526346616,NA,186.63521526346616
ID04_03,smo2_dom,ModDmax.ratio,2,209.00920027701852,NA,209.00920027701852
ID04_03,smo2_dom,poly,1,166.47349157528635,NA,166.47349157528635
ID04_03,smo2_dom,poly,2,NA,NA,NA
ID04_03,smo2_ndom,raw,1,116.95,NA,76.695
ID04_03,smo2_ndom,raw,2,877.4313497804108,NA,152.7431349780411
ID04_03,smo2_ndom,mean,1,137.23391180260325,NA,137.23391180260325
ID04_03,smo2_ndom,mean,2,226.9075256554314,NA,226.9075256554314
ID04_03,smo2_ndom,slope,1,124.9999,Breakpoint estimate(s) outdistanced to allow finite estimates and st.errs,124.9999
ID04_03,smo2_ndom,slope,2,185.0001,Breakpoint estimate(s) outdistanced to allow finite estimates and st.errs,185.0001
ID04_03,smo2_ndom,ratio,1,168.91805785593067,NA,168.91805785593067
ID04_03,smo2_ndom,ratio,2,235.78014062952593,NA,235.78014062952593
ID04_03,smo2_ndom,Log-log,1,142.6,NA,142.6
ID04_03,smo2_ndom,Dmax,2,151.29478580639022,NA,151.29478580639022
ID04_03,smo2_ndom,ModDmax,2,170.69457383095005,NA,170.69457383095005
ID04_03,smo2_ndom,Log-log.ratio,1,171.3,NA,171.3
ID04_03,smo2_ndom,Dmax.ratio,2,201.0056245148669,NA,201.0056245148669
ID04_03,smo2_ndom,ModDmax.ratio,2,227.37981217355485,NA,227.37981217355485
ID04_03,smo2_ndom,poly,1,215.81214855812334,NA,215.81214855812334
ID04_03,smo2_ndom,poly,2,NA,NA,NA
ID04_03,smo2_avg,raw,1,812.7308439004196,NA,146.27308439004196
ID04_03,smo2_avg,raw,2,1613.1237040419137,NA,226.31237040419137
ID04_03,smo2_avg,mean,1,138.30625887890187,NA,138.30625887890187
ID04_03,smo2_avg,mean,2,193.62360742727634,NA,193.62360742727634
ID04_03,smo2_avg,slope,1,NA,NA,NA
ID04_03,smo2_avg,slope,2,NA,NA,NA
ID04_03,smo2_avg,ratio,1,149.33891011145775,NA,149.33891011145775
ID04_03,smo2_avg,ratio,2,230.30224549304234,NA,230.30224549304234
ID04_03,smo2_avg,Log-log,1,129.7,NA,129.7
ID04_03,smo2_avg,Dmax,2,138.83262612155806,NA,138.83262612155806
ID04_03,smo2_avg,ModDmax,2,233.3658737372973,NA,233.3658737372973
ID04_03,smo2_avg,Log-log.ratio,1,152.5,NA,152.5
ID04_03,smo2_avg,Dmax.ratio,2,196.34793333547424,NA,196.34793333547424
ID04_03,smo2_avg,ModDmax.ratio,2,218.33792127861403,NA,218.33792127861403
ID04_03,smo2_avg,poly,1,192.33983974443166,NA,192.33983974443166
ID04_03,smo2_avg,poly,2,NA,NA,NA
ID05_01,smo2_dom,raw,1,557.9545905077424,NA,135.0947022259033
ID05_01,smo2_dom,raw,2,1831.149727773282,NA,283.6341349068829
ID05_01,smo2_dom,mean,1,112.93507900280161,NA,112.93507900280161
ID05_01,smo2_dom,mean,2,262.6297155339256,NA,262.6297155339256
ID05_01,smo2_dom,slope,1,175.0001,Breakpoint estimate(s) outdistanced to allow finite estimates and st.errs,175.0001
ID05_01,smo2_dom,slope,2,314.9999,Breakpoint estimate(s) outdistanced to allow finite estimates and st.errs,314.9999
ID05_01,smo2_dom,ratio,1,161.0499661659296,NA,161.0499661659296
ID05_01,smo2_dom,ratio,2,222.2491092085957,NA,222.2491092085957
ID05_01,smo2_dom,Log-log,1,279,NA,279
ID05_01,smo2_dom,Dmax,2,267.4606340136499,NA,267.4606340136499
ID05_01,smo2_dom,ModDmax,2,314.73599610345155,NA,314.73599610345155
ID05_01,smo2_dom,Log-log.ratio,1,165.3,NA,165.3
ID05_01,smo2_dom,Dmax.ratio,2,196.21064040811802,NA,196.21064040811802
ID05_01,smo2_dom,ModDmax.ratio,2,225.99789943322884,NA,225.99789943322884
ID05_01,smo2_dom,poly,1,181.55734610858738,NA,181.55734610858738
ID05_01,smo2_dom,poly,2,NA,NA,NA
ID05_01,smo2_ndom,raw,1,886.7655139002748,NA,173.4559766216987
ID05_01,smo2_ndom,raw,2,1889.9996186927842,NA,290.49995551415816
ID05_01,smo2_ndom,mean,1,150.54198634106814,NA,150.54198634106814
ID05_01,smo2_ndom,mean,2,305.2588222003707,NA,305.2588222003707
ID05_01,smo2_ndom,slope,1,210.0001,Breakpoint estimate(s) outdistanced to allow finite estimates and st.errs,210.0001
ID05_01,smo2_ndom,slope,2,314.9999,Breakpoint estimate(s) outdistanced to allow finite estimates and st.errs,314.9999
ID05_01,smo2_ndom,ratio,1,159.8004378659409,NA,159.8004378659409
ID05_01,smo2_ndom,ratio,2,233.34902509832395,NA,233.34902509832395
ID05_01,smo2_ndom,Log-log,1,160.8,NA,160.8
ID05_01,smo2_ndom,Dmax,2,163.02075051078148,NA,163.02075051078148
ID05_01,smo2_ndom,ModDmax,2,292.78296033645466,NA,292.78296033645466
ID05_01,smo2_ndom,Log-log.ratio,1,191.2,NA,191.2
ID05_01,smo2_ndom,Dmax.ratio,2,217.65698605284925,NA,217.65698605284925
ID05_01,smo2_ndom,ModDmax.ratio,2,262.70791161029797,NA,262.70791161029797
ID05_01,smo2_ndom,poly,1,239.17096317792257,NA,239.17096317792257
ID05_01,smo2_ndom,poly,2,NA,NA,NA
ID05_01,smo2_avg,raw,1,843.8428659909407,NA,168.44833436560975
ID05_01,smo2_avg,raw,2,1663.014731893693,NA,264.0183853875975
ID05_01,smo2_avg,mean,1,119.83263531182322,NA,119.83263531182322
ID05_01,smo2_avg,mean,2,296.2001728280821,NA,296.2001728280821
ID05_01,smo2_avg,slope,1,174.9999,Breakpoint estimate(s) outdistanced to allow finite estimates and st.errs,174.9999
ID05_01,smo2_avg,slope,2,314.9999,Breakpoint estimate(s) outdistanced to allow finite estimates and st.errs,314.9999
ID05_01,smo2_avg,ratio,1,160.2569218376213,NA,160.2569218376213
ID05_01,smo2_avg,ratio,2,229.79647218672375,NA,229.79647218672375
ID05_01,smo2_avg,Log-log,1,143.3,NA,143.3
ID05_01,smo2_avg,Dmax,2,284.6942391268189,NA,284.6942391268189
ID05_01,smo2_avg,ModDmax,2,280.791443604871,NA,280.791443604871
ID05_01,smo2_avg,Log-log.ratio,1,175.7,NA,175.7
ID05_01,smo2_avg,Dmax.ratio,2,207.40762358311162,NA,207.40762358311162
ID05_01,smo2_avg,ModDmax.ratio,2,245.38788242748234,NA,245.38788242748234
ID05_01,smo2_avg,poly,1,203.41857909045982,NA,203.41857909045982
ID05_01,smo2_avg,poly,2,NA,NA,NA
ID05_02,smo2_dom,raw,1,450.40182370131186,NA,122.54687943181972
ID05_02,smo2_dom,raw,2,1817.653683760418,NA,282.0595964387154
ID05_02,smo2_dom,mean,1,113.8639369682245,NA,113.8639369682245
ID05_02,smo2_dom,mean,2,266.64376937764774,NA,266.64376937764774
ID05_02,smo2_dom,slope,1,NA,NA,NA
ID05_02,smo2_dom,slope,2,NA,NA,NA
ID05_02,smo2_dom,ratio,1,120.08780040172334,NA,120.08780040172334
ID05_02,smo2_dom,ratio,2,194.89346431931537,NA,194.89346431931537
ID05_02,smo2_dom,Log-log,1,281.9,NA,281.9
ID05_02,smo2_dom,Dmax,2,268.25861347632963,NA,268.25861347632963
ID05_02,smo2_dom,ModDmax,2,314.47850865347476,NA,314.47850865347476
ID05_02,smo2_dom,Log-log.ratio,1,167.2,NA,167.2
ID05_02,smo2_dom,Dmax.ratio,2,199.23844474393755,NA,199.23844474393755
ID05_02,smo2_dom,ModDmax.ratio,2,232.48802212078314,NA,232.48802212078314
ID05_02,smo2_dom,poly,1,182.63841056083183,NA,182.63841056083183
ID05_02,smo2_dom,poly,2,NA,NA,NA
ID05_02,smo2_ndom,raw,1,820.9999998175626,NA,165.78333331204897
ID05_02,smo2_ndom,raw,2,1920.7033031423625,NA,294.08205203327566
ID05_02,smo2_ndom,mean,1,144.4267613529315,NA,144.4267613529315
ID05_02,smo2_ndom,mean,2,271.1185915978465,NA,271.1185915978465
ID05_02,smo2_ndom,slope,1,NA,NA,NA
ID05_02,smo2_ndom,slope,2,NA,NA,NA
ID05_02,smo2_ndom,ratio,1,134.33785822287317,NA,134.33785822287317
ID05_02,smo2_ndom,ratio,2,199.6441442497782,NA,199.6441442497782
ID05_02,smo2_ndom,Log-log,1,136.5,NA,136.5
ID05_02,smo2_ndom,Dmax,2,284.02153556416914,NA,284.02153556416914
ID05_02,smo2_ndom,ModDmax,2,279.9119809074084,NA,279.9119809074084
ID05_02,smo2_ndom,Log-log.ratio,1,169,NA,169
ID05_02,smo2_ndom,Dmax.ratio,2,194.00086525048525,NA,194.00086525048525
ID05_02,smo2_ndom,ModDmax.ratio,2,224.7602150023259,NA,224.7602150023259
ID05_02,smo2_ndom,poly,1,205.63368157492846,NA,205.63368157492846
ID05_02,smo2_ndom,poly,2,NA,NA,NA
ID05_02,smo2_avg,raw,1,564.8466762709191,NA,135.89877889827392
ID05_02,smo2_avg,raw,2,1896.2800891400732,NA,291.23267706634186
ID05_02,smo2_avg,mean,1,123.70667127923726,NA,123.70667127923726
ID05_02,smo2_avg,mean,2,270.19652455662026,NA,270.19652455662026
ID05_02,smo2_avg,slope,1,105.0001,Breakpoint estimate(s) outdistanced to allow finite estimates and st.errs,105.0001
ID05_02,smo2_avg,slope,2,175.0001,Breakpoint estimate(s) outdistanced to allow finite estimates and st.errs,175.0001
ID05_02,smo2_avg,ratio,1,139.9999,Breakpoint estimate(s) outdistanced to allow finite estimates and st.errs,139.9999
ID05_02,smo2_avg,ratio,2,210.0001,Breakpoint estimate(s) outdistanced to allow finite estimates and st.errs,210.0001
ID05_02,smo2_avg,Log-log,1,290.3,NA,290.3
ID05_02,smo2_avg,Dmax,2,277.1515511754432,NA,277.1515511754432
ID05_02,smo2_avg,ModDmax,2,318.57298642180336,NA,318.57298642180336
ID05_02,smo2_avg,Log-log.ratio,1,168,NA,168
ID05_02,smo2_avg,Dmax.ratio,2,196.46598577506518,NA,196.46598577506518
ID05_02,smo2_avg,ModDmax.ratio,2,228.43667579894407,NA,228.43667579894407
ID05_02,smo2_avg,poly,1,193.23292245492587,NA,193.23292245492587
ID05_02,smo2_avg,poly,2,NA,NA,NA
ID05_03,smo2_dom,raw,1,556.700457291271,NA,134.94838668398162
ID05_03,smo2_dom,raw,2,1548.5360546636857,NA,250.66253971076333
ID05_03,smo2_dom,mean,1,118.8026779025702,NA,118.8026779025702
ID05_03,smo2_dom,mean,2,225.95165001205976,NA,225.95165001205976
ID05_03,smo2_dom,slope,1,174.9999,Breakpoint estimate(s) outdistanced to allow finite estimates and st.errs,174.9999
ID05_03,smo2_dom,slope,2,210.0001,Breakpoint estimate(s) outdistanced to allow finite estimates and st.errs,210.0001
ID05_03,smo2_dom,ratio,1,NA,NA,NA
ID05_03,smo2_dom,ratio,2,NA,NA,NA
ID05_03,smo2_dom,Log-log,1,229.6,NA,229.6
ID05_03,smo2_dom,Dmax,2,247.6940729600608,NA,247.6940729600608
ID05_03,smo2_dom,ModDmax,2,291.2512505932586,NA,291.2512505932586
ID05_03,smo2_dom,Log-log.ratio,1,130.3,NA,130.3
ID05_03,smo2_dom,Dmax.ratio,2,179.90156710549,NA,179.90156710549
ID05_03,smo2_dom,ModDmax.ratio,2,190.30570180195318,NA,190.30570180195318
ID05_03,smo2_dom,poly,1,164.1143543493569,NA,164.1143543493569
ID05_03,smo2_dom,poly,2,312.4421068369213,NA,312.4421068369213
ID05_03,smo2_ndom,raw,1,865.9884938848106,NA,171.0319909532279
ID05_03,smo2_ndom,raw,2,1719.5327826789953,NA,270.61215797921614
ID05_03,smo2_ndom,mean,1,145.8860623240432,NA,145.8860623240432
ID05_03,smo2_ndom,mean,2,253.6440955046278,NA,253.6440955046278
ID05_03,smo2_ndom,slope,1,105.0001,Breakpoint estimate(s) outdistanced to allow finite estimates and st.errs,105.0001
ID05_03,smo2_ndom,slope,2,210.0001,Breakpoint estimate(s) outdistanced to allow finite estimates and st.errs,210.0001
ID05_03,smo2_ndom,ratio,1,139.9999,Breakpoint estimate(s) outdistanced to allow finite estimates and st.errs,139.9999
ID05_03,smo2_ndom,ratio,2,210.0001,Breakpoint estimate(s) outdistanced to allow finite estimates and st.errs,210.0001
ID05_03,smo2_ndom,Log-log,1,134.7,NA,134.7
ID05_03,smo2_ndom,Dmax,2,289.26961318987156,NA,289.26961318987156
ID05_03,smo2_ndom,ModDmax,2,282.5692188766792,NA,282.5692188766792
ID05_03,smo2_ndom,Log-log.ratio,1,152.1,NA,152.1
ID05_03,smo2_ndom,Dmax.ratio,2,196.83782878569252,NA,196.83782878569252
ID05_03,smo2_ndom,ModDmax.ratio,2,222.50561738197723,NA,222.50561738197723
ID05_03,smo2_ndom,poly,1,197.74635425217267,NA,197.74635425217267
ID05_03,smo2_ndom,poly,2,NA,NA,NA
ID05_03,smo2_avg,raw,1,810.5142801364747,NA,164.55999934925538
ID05_03,smo2_avg,raw,2,1600.259419972138,NA,256.69693233008275
ID05_03,smo2_avg,mean,1,127.03952015950227,NA,127.03952015950227
ID05_03,smo2_avg,mean,2,251.59573134874796,NA,251.59573134874796
ID05_03,smo2_avg,slope,1,139.9999,Breakpoint estimate(s) outdistanced to allow finite estimates and st.errs,139.9999
ID05_03,smo2_avg,slope,2,175.0001,Breakpoint estimate(s) outdistanced to allow finite estimates and st.errs,175.0001
ID05_03,smo2_avg,ratio,1,135.0035765598348,NA,135.0035765598348
ID05_03,smo2_avg,ratio,2,190.16535262046256,NA,190.16535262046256
ID05_03,smo2_avg,Log-log,1,263.2,NA,263.2
ID05_03,smo2_avg,Dmax,2,274.1993371976048,NA,274.1993371976048
ID05_03,smo2_avg,ModDmax,2,305.9614436459549,NA,305.9614436459549
ID05_03,smo2_avg,Log-log.ratio,1,141,NA,141
ID05_03,smo2_avg,Dmax.ratio,2,188.6388799016829,NA,188.6388799016829
ID05_03,smo2_avg,ModDmax.ratio,2,205.89152624331788,NA,205.89152624331788
ID05_03,smo2_avg,poly,1,180.47048277587314,NA,180.47048277587314
ID05_03,smo2_avg,poly,2,334.1652883195354,NA,334.1652883195354
ID06_01,smo2_dom,raw,1,1138.6518203716537,NA,202.84271237669293
ID06_01,smo2_dom,raw,2,2036.8834351925814,NA,307.6364007724678
ID06_01,smo2_dom,mean,1,157.36796237539187,NA,157.36796237539187
ID06_01,smo2_dom,mean,2,262.0039907471168,NA,262.0039907471168
ID06_01,smo2_dom,slope,1,NA,NA,NA
ID06_01,smo2_dom,slope,2,NA,NA,NA
ID06_01,smo2_dom,ratio,1,230.90824270075694,NA,230.90824270075694
ID06_01,smo2_dom,ratio,2,302.27036903288666,NA,302.27036903288666
ID06_01,smo2_dom,Log-log,1,231.1,NA,231.1
ID06_01,smo2_dom,Dmax,2,242.69469284477418,NA,242.69469284477418
ID06_01,smo2_dom,ModDmax,2,292.0372982646093,NA,292.0372982646093
ID06_01,smo2_dom,Log-log.ratio,1,260.7,NA,260.7
ID06_01,smo2_dom,Dmax.ratio,2,262.6529126092315,NA,262.6529126092315
ID06_01,smo2_dom,ModDmax.ratio,2,308.91484313759673,NA,308.91484313759673
ID06_01,smo2_dom,poly,1,NA,NA,NA
ID06_01,smo2_dom,poly,2,NA,NA,NA
ID06_01,smo2_ndom,raw,1,1081.1753577216377,NA,196.13712506752438
ID06_01,smo2_ndom,raw,2,2083.4309307668946,NA,313.06694192280435
ID06_01,smo2_ndom,mean,1,158.86552660268686,NA,158.86552660268686
ID06_01,smo2_ndom,mean,2,270.2497584031516,NA,270.2497584031516
ID06_01,smo2_ndom,slope,1,107.61312813141953,NA,107.61312813141953
ID06_01,smo2_ndom,slope,2,308.57603396018663,NA,308.57603396018663
ID06_01,smo2_ndom,ratio,1,199.57091264336006,NA,199.57091264336006
ID06_01,smo2_ndom,ratio,2,300.4214106854358,NA,300.4214106854358
ID06_01,smo2_ndom,Log-log,1,214.3,NA,214.3
ID06_01,smo2_ndom,Dmax,2,233.34710096630263,NA,233.34710096630263
ID06_01,smo2_ndom,ModDmax,2,284.3250228682852,NA,284.3250228682852
ID06_01,smo2_ndom,Log-log.ratio,1,264.1,NA,264.1
ID06_01,smo2_ndom,Dmax.ratio,2,261.9668796648493,NA,261.9668796648493
ID06_01,smo2_ndom,ModDmax.ratio,2,310.800506408518,NA,310.800506408518
ID06_01,smo2_ndom,poly,1,NA,NA,NA
ID06_01,smo2_ndom,poly,2,NA,NA,NA
ID06_01,smo2_avg,raw,1,1111.3867742857726,NA,199.66179033334012
ID06_01,smo2_avg,raw,2,2060.5179713871,NA,310.39376332849497
ID06_01,smo2_avg,mean,1,158.2124047078638,NA,158.2124047078638
ID06_01,smo2_avg,mean,2,265.9119107166032,NA,265.9119107166032
ID06_01,smo2_avg,slope,1,NA,NA,NA
ID06_01,smo2_avg,slope,2,NA,NA,NA
ID06_01,smo2_avg,ratio,1,201.9457869720723,NA,201.9457869720723
ID06_01,smo2_avg,ratio,2,299.82257572558603,NA,299.82257572558603
ID06_01,smo2_avg,Log-log,1,224.1,NA,224.1
ID06_01,smo2_avg,Dmax,2,238.14193788103393,NA,238.14193788103393
ID06_01,smo2_avg,ModDmax,2,288.9789049357554,NA,288.9789049357554
ID06_01,smo2_avg,Log-log.ratio,1,262.2,NA,262.2
ID06_01,smo2_avg,Dmax.ratio,2,262.3357423958317,NA,262.3357423958317
ID06_01,smo2_avg,ModDmax.ratio,2,309.7471450274756,NA,309.7471450274756
ID06_01,smo2_avg,poly,1,NA,NA,NA
ID06_01,smo2_avg,poly,2,NA,NA,NA
ID06_02,smo2_dom,raw,1,878.2666277125487,NA,172.46443989979736
ID06_02,smo2_dom,raw,2,1662.4385227152634,NA,263.9511609834474
ID06_02,smo2_dom,mean,1,149.7859247641466,NA,149.7859247641466
ID06_02,smo2_dom,mean,2,221.81152513398214,NA,221.81152513398214
ID06_02,smo2_dom,slope,1,105.0001,Breakpoint estimate(s) outdistanced to allow finite estimates and st.errs,105.0001
ID06_02,smo2_dom,slope,2,279.9999,Breakpoint estimate(s) outdistanced to allow finite estimates and st.errs,279.9999
ID06_02,smo2_dom,ratio,1,186.30752329815172,NA,186.30752329815172
ID06_02,smo2_dom,ratio,2,258.4846153585094,NA,258.4846153585094
ID06_02,smo2_dom,Log-log,1,184.5,NA,184.5
ID06_02,smo2_dom,Dmax,2,187.25874816696367,NA,187.25874816696367
ID06_02,smo2_dom,ModDmax,2,321.46171655573636,NA,321.46171655573636
ID06_02,smo2_dom,Log-log.ratio,1,225.5,NA,225.5
ID06_02,smo2_dom,Dmax.ratio,2,236.3312511692762,NA,236.3312511692762
ID06_02,smo2_dom,ModDmax.ratio,2,286.40192558578934,NA,286.40192558578934
ID06_02,smo2_dom,poly,1,274.3779697889788,NA,274.3779697889788
ID06_02,smo2_dom,poly,2,NA,NA,NA
ID06_02,smo2_ndom,raw,1,831.4042248390448,NA,166.9971595645552
ID06_02,smo2_ndom,raw,2,2021.0941377111544,NA,305.79431606630135
ID06_02,smo2_ndom,mean,1,130.91321166781083,NA,130.91321166781083
ID06_02,smo2_ndom,mean,2,262.21670598452215,NA,262.21670598452215
ID06_02,smo2_ndom,slope,1,NA,NA,NA
ID06_02,smo2_ndom,slope,2,NA,NA,NA
ID06_02,smo2_ndom,ratio,1,303.90430574926233,NA,303.90430574926233
ID06_02,smo2_ndom,ratio,2,232.4416930373344,NA,232.4416930373344
ID06_02,smo2_ndom,Log-log,1,230.5,NA,230.5
ID06_02,smo2_ndom,Dmax,2,234.13706717141352,NA,234.13706717141352
ID06_02,smo2_ndom,ModDmax,2,290.4020073035492,NA,290.4020073035492
ID06_02,smo2_ndom,Log-log.ratio,1,260.2,NA,260.2
ID06_02,smo2_ndom,Dmax.ratio,2,259.1449985311526,NA,259.1449985311526
ID06_02,smo2_ndom,ModDmax.ratio,2,307.6811352949395,NA,307.6811352949395
ID06_02,smo2_ndom,poly,1,NA,NA,NA
ID06_02,smo2_ndom,poly,2,NA,NA,NA
ID06_02,smo2_avg,raw,1,852.4312811368624,NA,169.45031613263393
ID06_02,smo2_avg,raw,2,1793.6153063577754,NA,279.2551190750738
ID06_02,smo2_avg,mean,1,147.16978026636448,NA,147.16978026636448
ID06_02,smo2_avg,mean,2,237.16689498298854,NA,237.16689498298854
ID06_02,smo2_avg,slope,1,105.0001,Breakpoint estimate(s) outdistanced to allow finite estimates and st.errs,105.0001
ID06_02,smo2_avg,slope,2,314.9999,Breakpoint estimate(s) outdistanced to allow finite estimates and st.errs,314.9999
ID06_02,smo2_avg,ratio,1,163.6063714213864,NA,163.6063714213864
ID06_02,smo2_avg,ratio,2,266.590206746884,NA,266.590206746884
ID06_02,smo2_avg,Log-log,1,203.2,NA,203.2
ID06_02,smo2_avg,Dmax,2,205.00538698130765,NA,205.00538698130765
ID06_02,smo2_avg,ModDmax,2,259.22984921962956,NA,259.22984921962956
ID06_02,smo2_avg,Log-log.ratio,1,239.9,NA,239.9
ID06_02,smo2_avg,Dmax.ratio,2,248.94150072111537,NA,248.94150072111537
ID06_02,smo2_avg,ModDmax.ratio,2,296.7614441726108,NA,296.7614441726108
ID06_02,smo2_avg,poly,1,302.8934729624939,NA,302.8934729624939
ID06_02,smo2_avg,poly,2,NA,NA,NA
ID06_03,smo2_dom,raw,1,728.7152530428085,NA,155.016779521661
ID06_03,smo2_dom,raw,2,1793.5273679553638,NA,279.24485959479244
ID06_03,smo2_dom,mean,1,161.4348746482343,NA,161.4348746482343
ID06_03,smo2_dom,mean,2,260.44445698583706,NA,260.44445698583706
ID06_03,smo2_dom,slope,1,210.01132607555837,NA,210.01132607555837
ID06_03,smo2_dom,slope,2,297.7797487713976,NA,297.7797487713976
ID06_03,smo2_dom,ratio,1,205.06002186358336,NA,205.06002186358336
ID06_03,smo2_dom,ratio,2,296.34091368909765,NA,296.34091368909765
ID06_03,smo2_dom,Log-log,1,217.6,NA,217.6
ID06_03,smo2_dom,Dmax,2,237.04325903548212,NA,237.04325903548212
ID06_03,smo2_dom,ModDmax,2,283.9403069676317,NA,283.9403069676317
ID06_03,smo2_dom,Log-log.ratio,1,259.2,NA,259.2
ID06_03,smo2_dom,Dmax.ratio,2,261.9572359362017,NA,261.9572359362017
ID06_03,smo2_dom,ModDmax.ratio,2,307.8258909706554,NA,307.8258909706554
ID06_03,smo2_dom,poly,1,88.98430460001332,NA,88.98430460001332
ID06_03,smo2_dom,poly,2,NA,NA,NA
ID06_03,smo2_ndom,raw,1,138.44680156726722,NA,86.1521268495145
ID06_03,smo2_ndom,raw,2,563.8746278401393,NA,135.78537324801624
ID06_03,smo2_ndom,mean,1,117.7912773811868,NA,117.7912773811868
ID06_03,smo2_ndom,mean,2,280.3264080439909,NA,280.3264080439909
ID06_03,smo2_ndom,slope,1,140.0022828663044,NA,140.0022828663044
ID06_03,smo2_ndom,slope,2,312.0963764137765,NA,312.0963764137765
ID06_03,smo2_ndom,ratio,1,244.9999,Breakpoint estimate(s) outdistanced to allow finite estimates and st.errs,244.9999
ID06_03,smo2_ndom,ratio,2,280.0001,Breakpoint estimate(s) outdistanced to allow finite estimates and st.errs,280.0001
ID06_03,smo2_ndom,Log-log,1,150.2,NA,150.2
ID06_03,smo2_ndom,Dmax,2,166.68468746319047,NA,166.68468746319047
ID06_03,smo2_ndom,ModDmax,2,286.27717366852835,NA,286.27717366852835
ID06_03,smo2_ndom,Log-log.ratio,1,207.3,NA,207.3
ID06_03,smo2_ndom,Dmax.ratio,2,248.9213246225564,NA,248.9213246225564
ID06_03,smo2_ndom,ModDmax.ratio,2,285.6885279975315,NA,285.6885279975315
ID06_03,smo2_ndom,poly,1,191.81905109959172,NA,191.81905109959172
ID06_03,smo2_ndom,poly,2,294.82703728156713,NA,294.82703728156713
ID06_03,smo2_avg,raw,1,600.7661589247159,NA,140.08938520788354
ID06_03,smo2_avg,raw,2,1757.5111591862862,NA,275.04296857173335
ID06_03,smo2_avg,mean,1,113.53614055735245,NA,113.53614055735245
ID06_03,smo2_avg,mean,2,233.92983859355053,NA,233.92983859355053
ID06_03,smo2_avg,slope,1,NA,NA,NA
ID06_03,smo2_avg,slope,2,NA,NA,NA
ID06_03,smo2_avg,ratio,1,166.4224858265787,NA,166.4224858265787
ID06_03,smo2_avg,ratio,2,273.64849348215586,NA,273.64849348215586
ID06_03,smo2_avg,Log-log,1,202.9,NA,202.9
ID06_03,smo2_avg,Dmax,2,230.71877713899212,NA,230.71877713899212
ID06_03,smo2_avg,ModDmax,2,276.62971892061256,NA,276.62971892061256
ID06_03,smo2_avg,Log-log.ratio,1,248.1,NA,248.1
ID06_03,smo2_avg,Dmax.ratio,2,258.4610608123897,NA,258.4610608123897
ID06_03,smo2_avg,ModDmax.ratio,2,303.103629726151,NA,303.103629726151
ID06_03,smo2_avg,poly,1,NA,NA,NA
ID06_03,smo2_avg,poly,2,NA,NA,NA
ID07_01,smo2_dom,raw,1,1056.4266455884904,NA,193.2497753186572
ID07_01,smo2_dom,raw,2,1610.9910287324722,NA,257.94895335212175
ID07_01,smo2_dom,mean,1,133.42807976849778,NA,133.42807976849778
ID07_01,smo2_dom,mean,2,240.63036227954876,NA,240.63036227954876
ID07_01,smo2_dom,slope,1,209.9999,Breakpoint estimate(s) outdistanced to allow finite estimates and st.errs,209.9999
ID07_01,smo2_dom,slope,2,280.0001,Breakpoint estimate(s) outdistanced to allow finite estimates and st.errs,280.0001
ID07_01,smo2_dom,ratio,1,169.04430210728827,NA,169.04430210728827
ID07_01,smo2_dom,ratio,2,349.9082158829196,NA,349.9082158829196
ID07_01,smo2_dom,Log-log,1,251.8,NA,251.8
ID07_01,smo2_dom,Dmax,2,269.5212165184341,NA,269.5212165184341
ID07_01,smo2_dom,ModDmax,2,314.68514678607943,NA,314.68514678607943
ID07_01,smo2_dom,Log-log.ratio,1,140.3,NA,140.3
ID07_01,smo2_dom,Dmax.ratio,2,266.8542398586137,NA,266.8542398586137
ID07_01,smo2_dom,ModDmax.ratio,2,282.55054844395636,NA,282.55054844395636
ID07_01,smo2_dom,poly,1,171.40596372868058,NA,171.40596372868058
ID07_01,smo2_dom,poly,2,327.068744240867,NA,327.068744240867
ID07_01,smo2_ndom,raw,1,844.9999734486769,NA,168.58333023567897
ID07_01,smo2_ndom,raw,2,1839.0331732706177,NA,284.5538702149054
ID07_01,smo2_ndom,mean,1,133.2943080339229,NA,133.2943080339229
ID07_01,smo2_ndom,mean,2,257.01605937718057,NA,257.01605937718057
ID07_01,smo2_ndom,slope,1,183.44705096065636,NA,183.44705096065636
ID07_01,smo2_ndom,slope,2,279.99763344122556,NA,279.99763344122556
ID07_01,smo2_ndom,ratio,1,197.16317109344322,NA,197.16317109344322
ID07_01,smo2_ndom,ratio,2,278.8790940160651,NA,278.8790940160651
ID07_01,smo2_ndom,Log-log,1,339.5,NA,339.5
ID07_01,smo2_ndom,Dmax,2,294.45158745310806,NA,294.45158745310806
ID07_01,smo2_ndom,ModDmax,2,363.49704361404764,NA,363.49704361404764
ID07_01,smo2_ndom,Log-log.ratio,1,253.8,NA,253.8
ID07_01,smo2_ndom,Dmax.ratio,2,247.3221908561003,NA,247.3221908561003
ID07_01,smo2_ndom,ModDmax.ratio,2,303.92550385195386,NA,303.92550385195386
ID07_01,smo2_ndom,poly,1,192.5123762446768,NA,192.5123762446768
ID07_01,smo2_ndom,poly,2,NA,NA,NA
ID07_01,smo2_avg,raw,1,872.0533409680086,NA,171.73955644626767
ID07_01,smo2_avg,raw,2,1681.7074977191937,NA,266.1992080672393
ID07_01,smo2_avg,mean,1,133.64495144626085,NA,133.64495144626085
ID07_01,smo2_avg,mean,2,242.28302312658144,NA,242.28302312658144
ID07_01,smo2_avg,slope,1,209.9999,Breakpoint estimate(s) outdistanced to allow finite estimates and st.errs,209.9999
ID07_01,smo2_avg,slope,2,280.0001,Breakpoint estimate(s) outdistanced to allow finite estimates and st.errs,280.0001
ID07_01,smo2_avg,ratio,1,188.98016077041095,NA,188.98016077041095
ID07_01,smo2_avg,ratio,2,299.69135270376603,NA,299.69135270376603
ID07_01,smo2_avg,Log-log,1,256.4,NA,256.4
ID07_01,smo2_avg,Dmax,2,279.3097568918738,NA,279.3097568918738
ID07_01,smo2_avg,ModDmax,2,320.6934258824545,NA,320.6934258824545
ID07_01,smo2_avg,Log-log.ratio,1,168.4,NA,168.4
ID07_01,smo2_avg,Dmax.ratio,2,263.1539640549147,NA,263.1539640549147
ID07_01,smo2_avg,ModDmax.ratio,2,285.5757481629716,NA,285.5757481629716
ID07_01,smo2_avg,poly,1,175.95581541672115,NA,175.95581541672115
ID07_01,smo2_avg,poly,2,340.3552802848133,NA,340.3552802848133
ID07_02,smo2_dom,raw,1,553.0000788659524,NA,134.51667586769446
ID07_02,smo2_dom,raw,2,1555.699829433787,NA,251.49831343394183
ID07_02,smo2_dom,mean,1,118.15394371382604,NA,118.15394371382604
ID07_02,smo2_dom,mean,2,220.0549433864679,NA,220.0549433864679
ID07_02,smo2_dom,slope,1,105.0001,Breakpoint estimate(s) outdistanced to allow finite estimates and st.errs,105.0001
ID07_02,smo2_dom,slope,2,314.9999,Breakpoint estimate(s) outdistanced to allow finite estimates and st.errs,314.9999
ID07_02,smo2_dom,ratio,1,167.69977161873118,NA,167.69977161873118
ID07_02,smo2_dom,ratio,2,244.99880377974816,NA,244.99880377974816
ID07_02,smo2_dom,Log-log,1,229.4,NA,229.4
ID07_02,smo2_dom,Dmax,2,232.1987781258239,NA,232.1987781258239
ID07_02,smo2_dom,ModDmax,2,284.8257313502559,NA,284.8257313502559
ID07_02,smo2_dom,Log-log.ratio,1,261.8,NA,261.8
ID07_02,smo2_dom,Dmax.ratio,2,182.90772952382514,NA,182.90772952382514
ID07_02,smo2_dom,ModDmax.ratio,2,277.1984922453028,NA,277.1984922453028
ID07_02,smo2_dom,poly,1,157.21465491104192,NA,157.21465491104192
ID07_02,smo2_dom,poly,2,297.80019966592226,NA,297.80019966592226
ID07_02,smo2_ndom,raw,1,1406.2062644826638,NA,234.05739752297742
ID07_02,smo2_ndom,raw,2,1927.9553039986163,NA,294.92811879983856
ID07_02,smo2_ndom,mean,1,139.9999,Breakpoint estimate(s) outdistanced to allow finite estimates and st.errs,139.9999
ID07_02,smo2_ndom,mean,2,314.9999,Breakpoint estimate(s) outdistanced to allow finite estimates and st.errs,314.9999
ID07_02,smo2_ndom,slope,1,142.20182427326984,NA,142.20182427326984
ID07_02,smo2_ndom,slope,2,310.99667416583264,NA,310.99667416583264
ID07_02,smo2_ndom,ratio,1,201.08847480184951,NA,201.08847480184951
ID07_02,smo2_ndom,ratio,2,263.2928274170409,NA,263.2928274170409
ID07_02,smo2_ndom,Log-log,1,191,NA,191
ID07_02,smo2_ndom,Dmax,2,166.07604517273475,NA,166.07604517273475
ID07_02,smo2_ndom,ModDmax,2,295.88457912325424,NA,295.88457912325424
ID07_02,smo2_ndom,Log-log.ratio,1,219.9,NA,219.9
ID07_02,smo2_ndom,Dmax.ratio,2,245.28127059543198,NA,245.28127059543198
ID07_02,smo2_ndom,ModDmax.ratio,2,285.96673798848525,NA,285.96673798848525
ID07_02,smo2_ndom,poly,1,252.24059319651616,NA,252.24059319651616
ID07_02,smo2_ndom,poly,2,NA,NA,NA
ID07_02,smo2_avg,raw,1,735.2699081018025,NA,155.78148927854363
ID07_02,smo2_avg,raw,2,1854.8712807512854,NA,286.4016494209833
ID07_02,smo2_avg,mean,1,115.22690125163783,NA,115.22690125163783
ID07_02,smo2_avg,mean,2,262.2157474518732,NA,262.2157474518732
ID07_02,smo2_avg,slope,1,NA,NA,NA
ID07_02,smo2_avg,slope,2,NA,NA,NA
ID07_02,smo2_avg,ratio,1,189.60500607038284,NA,189.60500607038284
ID07_02,smo2_avg,ratio,2,260.64048883314246,NA,260.64048883314246
ID07_02,smo2_avg,Log-log,1,279.6,NA,279.6
ID07_02,smo2_avg,Dmax,2,266.97290634570936,NA,266.97290634570936
ID07_02,smo2_avg,ModDmax,2,313.58253991356764,NA,313.58253991356764
ID07_02,smo2_avg,Log-log.ratio,1,182.7,NA,182.7
ID07_02,smo2_avg,Dmax.ratio,2,238.28484292429323,NA,238.28484292429323
ID07_02,smo2_avg,ModDmax.ratio,2,270.3053610911911,NA,270.3053610911911
ID07_02,smo2_avg,poly,1,178.87907465908629,NA,178.87907465908629
ID07_02,smo2_avg,poly,2,337.8979978464806,NA,337.8979978464806
ID07_03,smo2_dom,raw,1,556.3476601890973,NA,134.90722702206136
ID07_03,smo2_dom,raw,2,1735.4329660907829,NA,272.467179377258
ID07_03,smo2_dom,mean,1,119.75260597904838,NA,119.75260597904838
ID07_03,smo2_dom,mean,2,235.37008205548858,NA,235.37008205548858
ID07_03,smo2_dom,slope,1,105.0001,Breakpoint estimate(s) outdistanced to allow finite estimates and st.errs,105.0001
ID07_03,smo2_dom,slope,2,349.9999,Breakpoint estimate(s) outdistanced to allow finite estimates and st.errs,349.9999
ID07_03,smo2_dom,ratio,1,191.5678416356099,NA,191.5678416356099
ID07_03,smo2_dom,ratio,2,305.3183384629553,NA,305.3183384629553
ID07_03,smo2_dom,Log-log,1,250.3,NA,250.3
ID07_03,smo2_dom,Dmax,2,263.020711302874,NA,263.020711302874
ID07_03,smo2_dom,ModDmax,2,316.9309463058794,NA,316.9309463058794
ID07_03,smo2_dom,Log-log.ratio,1,163.2,NA,163.2
ID07_03,smo2_dom,Dmax.ratio,2,252.44082720275802,NA,252.44082720275802
ID07_03,smo2_dom,ModDmax.ratio,2,277.2529376049329,NA,277.2529376049329
ID07_03,smo2_dom,poly,1,173.47763940381265,NA,173.47763940381265
ID07_03,smo2_dom,poly,2,330.94960197087613,NA,330.94960197087613
ID07_03,smo2_ndom,raw,1,574.203586456439,NA,136.9904184199179
ID07_03,smo2_ndom,raw,2,2514.999951675394,NA,363.416661028796
ID07_03,smo2_ndom,mean,1,122.63858259690873,NA,122.63858259690873
ID07_03,smo2_ndom,mean,2,334.07627436786527,NA,334.07627436786527
ID07_03,smo2_ndom,slope,1,151.98042678421473,NA,151.98042678421473
ID07_03,smo2_ndom,slope,2,338.7310880959243,NA,338.7310880959243
ID07_03,smo2_ndom,ratio,1,158.3506131010096,NA,158.3506131010096
ID07_03,smo2_ndom,ratio,2,270.0019129866346,NA,270.0019129866346
ID07_03,smo2_ndom,Log-log,1,138.5,NA,138.5
ID07_03,smo2_ndom,Dmax,2,321.87201062800574,NA,321.87201062800574
ID07_03,smo2_ndom,ModDmax,2,314.9774383260427,NA,314.9774383260427
ID07_03,smo2_ndom,Log-log.ratio,1,240.2,NA,240.2
ID07_03,smo2_ndom,Dmax.ratio,2,258.6448537837187,NA,258.6448537837187
ID07_03,smo2_ndom,ModDmax.ratio,2,311.8922645485019,NA,311.8922645485019
ID07_03,smo2_ndom,poly,1,234.23078663960973,NA,234.23078663960973
ID07_03,smo2_ndom,poly,2,NA,NA,NA
ID07_03,smo2_avg,raw,1,540.2757107942048,NA,133.0321662593239
ID07_03,smo2_avg,raw,2,1859.5471740154994,NA,286.9471703018082
ID07_03,smo2_avg,mean,1,114.81184494581085,NA,114.81184494581085
ID07_03,smo2_avg,mean,2,300.8324872608889,NA,300.8324872608889
ID07_03,smo2_avg,slope,1,214.19059295567527,NA,214.19059295567527
ID07_03,smo2_avg,slope,2,347.32051250697714,NA,347.32051250697714
ID07_03,smo2_avg,ratio,1,162.35178505589917,NA,162.35178505589917
ID07_03,smo2_avg,ratio,2,272.0368582739084,NA,272.0368582739084
ID07_03,smo2_avg,Log-log,1,323.8,NA,323.8
ID07_03,smo2_avg,Dmax,2,295.66285116986995,NA,295.66285116986995
ID07_03,smo2_avg,ModDmax,2,354.1449564248993,NA,354.1449564248993
ID07_03,smo2_avg,Log-log.ratio,1,226.2,NA,226.2
ID07_03,smo2_avg,Dmax.ratio,2,257.0613880190448,NA,257.0613880190448
ID07_03,smo2_avg,ModDmax.ratio,2,305.6484038419193,NA,305.6484038419193
ID07_03,smo2_avg,poly,1,195.40393467556714,NA,195.40393467556714
ID07_03,smo2_avg,poly,2,364.63358821837977,NA,364.63358821837977
ID08_01,smo2_dom,raw,1,80.95,NA,102.1425
ID08_01,smo2_dom,raw,2,870.3607619611406,NA,220.5541142941711
ID08_01,smo2_dom,mean,1,NA,NA,NA
ID08_01,smo2_dom,mean,2,NA,NA,NA
ID08_01,smo2_dom,slope,1,167.76309769669822,NaNs produced,167.76309769669822
ID08_01,smo2_dom,slope,2,230.92056536334655,NaNs produced,230.92056536334655
ID08_01,smo2_dom,ratio,1,NA,NA,NA
ID08_01,smo2_dom,ratio,2,NA,NA,NA
ID08_01,smo2_dom,Log-log,1,178.5,NA,178.5
ID08_01,smo2_dom,Dmax,2,176.58811351487904,NA,176.58811351487904
ID08_01,smo2_dom,ModDmax,2,272.19154587520455,NA,272.19154587520455
ID08_01,smo2_dom,Log-log.ratio,1,182,NA,182
ID08_01,smo2_dom,Dmax.ratio,2,187.52267362566622,NA,187.52267362566622
ID08_01,smo2_dom,ModDmax.ratio,2,281.89819375716087,NA,281.89819375716087
ID08_01,smo2_dom,poly,1,140.67378179006656,NA,140.67378179006656
ID08_01,smo2_dom,poly,2,245.43777396971177,NA,245.43777396971177
ID08_01,smo2_ndom,raw,1,602.9223629133515,NA,180.43835443700272
ID08_01,smo2_ndom,raw,2,1302.9998385775875,NA,285.4499757866381
ID08_01,smo2_ndom,mean,1,150.99943183332726,NaNs produced,150.99943183332726
ID08_01,smo2_ndom,mean,2,249.004501310153,NaNs produced,249.004501310153
ID08_01,smo2_ndom,slope,1,NA,NA,NA
ID08_01,smo2_ndom,slope,2,NA,NA,NA
ID08_01,smo2_ndom,ratio,1,179.9999,NaNs produced,179.9999
ID08_01,smo2_ndom,ratio,2,269.9999,NaNs produced,269.9999
ID08_01,smo2_ndom,Log-log,1,248.1,NA,248.1
ID08_01,smo2_ndom,Dmax,2,256.7769066159995,NA,256.7769066159995
ID08_01,smo2_ndom,ModDmax,2,283.37680928556466,NA,283.37680928556466
ID08_01,smo2_ndom,Log-log.ratio,1,170.7,NA,170.7
ID08_01,smo2_ndom,Dmax.ratio,2,189.74543937227952,NA,189.74543937227952
ID08_01,smo2_ndom,ModDmax.ratio,2,203.59638764531866,NA,203.59638764531866
ID08_01,smo2_ndom,poly,1,193.9777381341344,NA,193.9777381341344
ID08_01,smo2_ndom,poly,2,NA,NA,NA
ID08_01,smo2_avg,raw,1,80.95000000000002,NA,102.1425
ID08_01,smo2_avg,raw,2,610.6576710583413,NA,181.59865065875118
ID08_01,smo2_avg,mean,1,166.33179151380511,NaNs produced,166.33179151380511
ID08_01,smo2_avg,mean,2,260.45887509439694,NaNs produced,260.45887509439694
ID08_01,smo2_avg,slope,1,NA,NA,NA
ID08_01,smo2_avg,slope,2,NA,NA,NA
ID08_01,smo2_avg,ratio,1,135.0001,NaNs produced,135.0001
ID08_01,smo2_avg,ratio,2,225.0001,NaNs produced,225.0001
ID08_01,smo2_avg,Log-log,1,275.6,NA,275.6
ID08_01,smo2_avg,Dmax,2,268.23483687236035,NA,268.23483687236035
ID08_01,smo2_avg,ModDmax,2,295.97054236138666,NA,295.97054236138666
ID08_01,smo2_avg,Log-log.ratio,1,175.6,NA,175.6
ID08_01,smo2_avg,Dmax.ratio,2,187.89662718002722,NA,187.89662718002722
ID08_01,smo2_avg,ModDmax.ratio,2,283.65183291895386,NA,283.65183291895386
ID08_01,smo2_avg,poly,1,94.94841229271967,NA,94.94841229271967
ID08_01,smo2_avg,poly,2,226.0376106099947,NA,226.0376106099947
ID08_02,smo2_dom,raw,1,88.97847306107255,NA,103.34677095916088
ID08_02,smo2_dom,raw,2,905.9634377145867,NA,225.894515657188
ID08_02,smo2_dom,mean,1,179.9999,NaNs produced,179.9999
ID08_02,smo2_dom,mean,2,269.9999,NaNs produced,269.9999
ID08_02,smo2_dom,slope,1,NA,NA,NA
ID08_02,smo2_dom,slope,2,NA,NA,NA
ID08_02,smo2_dom,ratio,1,NA,NA,NA
ID08_02,smo2_dom,ratio,2,NA,NA,NA
ID08_02,smo2_dom,Log-log,1,196.1,NA,196.1
ID08_02,smo2_dom,Dmax,2,182.25487979292132,NA,182.25487979292132
ID08_02,smo2_dom,ModDmax,2,275.8910301733071,NA,275.8910301733071
ID08_02,smo2_dom,Log-log.ratio,1,201.6,NA,201.6
ID08_02,smo2_dom,Dmax.ratio,2,193.23050299056302,NA,193.23050299056302
ID08_02,smo2_dom,ModDmax.ratio,2,286.7977944575521,NA,286.7977944575521
ID08_02,smo2_dom,poly,1,135.7043080296302,NA,135.7043080296302
ID08_02,smo2_dom,poly,2,249.00428504666388,NA,249.00428504666388
ID08_02,smo2_ndom,raw,1,412.51014536967807,NA,151.87652180545172
ID08_02,smo2_ndom,raw,2,498.3918156601752,NA,164.7587723490263
ID08_02,smo2_ndom,mean,1,NA,NA,NA
ID08_02,smo2_ndom,mean,2,NA,NA,NA
ID08_02,smo2_ndom,slope,1,NA,NA,NA
ID08_02,smo2_ndom,slope,2,NA,NA,NA
ID08_02,smo2_ndom,ratio,1,NA,NA,NA
ID08_02,smo2_ndom,ratio,2,NA,NA,NA
ID08_02,smo2_ndom,Log-log,1,285.4,NA,285.4
ID08_02,smo2_ndom,Dmax,2,267.81897639991746,NA,267.81897639991746
ID08_02,smo2_ndom,ModDmax,2,302.65737453347276,NA,302.65737453347276
ID08_02,smo2_ndom,Log-log.ratio,1,201.5,NA,201.5
ID08_02,smo2_ndom,Dmax.ratio,2,196.47178327362363,NA,196.47178327362363
ID08_02,smo2_ndom,ModDmax.ratio,2,292.96908627842714,NA,292.96908627842714
ID08_02,smo2_ndom,poly,1,226.32014014776342,NA,226.32014014776342
ID08_02,smo2_ndom,poly,2,NA,NA,NA
ID08_02,smo2_avg,raw,1,80.95000000000002,NA,102.1425
ID08_02,smo2_avg,raw,2,860.7064221865652,NA,219.10596332798477
ID08_02,smo2_avg,mean,1,NA,NA,NA
ID08_02,smo2_avg,mean,2,NA,NA,NA
ID08_02,smo2_avg,slope,1,NA,NA,NA
ID08_02,smo2_avg,slope,2,NA,NA,NA
ID08_02,smo2_avg,ratio,1,135.0001,NaNs produced,135.0001
ID08_02,smo2_avg,ratio,2,225.0001,NaNs produced,225.0001
ID08_02,smo2_avg,Log-log,1,192.5,NA,192.5
ID08_02,smo2_avg,Dmax,2,278.0025637178099,NA,278.0025637178099
ID08_02,smo2_avg,ModDmax,2,271.7574386239753,NA,271.7574386239753
ID08_02,smo2_avg,Log-log.ratio,1,201.6,NA,201.6
ID08_02,smo2_avg,Dmax.ratio,2,193.91316650187488,NA,193.91316650187488
ID08_02,smo2_avg,ModDmax.ratio,2,287.9978661527717,NA,287.9978661527717
ID08_02,smo2_avg,poly,1,117.46885324216811,NA,117.46885324216811
ID08_02,smo2_avg,poly,2,240.30620420397318,NA,240.30620420397318
ID08_03,smo2_dom,raw,1,82.45,NA,102.3675
ID08_03,smo2_dom,raw,2,924.5311903684391,NA,228.67967855526587
ID08_03,smo2_dom,mean,1,NA,NA,NA
ID08_03,smo2_dom,mean,2,NA,NA,NA
ID08_03,smo2_dom,slope,1,NA,NA,NA
ID08_03,smo2_dom,slope,2,NA,NA,NA
ID08_03,smo2_dom,ratio,1,NA,NA,NA
ID08_03,smo2_dom,ratio,2,NA,NA,NA
ID08_03,smo2_dom,Log-log,1,192.2,NA,192.2
ID08_03,smo2_dom,Dmax,2,179.9225881617788,NA,179.9225881617788
ID08_03,smo2_dom,ModDmax,2,274.3667400395899,NA,274.3667400395899
ID08_03,smo2_dom,Log-log.ratio,1,199.5,NA,199.5
ID08_03,smo2_dom,Dmax.ratio,2,194.1795957435555,NA,194.1795957435555
ID08_03,smo2_dom,ModDmax.ratio,2,288.6092419418218,NA,288.6092419418218
ID08_03,smo2_dom,poly,1,140.45427914749584,NA,140.45427914749584
ID08_03,smo2_dom,poly,2,248.03104116882844,NA,248.03104116882844
ID08_03,smo2_ndom,raw,1,534.9933767784528,NA,170.2490065167679
ID08_03,smo2_ndom,raw,2,1336.549230237885,NA,290.48238453568274
ID08_03,smo2_ndom,mean,1,NA,NA,NA
ID08_03,smo2_ndom,mean,2,NA,NA,NA
ID08_03,smo2_ndom,slope,1,256.4845744497143,NaNs produced,256.4845744497143
ID08_03,smo2_ndom,slope,2,175.29517783317715,NaNs produced,175.29517783317715
ID08_03,smo2_ndom,ratio,1,179.9999,NaNs produced,179.9999
ID08_03,smo2_ndom,ratio,2,225.0001,NaNs produced,225.0001
ID08_03,smo2_ndom,Log-log,1,261.2,NA,261.2
ID08_03,smo2_ndom,Dmax,2,245.5212700558695,NA,245.5212700558695
ID08_03,smo2_ndom,ModDmax,2,290.37297903894984,NA,290.37297903894984
ID08_03,smo2_ndom,Log-log.ratio,1,193,NA,193
ID08_03,smo2_ndom,Dmax.ratio,2,190.24456844222604,NA,190.24456844222604
ID08_03,smo2_ndom,ModDmax.ratio,2,284.02273522677024,NA,284.02273522677024
ID08_03,smo2_ndom,poly,1,186.73298511480246,NA,186.73298511480246
ID08_03,smo2_ndom,poly,2,NA,NA,NA
ID08_03,smo2_avg,raw,1,570.9994716336657,NA,175.64992074504985
ID08_03,smo2_avg,raw,2,986.6532740688642,NA,237.99799111032962
ID08_03,smo2_avg,mean,1,135.0001,NaNs produced,135.0001
ID08_03,smo2_avg,mean,2,269.9999,NaNs produced,269.9999
ID08_03,smo2_avg,slope,1,NA,NA,NA
ID08_03,smo2_avg,slope,2,NA,NA,NA
ID08_03,smo2_avg,ratio,1,NA,NA,NA
ID08_03,smo2_avg,ratio,2,NA,NA,NA
ID08_03,smo2_avg,Log-log,1,279.3,NA,279.3
ID08_03,smo2_avg,Dmax,2,261.3473814763516,NA,261.3473814763516
ID08_03,smo2_avg,ModDmax,2,299.3568857858471,NA,299.3568857858471
ID08_03,smo2_avg,Log-log.ratio,1,196.2,NA,196.2
ID08_03,smo2_avg,Dmax.ratio,2,190.8185109082478,NA,190.8185109082478
ID08_03,smo2_avg,ModDmax.ratio,2,284.2336393222341,NA,284.2336393222341
ID08_03,smo2_avg,poly,1,217.81271114195985,NA,217.81271114195985
ID08_03,smo2_avg,poly,2,NA,NA,NA
ID09_01,smo2_dom,raw,1,904.419466382899,NA,175.51560441133822
ID09_01,smo2_dom,raw,2,1426.609559745445,NA,236.43778197030193
ID09_01,smo2_dom,mean,1,NA,NA,NA
ID09_01,smo2_dom,mean,2,NA,NA,NA
ID09_01,smo2_dom,slope,1,139.9999,Breakpoint estimate(s) outdistanced to allow finite estimates and st.errs,139.9999
ID09_01,smo2_dom,slope,2,210.0001,Breakpoint estimate(s) outdistanced to allow finite estimates and st.errs,210.0001
ID09_01,smo2_dom,ratio,1,NA,NA,NA
ID09_01,smo2_dom,ratio,2,NA,NA,NA
ID09_01,smo2_dom,Log-log,1,224.9,NA,224.9
ID09_01,smo2_dom,Dmax,2,238.22461462925887,NA,238.22461462925887
ID09_01,smo2_dom,ModDmax,2,252.58435150948478,NA,252.58435150948478
ID09_01,smo2_dom,Log-log.ratio,1,146.5,NA,146.5
ID09_01,smo2_dom,Dmax.ratio,2,175.8871592995545,NA,175.8871592995545
ID09_01,smo2_dom,ModDmax.ratio,2,200.26376809278602,NA,200.26376809278602
ID09_01,smo2_dom,poly,1,191.75556044430851,NA,191.75556044430851
ID09_01,smo2_dom,poly,2,NA,NA,NA
ID09_01,smo2_ndom,raw,1,824.6113672215484,NA,166.20465950918066
ID09_01,smo2_ndom,raw,2,1792.0789215220982,NA,279.07587417757816
ID09_01,smo2_ndom,mean,1,NA,NA,NA
ID09_01,smo2_ndom,mean,2,NA,NA,NA
ID09_01,smo2_ndom,slope,1,139.9999,Breakpoint estimate(s) outdistanced to allow finite estimates and st.errs,139.9999
ID09_01,smo2_ndom,slope,2,175.0001,Breakpoint estimate(s) outdistanced to allow finite estimates and st.errs,175.0001
ID09_01,smo2_ndom,ratio,1,164.57642437255106,NA,164.57642437255106
ID09_01,smo2_ndom,ratio,2,237.65568612701338,NA,237.65568612701338
ID09_01,smo2_ndom,Log-log,1,144.4,NA,144.4
ID09_01,smo2_ndom,Dmax,2,165.06440772306712,NA,165.06440772306712
ID09_01,smo2_ndom,ModDmax,2,184.13552286577655,NA,184.13552286577655
ID09_01,smo2_ndom,Log-log.ratio,1,189.9,NA,189.9
ID09_01,smo2_ndom,Dmax.ratio,2,213.99323485580257,NA,213.99323485580257
ID09_01,smo2_ndom,ModDmax.ratio,2,239.04067381525925,NA,239.04067381525925
ID09_01,smo2_ndom,poly,1,228.36847703258044,NA,228.36847703258044
ID09_01,smo2_ndom,poly,2,NA,NA,NA
ID09_01,smo2_avg,raw,1,287.00006351217473,NA,103.48334074308706
ID09_01,smo2_avg,raw,2,824.4219673139435,NA,166.1825628532934
ID09_01,smo2_avg,mean,1,158.40086739044636,NA,158.40086739044636
ID09_01,smo2_avg,mean,2,215.96529642120007,NA,215.96529642120007
ID09_01,smo2_avg,slope,1,NA,NA,NA
ID09_01,smo2_avg,slope,2,NA,NA,NA
ID09_01,smo2_avg,ratio,1,NA,NA,NA
ID09_01,smo2_avg,ratio,2,NA,NA,NA
ID09_01,smo2_avg,Log-log,1,133.6,NA,133.6
ID09_01,smo2_avg,Dmax,2,145.84918515443297,NA,145.84918515443297
ID09_01,smo2_avg,ModDmax,2,238.70197368931827,NA,238.70197368931827
ID09_01,smo2_avg,Log-log.ratio,1,163.1,NA,163.1
ID09_01,smo2_avg,Dmax.ratio,2,204.09627051590016,NA,204.09627051590016
ID09_01,smo2_avg,ModDmax.ratio,2,226.33946199933328,NA,226.33946199933328
ID09_01,smo2_avg,poly,1,201.99995536688857,NA,201.99995536688857
ID09_01,smo2_avg,poly,2,NA,NA,NA
ID09_02,smo2_dom,raw,1,203.0011367730952,NA,93.68346595686111
ID09_02,smo2_dom,raw,2,878.9863697544534,NA,172.54840980468623
ID09_02,smo2_dom,mean,1,139.9999,Breakpoint estimate(s) outdistanced to allow finite estimates and st.errs,139.9999
ID09_02,smo2_dom,mean,2,210.0001,Breakpoint estimate(s) outdistanced to allow finite estimates and st.errs,210.0001
ID09_02,smo2_dom,slope,1,NA,NA,NA
ID09_02,smo2_dom,slope,2,NA,NA,NA
ID09_02,smo2_dom,ratio,1,165.83317137912533,NA,165.83317137912533
ID09_02,smo2_dom,ratio,2,237.89788103058564,NA,237.89788103058564
ID09_02,smo2_dom,Log-log,1,139,NA,139
ID09_02,smo2_dom,Dmax,2,154.30459905307234,NA,154.30459905307234
ID09_02,smo2_dom,ModDmax,2,246.614073300199,NA,246.614073300199
ID09_02,smo2_dom,Log-log.ratio,1,175.2,NA,175.2
ID09_02,smo2_dom,Dmax.ratio,2,211.34482158420465,NA,211.34482158420465
ID09_02,smo2_dom,ModDmax.ratio,2,232.76840106549378,NA,232.76840106549378
ID09_02,smo2_dom,poly,1,74.77011015330746,NA,74.77011015330746
ID09_02,smo2_dom,poly,2,216.377261879641,NA,216.377261879641
ID09_02,smo2_ndom,raw,1,911.9695226514955,NA,176.39644430934115
ID09_02,smo2_ndom,raw,2,944.5998013175569,NA,180.20331015371497
ID09_02,smo2_ndom,mean,1,150.2277725822346,NA,150.2277725822346
ID09_02,smo2_ndom,mean,2,221.1622711460907,NA,221.1622711460907
ID09_02,smo2_ndom,slope,1,139.14062937850855,NA,139.14062937850855
ID09_02,smo2_ndom,slope,2,184.0612437313152,NA,184.0612437313152
ID09_02,smo2_ndom,ratio,1,161.88070543533019,NA,161.88070543533019
ID09_02,smo2_ndom,ratio,2,231.87784175744193,NA,231.87784175744193
ID09_02,smo2_ndom,Log-log,1,139,NA,139
ID09_02,smo2_ndom,Dmax,2,152.56769169567235,NA,152.56769169567235
ID09_02,smo2_ndom,ModDmax,2,244.8686033766903,NA,244.8686033766903
ID09_02,smo2_ndom,Log-log.ratio,1,170.7,NA,170.7
ID09_02,smo2_ndom,Dmax.ratio,2,199.85196711459,NA,199.85196711459
ID09_02,smo2_ndom,ModDmax.ratio,2,227.8523780054916,NA,227.8523780054916
ID09_02,smo2_ndom,poly,1,212.69092016719728,NA,212.69092016719728
ID09_02,smo2_ndom,poly,2,NA,NA,NA
ID09_02,smo2_avg,raw,1,208.73227182937188,NA,94.3520983800934
ID09_02,smo2_avg,raw,2,874.2227304687157,NA,171.99265188801684
ID09_02,smo2_avg,mean,1,153.8266561595476,NA,153.8266561595476
ID09_02,smo2_avg,mean,2,214.3211142957969,NA,214.3211142957969
ID09_02,smo2_avg,slope,1,NA,NA,NA
ID09_02,smo2_avg,slope,2,NA,NA,NA
ID09_02,smo2_avg,ratio,1,164.15233300067393,NA,164.15233300067393
ID09_02,smo2_avg,ratio,2,235.5487269846967,NA,235.5487269846967
ID09_02,smo2_avg,Log-log,1,139.1,NA,139.1
ID09_02,smo2_avg,Dmax,2,153.5778020686673,NA,153.5778020686673
ID09_02,smo2_avg,ModDmax,2,245.83557392762444,NA,245.83557392762444
ID09_02,smo2_avg,Log-log.ratio,1,172.8,NA,172.8
ID09_02,smo2_avg,Dmax.ratio,2,206.02009887360674,NA,206.02009887360674
ID09_02,smo2_avg,ModDmax.ratio,2,230.52349006282347,NA,230.52349006282347
ID09_02,smo2_avg,poly,1,214.88565576654483,NA,214.88565576654483
ID09_02,smo2_avg,poly,2,NA,NA,NA
ID09_03,smo2_dom,raw,1,1015.9796828686871,NA,188.53096300134683
ID09_03,smo2_dom,raw,2,1631.6142973251,NA,260.355001354595
ID09_03,smo2_dom,mean,1,139.9999,Breakpoint estimate(s) outdistanced to allow finite estimates and st.errs,139.9999
ID09_03,smo2_dom,mean,2,175.0001,Breakpoint estimate(s) outdistanced to allow finite estimates and st.errs,175.0001
ID09_03,smo2_dom,slope,1,NA,NA,NA
ID09_03,smo2_dom,slope,2,NA,NA,NA
ID09_03,smo2_dom,ratio,1,139.9999,Breakpoint estimate(s) outdistanced to allow finite estimates and st.errs,139.9999
ID09_03,smo2_dom,ratio,2,210.0001,Breakpoint estimate(s) outdistanced to allow finite estimates and st.errs,210.0001
ID09_03,smo2_dom,Log-log,1,151.5,NA,151.5
ID09_03,smo2_dom,Dmax,2,154.7115601881627,NA,154.7115601881627
ID09_03,smo2_dom,ModDmax,2,245.62669626483873,NA,245.62669626483873
ID09_03,smo2_dom,Log-log.ratio,1,172.8,NA,172.8
ID09_03,smo2_dom,Dmax.ratio,2,189.91658680486788,NA,189.91658680486788
ID09_03,smo2_dom,ModDmax.ratio,2,224.12628528792172,NA,224.12628528792172
ID09_03,smo2_dom,poly,1,105.59539143818806,NA,105.59539143818806
ID09_03,smo2_dom,poly,2,218.9849397968708,NA,218.9849397968708
ID09_03,smo2_ndom,raw,1,872.5235886029757,NA,171.79441867034717
ID09_03,smo2_ndom,raw,2,1180.706776745191,NA,207.74912395360562
ID09_03,smo2_ndom,mean,1,NA,NA,NA
ID09_03,smo2_ndom,mean,2,NA,NA,NA
ID09_03,smo2_ndom,slope,1,NA,NA,NA
ID09_03,smo2_ndom,slope,2,NA,NA,NA
ID09_03,smo2_ndom,ratio,1,165.41510559688655,NA,165.41510559688655
ID09_03,smo2_ndom,ratio,2,216.60658679255647,NA,216.60658679255647
ID09_03,smo2_ndom,Log-log,1,156.5,NA,156.5
ID09_03,smo2_ndom,Dmax,2,161.58545036872863,NA,161.58545036872863
ID09_03,smo2_ndom,ModDmax,2,254.93198597784684,NA,254.93198597784684
ID09_03,smo2_ndom,Log-log.ratio,1,183,NA,183
ID09_03,smo2_ndom,Dmax.ratio,2,199.58650767946648,NA,199.58650767946648
ID09_03,smo2_ndom,ModDmax.ratio,2,232.55814347268173,NA,232.55814347268173
ID09_03,smo2_ndom,poly,1,112.06185005881012,NA,112.06185005881012
ID09_03,smo2_ndom,poly,2,225.5504364613688,NA,225.5504364613688
ID09_03,smo2_avg,raw,1,871.9415746563977,NA,171.72651704324642
ID09_03,smo2_avg,raw,2,1144.0001535447054,NA,203.46668458021563
ID09_03,smo2_avg,mean,1,NA,NA,NA
ID09_03,smo2_avg,mean,2,NA,NA,NA
ID09_03,smo2_avg,slope,1,174.9999,Breakpoint estimate(s) outdistanced to allow finite estimates and st.errs,174.9999
ID09_03,smo2_avg,slope,2,210.0001,Breakpoint estimate(s) outdistanced to allow finite estimates and st.errs,210.0001
ID09_03,smo2_avg,ratio,1,166.48182884541072,NA,166.48182884541072
ID09_03,smo2_avg,ratio,2,213.06325814157805,NA,213.06325814157805
ID09_03,smo2_avg,Log-log,1,153.7,NA,153.7
ID09_03,smo2_avg,Dmax,2,157.94955469141453,NA,157.94955469141453
ID09_03,smo2_avg,ModDmax,2,249.42802653422686,NA,249.42802653422686
ID09_03,smo2_avg,Log-log.ratio,1,176.9,NA,176.9
ID09_03,smo2_avg,Dmax.ratio,2,195.2540715858121,NA,195.2540715858121
ID09_03,smo2_avg,ModDmax.ratio,2,228.40115894319425,NA,228.40115894319425
ID09_03,smo2_avg,poly,1,108.91013132332743,NA,108.91013132332743
ID09_03,smo2_avg,poly,2,222.16173150476394,NA,222.16173150476394
ID10_01,smo2_dom,raw,1,519.71929910192,NA,186.61988318365331
ID10_01,smo2_dom,raw,2,1494.5791462435614,NA,349.0965243739269
ID10_01,smo2_dom,mean,1,170.77003473238443,NA,170.77003473238443
ID10_01,smo2_dom,mean,2,284.58723064777865,NA,284.58723064777865
ID10_01,smo2_dom,slope,1,NA,NA,NA
ID10_01,smo2_dom,slope,2,NA,NA,NA
ID10_01,smo2_dom,ratio,1,222.3800292491403,NA,222.3800292491403
ID10_01,smo2_dom,ratio,2,315.07524846631196,NA,315.07524846631196
ID10_01,smo2_dom,Log-log,1,251.7,NA,251.7
ID10_01,smo2_dom,Dmax,2,261.3245752182524,NA,261.3245752182524
ID10_01,smo2_dom,ModDmax,2,316.99150700885366,NA,316.99150700885366
ID10_01,smo2_dom,Log-log.ratio,1,285.7,NA,285.7
ID10_01,smo2_dom,Dmax.ratio,2,290.6838982313249,NA,290.6838982313249
ID10_01,smo2_dom,ModDmax.ratio,2,344.4325571075068,NA,344.4325571075068
ID10_01,smo2_dom,poly,1,367.99836496996454,NA,367.99836496996454
ID10_01,smo2_dom,poly,2,NA,NA,NA
ID10_01,smo2_ndom,raw,1,725.244117767018,NA,220.87401962783633
ID10_01,smo2_ndom,raw,2,1445.2730448525547,NA,340.87884080875915
ID10_01,smo2_ndom,mean,1,164.29403977967212,NA,164.29403977967212
ID10_01,smo2_ndom,mean,2,265.1113723310283,NA,265.1113723310283
ID10_01,smo2_ndom,slope,1,150.0001,Breakpoint estimate(s) outdistanced to allow finite estimates and st.errs,150.0001
ID10_01,smo2_ndom,slope,2,299.9999,Breakpoint estimate(s) outdistanced to allow finite estimates and st.errs,299.9999
ID10_01,smo2_ndom,ratio,1,228.30255713040708,NA,228.30255713040708
ID10_01,smo2_ndom,ratio,2,311.6800944654723,NA,311.6800944654723
ID10_01,smo2_ndom,Log-log,1,245.7,NA,245.7
ID10_01,smo2_ndom,Dmax,2,245.2588859426924,NA,245.2588859426924
ID10_01,smo2_ndom,ModDmax,2,293.84373018389175,NA,293.84373018389175
ID10_01,smo2_ndom,Log-log.ratio,1,271.6,NA,271.6
ID10_01,smo2_ndom,Dmax.ratio,2,285.5764112429722,NA,285.5764112429722
ID10_01,smo2_ndom,ModDmax.ratio,2,336.99741965703004,NA,336.99741965703004
ID10_01,smo2_ndom,poly,1,333.71034236965187,NA,333.71034236965187
ID10_01,smo2_ndom,poly,2,NA,NA,NA
ID10_01,smo2_avg,raw,1,634.8113221879291,NA,205.8018870313215
ID10_01,smo2_avg,raw,2,1462.3819483550074,NA,343.7303247258345
ID10_01,smo2_avg,mean,1,166.7479666290695,NA,166.7479666290695
ID10_01,smo2_avg,mean,2,274.0300468291955,NA,274.0300468291955
ID10_01,smo2_avg,slope,1,199.58165923095433,NA,199.58165923095433
ID10_01,smo2_avg,slope,2,322.20580595806217,NA,322.20580595806217
ID10_01,smo2_avg,ratio,1,225.9955868663926,NA,225.9955868663926
ID10_01,smo2_avg,ratio,2,313.09473338328206,NA,313.09473338328206
ID10_01,smo2_avg,Log-log,1,247.9,NA,247.9
ID10_01,smo2_avg,Dmax,2,251.8517355796472,NA,251.8517355796472
ID10_01,smo2_avg,ModDmax,2,305.22988687307077,NA,305.22988687307077
ID10_01,smo2_avg,Log-log.ratio,1,277.8,NA,277.8
ID10_01,smo2_avg,Dmax.ratio,2,287.4401618363628,NA,287.4401618363628
ID10_01,smo2_avg,ModDmax.ratio,2,340.250045807074,NA,340.250045807074
ID10_01,smo2_avg,poly,1,345.44474754362403,NA,345.44474754362403
ID10_01,smo2_avg,poly,2,NA,NA,NA
ID10_02,smo2_dom,raw,1,828.1144538158817,NA,238.01907563598027
ID10_02,smo2_dom,raw,2,1462.732279383645,NA,343.7887132306075
ID10_02,smo2_dom,mean,1,176.2731042716118,NA,176.2731042716118
ID10_02,smo2_dom,mean,2,276.39823226903303,NA,276.39823226903303
ID10_02,smo2_dom,slope,1,NA,NA,NA
ID10_02,smo2_dom,slope,2,NA,NA,NA
ID10_02,smo2_dom,ratio,1,183.30904307599388,NA,183.30904307599388
ID10_02,smo2_dom,ratio,2,288.76854011056514,NA,288.76854011056514
ID10_02,smo2_dom,Log-log,1,251.5,NA,251.5
ID10_02,smo2_dom,Dmax,2,248.79808990702676,NA,248.79808990702676
ID10_02,smo2_dom,ModDmax,2,300.4299773108123,NA,300.4299773108123
ID10_02,smo2_dom,Log-log.ratio,1,280.4,NA,280.4
ID10_02,smo2_dom,Dmax.ratio,2,281.5290769275901,NA,281.5290769275901
ID10_02,smo2_dom,ModDmax.ratio,2,339.30736328952105,NA,339.30736328952105
ID10_02,smo2_dom,poly,1,152.3907373845503,NA,152.3907373845503
ID10_02,smo2_dom,poly,2,333.9685982077763,NA,333.9685982077763
ID10_02,smo2_ndom,raw,1,1289.9999925303498,NA,314.9999987550583
ID10_02,smo2_ndom,raw,2,1510.3223116836396,NA,351.7203852806066
ID10_02,smo2_ndom,mean,1,199.9999,Breakpoint estimate(s) outdistanced to allow finite estimates and st.errs,199.9999
ID10_02,smo2_ndom,mean,2,300.0001,Breakpoint estimate(s) outdistanced to allow finite estimates and st.errs,300.0001
ID10_02,smo2_ndom,slope,1,NA,NA,NA
ID10_02,smo2_ndom,slope,2,NA,NA,NA
ID10_02,smo2_ndom,ratio,1,183.1224563873773,NA,183.1224563873773
ID10_02,smo2_ndom,ratio,2,300.4492283851288,NA,300.4492283851288
ID10_02,smo2_ndom,Log-log,1,305.3,NA,305.3
ID10_02,smo2_ndom,Dmax,2,316.4337639699666,NA,316.4337639699666
ID10_02,smo2_ndom,ModDmax,2,349.3409908546227,NA,349.3409908546227
ID10_02,smo2_ndom,Log-log.ratio,1,303.5,NA,303.5
ID10_02,smo2_ndom,Dmax.ratio,2,304.7390804311584,NA,304.7390804311584
ID10_02,smo2_ndom,ModDmax.ratio,2,350.1982004939817,NA,350.1982004939817
ID10_02,smo2_ndom,poly,1,175.8684064323247,NA,175.8684064323247
ID10_02,smo2_ndom,poly,2,NA,NA,NA
ID10_02,smo2_avg,raw,1,345.9998097359137,NA,157.66663495598561
ID10_02,smo2_avg,raw,2,1568.0399228732826,NA,361.3399871455471
ID10_02,smo2_avg,mean,1,NA,NA,NA
ID10_02,smo2_avg,mean,2,NA,NA,NA
ID10_02,smo2_avg,slope,1,NA,NA,NA
ID10_02,smo2_avg,slope,2,NA,NA,NA
ID10_02,smo2_avg,ratio,1,NA,NA,NA
ID10_02,smo2_avg,ratio,2,NA,NA,NA
ID10_02,smo2_avg,Log-log,1,301.8,NA,301.8
ID10_02,smo2_avg,Dmax,2,299.5524747882945,NA,299.5524747882945
ID10_02,smo2_avg,ModDmax,2,345.9321163074204,NA,345.9321163074204
ID10_02,smo2_avg,Log-log.ratio,1,300.3,NA,300.3
ID10_02,smo2_avg,Dmax.ratio,2,297.21534214729394,NA,297.21534214729394
ID10_02,smo2_avg,ModDmax.ratio,2,348.7301007211901,NA,348.7301007211901
ID10_02,smo2_avg,poly,1,159.22829035664185,NA,159.22829035664185
ID10_02,smo2_avg,poly,2,NA,NA,NA
ID10_03,smo2_dom,raw,1,1180.4104204890768,NA,296.7350700815128
ID10_03,smo2_dom,raw,2,1610.5959066173332,NA,368.4326511028889
ID10_03,smo2_dom,mean,1,NA,NA,NA
ID10_03,smo2_dom,mean,2,NA,NA,NA
ID10_03,smo2_dom,slope,1,NA,NA,NA
ID10_03,smo2_dom,slope,2,NA,NA,NA
ID10_03,smo2_dom,ratio,1,150.37909863440493,NA,150.37909863440493
ID10_03,smo2_dom,ratio,2,283.85872189064304,NA,283.85872189064304
ID10_03,smo2_dom,Log-log,1,260.4,NA,260.4
ID10_03,smo2_dom,Dmax,2,257.2109504220066,NA,257.2109504220066
ID10_03,smo2_dom,ModDmax,2,313.66569937079373,NA,313.66569937079373
ID10_03,smo2_dom,Log-log.ratio,1,279.5,NA,279.5
ID10_03,smo2_dom,Dmax.ratio,2,280.1594112398801,NA,280.1594112398801
ID10_03,smo2_dom,ModDmax.ratio,2,337.82209224079503,NA,337.82209224079503
ID10_03,smo2_dom,poly,1,167.998410682924,NA,167.998410682924
ID10_03,smo2_dom,poly,2,337.0950582082613,NA,337.0950582082613
ID10_03,smo2_ndom,raw,1,1059.240369459342,NA,276.54006157655704
ID10_03,smo2_ndom,raw,2,1626.8005192757332,NA,371.13341987928885
ID10_03,smo2_ndom,mean,1,199.9999,Breakpoint estimate(s) outdistanced to allow finite estimates and st.errs,199.9999
ID10_03,smo2_ndom,mean,2,300.0001,Breakpoint estimate(s) outdistanced to allow finite estimates and st.errs,300.0001
ID10_03,smo2_ndom,slope,1,191.7889904702414,NaNs produced,191.7889904702414
ID10_03,smo2_ndom,slope,2,290.4573361128388,NaNs produced,290.4573361128388
ID10_03,smo2_ndom,ratio,1,NA,NA,NA
ID10_03,smo2_ndom,ratio,2,NA,NA,NA
ID10_03,smo2_ndom,Log-log,1,195.2,NA,195.2
ID10_03,smo2_ndom,Dmax,2,207.13147348116232,NA,207.13147348116232
ID10_03,smo2_ndom,ModDmax,2,337.0780100991028,NA,337.0780100991028
ID10_03,smo2_ndom,Log-log.ratio,1,212.9,NA,212.9
ID10_03,smo2_ndom,Dmax.ratio,2,252.17995311944227,NA,252.17995311944227
ID10_03,smo2_ndom,ModDmax.ratio,2,290.903325519106,NA,290.903325519106
ID10_03,smo2_ndom,poly,1,273.9371905990822,NA,273.9371905990822
ID10_03,smo2_ndom,poly,2,NA,NA,NA
ID10_03,smo2_avg,raw,1,1106.412800608774,NA,284.4021334347957
ID10_03,smo2_avg,raw,2,1628.9999731282262,NA,371.49999552137103
ID10_03,smo2_avg,mean,1,239.64181564747417,NA,239.64181564747417
ID10_03,smo2_avg,mean,2,309.82648833164137,NA,309.82648833164137
ID10_03,smo2_avg,slope,1,189.03735062277798,NaNs produced,189.03735062277798
ID10_03,smo2_avg,slope,2,291.9386989957254,NaNs produced,291.9386989957254
ID10_03,smo2_avg,ratio,1,238.56986942976206,NA,238.56986942976206
ID10_03,smo2_avg,ratio,2,330.680607859936,NA,330.680607859936
ID10_03,smo2_avg,Log-log,1,232.5,NA,232.5
ID10_03,smo2_avg,Dmax,2,235.28061172909014,NA,235.28061172909014
ID10_03,smo2_avg,ModDmax,2,270.347638291325,NA,270.347638291325
ID10_03,smo2_avg,Log-log.ratio,1,248.7,NA,248.7
ID10_03,smo2_avg,Dmax.ratio,2,270.9181318200691,NA,270.9181318200691
ID10_03,smo2_avg,ModDmax.ratio,2,322.10730625483006,NA,322.10730625483006
ID10_03,smo2_avg,poly,1,139.5518903196456,NA,139.5518903196456
ID10_03,smo2_avg,poly,2,323.978839755832,NA,323.978839755832
ID11_01,smo2_dom,raw,1,1190.655463615489,NA,208.90980408847372
ID11_01,smo2_dom,raw,2,1926.8968520453523,NA,294.80463273862443
ID11_01,smo2_dom,mean,1,180.5157779813835,NA,180.5157779813835
ID11_01,smo2_dom,mean,2,301.3989055432731,NA,301.3989055432731
ID11_01,smo2_dom,slope,1,139.9999,Breakpoint estimate(s) outdistanced to allow finite estimates and st.errs,139.9999
ID11_01,smo2_dom,slope,2,210.0001,Breakpoint estimate(s) outdistanced to allow finite estimates and st.errs,210.0001
ID11_01,smo2_dom,ratio,1,196.40335776283578,NA,196.40335776283578
ID11_01,smo2_dom,ratio,2,269.9472153423567,NA,269.9472153423567
ID11_01,smo2_dom,Log-log,1,173.3,NA,173.3
ID11_01,smo2_dom,Dmax,2,176.53011010781034,NA,176.53011010781034
ID11_01,smo2_dom,ModDmax,2,302.46555755732925,NA,302.46555755732925
ID11_01,smo2_dom,Log-log.ratio,1,206.4,NA,206.4
ID11_01,smo2_dom,Dmax.ratio,2,247.31702581567805,NA,247.31702581567805
ID11_01,smo2_dom,ModDmax.ratio,2,282.39929191501466,NA,282.39929191501466
ID11_01,smo2_dom,poly,1,107.15377505640409,NA,107.15377505640409
ID11_01,smo2_dom,poly,2,265.7606737699373,NA,265.7606737699373
ID11_01,smo2_ndom,raw,1,1108.5759833127643,NA,199.3338647198225
ID11_01,smo2_ndom,raw,2,1627.6531381074142,NA,259.8928661125317
ID11_01,smo2_ndom,mean,1,154.8275900350166,NA,154.8275900350166
ID11_01,smo2_ndom,mean,2,259.43959197927967,NA,259.43959197927967
ID11_01,smo2_ndom,slope,1,139.9999,Breakpoint estimate(s) outdistanced to allow finite estimates and st.errs,139.9999
ID11_01,smo2_ndom,slope,2,210.0001,Breakpoint estimate(s) outdistanced to allow finite estimates and st.errs,210.0001
ID11_01,smo2_ndom,ratio,1,184.94257509016768,NA,184.94257509016768
ID11_01,smo2_ndom,ratio,2,280.0013153914276,NA,280.0013153914276
ID11_01,smo2_ndom,Log-log,1,284.6,NA,284.6
ID11_01,smo2_ndom,Dmax,2,282.38425216870354,NA,282.38425216870354
ID11_01,smo2_ndom,ModDmax,2,314.73987936107625,NA,314.73987936107625
ID11_01,smo2_ndom,Log-log.ratio,1,155.1,NA,155.1
ID11_01,smo2_ndom,Dmax.ratio,2,181.82705867883178,NA,181.82705867883178
ID11_01,smo2_ndom,ModDmax.ratio,2,201.1259379290524,NA,201.1259379290524
ID11_01,smo2_ndom,poly,1,196.05522376998826,NA,196.05522376998826
ID11_01,smo2_ndom,poly,2,NA,NA,NA
ID11_01,smo2_avg,raw,1,1127.072581749934,NA,201.49180120415895
ID11_01,smo2_avg,raw,2,1906.5182261620557,NA,292.42712638557316
ID11_01,smo2_avg,mean,1,168.67316133365506,NA,168.67316133365506
ID11_01,smo2_avg,mean,2,268.0079711382784,NA,268.0079711382784
ID11_01,smo2_avg,slope,1,139.9999,Breakpoint estimate(s) outdistanced to allow finite estimates and st.errs,139.9999
ID11_01,smo2_avg,slope,2,210.0001,Breakpoint estimate(s) outdistanced to allow finite estimates and st.errs,210.0001
ID11_01,smo2_avg,ratio,1,191.157462672375,NA,191.157462672375
ID11_01,smo2_avg,ratio,2,256.3084562578122,NA,256.3084562578122
ID11_01,smo2_avg,Log-log,1,158.1,NA,158.1
ID11_01,smo2_avg,Dmax,2,162.69308499466322,NA,162.69308499466322
ID11_01,smo2_avg,ModDmax,2,291.15496793363695,NA,291.15496793363695
ID11_01,smo2_avg,Log-log.ratio,1,181.4,NA,181.4
ID11_01,smo2_avg,Dmax.ratio,2,228.19238981382773,NA,228.19238981382773
ID11_01,smo2_avg,ModDmax.ratio,2,264.65253419308397,NA,264.65253419308397
ID11_01,smo2_avg,poly,1,245.45635320027222,NA,245.45635320027222
ID11_01,smo2_avg,poly,2,NA,NA,NA
ID11_02,smo2_dom,raw,1,1045.9135442001482,NA,192.02324682335063
ID11_02,smo2_dom,raw,2,NA,NA,NA
ID11_02,smo2_dom,mean,1,120.72632710270335,NA,120.72632710270335
ID11_02,smo2_dom,mean,2,209.9850448071588,NA,209.9850448071588
ID11_02,smo2_dom,slope,1,112.57671659815024,NA,112.57671659815024
ID11_02,smo2_dom,slope,2,181.8565317743296,NA,181.8565317743296
ID11_02,smo2_dom,ratio,1,198.01947549442806,NA,198.01947549442806
ID11_02,smo2_dom,ratio,2,272.59235705473316,NA,272.59235705473316
ID11_02,smo2_dom,Log-log,1,196.4,NA,196.4
ID11_02,smo2_dom,Dmax,2,184.5018167590242,NA,184.5018167590242
ID11_02,smo2_dom,ModDmax,2,311.2470439564611,NA,311.2470439564611
ID11_02,smo2_dom,Log-log.ratio,1,218.3,NA,218.3
ID11_02,smo2_dom,Dmax.ratio,2,246.88371880236667,NA,246.88371880236667
ID11_02,smo2_dom,ModDmax.ratio,2,287.7105142324923,NA,287.7105142324923
ID11_02,smo2_dom,poly,1,264.3059273725885,NA,264.3059273725885
ID11_02,smo2_dom,poly,2,NA,NA,NA
ID11_02,smo2_ndom,raw,1,909.0898780257236,NA,176.06048576966776
ID11_02,smo2_ndom,raw,2,2140.299463209198,NA,319.7016040410731
ID11_02,smo2_ndom,mean,1,117.93119799358143,NA,117.93119799358143
ID11_02,smo2_ndom,mean,2,294.3515939454769,NA,294.3515939454769
ID11_02,smo2_ndom,slope,1,196.0759976138932,NA,196.0759976138932
ID11_02,smo2_ndom,slope,2,280.0156323063663,NA,280.0156323063663
ID11_02,smo2_ndom,ratio,1,156.5769649306133,NA,156.5769649306133
ID11_02,smo2_ndom,ratio,2,232.44677433670532,NA,232.44677433670532
ID11_02,smo2_ndom,Log-log,1,173.3,NA,173.3
ID11_02,smo2_ndom,Dmax,2,288.0076636694407,NA,288.0076636694407
ID11_02,smo2_ndom,ModDmax,2,285.47342694303484,NA,285.47342694303484
ID11_02,smo2_ndom,Log-log.ratio,1,204.9,NA,204.9
ID11_02,smo2_ndom,Dmax.ratio,2,223.3691767335143,NA,223.3691767335143
ID11_02,smo2_ndom,ModDmax.ratio,2,273.40862146511506,NA,273.40862146511506
ID11_02,smo2_ndom,poly,1,226.49741293215197,NA,226.49741293215197
ID11_02,smo2_ndom,poly,2,NA,NA,NA
ID11_02,smo2_avg,raw,1,940.8125836427168,NA,179.76146809165027
ID11_02,smo2_avg,raw,2,2246.7630283269696,NA,332.1223533048131
ID11_02,smo2_avg,mean,1,123.52178471614218,NA,123.52178471614218
ID11_02,smo2_avg,mean,2,314.825676804973,NA,314.825676804973
ID11_02,smo2_avg,slope,1,NA,NA,NA
ID11_02,smo2_avg,slope,2,NA,NA,NA
ID11_02,smo2_avg,ratio,1,166.8742193696594,NA,166.8742193696594
ID11_02,smo2_avg,ratio,2,254.93882462497461,NA,254.93882462497461
ID11_02,smo2_avg,Log-log,1,186.3,NA,186.3
ID11_02,smo2_avg,Dmax,2,167.16924952287,NA,167.16924952287
ID11_02,smo2_avg,ModDmax,2,295.07136322937254,NA,295.07136322937254
ID11_02,smo2_avg,Log-log.ratio,1,211.8,NA,211.8
ID11_02,smo2_avg,Dmax.ratio,2,238.64346842192649,NA,238.64346842192649
ID11_02,smo2_avg,ModDmax.ratio,2,282.7585242448803,NA,282.7585242448803
ID11_02,smo2_avg,poly,1,243.25497172942792,NA,243.25497172942792
ID11_02,smo2_avg,poly,2,NA,NA,NA
ID11_03,smo2_dom,raw,1,568.9999563116298,NA,136.38332823635682
ID11_03,smo2_dom,raw,2,1947.9451169187244,NA,297.26026364051785
ID11_03,smo2_dom,mean,1,108.25659086414052,NA,108.25659086414052
ID11_03,smo2_dom,mean,2,301.59768386819553,NA,301.59768386819553
ID11_03,smo2_dom,slope,1,105.0001,Breakpoint estimate(s) outdistanced to allow finite estimates and st.errs,105.0001
ID11_03,smo2_dom,slope,2,210.0001,Breakpoint estimate(s) outdistanced to allow finite estimates and st.errs,210.0001
ID11_03,smo2_dom,ratio,1,161.6125336972794,NA,161.6125336972794
ID11_03,smo2_dom,ratio,2,269.09768646533195,NA,269.09768646533195
ID11_03,smo2_dom,Log-log,1,NA,NA,NA
ID11_03,smo2_dom,Dmax,2,279.332474576859,NA,279.332474576859
ID11_03,smo2_dom,ModDmax,2,NA,NA,NA
ID11_03,smo2_dom,Log-log.ratio,1,NA,NA,NA
ID11_03,smo2_dom,Dmax.ratio,2,246.46916774720023,NA,246.46916774720023
ID11_03,smo2_dom,ModDmax.ratio,2,NA,NA,NA
ID11_03,smo2_dom,poly,1,187.87183760314107,NA,187.87183760314107
ID11_03,smo2_dom,poly,2,305.88432356312717,NA,305.88432356312717
ID11_03,smo2_ndom,raw,1,512.1084708064815,NA,129.74598826075618
ID11_03,smo2_ndom,raw,2,2101.000069986786,NA,315.11667483179167
ID11_03,smo2_ndom,mean,1,105.0001,Breakpoint estimate(s) outdistanced to allow finite estimates and st.errs,105.0001
ID11_03,smo2_ndom,mean,2,279.9999,Breakpoint estimate(s) outdistanced to allow finite estimates and st.errs,279.9999
ID11_03,smo2_ndom,slope,1,NA,NA,NA
ID11_03,smo2_ndom,slope,2,NA,NA,NA
ID11_03,smo2_ndom,ratio,1,229.2034097922477,NA,229.2034097922477
ID11_03,smo2_ndom,ratio,2,302.0724942790932,NA,302.0724942790932
ID11_03,smo2_ndom,Log-log,1,NA,NA,NA
ID11_03,smo2_ndom,Dmax,2,261.3189023357656,NA,261.3189023357656
ID11_03,smo2_ndom,ModDmax,2,NA,NA,NA
ID11_03,smo2_ndom,Log-log.ratio,1,NA,NA,NA
ID11_03,smo2_ndom,Dmax.ratio,2,194.9078196520945,NA,194.9078196520945
ID11_03,smo2_ndom,ModDmax.ratio,2,NA,NA,NA
ID11_03,smo2_ndom,poly,1,183.8866037249651,NA,183.8866037249651
ID11_03,smo2_ndom,poly,2,NA,NA,NA
ID11_03,smo2_avg,raw,1,547.884000701474,NA,133.91980008183862
ID11_03,smo2_avg,raw,2,2132.3327319561317,NA,318.7721520615487
ID11_03,smo2_avg,mean,1,105.45941251768926,NA,105.45941251768926
ID11_03,smo2_avg,mean,2,296.68558962471155,NA,296.68558962471155
ID11_03,smo2_avg,slope,1,NA,NA,NA
ID11_03,smo2_avg,slope,2,NA,NA,NA
ID11_03,smo2_avg,ratio,1,160.39185266608655,NA,160.39185266608655
ID11_03,smo2_avg,ratio,2,252.6477968245373,NA,252.6477968245373
ID11_03,smo2_avg,Log-log,1,NA,NA,NA
ID11_03,smo2_avg,Dmax,2,268.21301660593684,NA,268.21301660593684
ID11_03,smo2_avg,ModDmax,2,NA,NA,NA
ID11_03,smo2_avg,Log-log.ratio,1,NA,NA,NA
ID11_03,smo2_avg,Dmax.ratio,2,228.82448815477488,NA,228.82448815477488
ID11_03,smo2_avg,ModDmax.ratio,2,NA,NA,NA
ID11_03,smo2_avg,poly,1,186.26207814665534,NA,186.26207814665534
ID11_03,smo2_avg,poly,2,328.1160717081444,NA,328.1160717081444
ID12_01,smo2_dom,raw,1,1211.4707911534438,NA,186.14707911534438
ID12_01,smo2_dom,raw,2,1344.294233457617,NA,199.4294233457617
ID12_01,smo2_dom,mean,1,NA,NA,NA
ID12_01,smo2_dom,mean,2,NA,NA,NA
ID12_01,smo2_dom,slope,1,NA,NA,NA
ID12_01,smo2_dom,slope,2,NA,NA,NA
ID12_01,smo2_dom,ratio,1,154.43010366650748,NA,154.43010366650748
ID12_01,smo2_dom,ratio,2,228.16054785378674,NA,228.16054785378674
ID12_01,smo2_dom,Log-log,1,201,NA,201
ID12_01,smo2_dom,Dmax,2,224.2382667286333,NA,224.2382667286333
ID12_01,smo2_dom,ModDmax,2,239.32932173149783,NA,239.32932173149783
ID12_01,smo2_dom,Log-log.ratio,1,213.5,NA,213.5
ID12_01,smo2_dom,Dmax.ratio,2,221.15999502775136,NA,221.15999502775136
ID12_01,smo2_dom,ModDmax.ratio,2,245.78009596069725,NA,245.78009596069725
ID12_01,smo2_dom,poly,1,165.58586022990832,NA,165.58586022990832
ID12_01,smo2_dom,poly,2,NA,NA,NA
ID12_01,smo2_ndom,raw,1,576.3075903247939,NA,122.63075903247939
ID12_01,smo2_ndom,raw,2,639.2667871645314,NA,128.92667871645313
ID12_01,smo2_ndom,mean,1,95.0001,Breakpoint estimate(s) outdistanced to allow finite estimates and st.errs,95.0001
ID12_01,smo2_ndom,mean,2,185.0001,Breakpoint estimate(s) outdistanced to allow finite estimates and st.errs,185.0001
ID12_01,smo2_ndom,slope,1,95.0001,Breakpoint estimate(s) outdistanced to allow finite estimates and st.errs,95.0001
ID12_01,smo2_ndom,slope,2,215.0001,Breakpoint estimate(s) outdistanced to allow finite estimates and st.errs,215.0001
ID12_01,smo2_ndom,ratio,1,147.06749119108616,NA,147.06749119108616
ID12_01,smo2_ndom,ratio,2,229.02311192135977,NA,229.02311192135977
ID12_01,smo2_ndom,Log-log,1,178.5,NA,178.5
ID12_01,smo2_ndom,Dmax,2,175.2772388810865,NA,175.2772388810865
ID12_01,smo2_ndom,ModDmax,2,209.75382004792507,NA,209.75382004792507
ID12_01,smo2_ndom,Log-log.ratio,1,190.5,NA,190.5
ID12_01,smo2_ndom,Dmax.ratio,2,203.8753264441453,NA,203.8753264441453
ID12_01,smo2_ndom,ModDmax.ratio,2,235.51687496251924,NA,235.51687496251924
ID12_01,smo2_ndom,poly,1,167.3361835857604,NA,167.3361835857604
ID12_01,smo2_ndom,poly,2,229.22432450150808,NA,229.22432450150808
ID12_01,smo2_avg,raw,1,1255.130387829674,NA,190.51303878296739
ID12_01,smo2_avg,raw,2,1332.5886853299573,NA,198.25886853299573
ID12_01,smo2_avg,mean,1,154.9999,Breakpoint estimate(s) outdistanced to allow finite estimates and st.errs,154.9999
ID12_01,smo2_avg,mean,2,185.0001,Breakpoint estimate(s) outdistanced to allow finite estimates and st.errs,185.0001
ID12_01,smo2_avg,slope,1,119.77591039405353,NA,119.77591039405353
ID12_01,smo2_avg,slope,2,166.30741218071861,NA,166.30741218071861
ID12_01,smo2_avg,ratio,1,NA,NA,NA
ID12_01,smo2_avg,ratio,2,NA,NA,NA
ID12_01,smo2_avg,Log-log,1,200.5,NA,200.5
ID12_01,smo2_avg,Dmax,2,223.14170614519904,NA,223.14170614519904
ID12_01,smo2_avg,ModDmax,2,238.84803864224665,NA,238.84803864224665
ID12_01,smo2_avg,Log-log.ratio,1,207.1,NA,207.1
ID12_01,smo2_avg,Dmax.ratio,2,214.3855490242071,NA,214.3855490242071
ID12_01,smo2_avg,ModDmax.ratio,2,243.1345441553875,NA,243.1345441553875
ID12_01,smo2_avg,poly,1,115.15318233890844,NA,115.15318233890844
ID12_01,smo2_avg,poly,2,164.590515349826,NA,164.590515349826
ID12_02,smo2_dom,raw,1,452.0000543132282,NA,110.20000543132282
ID12_02,smo2_dom,raw,2,1738.8110226750196,NA,238.88110226750194
ID12_02,smo2_dom,mean,1,95.0001,Breakpoint estimate(s) outdistanced to allow finite estimates and st.errs,95.0001
ID12_02,smo2_dom,mean,2,215.0001,Breakpoint estimate(s) outdistanced to allow finite estimates and st.errs,215.0001
ID12_02,smo2_dom,slope,1,NA,NA,NA
ID12_02,smo2_dom,slope,2,NA,NA,NA
ID12_02,smo2_dom,ratio,1,137.61602201970805,NA,137.61602201970805
ID12_02,smo2_dom,ratio,2,213.83025739989142,NA,213.83025739989142
ID12_02,smo2_dom,Log-log,1,204.9,NA,204.9
ID12_02,smo2_dom,Dmax,2,191.20286103217862,NA,191.20286103217862
ID12_02,smo2_dom,ModDmax,2,233.49147001678594,NA,233.49147001678594
ID12_02,smo2_dom,Log-log.ratio,1,207.1,NA,207.1
ID12_02,smo2_dom,Dmax.ratio,2,206.53669809559648,NA,206.53669809559648
ID12_02,smo2_dom,ModDmax.ratio,2,241.9528337387553,NA,241.9528337387553
ID12_02,smo2_dom,poly,1,100.84904708463559,NA,100.84904708463559
ID12_02,smo2_dom,poly,2,253.21849539269593,NA,253.21849539269593
ID12_02,smo2_ndom,raw,1,497.43617821663713,NA,114.74361782166372
ID12_02,smo2_ndom,raw,2,1801.9999753558463,NA,245.19999753558463
ID12_02,smo2_ndom,mean,1,NA,NA,NA
ID12_02,smo2_ndom,mean,2,NA,NA,NA
ID12_02,smo2_ndom,slope,1,106.70895162127675,NA,106.70895162127675
ID12_02,smo2_ndom,slope,2,183.83952321770505,NA,183.83952321770505
ID12_02,smo2_ndom,ratio,1,140.39764672733446,NA,140.39764672733446
ID12_02,smo2_ndom,ratio,2,211.2714036707826,NA,211.2714036707826
ID12_02,smo2_ndom,Log-log,1,136.2,NA,136.2
ID12_02,smo2_ndom,Dmax,2,146.19194709392832,NA,146.19194709392832
ID12_02,smo2_ndom,ModDmax,2,242.3065562450238,NA,242.3065562450238
ID12_02,smo2_ndom,Log-log.ratio,1,187.9,NA,187.9
ID12_02,smo2_ndom,Dmax.ratio,2,201.05255997992867,NA,201.05255997992867
ID12_02,smo2_ndom,ModDmax.ratio,2,233.90667413517423,NA,233.90667413517423
ID12_02,smo2_ndom,poly,1,178.6610396213526,NA,178.6610396213526
ID12_02,smo2_ndom,poly,2,259.1707211018648,NA,259.1707211018648
ID12_02,smo2_avg,raw,1,479.25354626046624,NA,112.92535462604661
ID12_02,smo2_avg,raw,2,1747.5097355441967,NA,239.75097355441966
ID12_02,smo2_avg,mean,1,99.40995237926218,NA,99.40995237926218
ID12_02,smo2_avg,mean,2,205.41106256735628,NA,205.41106256735628
ID12_02,smo2_avg,slope,1,NA,NA,NA
ID12_02,smo2_avg,slope,2,NA,NA,NA
ID12_02,smo2_avg,ratio,1,163.42662142197824,NA,163.42662142197824
ID12_02,smo2_avg,ratio,2,221.0269405150915,NA,221.0269405150915
ID12_02,smo2_avg,Log-log,1,200.1,NA,200.1
ID12_02,smo2_avg,Dmax,2,178.59051718706957,NA,178.59051718706957
ID12_02,smo2_avg,ModDmax,2,226.4272762606231,NA,226.4272762606231
ID12_02,smo2_avg,Log-log.ratio,1,204.1,NA,204.1
ID12_02,smo2_avg,Dmax.ratio,2,204.57926871256396,NA,204.57926871256396
ID12_02,smo2_avg,ModDmax.ratio,2,240.73314175510785,NA,240.73314175510785
ID12_02,smo2_avg,poly,1,249.8301108126047,NA,249.8301108126047
ID12_02,smo2_avg,poly,2,NA,NA,NA
ID12_03,smo2_dom,raw,1,394.061549953369,NA,104.4061549953369
ID12_03,smo2_dom,raw,2,1175.9999590423,NA,182.59999590423
ID12_03,smo2_dom,mean,1,95.0001,Breakpoint estimate(s) outdistanced to allow finite estimates and st.errs,95.0001
ID12_03,smo2_dom,mean,2,244.9999,Breakpoint estimate(s) outdistanced to allow finite estimates and st.errs,244.9999
ID12_03,smo2_dom,slope,1,NA,NA,NA
ID12_03,smo2_dom,slope,2,NA,NA,NA
ID12_03,smo2_dom,ratio,1,146.99332773798113,NA,146.99332773798113
ID12_03,smo2_dom,ratio,2,193.56072224749252,NA,193.56072224749252
ID12_03,smo2_dom,Log-log,1,158.7,NA,158.7
ID12_03,smo2_dom,Dmax,2,234.8143301686071,NA,234.8143301686071
ID12_03,smo2_dom,ModDmax,2,233.2788700462898,NA,233.2788700462898
ID12_03,smo2_dom,Log-log.ratio,1,169.6,NA,169.6
ID12_03,smo2_dom,Dmax.ratio,2,181.6391715055339,NA,181.6391715055339
ID12_03,smo2_dom,ModDmax.ratio,2,218.61190682066763,NA,218.61190682066763
ID12_03,smo2_dom,poly,1,193.318211788709,NA,193.318211788709
ID12_03,smo2_dom,poly,2,NA,NA,NA
ID12_03,smo2_ndom,raw,1,1015.1999420478277,NA,166.51999420478276
ID12_03,smo2_ndom,raw,2,1612.9775163395607,NA,226.29775163395607
ID12_03,smo2_ndom,mean,1,NA,NA,NA
ID12_03,smo2_ndom,mean,2,NA,NA,NA
ID12_03,smo2_ndom,slope,1,NA,NA,NA
ID12_03,smo2_ndom,slope,2,NA,NA,NA
ID12_03,smo2_ndom,ratio,1,144.8550582742427,NA,144.8550582742427
ID12_03,smo2_ndom,ratio,2,210.68438538687505,NA,210.68438538687505
ID12_03,smo2_ndom,Log-log,1,187,NA,187
ID12_03,smo2_ndom,Dmax,2,174.18993126275387,NA,174.18993126275387
ID12_03,smo2_ndom,ModDmax,2,215.66244722686307,NA,215.66244722686307
ID12_03,smo2_ndom,Log-log.ratio,1,199.7,NA,199.7
ID12_03,smo2_ndom,Dmax.ratio,2,200.36071096984918,NA,200.36071096984918
ID12_03,smo2_ndom,ModDmax.ratio,2,235.77789234811635,NA,235.77789234811635
ID12_03,smo2_ndom,poly,1,117.2556227022187,NA,117.2556227022187
ID12_03,smo2_ndom,poly,2,229.35890024131223,NA,229.35890024131223
ID12_03,smo2_avg,raw,1,402.76470925827175,NA,105.27647092582717
ID12_03,smo2_avg,raw,2,1578.5346681314943,NA,222.85346681314942
ID12_03,smo2_avg,mean,1,143.59993653805282,NA,143.59993653805282
ID12_03,smo2_avg,mean,2,193.50963849260168,NA,193.50963849260168
ID12_03,smo2_avg,slope,1,NA,NA,NA
ID12_03,smo2_avg,slope,2,NA,NA,NA
ID12_03,smo2_avg,ratio,1,145.7897566460962,NA,145.7897566460962
ID12_03,smo2_avg,ratio,2,208.3207857023493,NA,208.3207857023493
ID12_03,smo2_avg,Log-log,1,186.6,NA,186.6
ID12_03,smo2_avg,Dmax,2,168.57269870991996,NA,168.57269870991996
ID12_03,smo2_avg,ModDmax,2,207.43399775527777,NA,207.43399775527777
ID12_03,smo2_avg,Log-log.ratio,1,198.8,NA,198.8
ID12_03,smo2_avg,Dmax.ratio,2,196.2106786153298,NA,196.2106786153298
ID12_03,smo2_avg,ModDmax.ratio,2,234.29400313905313,NA,234.29400313905313
ID12_03,smo2_avg,poly,1,112.07069801043815,NA,112.07069801043815
ID12_03,smo2_avg,poly,2,225.41393741288704,NA,225.41393741288704
