time,smo2_dom,smo2_ndom,heart_rate,smo2_avg,participant_id,session,power,lap
0,70.50268700338447,82.30226013364835,90,76.4024735685164,1,3,70,1
1,70.50379467207318,82.30271021618842,83,76.4032524441308,1,3,70,1
2,70.50840042502267,82.306279279567,83,76.40733985229483,1,3,70,1
3,70.51654502483962,82.3128743312926,91,76.41470967806612,1,3,70,1
4,70.52828507150855,82.32238196951045,94,76.4253335205095,1,3,70,1
5,70.54367395260158,82.33466828096505,96,76.43917111678331,1,3,70,1
6,70.56274371279073,82.34957869366937,99,76.45616120323005,1,3,70,1
7,70.58549018286018,82.36693778637112,99,76.47621398461565,1,3,70,1
8,70.61186643975574,82.3865498375315,99,76.49920813864362,1,3,70,1
9,70.64178479285945,82.40820167715229,99,76.52499323500587,1,3,70,1
10,70.67512261542782,82.43166774694036,99,76.5533951811841,1,3,70,1
11,70.71172929147677,82.45671561640746,102,76.58422245394212,1,3,70,1
12,70.75143349967146,82.48311127562437,105,76.61727238764792,1,3,70,1
13,70.79405005621355,82.51062459838839,107,76.65233732730097,1,3,70,1
14,70.83938553904449,82.53903468679849,108,76.68921011292149,1,3,70,1
15,70.88724250113955,82.56813412538526,109,76.7276883132624,1,3,70,1
16,70.93742266603623,82.59773166052317,109,76.7675771632797,1,3,70,1
17,70.98972920618925,82.62765350344993,109,76.80869135481959,1,3,70,1
18,71.0439679121424,82.65774394264817,109,76.85085592739529,1,3,70,1
19,71.09994754819434,82.68786565843209,107,76.89390660331321,1,3,70,1
20,71.15748017790276,82.71789954706591,108,76.93768986248433,1,3,70,1
21,71.21638195009527,82.74774444669364,109,76.98206319839446,1,3,70,1
22,71.27647454337063,82.77731735217131,110,77.02689594777097,1,3,70,1
23,71.33758727194049,82.80655412038573,109,77.07207069616311,1,3,70,1
24,71.39955966050688,82.83541027720676,109,77.11748496885681,1,3,70,1
25,71.46224429574711,82.86386134185274,108,77.16305281879993,1,3,70,1
26,71.52550976181679,82.89190237675324,107,77.20870606928501,1,3,70,1
27,71.58924327199783,82.91954676329478,107,77.2543950176463,1,3,70,1
28,71.6533524132921,82.94682459367924,106,77.30008850348567,1,3,70,1
29,71.71776610325043,82.97378126390618,106,77.3457736835783,1,3,70,1
30,71.78243554078806,83.00047577972641,106,77.39145566025724,1,3,70,1
31,71.8473349570092,83.02697799459268,110,77.43715647580095,1,3,70,1
32,71.91246099632221,83.05336526640946,111,77.48291313136583,1,3,70,1
33,71.97783063071657,83.07971911722515,111,77.52877487397086,1,3,70,1
34,72.04347858267295,83.10612218728569,106,77.57480038497931,1,3,70,1
35,72.10945474414805,83.13265596989484,104,77.62105535702145,1,3,70,1
36,72.17582159108288,83.15939854551533,104,77.6676100682991,1,3,70,1
37,72.24265159267583,83.18642124095537,105,77.7145364168156,1,3,70,1
38,72.31002461449573,83.21378528536435,106,77.76190494993004,1,3,70,1
39,72.37802511925244,83.24153992499531,106,77.80978252212387,1,3,70,1
40,72.44673877382753,83.26972180070655,109,77.85823028726705,1,3,70,1
41,72.51624855880905,83.29835490468106,110,77.90730173174506,1,3,70,1
42,72.58663096446872,83.32745082318453,112,77.95704089382663,1,3,70,1
43,72.65795275960237,83.35700906991401,111,78.00748091475819,1,3,70,1
44,72.7302687221938,83.38701731468251,109,78.05864301843815,1,3,70,1
45,72.8036201357911,83.41745140990915,107,78.11053577285013,1,3,70,1
46,72.87803327045098,83.44827541017898,105,78.16315434031497,1,3,70,1
47,72.95351765255448,83.47944187786383,107,78.21647976520916,1,3,70,1
48,73.03006451327077,83.51089267044942,107,78.2704785918601,1,3,70,1
49,73.10764570815455,83.5425601127595,108,78.32510291045702,1,3,70,1
50,73.18621330309408,83.57436806726656,109,78.38029068518031,1,3,70,1
51,73.26570002211646,83.6062328059936,110,78.43596641405503,1,3,70,1
52,73.34602075285142,83.63806378273904,112,78.49204226779523,1,3,70,1
53,73.4270747205335,83.66976440447618,113,78.54841956250485,1,3,70,1
54,73.50874735648149,83.70123397378605,113,78.60499066513377,1,3,70,1
55,73.5909117650842,83.73237129150256,112,78.66164152829339,1,3,70,1
56,73.67343057138571,83.76307806789585,112,78.71825431964078,1,3,70,1
57,73.75615844385833,83.79326087594359,112,78.77470965990096,1,3,70,1
58,73.8389450994155,83.8228322334389,112,78.8308886664272,1,3,70,1
59,73.92163859782323,83.85171130310046,112,78.88667495046184,1,3,70,1
60,74.00408873272777,83.87982440711639,112,78.94195656992207,1,3,70,1
61,74.08614993641488,83.90710574749275,112,78.99662784195382,1,3,70,1
62,74.16768272526402,83.93349813827194,113,79.05059043176797,1,3,70,1
63,74.24855388324414,83.95895297037046,114,79.1037534268073,1,3,70,1
64,74.32863675115794,83.98342940993612,114,79.15603308054703,1,3,70,1
65,74.40781201385404,84.00689361127628,114,79.20735281256516,1,3,70,1
66,74.48596840213334,84.02931823760754,114,79.25764331987044,1,3,70,1
67,74.56300292105524,84.05068219262327,113,79.30684255683926,1,3,70,1
68,74.63882041132173,84.07097085591516,111,79.35489563361844,1,3,70,1
69,74.71333283550815,84.09017711518342,111,79.4017549753458,1,3,70,1
70,74.7864592660044,84.1083026102409,112,79.44738093812265,1,3,70,1
71,74.85812657603292,84.1253584086336,113,79.49174249233326,1,3,70,1
72,74.92826985961334,84.14136530793307,115,79.5348175837732,1,3,70,1
73,74.99683238653249,84.15635415466129,114,79.57659327059689,1,3,70,1
74,75.06376567856297,84.17036588687658,114,79.61706578271978,1,3,70,1
75,75.1290299029015,84.18345100730912,112,79.6562404551053,1,3,70,1
76,75.19259438852353,84.19566868150476,112,79.69413153501415,1,3,70,1
77,75.25443807099309,84.20708575284127,111,79.73076191191717,1,3,70,1
78,75.31454967110123,84.21777567350841,110,79.76616267230483,1,3,70,1
79,75.37292760765335,84.22781715533071,110,79.80037238149202,1,3,70,1
80,75.42957983966822,84.2372924417463,109,79.83343614070726,1,3,70,1
81,75.48452363802245,84.24628519971228,110,79.86540441886737,1,3,70,1
82,75.53778509134601,84.25487832288422,110,79.89633170711511,1,3,70,1
83,75.5893982483676,84.26315223002608,110,79.92627523919684,1,3,70,1
84,75.63940389630923,84.2711838524489,111,79.95529387437907,1,3,70,1
85,75.68784836495146,84.27904611414502,112,79.98344723954824,1,3,70,1
86,75.73478313602867,84.286807708342,113,80.01079542218534,1,3,70,1
87,75.78026525723418,84.29453297426838,113,80.03739911575127,1,3,70,1
88,75.82435777974239,84.30228177552449,113,80.06331977763344,1,3,70,1
89,75.86712982821061,84.31010937905505,112,80.08861960363282,1,3,70,1
90,75.90865630227654,84.31806643132622,111,80.11336136680137,1,3,70,1
91,75.94901740355371,84.32619922591631,109,80.13760831473502,1,3,70,1
92,75.98829837711786,84.33455035927098,108,80.16142436819442,1,3,70,1
93,76.02658946622721,84.3431597739101,109,80.18487462006865,1,3,70,1
94,76.06398568877373,84.35206579825552,109,80.20802574351463,1,3,70,1
95,76.10058633651543,84.361305402117,111,80.23094586931622,1,3,70,1
96,76.13649439069744,84.37091366723607,113,80.25370402896675,1,3,70,1
97,76.17181595005985,84.38092325264644,115,80.27636960135314,1,3,70,1
98,76.20665966963006,84.3913643420087,113,80.29901200581938,1,3,70,1
99,76.24113611110442,84.40226526748171,111,80.32170068929307,1,3,70,1
100,76.27535680804274,84.41365341949671,110,80.34450511376973,1,3,70,1
101,76.30943314170014,84.42555546659722,108,80.36749430414868,1,3,70,1
102,76.34347541593799,84.43799678737189,106,80.39073610165494,1,3,70,1
103,76.37759232456902,84.45100089437042,109,80.41429660946972,1,3,70,1
104,76.41189080941959,84.4645891422254,110,80.4382399758225,1,3,70,1
105,76.44647581971243,84.47878052454398,110,80.4626281721282,1,3,70,1
106,76.48144899570032,84.4935916567735,110,80.4875203262369,1,3,70,1
107,76.51690666506606,84.50903733488813,113,80.5129719999771,1,3,70,1
108,76.55293890620767,84.52513137702523,114,80.53903514161645,1,3,70,1
109,76.58962996954236,84.54188677247596,114,80.56575837100917,1,3,70,1
110,76.62705888499055,84.55931504027764,113,80.59318696263409,1,3,70,1
111,76.66529986416236,84.57742557749647,110,80.62136272082941,1,3,70,1
112,76.70442288612365,84.59622528963342,108,80.65032408787854,1,3,70,1
113,76.74449456310698,84.61571830793791,108,80.68010643552245,1,3,70,1
114,76.78557909001218,84.63590569598789,107,80.71074239300003,1,3,70,1
115,76.8277389840494,84.65678514547412,108,80.74226206476176,1,3,70,1
116,76.87103522337404,84.67835056363866,109,80.77469289350634,1,3,70,1
117,76.91552678373657,84.70059135733521,110,80.80805907053589,1,3,70,1
118,76.9612699623427,84.72349160888352,109,80.8423807856131,1,3,70,1
119,77.00831778062349,84.74702972910444,108,80.87767375486396,1,3,70,1
120,77.05671966012807,84.7711786853227,108,80.91394917272538,1,3,70,1
121,77.1065211756275,84.79590641452911,110,80.9512137950783,1,3,70,1
122,77.1577632994011,84.8211762270495,110,80.9894697632253,1,3,70,1
123,77.21048103846375,84.84694720121722,109,81.02871411984049,1,3,70,1
124,77.26470185429375,84.8731746671623,107,81.06893826072803,1,3,70,1
125,77.32044444976384,84.89981097543856,106,81.1101277126012,1,3,70,1
126,77.37771870314337,84.92680655117206,106,81.15226262715771,1,3,70,1
127,77.43652645625735,84.9541110393654,107,81.19531874781137,1,3,70,1
128,77.49686179111148,84.981674347043,107,81.23926806907724,1,3,70,1
129,77.55871040480129,85.00944738795879,107,81.28407889638004,1,3,70,1
130,77.62204866803248,85.03738243311355,105,81.32971555057301,1,3,70,1
131,77.68684285516946,85.06543306784542,104,81.37613796150744,1,3,70,1
132,77.75304893633019,85.09355395131026,106,81.42330144382022,1,3,70,1
133,77.82061273698336,85.12170076922143,107,81.4711567531024,1,3,70,1
134,77.88946968544775,85.14983038055684,107,81.51965003300229,1,3,70,1
135,77.9595440516049,85.1779007687804,108,81.56872241019265,1,3,70,1
136,78.03074826305408,85.20587070071602,109,81.61830948188505,1,3,70,1
137,78.10298269004704,85.23369928880365,108,81.66834098942535,1,3,70,1
138,78.17613609565751,85.26134565246385,107,81.71874087406067,1,3,70,1
139,78.25008655765762,85.28876887429766,107,81.76942771597764,1,3,70,1
140,78.3247022785856,85.315928251753,106,81.8203152651693,1,3,70,1
141,78.39984228590083,85.34278364979251,110,81.87131296784668,1,3,70,1
142,78.4753576095225,85.36929585765235,111,81.92232673358743,1,3,70,1
143,78.5510930364859,85.39542695033006,111,81.97325999340798,1,3,70,1
144,78.62688905486915,85.42114065541843,107,82.02401485514379,1,3,70,1
145,78.70258369678284,85.44640272587385,106,82.07449321132835,1,3,70,1
146,78.7780140878258,85.47118122174709,108,82.12459765478644,1,3,70,1
147,78.85301751044358,85.49544650633658,109,82.17423200839008,1,3,70,1
148,78.92743178863658,85.519171054799,111,82.22330142171779,1,3,70,1
149,79.00109548424072,85.54232946582403,111,82.27171247503237,1,3,70,1
150,79.0738490777695,85.56489857926695,110,82.31937382851822,1,3,70,1
151,79.14553723387081,85.58685711492012,109,82.36619717439547,1,3,70,1
152,79.21601117849742,85.60818493032285,108,82.41209805441014,1,3,70,1
153,79.2851307025028,85.62886267823441,108,82.45699669036861,1,3,70,1
154,79.35276579395332,85.64887196162282,109,82.50081887778808,1,3,70,1
155,79.41879790134007,85.6681954012554,110,82.54349665129774,1,3,70,1
156,79.48312082973872,85.68681651864925,111,82.58496867419399,1,3,70,1
157,79.54564166191157,85.70471982481179,113,82.62518074336168,1,3,70,1
158,79.60628248627312,85.72189121255639,114,82.66408684941476,1,3,70,1
159,79.66498254299788,85.7383184575303,115,82.7016505002641,1,3,70,1
160,79.72169922888166,85.75399173062779,114,82.73784547975472,1,3,70,1
161,79.77640757174608,85.76890412199018,114,82.77265584686813,1,3,70,1
162,79.8290989553417,85.78305207921393,112,82.80607551727782,1,3,70,1
163,79.879779582843355,85.79643556479931,110,82.83810757382133,1,3,70,1
164,79.92846887418548,85.80905793289384,109,82.86876340353966,1,3,70,1
165,79.97519789469652,85.82092572040392,109,82.89806180755022,1,3,70,1
166,80.0200078147266,85.83204835242377,110,82.92602808357518,1,3,70,1
167,80.06294810717333,85.84243756681036,111,82.95269283699184,1,3,70,1
168,80.10407389704777,85.85210665529753,112,82.97809027617265,1,3,70,1
169,80.14344285247965,85.86106991111531,112,83.00225638179748,1,3,70,1
170,80.18111298185703,85.8693423804471,113,83.02522768115206,1,3,70,1
171,80.2171415312965,85.876939722432,112,83.04704062686426,1,3,70,1
172,80.25158400617455,85.88387817747856,113,83.06773109182656,1,3,70,1
173,80.28449321829078,85.89017483871741,113,83.0873340285041,1,3,70,1
174,80.31591913809092,85.89584822633716,113,83.10588368221404,1,3,70,1
175,80.34590974620559,85.90091896946095,113,83.12341435783327,1,3,70,1
176,80.37451249338993,85.90541049773321,112,83.13996149556158,1,3,70,1
177,80.40177607549654,85.90934974228936,111,83.15556290889296,1,3,70,1
178,80.42775232764086,85.91276765066597,110,83.17025998915341,1,3,70,1
179,80.45249804169777,85.91569912508352,108,83.18409858339064,1,3,70,1
180,80.47607651121984,85.91818248115524,108,83.19712949618754,1,3,70,1
181,80.49855870534299,85.92025901169644,108,83.20940885851971,1,3,70,1
182,80.52002407069753,85.92197275257547,108,83.2209984116365,1,3,70,1
183,80.54056086268257,85.92337005982067,108,83.23196546125162,1,3,70,1
184,80.5602658097895,85.92449899729921,108,83.24238240354435,1,3,70,1
185,80.57924310960017,85.92540892439244,107,83.2523260169963,1,3,70,1
186,80.59760295002934,85.92615038045686,105,83.26187666524311,1,3,70,1
187,80.61545984679698,85.9267750702294,103,83.27111745851319,1,3,70,1
188,80.6329311855523,85.92733585185287,104,83.28013351870258,1,3,70,1
189,80.65013586934505,85.92788672671462,107,83.28901129802983,1,3,70,1
190,80.6671924844379,85.92848283027358,110,83.29783765735574,1,3,70,1
191,80.68421717769766,85.92918042303319,111,83.30669880036542,1,3,70,1
192,80.7013222190743,85.93003678326374,110,83.31567950116903,1,3,70,1
193,80.71861544243069,85.93110980552565,107,83.32486262397816,1,3,70,1
194,80.73619997776046,85.93245730410267,105,83.33432864093157,1,3,70,1
195,80.75417388297002,85.93413621551879,105,83.3441550492444,1,3,70,1
196,80.77262947854643,85.93620179677113,105,83.35441563765878,1,3,70,1
197,80.7916523835789,85.93870681838136,105,83.36517960098013,1,3,70,1
198,80.81132044675691,85.94170075141757,105,83.37651059908724,1,3,70,1
199,80.83170286363995,85.94522894769867,108,83.3884659056693,1,3,70,1
200,80.85285986917843,85.94933190995923,109,83.40109588956884,1,3,70,1
201,80.87484300440845,85.95404484632927,108,83.41444392536886,1,3,70,1
202,80.89769556619018,85.95939760602887,105,83.42854658610952,1,3,70,1
203,80.92145284902436,85.96541499572854,106,83.44343392237644,1,3,70,1
204,80.94614178814042,85.97211728103547,107,83.45912953458794,1,3,70,1
205,80.97178029592365,85.97952048257147,107,83.47565038924756,1,3,70,1
206,80.99837726662375,85.98763636878816,107,83.49300681770595,1,3,70,1
207,81.02593334660146,85.99647253542,108,83.51120294101074,1,3,70,1
208,81.0544416896818,86.00603305908506,109,83.53023737438343,1,3,70,1
209,81.0838885025336,86.01631952983054,112,83.55010401618208,1,3,70,1
210,81.11425377033639,86.02733177977123,112,83.5707927750538,1,3,70,1
211,81.145512162936555,86.03906830778276,111,83.59229023535966,1,3,70,1
212,81.17763373162494,86.05152669287129,109,83.61458021224811,1,3,70,1
213,81.21058439691872,86.06470380117587,109,83.6376440990473,1,3,70,1
214,81.24432661796875,86.07859568910342,109,83.6614611535361,1,3,70,1
215,81.2788202441269,86.0931973977181,109,83.6860088209225,1,3,70,1
216,81.31402315910898,86.10850283351938,109,83.71126299631419,1,3,70,1
217,81.34989162084663,86.12450493075907,109,83.73719827580285,1,3,70,1
218,81.38638049276939,86.14119599785515,108,83.76378824531227,1,3,70,1
219,81.42344346472595,86.15856785786683,110,83.7910056612964,1,3,70,1
220,81.46103326421753,86.17661168561389,110,83.81882247491572,1,3,70,1
221,81.49910185865724,86.19531773664087,109,83.84720979764906,1,3,70,1
222,81.53760064940603,86.21467496816594,108,83.87613780878598,1,3,70,1
223,81.5764806583412,86.23467035709777,108,83.90557550771948,1,3,70,1
224,81.61569270771412,86.25528801283404,108,83.93549036027409,1,3,70,1
225,81.65518739898869,86.27650847519479,108,83.96584793709174,1,3,70,1
226,81.69491450128481,86.29830819774419,108,83.9966113495145,1,3,70,1
227,81.73482184773849,86.32065882666522,106,84.02774033720186,1,3,70,1
228,81.774854325785725,86.34352637309617,108,84.05919034944094,1,3,70,1
229,81.8149532547999,86.3668708645926,109,84.09091205969625,1,3,70,1
230,81.85505615194732,86.39064657378391,111,84.12285136286562,1,3,70,1
231,81.89509678964282,86.41480243470329,112,84.15494961217306,1,3,70,1
232,81.93500535050853,86.43928254997293,112,84.18714395024074,1,3,70,1
233,81.97470868087547,86.46402698472403,112,84.21936783279975,1,3,70,1
234,82.01413083900209,86.48897275057456,113,84.25155179478833,1,3,70,1
235,82.05319403667562,86.51405459041939,113,84.2836243135475,1,3,70,1
236,82.09181997534392,86.53920536993051,111,84.31551267263723,1,3,70,1
237,82.12993157798178,86.56435636940522,110,84.3471439736935,1,3,70,1
238,82.16745511792956,86.58943825730883,109,84.3784466876192,1,3,70,1
239,82.2043223557473,86.6143828441275,109,84.40935259993739,1,3,70,1
240,82.24047190490195,86.63912454469818,109,84.43979822480006,1,3,70,1
241,82.27584972980627,86.66360106235956,110,84.46972539608291,1,3,70,1
242,82.31040936240791,86.687753783614,111,84.49908157301095,1,3,70,1
243,82.34411213077802,86.71152817689148,111,84.52782015383474,1,3,70,1
244,82.37692740039263,86.7348741963351,110,84.55590079836387,1,3,70,1
245,82.40883282870145,86.7577466914556,108,84.58328976007851,1,3,70,1
246,82.43981463347448,86.78010582343286,108,84.60996022845367,1,3,70,1
247,82.46986768020939,86.80191748876588,109,84.63589258448764,1,3,70,1
248,82.49899499867057,86.82315355581778,109,84.66107427724418,1,3,70,1
249,82.52720663110054,86.84379152464327,109,84.6854990778719,1,3,70,1
250,82.55451800712214,86.8638137080757,109,84.70916585759892,1,3,70,1
251,82.58094833288142,86.8832065196465,109,84.73207742626397,1,3,70,1
252,82.60651977453416,86.90196016122557,108,84.75423996787987,1,3,70,1
253,82.6312574357825,86.92006871059743,110,84.77566307318997,1,3,70,1
254,82.65518934878497,86.93753051159675,110,84.79635993019086,1,3,70,1
255,82.67834608788267,86.95434867183613,112,84.8163473798594,1,3,70,1
256,82.70076000570707,86.97053147296883,113,84.83564573933795,1,3,70,1
257,82.72246418874882,86.98609249833348,113,84.85427834354115,1,3,70,1
258,82.74349132699265,87.00105057537884,113,84.87227095118575,1,3,70,1
259,82.76387298480424,87.01542992281534,113,84.88965145380979,1,3,70,1
260,82.78364005285121,87.02926050220566,114,84.90645027752844,1,3,70,1
261,82.80282408794015,87.04257818347047,114,84.92270113570531,1,3,70,1
262,82.82145817474549,87.05542443122583,115,84.93844130298567,1,3,70,1
263,82.83957682124499,87.06784531630805,115,84.95371106877653,1,3,70,1
264,82.85721527750431,87.07988994939016,114,84.96855261344723,1,3,70,1
265,82.87440866742813,87.0916087261561,113,84.98300869679211,1,3,70,1
266,82.89119132307763,87.1030517734306,112,84.99712154825411,1,3,70,1
267,82.90759651608316,87.11426798561872,111,85.01093225085094,1,3,70,1
268,82.92365658561828,87.125304650673,110,85.02448061814565,1,3,70,1
269,82.93940316980753,87.13620727468445,109,85.03780522224599,1,3,70,1
270,82.95486695484666,87.14701940928978,108,85.05094318206822,1,3,70,1
271,82.97007694134345,87.1577824811855,107,85.06392971126448,1,3,70,1
272,82.98505981262086,87.1685356230709,109,85.07679771784588,1,3,70,1
273,82.99983959960652,87.17931550537449,110,85.08957755249051,1,3,70,1
274,83.01443744682291,87.19015626569058,110,85.10229685625674,1,3,70,1
275,83.02887138156963,87.20108973042551,111,85.11498055599756,1,3,70,1
276,83.04315608596913,87.21214583058374,112,85.12765095827643,1,3,70,1
277,83.05730276913245,87.22335282105014,111,85.1403277950913,1,3,70,1
278,83.07131933428838,87.23473720536424,109,85.15302826982631,1,3,70,1
279,83.08521093823553,87.24632356061745,108,85.1657672494265,1,3,70,1
280,83.09898094298978,87.258134359597,107,85.17855765129339,1,3,70,1
281,83.11263206446736,87.27018978979424,107,85.1914109271308,1,3,70,1
282,83.12616732799911,87.28250756892831,106,85.20433744846372,1,3,70,1
283,83.1395906355544,87.29510275667107,107,85.21734669611274,1,3,70,1
284,83.15290694462301,87.30798756229886,107,85.23044725346094,1,3,70,1
285,83.16612215622858,87.32117105050129,107,85.24364660336494,1,3,70,1
286,83.17924290706866,87.33465855008744,107,85.25695072857805,1,3,70,1
287,83.19227636322675,87.34845086298829,108,85.27036361310752,1,3,70,1
288,83.20523001535442,87.36254366362185,106,85.28388683948813,1,3,70,1
289,83.2181113776773,87.37692718614872,106,85.29751928191301,1,3,70,1
290,83.23092739563901,87.39158600461643,107,85.31125670012773,1,3,70,1
291,83.24368365960602,87.40649880861106,108,85.32509123410854,1,3,70,1
292,83.25638381467435,87.42163836973016,109,85.33901109220226,1,3,70,1
293,83.26902926403157,87.43697208935288,108,85.35300067669223,1,3,70,1
294,83.28161897074766,87.4524629330565,107,85.36704095190208,1,3,70,1
295,83.29414935797435,87.4680699718944,108,85.38110966493437,1,3,70,1
296,83.30661450264176,87.4837484335806,107,85.39518146811119,1,3,70,1
297,83.31900642763489,87.49944984944932,107,85.4092281385421,1,3,70,1
298,83.33131490732508,87.51512239541493,108,85.42321865137001,1,3,70,1
299,83.34352688411877,87.53071113504953,108,85.43711900958415,1,3,70,1
300,83.35562627647357,87.5461583606485,106,85.45089231856105,1,3,100,2
301,83.36759427612304,87.56140432576164,105,85.46449930094235,1,3,100,2
302,83.379409549544,87.57638807748428,106,85.47789881351414,1,3,100,2
303,83.39104824642982,87.59104809682708,106,85.49104817162845,1,3,100,2
304,83.40248420566083,87.60532274811084,108,85.50390347688582,1,3,100,2
305,83.4136894566705,87.61915053834267,109,85.51641999750657,1,3,100,2
306,83.424634821510807,87.63247038260513,111,85.52855260205797,1,3,100,2
307,83.43529042296916,87.64522207149496,111,85.54025624723207,1,3,100,2
308,83.44562590413179,87.65734694157575,113,85.55148642285377,1,3,100,2
309,83.45561045740125,87.66878874977186,115,85.56219960358655,1,3,100,2
310,83.46521305358486,87.67949445997479,116,85.57235375677982,1,3,100,2
311,83.47440296906888,87.68941455258297,116,85.58190876082593,1,3,100,2
312,83.48315041648682,87.69850305288685,114,85.59082673468683,1,3,100,2
313,83.49142718182097,87.70671776675823,113,85.5990724742896,1,3,100,2
314,83.49920726839643,87.71402072435949,111,85.60661399637796,1,3,100,2
315,83.50646745066786,87.72037844238451,110,85.61342294652619,1,3,100,2
316,83.51318754312804,87.72576190788608,110,85.61947472550706,1,3,100,2
317,83.51935048224232,87.73014647928392,111,85.62474848076312,1,3,100,2
318,83.52494261188114,87.73351180254276,113,85.62922720721195,1,3,100,2
319,83.5299542700434,87.73584174290576,114,85.63289800647459,1,3,100,2
320,83.53438048197734,87.73712433250115,114,85.63575240723924,1,3,100,2
321,83.53822146722996,87.73735173407475,112,85.63778660065236,1,3,100,2
322,83.54148257056997,87.73652022103505,112,85.63900139580251,1,3,100,2
323,83.54417361678145,87.73463017393348,110,85.63940189535747,1,3,100,2
324,83.54630807937839,87.73168609343793,110,85.63899708640815,1,3,100,2
325,83.54790235570779,87.72769662979375,112,85.63779949275077,1,3,100,2
326,83.54897534333847,87.72267462870141,113,85.63582498601994,1,3,100,2
327,83.54954812241841,87.71663719347572,115,85.63309265794706,1,3,100,2
328,83.54964315847891,87.70960576328554,118,85.62962446088223,1,3,100,2
329,83.54928322042656,87.70160620720652,119,85.62544471381653,1,3,100,2
330,83.54849098873926,87.69266893375156,120,85.62057996124541,1,3,100,2
331,83.5472893535138,87.68282901547427,120,85.61505918449404,1,3,100,2
332,83.5457014266509,87.67212632817012,120,85.60891387741052,1,3,100,2
333,83.54375007274835,87.66060560659099,119,85.60217783966968,1,3,100,2
334,83.54145754356068,87.6483161234427,119,85.59488683350169,1,3,100,2
335,83.53884550827819,87.63531089343465,119,85.58707820085641,1,3,100,2
336,83.53593547927821,87.621645791754,120,85.5787906355161,1,3,100,2
337,83.53274934039968,87.60737887873687,120,85.57006410956828,1,3,100,2
338,83.52930939218616,87.5925697348055,120,85.56093956349582,1,3,100,2
339,83.52563791375562,87.57727851219288,120,85.55145821297424,1,3,100,2
340,83.52175682616699,87.56156489761148,120,85.54166086188923,1,3,100,2
341,83.5176876520104,87.54548757013538,120,85.5315876110729,1,3,100,2
342,83.51345157580724,87.52910415336113,122,85.52127786458419,1,3,100,2
343,83.50906950734836,87.51247107571712,123,85.51077029153274,1,3,100,2
344,83.50456214763891,87.49564324048747,125,85.50010269406319,1,3,100,2
345,83.49994995958747,87.47867389481573,125,85.4893119272016,1,3,100,2
346,83.49525284804479,87.46161459928915,124,85.47843372366697,1,3,100,2
347,83.49048964641136,87.44451471204316,124,85.46750217922727,1,3,100,2
348,83.4856777996502,87.42742048412867,123,85.45654914188944,1,3,100,2
349,83.48083334094923,87.41037454569535,122,85.44560394332228,1,3,100,2
350,83.47597096668969,87.39341578228016,121,85.43469337448492,1,3,100,2
351,83.471104111934,87.3765788202359,120,85.42384146608495,1,3,100,2
352,83.46624502620294,87.35989312068925,120,85.4130690734461,1,3,100,2
353,83.46140484933203,87.34338246178142,121,85.40239365555672,1,3,100,2
354,83.45659368721533,87.32706500380758,121,85.39182934551145,1,3,100,2
355,83.4518206872623,87.3109536442757,121,85.381387165769,1,3,100,2
356,83.44709411340916,87.29505666259891,123,85.37107538800404,1,3,100,2
357,83.44242142054173,87.27937855667905,125,85.36089998861038,1,3,100,2
358,83.43780932820005,87.26392077863834,126,85.3508650534192,1,3,100,2
359,83.43326389344777,87.24868246715917,127,85.34097318030348,1,3,100,2
360,83.42879058280114,87.23366137148246,127,85.3312259771418,1,3,100,2
361,83.42439434312219,87.21885486954999,127,85.32162460633609,1,3,100,2
362,83.42007967139048,87.20426098277476,124,85.31217032708261,1,3,100,2
363,83.41585087834721,87.18987938744233,123,85.30286513289477,1,3,100,2
364,83.41171293608265,87.17571242275906,124,85.29371267942085,1,3,100,2
365,83.40767271442147,87.161766095559,125,85.28471940499023,1,3,100,2
366,83.40373982573206,87.14805108163262,126,85.27589545368234,1,3,100,2
367,83.39992688297488,87.13458372357589,128,85.26725530327539,1,3,100,2
368,83.39624956098045,87.12138682991367,127,85.25881819544706,1,3,100,2
369,83.39272675336757,87.10848988509295,123,85.25060831923025,1,3,100,2
370,83.38938101992721,87.09592857245231,119,85.24265479618975,1,3,100,2
371,83.3862391291024,87.08374380478315,117,85.23499146694277,1,3,100,2
372,83.38333210999278,87.07198045699735,117,85.22765628349507,1,3,100,2
373,83.38069452085819,87.0606859953295,116,85.22069025809384,1,3,100,2
374,83.37836293364299,87.04990900239162,118,85.2141359680173,1,3,100,2
375,83.37637412167253,87.0396974023091,119,85.20803576199081,1,3,100,2
376,83.37476392532311,87.03009667780866,120,85.20243030156588,1,3,100,2
377,83.37356689262909,87.0211488587956,121,85.19735787571234,1,3,100,2
378,83.37281591396889,87.012892379247,119,85.19285414660794,1,3,100,2
379,83.37254155769399,87.00536221655122,118,85.18895188712261,1,3,100,2
380,83.37277130129388,86.99859011762112,117,85.1856807094575,1,3,100,2
381,83.37352885270518,86.99260510630508,118,85.18306697950513,1,3,100,2
382,83.37483375639803,86.98743417406047,119,85.18113396522925,1,3,100,2
383,83.37670138140129,86.98310286082393,121,85.1799021211126,1,3,100,2
384,83.37914329096154,86.97963582318862,123,85.17938955707507,1,3,100,2
385,83.38216799360062,86.97705758455669,123,85.17961278907865,1,3,100,2
386,83.38578207540043,86.97539327180512,119,85.18058767360277,1,3,100,2
387,83.38999161582976,86.97466894793298,117,85.18233028188138,1,3,100,2
388,83.39480369189837,86.97491144275966,117,85.18485756732902,1,3,100,2
389,83.4002274828449,86.9761480714118,116,85.18818777712835,1,3,100,2
390,83.40627419496812,86.97840633771848,116,85.19234026634331,1,3,100,2
391,83.41295609907381,86.98171313441128,115,85.19733461674255,1,3,100,2
392,83.42028604587091,86.98609334216329,116,85.2031896940171,1,3,100,2
393,83.42827775173693,86.99156821718651,118,85.20992298446171,1,3,100,2
394,83.4369460743632,86.99815395716271,119,85.21755001576295,1,3,100,2
395,83.4463068879207,87.00586083536011,119,85.2260838616404,1,3,100,2
396,83.45637655751537,87.01469270762567,120,85.23553463257052,1,3,100,2
397,83.46717111022524,87.02464611179528,121,85.24590861101026,1,3,100,2
398,83.47870529754194,87.03570905699696,118,85.25720717726945,1,3,100,2
399,83.49099174404556,87.04786047826873,116,85.26942611115714,1,3,100,2
400,83.50404037716069,87.06107055175403,117,85.28255546445736,1,3,100,2
401,83.51785804025815,87.07530128558624,118,85.2965796629222,1,3,100,2
402,83.53244789879193,87.09050709431557,121,85.31147749655375,1,3,100,2
403,83.54780873692033,87.10663535746689,123,85.3272220471936,1,3,100,2
404,83.56393472982651,87.12362715801443,123,85.34378094392048,1,3,100,2
405,83.58081578929536,87.14141859174715,123,85.36111719052126,1,3,100,2
406,83.59843809244663,87.15994235581876,121,85.37919022413269,1,3,100,2
407,83.61678450115573,87.17912893469466,119,85.3979567179252,1,3,100,2
408,83.63583467731748,87.19890787222333,118,85.4173712747704,1,3,100,2
409,83.65556518683461,87.21920961859333,117,85.43738740271397,1,3,100,2
410,83.67595037293393,87.23996697788077,118,85.45795867540735,1,3,100,2
411,83.69696390164054,87.26111557203922,118,85.47903973683988,1,3,100,2
412,83.71858000445555,87.28259410267817,118,85.50058705356686,1,3,100,2
413,83.74077412602324,87.30434499685522,117,85.52255956143924,1,3,100,2
414,83.7635233672989,87.32631504769006,118,85.54491920749447,1,3,100,2
415,83.78680682212477,87.34845556301498,118,85.56763119256988,1,3,100,2
416,83.81060561251249,87.3707221204267,118,85.5906638664696,1,3,100,2
417,83.83490272050118,87.39307422210891,118,85.61398847130505,1,3,100,2
418,83.8596830070303,87.41547504519282,118,85.63757902611155,1,3,100,2
419,83.884933320557,87.4378914833616,117,85.6614124019593,1,3,100,2
420,83.91064211043836,87.46029438273705,117,85.6854682465877,1,3,100,2
421,83.93679864282271,87.48265858242009,117,85.7097286126214,1,3,100,2
422,83.9633925995229,87.50496246753235,117,85.73417753352763,1,3,100,2
423,83.99041415757785,87.5271868400835,117,85.75880049883068,1,3,100,2
424,84.01785396444798,87.5493134006175,117,85.78358368253274,1,3,100,2
425,84.04570271639065,87.57132362123633,116,85.80851316881349,1,3,100,2
426,84.07395034016483,87.5931982053664,116,85.83357427276562,1,3,100,2
427,84.10258507082393,87.61491674441841,116,85.85875090762117,1,3,100,2
428,84.13159301097613,87.63645727903672,116,85.88402514500643,1,3,100,2
429,84.16095817169916,87.65779557018865,115,85.9093768709439,1,3,100,2
430,84.19066241011137,87.67890437304958,116,85.93478339158048,1,3,100,2
431,84.2206849712415,87.69975349435404,116,85.96021923279777,1,3,100,2
432,84.2510016344841,87.72031063363772,117,85.98565613406092,1,3,100,2
433,84.2815837575783,87.7405422285485,118,86.0110629930634,1,3,100,2
434,84.3123978037106,87.76041401212399,119,86.0364059079173,1,3,100,2
435,84.34340544972758,87.77989147764148,118,86.06164846368453,1,3,100,2
436,84.37456388583858,87.79894034909998,117,86.08675211746927,1,3,100,2
437,84.405826014796,87.8175270578391,117,86.11167653631756,1,3,100,2
438,84.43714035614853,87.83561922581893,115,86.13637979098374,1,3,100,2
439,84.46845075383865,87.85318615609553,114,86.16081845496709,1,3,100,2
440,84.4996962780935,87.87019923346533,113,86.1849477557794,1,3,100,2
441,84.53081151756514,87.88663204068266,113,86.20872177912389,1,3,100,2
442,84.56172726268383,87.902460288232,115,86.23209377545791,1,3,100,2
443,84.59237138616054,87.91766194821093,116,86.25501666718574,1,3,100,2
444,84.62266953153913,87.93221759270168,117,86.2774435621204,1,3,100,2
445,84.65254561091092,87.94611054682932,117,86.29932807887012,1,3,100,2
446,84.68192250310615,87.95932685680869,117,86.32062467995742,1,3,100,2
447,84.71072314863098,87.97185546338342,119,86.3412893060072,1,3,100,2
448,84.73887204255996,87.98368858087382,122,86.36128031171688,1,3,100,2
449,84.76629673642398,87.99482198940305,124,86.38055936291352,1,3,100,2
450,84.79292856994434,88.00525524042835,124,86.39909190518634,1,3,100,2
451,84.81870273126609,88.01499167808352,125,86.41684720467481,1,3,100,2
452,84.8435586221347,88.0240380812452,125,86.43379835168994,1,3,100,2
453,84.86744082164691,88.03240421890382,124,86.44992252027536,1,3,100,2
454,84.89030025938568,88.04010261136622,121,86.46520143537595,1,3,100,2
455,84.91209520864415,88.0471483995963,120,86.47962180412023,1,3,100,2
456,84.93279171032383,88.05355912742013,119,86.49317541887197,1,3,100,2
457,84.95236342814741,88.05935424128961,120,86.50585883471851,1,3,100,2
458,84.97079132587534,88.06455440487024,120,86.51767286537279,1,3,100,2
459,84.98806345955454,88.06918101829821,122,86.52862223892637,1,3,100,2
460,85.00417508016966,88.07325613685994,124,86.53871560851479,1,3,100,2
461,85.01912885181082,88.07680278876036,124,86.54796582028558,1,3,100,2
462,85.03293460021547,88.07984549656199,125,86.55639004838872,1,3,100,2
463,85.04560859164452,88.08241061178778,126,86.56400960171615,1,3,100,2
464,85.05717292716021,88.08452646231022,127,86.57084969473522,1,3,100,2
465,85.06765514959213,88.08622370227214,124,86.57693942593212,1,3,100,2
466,85.07708767270637,88.0875358640871,123,86.58231176839674,1,3,100,2
467,85.08550703215259,88.08849972186376,120,86.58700337700817,1,3,100,2
468,85.09295334783204,88.08915536818449,119,86.59105435800826,1,3,100,2
469,85.09947009465648,88.0895461987507,117,86.59450814670359,1,3,100,2
470,85.10510398600198,88.08971890181218,116,86.59741144390708,1,3,100,2
471,85.10990487164429,88.0897234517035,115,86.59981416167389,1,3,100,2
472,85.11392564944748,88.08961300821564,116,86.60176932883155,1,3,100,2
473,85.11722209248553,88.08944352593714,117,86.60333280921134,1,3,100,2
474,85.119852395686,88.08927307274585,117,86.60456273421593,1,3,100,2
475,85.12187653867223,88.08916105168447,117,86.60551879517834,1,3,100,2
476,85.12335585407392,88.08916732532744,117,86.60626158970068,1,3,100,2
477,85.12435280038082,88.08935104663236,117,86.60685192350658,1,3,100,2
478,85.12493054822593,88.08976934164615,117,86.60734994493603,1,3,100,2
479,85.12515228158371,88.09047628206157,117,86.60781428182264,1,3,100,2
480,85.12508040797417,88.09152214673864,118,86.6083012773564,1,3,100,2
481,85.1247757742292,88.09295267874725,119,86.60886422648824,1,3,100,2
482,85.12429688685297,88.09480828838718,120,86.60955258762007,1,3,100,2
483,85.12369923356879,88.09712325024665,121,86.61041124190771,1,3,100,2
484,85.12303490021641,88.0999248936749,121,86.61147989694565,1,3,100,2
485,85.12235238460107,88.10323278614042,121,86.61279258537076,1,3,100,2
486,85.1216962163393,88.10705815289506,121,86.61437718461718,1,3,100,2
487,85.12110647948374,88.11140406909279,122,86.61625527428826,1,3,100,2
488,85.12061882245055,88.1162664241959,123,86.61844262332323,1,3,100,2
489,85.12026495462368,88.12163497587555,123,86.62094996524962,1,3,100,2
490,85.120073043861,88.12749415207679,124,86.6237835979689,1,3,100,2
491,85.1200679168686,88.13382374767484,124,86.62694583227173,1,3,100,2
492,85.12027145214527,88.14059951595273,124,86.630435484049,1,3,100,2
493,85.12070316510655,88.14779365522594,124,86.63424841016624,1,3,100,2
494,85.12138059489938,88.15537558113911,121,86.63837808801924,1,3,100,2
495,85.12231939506374,88.16331298506287,118,86.64281619006331,1,3,100,2
496,85.12353332283858,88.17157259384499,117,86.64755295834178,1,3,100,2
497,85.12503422440355,88.18012063141389,117,86.65257742790871,1,3,100,2
498,85.12683201584207,88.18892337290116,118,86.65787769437162,1,3,100,2
499,85.12893475717674,88.19794779182052,119,86.66344127449864,1,3,100,2
500,85.1313490143934,88.20716210574552,119,86.66925556006946,1,3,100,2
501,85.13408050932519,88.21653602589576,119,86.67530826761048,1,3,100,2
502,85.13713486221761,88.226040808654,116,86.6815878354358,1,3,100,2
503,85.14051823180763,88.23564949964462,115,86.68808386572613,1,3,100,2
504,85.14423765775277,88.24533737082736,115,86.69478751429006,1,3,100,2
505,85.14830120285444,88.25508216088069,117,86.70169168186757,1,3,100,2
506,85.15271828512277,88.26486402172266,118,86.70879115342271,1,3,100,2
507,85.15750019954717,88.27466536658889,119,86.71608278306803,1,3,100,2
508,85.16266043924817,88.28447081505027,118,86.72356562714921,1,3,100,2
509,85.16821471828911,88.29426743031667,118,86.73124107430289,1,3,100,2
510,85.17418089102294,88.30404515152924,117,86.7391130212761,1,3,100,2
511,85.18057886527305,88.31379703109651,118,86.74718794818477,1,3,100,2
512,85.18743050906998,88.32351917969363,119,86.75547484438181,1,3,100,2
513,85.19475935555522,88.3332106141051,121,86.76398498483016,1,3,100,2
514,85.20258971555472,88.34287310550897,122,86.77273141053185,1,3,100,2
515,85.21094539254123,88.3525110282189,122,86.78172821038007,1,3,100,2
516,85.21984877993198,88.36213111132153,122,86.79098994562676,1,3,100,2
517,85.22932043790061,88.37174189807179,121,86.80053116798621,1,3,100,2
518,85.23937856412763,88.38135301048058,119,86.81036578730411,1,3,100,2
519,85.25003826062914,88.39097460911093,119,86.82050643487003,1,3,100,2
520,85.26131098652894,88.4006169503931,120,86.83096396846102,1,3,100,2
521,85.27320419654268,88.41028945607401,121,86.84174682630834,1,3,100,2
522,85.28572077485465,88.41999929465543,121,86.85286003475504,1,3,100,2
523,85.29885836181127,88.42975005992989,123,86.86430421087059,1,3,100,2
524,85.31260915860605,88.43954083912733,123,86.8760749988667,1,3,100,2
525,85.32696020999484,88.44936567060884,123,86.88816294030184,1,3,100,2
526,85.34189357994562,88.45921339111852,122,86.90055348553207,1,3,100,2
527,85.35738622535224,88.46906787268793,122,86.9132270490201,1,3,100,2
528,85.37340976316456,88.4789085518368,124,86.92615915750068,1,3,100,2
529,85.38993042390373,88.48871105626095,124,86.93932074008234,1,3,100,2
530,85.40690958214948,88.49844792931609,124,86.95267875573279,1,3,100,2
531,85.42430476699342,88.5080896477139,124,86.96619720735366,1,3,100,2
532,85.44207056785376,88.51760593284371,124,86.97983825034873,1,3,100,2
533,85.46015924122791,88.52696716111325,124,86.99356320117059,1,3,100,2
534,85.47852121412868,88.53614567871354,125,87.00733344642111,1,3,100,2
535,85.49710568000954,88.54511682620311,124,87.02111125310633,1,3,100,2
536,85.51586148303451,88.5538595757919,122,87.03486052941321,1,3,100,2
537,85.53473819394988,88.56235678167484,120,87.04854748781236,1,3,100,2
538,85.5536869882051,88.57059514126979,119,87.06214106473745,1,3,100,2
539,85.57266122957408,88.57856506271436,118,87.07561314614422,1,3,100,2
540,85.59161695512104,88.58626053637308,118,87.08893874574706,1,3,100,2
541,85.61051335976325,88.59367901050597,119,87.1020961851346,1,3,100,2
542,85.62931328108323,88.6008212711932,119,87.1150672761382,1,3,100,2
543,85.64798378255179,88.60769132655646,120,87.12783755455413,1,3,100,2
544,85.66649703082369,88.61429629526572,120,87.1403966630447,1,3,100,2
545,85.68483127254918,88.62064629926996,120,87.15273878590958,1,3,100,2
546,85.70297132591293,88.62675436064119,120,87.16486284327706,1,3,100,2
547,85.72090848970066,88.63263630237486,122,87.17677239603776,1,3,100,2
548,85.73864026027387,88.63831065294424,123,87.18847545660905,1,3,100,2
549,85.75617005166258,88.64379855436243,123,87.19998430301251,1,3,100,2
550,85.77350691881728,88.64912367346369,122,87.21131529614048,1,3,100,2
551,85.79066518643315,88.65431211607466,120,87.22248865125391,1,3,100,2
552,85.80766378813644,88.65939234370715,119,87.2335280659218,1,3,100,2
553,85.82452531581474,88.66439509236533,119,87.24446020409003,1,3,100,2
554,85.84127497387463,88.66935329302402,120,87.25531413344933,1,3,100,2
555,85.85793963315388,88.67430199329905,121,87.26612081322646,1,3,100,2
556,85.87454717917397,88.679278182253,123,87.27691268071348,1,3,100,2
557,85.89112615431856,88.68432032270424,124,87.2877232385114,1,3,100,2
558,85.90770549843394,88.68946768800919,124,87.29858659322156,1,3,100,2
559,85.92431419233647,88.69475989289533,124,87.3095370426159,1,3,100,2
560,85.94098060870651,88.70023661774347,123,87.32060861322499,1,3,100,2
561,85.95773166745747,88.70593713554487,125,87.33183440150117,1,3,100,2
562,85.97459218528695,88.71189954337459,125,87.34324586433077,1,3,100,2
563,85.99158451653085,88.71815989284568,124,87.35487220468826,1,3,100,2
564,86.00872828986428,88.72475131649223,122,87.36673980317826,1,3,100,2
565,86.02604004542329,88.73170314952563,121,87.37887159747446,1,3,100,2
566,86.0435325769577,88.73904014398944,122,87.39128636047357,1,3,100,2
567,86.06121407630515,88.74678196993293,124,87.40399802311904,1,3,100,2
568,86.0790874701662,88.75494290568513,125,87.41701518792567,1,3,100,2
569,86.09715014414468,88.76353132678152,126,87.43034073546309,1,3,100,2
570,86.11539405400949,88.77254909086028,126,87.44397157243489,1,3,100,2
571,86.13380602913125,88.7819914036172,126,87.45789871637422,1,3,100,2
572,86.15236787804433,88.79184726332706,126,87.4721075706857,1,3,100,2
573,86.17105629633113,88.80210009385941,126,87.48657819509526,1,3,100,2
574,86.1898429672715,88.81272837128422,125,87.50128566927786,1,3,100,2
575,86.20869505069939,88.82370624432096,124,87.51620064751017,1,3,100,2
576,86.22757606050453,88.83500424650539,123,87.53129015350495,1,3,100,2
577,86.24644703375677,88.84659029555864,122,87.5465186646577,1,3,100,2
578,86.26526779695625,88.85843088286728,121,87.56184933991176,1,3,100,2
579,86.28399813492892,88.87049206339267,120,87.57724509916079,1,3,100,2
580,86.30259866788353,88.88274005144596,120,87.59266935966474,1,3,100,2
581,86.32103143724359,88.89514152040432,121,87.60808647882396,1,3,100,2
582,86.3392603959507,88.90766389950838,122,87.62346214772954,1,3,100,2
583,86.3572519013711,88.92027576579427,123,87.63876383358269,1,3,100,2
584,86.37497521136406,88.9329470390582,123,87.65396112521114,1,3,100,2
585,86.392402886497635,88.94564888280661,122,87.66902588465211,1,3,100,2
586,86.40951090381652,88.9583535067337,120,87.68393220527511,1,3,100,2
587,86.42627848258971,88.97103396871373,119,87.69865622565172,1,3,100,2
588,86.44268781748532,88.9836639767433,119,87.71317589711431,1,3,100,2
589,86.45872391457117,88.9962176912557,121,87.72747080291343,1,3,100,2
590,86.47437472549142,89.00866952821887,121,87.74152212685514,1,3,100,2
591,86.48963148251666,89.02099396342237,122,87.7553127229695,1,3,100,2
592,86.50448884450947,89.03316533835346,122,87.76882709143146,1,3,100,2
593,86.51894475640547,89.04515766806263,123,87.78205121223405,1,3,100,2
594,86.53300021736584,89.05694445142028,123,87.79497233439307,1,3,100,2
595,86.54665905517099,89.0684984841716,123,87.8075787696713,1,3,100,2
596,86.55992760930594,89.07979177274048,124,87.81985969102321,1,3,100,2
597,86.57281412760815,89.09079574427935,125,87.83180493594375,1,3,100,2
598,86.58532797391977,89.10148165586425,124,87.84340481489201,1,3,100,2
599,86.5974790367647,89.11182081313473,124,87.85464992494971,1,3,100,2
600,86.60927743644498,89.12178459882537,124,87.86553101763518,1,3,130,3
601,86.62073343286856,89.13134470177981,123,87.87603906732419,1,3,130,3
602,86.63185763148701,89.14047354689187,123,87.88616558918943,1,3,130,3
603,86.64266138964567,89.14914453626943,123,87.89590296295755,1,3,130,3
604,86.6531570330344,89.15733210205647,123,87.90524456754544,1,3,130,3
605,86.66335788206742,89.16501196148646,124,87.91418492177694,1,3,130,3
606,86.67327847815763,89.1721616720922,124,87.92272007512491,1,3,130,3
607,86.68293500966853,89.1787612923456,124,87.93084815100707,1,3,130,3
608,86.69234554714035,89.1847939529931,124,87.93856975006673,1,3,130,3
609,86.70152989244964,89.19024614433718,124,87.94588801839342,1,3,130,3
610,86.7105090416212,89.19510771973204,124,87.95280838067661,1,3,130,3
611,86.71930435853827,89.19937181057601,125,87.95933808455715,1,3,130,3
612,86.7279366543314,89.20303475049565,126,87.96548570241353,1,3,130,3
613,86.7364253671985,89.20609600882902,126,87.97126068801376,1,3,130,3
614,86.74478803739461,89.20855803593035,126,87.97667303666248,1,3,130,3
615,86.75303997954883,89.21042582523377,126,87.9817329023913,1,3,130,3
616,86.76119376189406,89.2117062895772,124,87.98645002573562,1,3,130,3
617,86.7692584921746,89.21240784185647,124,87.99083316701554,1,3,130,3
618,86.77723930018406,89.21254027744106,124,87.99488978881257,1,3,130,3
619,86.78513730940341,89.21211476314917,124,87.99862603627629,1,3,130,3
620,86.79295029273027,89.21114383509392,125,88.0020470639121,1,3,130,3
621,86.80067371966996,89.20964140522604,125,88.005157562448,1,3,130,3
622,86.80830141472818,89.20762267883433,126,88.00796204678124,1,3,130,3
623,86.81582572954242,89.20510378770089,127,88.01046475862165,1,3,130,3
624,86.82323781407722,89.2021013337632,129,88.0126695739202,1,3,130,3
625,86.83052818206416,89.19863242829422,130,88.01458030517918,1,3,130,3
626,86.83768737571944,89.19471522634144,130,88.01620130103043,1,3,130,3
627,86.84470682740996,89.19036937089382,131,88.01753809915189,1,3,130,3
628,86.85158030856687,89.18561605386012,131,88.01859818121349,1,3,130,3
629,86.85830557583336,89.18047769355195,131,88.01939163469265,1,3,130,3
630,86.8648850441014,89.17497742342938,131,88.01993123376539,1,3,130,3
631,86.87132538893103,89.1691387819366,131,88.0202320854338,1,3,130,3
632,86.87763705367618,89.16298570061196,130,88.02031137714407,1,3,130,3
633,86.88383405135959,89.15654259501889,130,88.02018832318925,1,3,130,3
634,86.88993386606371,89.14983436304442,129,88.01988411455406,1,3,130,3
635,86.89595735608428,89.14288609511253,129,88.0194217255984,1,3,130,3
636,86.90192865857392,89.13572259346198,129,88.01882562601796,1,3,130,3
637,86.90787490027986,89.12836809024398,130,88.01812149526192,1,3,130,3
638,86.91382532385786,89.12084635912653,129,88.0173358414922,1,3,130,3
639,86.91980992688173,89.1131812200262,129,88.01649557345397,1,3,130,3
640,86.92585819831737,89.10539714398524,130,88.01562767115131,1,3,130,3
641,86.93199814706753,89.09751937260252,132,88.01475875983502,1,3,130,3
642,86.93825542704786,89.08957355163561,133,88.01391448934174,1,3,130,3
643,86.94465246083581,89.08158546359762,130,88.01311896221671,1,3,130,3
644,86.95120756152855,89.0735810540225,129,88.01239430777552,1,3,130,3
645,86.95793415001005,89.06558655592436,128,88.0117603529672,1,3,130,3
646,86.96484026240448,89.0576285169736,129,88.01123438968904,1,3,130,3
647,86.97192844503859,89.04973353390832,129,88.01083098947345,1,3,130,3
648,86.97919603678848,89.04192769376914,130,88.01056186527882,1,3,130,3
649,86.98663583877634,89.03423591661792,131,88.01043587769712,1,3,130,3
650,86.99423717146819,89.02668139441039,131,88.01045928293928,1,3,130,3
651,87.00198712419795,89.01928532070963,132,88.0106362224538,1,3,130,3
652,87.00987160710146,89.01206691088045,133,88.01096925899095,1,3,130,3
653,87.01787610811058,89.00504351736234,134,88.01145981273646,1,3,130,3
654,87.02598635030793,88.99823074218439,134,88.01210854624617,1,3,130,3
655,87.03418884987096,88.99164254645035,134,88.01291569816065,1,3,130,3
656,87.04247117975218,88.98529135654968,134,88.01388126815093,1,3,130,3
657,87.05082193930404,88.9791881668757,134,88.01500505308988,1,3,130,3
658,87.05923062511411,88.97334263885628,134,88.0162866319852,1,3,130,3
659,87.06768720815792,88.96776319612464,134,88.01772520214128,1,3,130,3
660,87.07618083222191,88.96245701814291,133,88.0193189251824,1,3,130,3
661,87.08469802390618,88.95742973707554,133,88.02106388049086,1,3,130,3
662,87.09322177989205,88.9526849353385,133,88.02295335761528,1,3,130,3
663,87.101731726763,88.94822383388367,133,88.02497778032334,1,3,130,3
664,87.11020437828562,88.94404526870082,132,88.02712482349321,1,3,130,3
665,87.11861319785837,88.94014576044637,132,88.02937947915237,1,3,130,3
666,87.12692885663799,88.93651957968116,132,88.03172421815958,1,3,130,3
667,87.13511988282707,88.93315880777074,132,88.03413934529891,1,3,130,3
668,87.14315370257539,88.93005339353721,132,88.03660354805629,1,3,130,3
669,87.15099797544976,88.9271912057858,132,88.03909459061778,1,3,130,3
670,87.15862202991349,88.92455817939826,132,88.04159010465588,1,3,130,3
671,87.16599810669425,88.92213875025304,132,88.04406842847365,1,3,130,3
672,87.17310202033607,88.91991657918837,132,88.04650929976222,1,3,130,3
673,87.17991333689223,88.9178753701737,131,88.04889435353297,1,3,130,3
674,87.18641565336434,88.9159995878667,131,88.05120762061551,1,3,130,3
675,87.1925970767481,88.91427487973259,131,88.05343597824034,1,3,130,3
676,87.19845051279441,88.91268820296548,131,88.05556935787995,1,3,130,3
677,87.20397356959748,88.91122785150586,131,88.05760071055167,1,3,130,3
678,87.20916807612193,88.90988348089351,131,88.05952577850772,1,3,130,3
679,87.21403921570183,88.9086461311385,131,88.06134267342017,1,3,130,3
680,87.21859427447563,88.90750824777122,132,88.06305126112343,1,3,130,3
681,87.22284119976445,88.90646370121142,133,88.06465245048793,1,3,130,3
682,87.22678735846443,88.90550780457382,133,88.06614758151912,1,3,130,3
683,87.23043859288238,88.90463733000577,134,88.06753796144407,1,3,130,3
684,87.23379837881991,88.90385052363023,133,88.06882445122507,1,3,130,3
685,87.23686708581478,88.90314711914394,132,88.07000710247937,1,3,130,3
686,87.23964153456198,88.90252835009846,132,88.07108494233023,1,3,130,3
687,87.24211494904844,88.90199696086786,133,88.07205595495816,1,3,130,3
688,87.24427730345113,88.90155711874793,133,88.07291721109954,1,3,130,3
689,87.24611596636593,88.90121403207326,135,88.0736649992196,1,3,130,3
690,87.24761644744707,88.900973371826,135,88.07429490963654,1,3,130,3
691,87.24876324665574,88.90084088680253,136,88.07480206672913,1,3,130,3
692,87.249541001424,88.90082230978855,136,88.07518165560629,1,3,130,3
693,87.24993583442375,88.90092326204613,136,88.07542954823495,1,3,130,3
694,87.24993651199676,88.90114886341645,135,88.07554268770662,1,3,130,3
695,87.24953521837456,88.90150314548957,135,88.07551918193207,1,3,130,3
696,87.24872794587203,88.90198866541184,135,88.07535830564194,1,3,130,3
697,87.24751450118129,88.90260644031494,134,88.07506047074811,1,3,130,3
698,87.24589812782818,88.90335602226126,133,88.07462707504473,1,3,130,3
699,87.24388493986913,88.90423560114773,132,88.07406027050843,1,3,130,3
700,87.24148355692533,88.90524211306602,132,88.07336283499568,1,3,130,3
701,87.23870503799732,88.90637134664392,132,88.07253819232062,1,3,130,3
702,87.2355629188547,88.90761804741462,133,88.07159048313466,1,3,130,3
703,87.2320732552919,88.90897602027898,134,88.07052463778544,1,3,130,3
704,87.22825467203877,88.91043823014205,134,88.06934645109041,1,3,130,3
705,87.22412831953899,88.91199690081946,135,88.06806261017923,1,3,130,3
706,87.21971754323447,88.91364361232306,135,88.06668057777875,1,3,130,3
707,87.21504726502086,88.91536939664601,134,88.06520833083343,1,3,130,3
708,87.21014327157125,88.91716483217846,133,88.06365405187486,1,3,130,3
709,87.20503150668817,88.91902012938972,133,88.06202581803895,1,3,130,3
710,87.19973736731632,88.92092518541546,132,88.06033127636589,1,3,130,3
711,87.19428500282467,88.92286959269664,132,88.05857729776065,1,3,130,3
712,87.1886966171517,88.92484271436905,133,88.05676966576038,1,3,130,3
713,87.18299196850673,88.92683404414512,133,88.05491300632593,1,3,130,3
714,87.17718845642783,88.92883376081832,133,88.05301110862308,1,3,130,3
715,87.17130160081597,88.93083308740637,133,88.05106734411117,1,3,130,3
716,87.16534513238328,88.93282435754804,133,88.04908474496565,1,3,130,3
717,87.15933079180856,88.93480098436154,134,88.04706588808506,1,3,130,3
718,87.1532688127453,88.93675742942018,134,88.04501312108275,1,3,130,3
719,87.14716918603862,88.9386891719485,135,88.04292917899356,1,3,130,3
720,87.14104292470984,88.94059267832522,134,88.04081780151753,1,3,130,3
721,87.13490284184881,88.94246537196423,135,88.03868410690652,1,3,130,3
722,87.12876364612036,88.9443056036285,135,88.03653462487443,1,3,130,3
723,87.12264135468345,88.94611262221784,134,88.03437698845065,1,3,130,3
724,87.11655221841492,88.94788654605617,133,88.03221938223555,1,3,130,3
725,87.11051145181821,88.94962833469026,132,88.03006989325424,1,3,130,3
726,87.1045321575018,88.9513397611985,132,88.02793595935015,1,3,130,3
727,87.09862444498347,88.95302338499474,132,88.0258239149891,1,3,130,3
728,87.09279435346471,88.95468252509988,133,88.0237384392823,1,3,130,3
729,87.08704257843307,88.95632123384141,133,88.02168190613725,1,3,130,3
730,87.08136339218164,88.95794427092923,134,88.01965383155544,1,3,130,3
731,87.07574414840089,88.95955707784492,134,88.0176506131229,1,3,130,3
732,87.07016576107945,88.96116575247021,134,88.01566575677484,1,3,130,3
733,87.06460415789286,88.96277702387,134,88.01369059088142,1,3,130,3
734,87.05903231819326,88.96439832467074,132,88.011715321432,1,3,130,3
735,87.05342260335307,88.9660381560002,132,88.00973037967663,1,3,130,3
736,87.04774918482356,88.967706647334,133,88.00772791607878,1,3,130,3
737,87.0419904727855,88.96941592096866,134,88.00570319687708,1,3,130,3
738,87.03613154574592,88.97118006588855,135,88.00365580581723,1,3,130,3
739,87.03016648386327,88.97301472083792,134,88.0015906023506,1,3,130,3
740,87.02410041117376,88.97493646145283,133,87.9995184363133,1,3,130,3
741,87.01795085664457,88.97696238135696,133,87.99745661900076,1,3,130,3
742,87.01174784870402,88.97910986696603,132,87.99542885783502,1,3,130,3
743,87.00553274297431,88.98139617559252,132,87.99346445928342,1,3,130,3
744,86.99935636800693,88.9838377190467,132,87.99159704352681,1,3,130,3
745,86.99327697607606,88.98644924754208,132,87.98986311180907,1,3,130,3
746,86.98735838836646,88.98924303118375,133,87.9883007097751,1,3,130,3
747,86.9816683336611,88.99222803880104,134,87.98694818623107,1,3,130,3
748,86.97627658943208,88.99540921148254,134,87.9858429004573,1,3,130,3
749,86.97125282675647,88.99878702578054,135,87.9850199262685,1,3,130,3
750,86.96666435302699,89.00235734651892,134,87.98451084977296,1,3,130,3
751,86.96257404399502,89.0061113741112,134,87.98434270905311,1,3,130,3
752,86.95903885428497,89.0100356864543,133,87.98453727036963,1,3,130,3
753,86.9561090029533,89.01411257062092,133,87.98511078678712,1,3,130,3
754,86.9538276381235,89.01832064455041,135,87.98607414133696,1,3,130,3
755,86.95223078483679,89.02263557390809,136,87.98743317937243,1,3,130,3
756,86.95134738037396,89.02703078689797,136,87.98918908363596,1,3,130,3
757,86.95119939648575,89.03147818741792,136,87.99133879195183,1,3,130,3
758,86.95180224315101,89.03594876943801,136,87.9938755062945,1,3,130,3
759,86.953165258445,89.040412937964,136,87.9967890982045,1,3,130,3
760,86.95529169905844,89.04484073210804,136,88.00006621558325,1,3,130,3
761,86.95817832885773,89.04920253594118,136,88.00369043239945,1,3,130,3
762,86.96181538572506,89.05347018005409,136,88.00764278288958,1,3,130,3
763,86.96618712180077,89.0576176539933,135,88.01190238789704,1,3,130,3
764,86.97127252713285,89.0616212349349,135,88.01644688103389,1,3,130,3
765,86.9770459443664,89.06545942314438,134,88.02125268375539,1,3,130,3
766,86.98347737972435,89.06911287966466,133,88.0262951296945,1,3,130,3
767,86.9905324131418,89.0725643665683,133,88.03154838985506,1,3,130,3
768,86.99817170802258,89.07579869007631,134,88.03698519904944,1,3,130,3
769,87.00635041376651,89.07880264681295,136,88.04257653028972,1,3,130,3
770,87.0150180469008,89.0815648758981,136,88.04829146139946,1,3,130,3
771,87.02411885151642,89.08407542201313,136,88.05409713676477,1,3,130,3
772,87.03359205457951,89.08632510715645,136,88.05995858086798,1,3,130,3
773,87.04337182191466,89.08830510139242,135,88.06583846165354,1,3,130,3
774,87.05338711087998,89.09000669274008,134,88.07169690181003,1,3,130,3
775,87.06356181091374,89.0914208661982,134,88.07749133855597,1,3,130,3
776,87.07381575828927,89.09253769204582,133,88.08317672516755,1,3,130,3
777,87.08406652871535,89.09334591370694,132,88.08870622121114,1,3,130,3
778,87.09423122870245,89.09383293040922,132,88.09403207955583,1,3,130,3
779,87.10422799435996,89.0939851748124,131,88.09910658458618,1,3,130,3
780,87.11397739400762,89.09378869072872,131,88.10388304236817,1,3,130,3
781,87.12340383340377,89.09322952099907,132,88.10831667720143,1,3,130,3
782,87.1324369647891,89.0922939057399,133,88.1123654352645,1,3,130,3
783,87.14101290583542,89.09096868132008,134,88.11599079357775,1,3,130,3
784,87.14907487946007,89.08924197782301,134,88.11915842864154,1,3,130,3
785,87.15657327550456,89.08710402013682,133,88.12183864782068,1,3,130,3
786,87.16346552530682,89.08454783777279,133,88.12400668153981,1,3,130,3
787,87.1697159850136,89.08156968845765,133,88.12564283673562,1,3,130,3
788,87.17529582829847,89.07816919559777,133,88.12673251194812,1,3,130,3
789,87.18018294904222,89.07434939475893,133,88.12726617190057,1,3,130,3
790,87.18436187442647,89.07011678671068,134,88.12723933056859,1,3,130,3
791,87.18782359125042,89.06548139698728,135,88.12665249411884,1,3,130,3
792,87.19056509064174,89.06045684186336,136,88.12551096625255,1,3,130,3
793,87.19258892391342,89.05506040058748,137,88.12382466225046,1,3,130,3
794,87.19390354990323,89.04931299611707,137,88.12160827301014,1,3,130,3
795,87.19452418114626,89.04323888899889,136,88.11888153507257,1,3,130,3
796,87.19447276324013,89.03686518161396,134,88.115668972427045,1,3,130,3
797,87.19377689209426,89.03022152258549,134,88.11199920733988,1,3,130,3
798,87.19246864408741,89.0233401084721,134,88.10790437627975,1,3,130,3
799,87.19058370885477,89.01625578719735,135,88.10341974802606,1,3,130,3
800,87.18816062913956,89.0090059700973,136,88.09858329961844,1,3,130,3
801,87.1852401471578,89.00162996189987,135,88.09343505452884,1,3,130,3
802,87.18186485195176,88.99416790312878,134,88.08801637754027,1,3,130,3
803,87.17807902955543,88.98666010461378,133,88.08236956708461,1,3,130,3
804,87.17392832515088,88.97914677348531,133,88.07653754931809,1,3,130,3
805,87.169459118998,88.97166734974097,132,88.07056323436949,1,3,130,3
806,87.16471781053228,88.96425935521752,132,88.0644885828749,1,3,130,3
807,87.15975010745507,88.95695733956234,132,88.0583537235087,1,3,130,3
808,87.15460031908324,88.94979211770583,133,88.05219621839453,1,3,130,3
809,87.14931065324274,88.94279010325975,134,88.04605037825124,1,3,130,3
810,87.14392051602022,88.93597273737326,134,88.03994662669675,1,3,130,3
811,87.1384659112553,88.9293562076956,133,88.03391105947546,1,3,130,3
812,87.13297913423467,88.92295145710557,134,88.02796529567013,1,3,130,3
813,87.12748866149293,88.91676428688342,134,88.02212647418818,1,3,130,3
814,87.12201884607352,88.91079565169709,133,88.0164072488853,1,3,130,3
815,87.11658951534383,88.90504253646759,134,88.01081602590571,1,3,130,3
816,87.1112160562023,88.89949931754917,134,88.00535768687573,1,3,130,3
817,87.10590998736727,88.89415902301542,136,88.00003450519134,1,3,130,3
818,87.10067943328842,88.88901429705076,138,87.99484686516959,1,3,130,3
819,87.09552930442548,88.88405826363476,139,87.98979378403013,1,3,130,3
820,87.09046137883777,88.87928528963477,138,87.98487333423627,1,3,130,3
821,87.08547448007891,88.87469145233689,139,87.9800829662079,1,3,130,3
822,87.08056494643905,88.87027471149923,137,87.97541982896914,1,3,130,3
823,87.07572729401373,88.86603498105913,135,87.97088113753642,1,3,130,3
824,87.07095468350784,88.86197400298967,134,87.96646434324876,1,3,130,3
825,87.06623899578531,88.85809463316474,135,87.96216681447503,1,3,130,3
826,87.06157051627042,88.85439963673936,135,87.95798507650488,1,3,130,3
827,87.05693752093741,88.85089057820997,135,87.95391404957368,1,3,130,3
828,87.05232634925805,88.84756700119922,136,87.94994667522863,1,3,130,3
829,87.04772215936137,88.84442570290567,136,87.94607393113353,1,3,130,3
830,87.0431101705409,88.84146020077405,136,87.94228518565748,1,3,130,3
831,87.03847690565249,88.83866078156892,136,87.93856884361071,1,3,130,3
832,87.03381065333727,88.83601513295218,137,87.93491289314473,1,3,130,3
833,87.02910115027639,88.8335091675831,136,87.93130515892975,1,3,130,3
834,87.02433926394923,88.8311277473114,135,87.92773350563031,1,3,130,3
835,87.01951687112947,88.82885511257636,134,87.92418599185291,1,3,130,3
836,87.014626542119,88.82667511477327,134,87.92065082844613,1,3,130,3
837,87.00966112838502,88.82457164198927,133,87.91711638518714,1,3,130,3
838,87.00461383893412,88.82252933590073,133,87.91357158741742,1,3,130,3
839,86.99947870799859,88.82053440500624,133,87.91000655650242,1,3,130,3
840,86.99425067385077,88.8185754368929,134,87.90641305537184,1,3,130,3
841,86.98892526883802,88.81664420974455,135,87.90278473929129,1,3,130,3
842,86.98349870100613,88.81473630819248,136,87.8991175045993,1,3,130,3
843,86.97796852245186,88.81285115348842,136,87.89540983797013,1,3,130,3
844,86.9723344943153,88.81099154560481,135,87.89166301996005,1,3,130,3
845,86.96659925830036,88.8091633024893,135,87.88788128039482,1,3,130,3
846,86.9607684245786,88.80737519150452,134,87.88407180804157,1,3,130,3
847,86.95485017357039,88.80563895789122,135,87.8802445657308,1,3,130,3
848,86.94885495673357,88.80396925504597,137,87.87641210588977,1,3,130,3
849,86.94279549130623,88.80238328135923,137,87.87258938633272,1,3,130,3
850,86.9366868537685,88.80090012338778,136,87.86879348857815,1,3,130,3
851,86.93054657428884,88.79954000017008,134,87.86504328722947,1,3,130,3
852,86.92439473191837,88.7983236034639,132,87.86135916769113,1,3,130,3
853,86.91825395272343,88.79727172866768,130,87.85776284069556,1,3,130,3
854,86.91214911547124,88.7964050985623,130,87.85427710701677,1,3,130,3
855,86.90610686205372,88.79574398939182,132,87.85092542572278,1,3,130,3
856,86.90015530240834,88.79530765897046,133,87.84773148068939,1,3,130,3
857,86.89432391352226,88.79511396667655,134,87.8447189400994,1,3,130,3
858,86.88864324193901,88.79517928257931,136,87.84191126225916,1,3,130,3
859,86.88314411669485,88.79551849033385,136,87.83933130351434,1,3,130,3
860,86.87785617712798,88.7961448885099,136,87.83700053281893,1,3,130,3
861,86.87280606622707,88.79706979505116,136,87.83493793063911,1,3,130,3
862,86.86801614741577,88.79830185466076,136,87.83315900103827,1,3,130,3
863,86.86350386141761,88.79984624401337,134,87.8316750527155,1,3,130,3
864,86.85928121565641,88.80170406727242,134,87.83049264146442,1,3,130,3
865,86.85535423035196,88.80387233197982,132,87.82961328116589,1,3,130,3
866,86.8517224191568,88.80634440776517,131,87.82903341346099,1,3,130,3
867,86.84837851882257,88.80911038270291,131,87.82874445076274,1,3,130,3
868,86.84530874100626,88.8121571223463,132,87.82873293167629,1,3,130,3
869,86.84249346829891,88.81546822666424,132,87.82898084748157,1,3,130,3
870,86.83990808257198,88.81902398262184,133,87.82946603259691,1,3,130,3
871,86.8375236918552,88.82280131266134,134,87.83016250225828,1,3,130,3
872,86.83530756105263,88.82677381692694,134,87.83104068898979,1,3,130,3
873,86.83322334448044,88.83091210466513,133,87.8320677245728,1,3,130,3
874,86.83123151087861,88.83518431767413,132,87.83320791427637,1,3,130,3
875,86.82929005900371,88.83955645611368,131,87.8344232575587,1,3,130,3
876,86.82735532935736,88.84399240963415,132,87.83567386949576,1,3,130,3
877,86.8253827176204,88.84845388942686,133,87.83691830352363,1,3,130,3
878,86.82332709536722,88.85290045683874,133,87.83811377610297,1,3,130,3
879,86.82114303628155,88.85728984423517,134,87.83921644025835,1,3,130,3
880,86.8187852387341,88.86157847119628,134,87.84018185496518,1,3,130,3
881,86.81620914543521,88.86572176652939,133,87.8409654559823,1,3,130,3
882,86.81337137072148,88.86967429676768,132,87.84152283374459,1,3,130,3
883,86.81022993616834,88.8733900920078,131,87.84181001408807,1,3,130,3
884,86.80674470534711,88.8768231698003,131,87.84178393757371,1,3,130,3
885,86.80287811591388,88.87992786766318,130,87.84140299178853,1,3,130,3
886,86.7985960145795,88.88265898493323,131,87.84062749975637,1,3,130,3
887,86.79386840046861,88.88497212481019,133,87.83942026263941,1,3,130,3
888,86.78866988232325,88.88682423729624,133,87.83774705980974,1,3,130,3
889,86.78297975248002,88.88817397357641,134,87.83557686302822,1,3,130,3
890,86.7767816780163,88.88898175497302,133,87.83288171649465,1,3,130,3
891,86.77006310692705,88.88920975219052,134,87.82963642955879,1,3,130,3
892,86.76281458466326,88.88882187300453,134,87.8258182288339,1,3,130,3
893,86.75502907876903,88.88778375898531,134,87.82140641887716,1,3,130,3
894,86.7467013117702,88.88606279181906,134,87.81638205179462,1,3,130,3
895,86.73782719996527,88.88362810976331,134,87.81072765486428,1,3,130,3
896,86.72840359327687,88.88045063474499,134,87.80442711401093,1,3,130,3
897,86.71842831622965,88.87650311058296,133,87.7974657134063,1,3,130,3
898,86.70790031503172,88.87176015278823,134,87.78983023390998,1,3,130,3
899,86.6968197157135,88.86619831036694,135,87.78150901304022,1,3,130,3
900,86.68518759825338,88.85979614002186,134,87.77249186913761,1,3,160,4
901,86.6730054866974,88.85253429311756,133,87.76276988990747,1,3,160,4
902,86.6602747503617,88.84439561574355,133,87.75233518305262,1,3,160,4
903,86.64699611117727,88.83536516464041,133,87.74118063790884,1,3,160,4
904,86.63316945221663,88.82542994418506,133,87.72929969820085,1,3,160,4
905,86.61879382984912,88.81457846220633,134,87.71668614602773,1,3,160,4
906,86.60386729938337,88.80280049498008,134,87.70333389718172,1,3,160,4
907,86.58838655421314,88.790087159121,135,87.68923685666707,1,3,160,4
908,86.57234676864289,88.77643119299444,136,87.67438898081866,1,3,160,4
909,86.55574174198156,88.76182754532002,138,87.65878464365079,1,3,160,4
910,86.53856414890741,88.74627417354061,138,87.64241916122401,1,3,160,4
911,86.52080579866258,88.72977266188549,139,87.62528923027403,1,3,160,4
912,86.50245790319003,88.71232865915492,138,87.60739328117248,1,3,160,4
913,86.48351145187414,88.69395252634149,137,87.58873198910781,1,3,160,4
914,86.46395788809086,88.6746601939945,135,87.56930904104269,1,3,160,4
915,86.44379008770285,88.65447383901633,135,87.5491319633596,1,3,160,4
916,86.42300344455386,88.63342228310064,137,87.52821286382725,1,3,160,4
917,86.40159686799322,88.6115413075351,138,87.50656908776416,1,3,160,4
918,86.37957349742332,88.58887378638046,139,87.48422364190189,1,3,160,4
919,86.35694113388129,88.5654692473233,139,87.4612051906023,1,3,160,4
920,86.33371258367406,88.54138295707273,138,87.437547770373385,1,3,160,4
921,86.3099060114784,88.51667511574986,138,87.41329056361414,1,3,160,4
922,86.28554530270318,88.49141025694249,139,87.38847777982284,1,3,160,4
923,86.26066023975592,88.4656564623318,139,87.36315835104386,1,3,160,4
924,86.23528610169637,88.43948429236198,139,87.33738519702918,1,3,160,4
925,86.20946278435126,88.41296562699979,140,87.31121420567553,1,3,160,4
926,86.18323402556126,88.38617261057121,139,87.28470331806624,1,3,160,4
927,86.15664712508688,88.35917689461819,139,87.25791200985253,1,3,160,4
928,86.12975335356455,88.33204917764084,140,87.2309012656027,1,3,160,4
929,86.1026086596283,88.3048588455238,141,87.20373375257606,1,3,160,4
930,86.07527369903319,88.27767371155372,142,87.17647370529346,1,3,160,4
931,86.04781298982839,88.25056005004869,143,87.14918651993854,1,3,160,4
932,86.02029377783951,88.22358292254803,144,87.12193835019377,1,3,160,4
933,85.99278500161313,88.19680660043954,145,87.09479580102634,1,3,160,4
934,85.96535655088324,88.17029498546225,145,87.06782576817275,1,3,160,4
935,85.93807881749736,88.14411202707814,145,87.04109542228775,1,3,160,4
936,85.9110223426282,88.11832213571252,145,87.01467223917035,1,3,160,4
937,85.88425746163232,88.0929905908619,145,86.98862402624711,1,3,160,4
938,85.85785394545722,88.06818384552493,145,86.963018895491075,1,3,160,4
939,85.83188063749489,88.0439695308639,145,86.9379250841794,1,3,160,4
940,85.80640508478083,88.02041616005968,144,86.91341062242026,1,3,160,4
941,85.78149326001034,87.99759272537847,144,86.8895429926944,1,3,160,4
942,85.75720956842122,87.97556818738423,144,86.86638887790272,1,3,160,4
943,85.73361704098545,87.95441066015272,144,86.84401385056908,1,3,160,4
944,85.71077732274453,87.93418638894555,144,86.82248185584504,1,3,160,4
945,85.68875035776209,87.91495890941742,145,86.80185463358976,1,3,160,4
946,85.66759396480552,87.89678858240859,145,86.78219127360705,1,3,160,4
947,85.64736330282466,87.87973250336431,144,86.76354790309449,1,3,160,4
948,85.62811003025772,87.86384449283997,143,86.74597726154884,1,3,160,4
949,85.60988135238176,87.84917458197131,142,86.72952796717654,1,3,160,4
950,85.59271954112381,87.83576808960207,142,86.71424381536295,1,3,160,4
951,85.5766619265923,87.82366507058208,142,86.70016349858719,1,3,160,4
952,85.56174077443939,87.81290042714024,142,86.6873206007898,1,3,160,4
953,85.54798295094449,87.80350448763464,143,86.67574371928956,1,3,160,4
954,85.5354097654905,87.79550366198768,143,86.66545671373909,1,3,160,4
955,85.52403718510168,87.78892058811272,144,86.6564788866072,1,3,160,4
956,85.51387642070883,87.78377357384734,144,86.64882499727808,1,3,160,4
957,85.50493478733715,87.78007552911612,144,86.64250515822664,1,3,160,4
958,85.49721664293402,87.77783287572429,144,86.63752475932915,1,3,160,4
959,85.49072421063588,87.77704521487601,144,86.63388471275594,1,3,160,4
960,85.48545808934321,87.77770555724041,145,86.63158182329181,1,3,160,4
961,85.48141735503657,87.77979994512535,145,86.63060865008096,1,3,160,4
962,85.47859925282347,87.78330636934251,145,86.63095281108299,1,3,160,4
963,85.47699857726136,87.78819395637801,145,86.63259626681969,1,3,160,4
964,85.47660693606124,87.79442291391209,145,86.63551492498667,1,3,160,4
965,85.47741199480217,87.80194523517038,145,86.63967861498628,1,3,160,4
966,85.47939670282312,87.81070587009967,145,86.6450512864614,1,3,160,4
967,85.48253850049855,87.82064377886385,145,86.6515911396812,1,3,160,4
968,85.48680850815457,87.83169267343169,146,86.65925059079314,1,3,160,4
969,85.4921707945129,87.8437816432899,147,86.6679762189014,1,3,160,4
970,85.49858192019046,87.85683586139747,147,86.67770889079397,1,3,160,4
971,85.50599085435458,87.87077756656888,148,86.68838421046172,1,3,160,4
972,85.51433926521267,87.88552732343891,148,86.69993329432579,1,3,160,4
973,85.52356218513765,87.90100536611143,148,86.71228377562454,1,3,160,4
974,85.53358905134934,87.91713273410626,148,86.72536089272779,1,3,160,4
975,85.54434502561419,87.93383181171193,148,86.73908841866306,1,3,160,4
976,85.55575239895303,87.95102636951556,148,86.7533893842343,1,3,160,4
977,85.56773208251356,87.96864169453569,147,86.76818688852462,1,3,160,4
978,85.58020538091037,87.98660500521815,146,86.78340519306425,1,3,160,4
979,85.59309585418103,88.00484595738627,144,86.79897090578365,1,3,160,4
980,85.60633068432728,88.02329704720556,143,86.81481386576641,1,3,160,4
981,85.6198413525447,88.04189371718603,144,86.83086753486536,1,3,160,4
982,85.63356382335819,88.06057426381781,144,86.847069043588,1,3,160,4
983,85.64743852934623,88.07927993800665,145,86.86335923367645,1,3,160,4
984,85.66141054759656,88.09795523926377,145,86.87968289343016,1,3,160,4
985,85.67542987128546,88.11654801439184,145,86.89598894283864,1,3,160,4
986,85.68945119202117,88.13500916644574,146,86.91223017923346,1,3,160,4
987,85.7034330961974,88.15329197478448,146,86.92836253549095,1,3,160,4
988,85.71733706621386,88.17135122207212,145,86.94434414414299,1,3,160,4
989,85.73112648228171,88.18914251913667,145,86.96013450070919,1,3,160,4
990,85.74476562540819,88.20662192594126,145,86.97569377567473,1,3,160,4
991,85.75821877968286,88.22374567427653,144,86.9909822269797,1,3,160,4
992,85.77144962953129,88.24046989531915,144,87.00595976242522,1,3,160,4
993,85.78442085496988,88.25675035274145,144,87.02058560385566,1,3,160,4
994,85.7970935352737,88.27254218205893,144,87.03481785866632,1,3,160,4
995,85.8094264591725,88.2877996369081,144,87.0486130480403,1,3,160,4
996,85.82137592740298,88.3024759404999,145,87.06192593395144,1,3,160,4
997,85.83289614580475,88.31652343805033,144,87.07470979192755,1,3,160,4
998,85.84393981951092,88.32989414844546,145,87.0869169839782,1,3,160,4
999,85.85445875386411,88.34254071585065,145,87.09849973485737,1,3,160,4
1000,85.8644044627615,88.35441746938989,144,87.1094109660757,1,3,160,4
1001,85.87372888270473,88.36548100642689,144,87.11960494456581,1,3,160,4
1002,85.88238538839215,88.37569020262707,144,87.12903779550962,1,3,160,4
1003,85.89032991553165,88.38500603962126,144,87.13766797757646,1,3,160,4
1004,85.89752160637775,88.39339144598577,145,87.14545652618176,1,3,160,4
1005,85.90392288113996,88.400811152149,143,87.15236701664449,1,3,160,4
1006,85.90949932604276,88.40723165734013,142,87.15836549169146,1,3,160,4
1007,85.91421959369603,88.412621504202,142,87.163420548949,1,3,160,4
1008,85.91805531631388,88.41695166651746,141,87.16750349141567,1,3,160,4
1009,85.92098112980742,88.42019546532211,141,87.17058829756476,1,3,160,4
1010,85.92297500426574,88.42232811139276,140,87.17265155782925,1,3,160,4
1011,85.92401868614668,88.42332665481838,140,87.17367267048253,1,3,160,4
1012,85.924097667303,88.4231704395761,140,87.17363405343954,1,3,160,4
1013,85.92320058359303,88.42184147825245,140,87.17252103092274,1,3,160,4
1014,85.9213184334503,88.41932455215736,140,87.17032149280382,1,3,160,4
1015,85.91844381166722,88.41560723218272,140,87.16702552192497,1,3,160,4
1016,85.91457015853912,88.41067982064253,141,87.16262498959082,1,3,160,4
1017,85.9096910244903,88.40453501921773,142,87.15711302185402,1,3,160,4
1018,85.90379935028997,88.39716751823124,143,87.15048343426061,1,3,160,4
1019,85.8968869580361,88.38857409258482,143,87.14273052531047,1,3,160,4
1020,85.88894464316455,88.37875430197617,142,87.13384947257036,1,3,160,4
1021,85.87996296514606,88.36771140529746,142,87.12383718522176,1,3,160,4
1022,85.8699335419371,88.35545319660788,144,87.11269336927249,1,3,160,4
1023,85.8588506532576,88.34199256755122,144,87.10042161040441,1,3,160,4
1024,85.84671295775713,88.32734779609216,145,87.08703037692464,1,3,160,4
1025,85.83352512906629,88.31154275643989,145,87.0725339427531,1,3,160,4
1026,85.81929921564014,88.29460714740762,146,87.05695318152388,1,3,160,4
1027,85.80405562676704,88.27657673883375,146,87.0403161828004,1,3,160,4
1028,85.78782374456158,88.25749353806349,146,87.02265864131253,1,3,160,4
1029,85.77064225916216,88.23740568085985,144,87.004023970011,1,3,160,4
1030,85.7525594217433,88.21636694855339,144,86.98446318514834,1,3,160,4
1031,85.73363301965797,88.19443591068327,144,86.96403446517061,1,3,160,4
1032,85.71392948772743,88.1716749849046,144,86.94280223631601,1,3,160,4
1033,85.6935222523268,88.14814999846998,144,86.92083612539838,1,3,160,4
1034,85.67249008755896,88.12393015277136,145,86.89821012016516,1,3,160,4
1035,85.65091567745505,88.09908760961414,145,86.8750016435346,1,3,160,4
1036,85.62888399281071,88.07369660061792,145,86.85129029671432,1,3,160,4
1037,85.60648057891598,88.04783264386988,144,86.82715661139292,1,3,160,4
1038,85.58379033811084,88.02157206175698,143,86.80268119993391,1,3,160,4
1039,85.56089680584844,87.99499160371607,143,86.77794420478226,1,3,160,4
1040,85.53788133371663,87.9681679776345,143,86.75302465567556,1,3,160,4
1041,85.51482198303438,87.94117709363564,144,86.72799953833501,1,3,160,4
1042,85.49179232281875,87.91409301905074,144,86.70294267093475,1,3,160,4
1043,85.46886032599251,87.886986838457,145,86.67792358222476,1,3,160,4
1044,85.44608755779441,87.85992551517867,145,86.65300653648654,1,3,160,4
1045,85.42352875288094,87.83297075317992,146,86.62824975303043,1,3,160,4
1046,85.40123178014699,87.8061780533928,146,86.60370491676989,1,3,160,4
1047,85.37923799440436,87.77959635365285,145,86.5794171740286,1,3,160,4
1048,85.35758297416817,87.75326834890743,144,86.5554256615378,1,3,160,4
1049,85.33629744982827,87.7272312958589,144,86.53176437284358,1,3,160,4
1050,85.3154080315003,87.70151810629858,145,86.50846306889943,1,3,160,4
1051,85.29493773607082,87.67615853346975,146,86.48554813477028,1,3,160,4
1052,85.27490670316055,87.65118035340112,147,86.46304352828083,1,3,160,4
1053,85.25533309964078,87.62661054073726,148,86.44097182018902,1,3,160,4
1054,85.23623382223849,87.60247653616648,147,86.41935517920248,1,3,160,4
1055,85.21762499794859,87.57880780010177,146,86.39821639902519,1,3,160,4
1056,85.1995226721438,87.55563745709563,147,86.3775800646197,1,3,160,4
1057,85.18194368411751,87.53300344527129,147,86.3574735646944,1,3,160,4
1058,85.16490633962988,87.5109488776223,147,86.33792760862609,1,3,160,4
1059,85.1484307826452,87.48952161458557,146,86.31897619861539,1,3,160,4
1060,85.13253926105905,87.46877333984064,145,86.30065630044984,1,3,160,4
1061,85.11725628609834,87.44875872384003,145,86.28300750496919,1,3,160,4
1062,85.10260848995974,87.42953477181416,146,86.26607163088696,1,3,160,4
1063,85.08862418131208,87.41115996524424,146,86.24989207327816,1,3,160,4
1064,85.07533279335236,87.39369309836968,146,86.23451294586101,1,3,160,4
1065,85.06276432152075,87.37719200388345,146,86.21997816270209,1,3,160,4
1066,85.05094875040511,87.36171226445045,145,86.20633050742778,1,3,160,4
1067,85.03991537182792,87.34730590918673,144,86.19361064050733,1,3,160,4
1068,85.02969179858141,87.33402019178527,143,86.18185599518334,1,3,160,4
1069,85.02030277088996,87.32189664454268,143,86.17109970771631,1,3,160,4
1070,85.01176914530629,87.31097050508512,144,86.1613698251957,1,3,160,4
1071,85.00410716320673,87.30127051514985,144,86.1526888391783,1,3,160,4
1072,84.99732780352372,87.29281889580226,145,86.145073349663,1,3,160,4
1073,84.99143621947466,87.28563110849697,146,86.13853366398581,1,3,160,4
1074,84.98643145417705,87.27971540163814,146,86.13307342790759,1,3,160,4
1075,84.98230643506385,87.27507253254412,146,86.12868948380398,1,3,160,4
1076,84.97904805204298,87.27169585976195,147,86.12537195590247,1,3,160,4
1077,84.97663722197456,87.26957180571888,146,86.12310451384673,1,3,160,4
1078,84.97504893966993,87.26868049473936,146,86.12186471720464,1,3,160,4
1079,84.97425231571017,87.2689961764913,146,86.12162424610074,1,3,160,4
1080,84.97421060147379,87.27048743516836,146,86.12234901832107,1,3,160,4
1081,84.97488120185558,87.27311757495181,147,86.12399938840369,1,3,160,4
1082,84.97621567624994,87.27684518223917,148,86.12653042924455,1,3,160,4
1083,84.9781599235426,87.28162447506473,148,86.12989219930367,1,3,160,4
1084,84.98065494202321,87.28740534281964,148,86.13403014242142,1,3,160,4
1085,84.98363806751392,87.29413327205742,146,86.13888566978568,1,3,160,4
1086,84.98704410538076,87.30174935423919,146,86.14439672980998,1,3,160,4
1087,84.99080625985322,87.31019057134064,145,86.15049841559693,1,3,160,4
1088,84.99485725182063,87.31939045778135,147,86.157123854801,1,3,160,4
1089,84.99913072368965,87.32928013966952,147,86.16420543167959,1,3,160,4
1090,85.003562737285,87.33978965484799,148,86.1716761960665,1,3,160,4
1091,85.00809317073858,87.35084935970478,147,86.17947126522168,1,3,160,4
1092,85.01266682025212,87.36239122874991,146,86.18752902450102,1,3,160,4
1093,85.01723411012004,87.37434985297855,144,86.19579198154929,1,3,160,4
1094,85.02175141188326,87.3866632356248,144,86.20420732375402,1,3,160,4
1095,85.02618097339271,87.39927377647902,144,86.21272737493587,1,3,160,4
1096,85.03049045846382,87.41212954325688,145,86.22131000086034,1,3,160,4
1097,85.03465229278635,87.42518563580742,145,86.22991896429689,1,3,160,4
1098,85.03864320674272,87.4384053513456,146,86.23852427904416,1,3,160,4
1099,85.04244407310425,87.4517605662005,146,86.24710231965238,1,3,160,4
1100,85.0460398448984,87.46523074943447,146,86.25563529716644,1,3,160,4
1101,85.04941939866667,87.47880080383632,146,86.2641101012515,1,3,160,4
1102,85.05257508826298,87.49245870999157,147,86.27251689912728,1,3,160,4
1103,85.05550210691257,87.5061935589281,147,86.28084783292033,1,3,160,4
1104,85.05819804782898,87.51999377846863,148,86.2890959131488,1,3,160,4
1105,85.06066276101058,87.53384535837274,148,86.29725405969165,1,3,160,4
1106,85.06289831116896,87.5477301719987,148,86.30531424158383,1,3,160,4
1107,85.0649088417129,87.56162458981805,149,86.31326671576548,1,3,160,4
1108,85.06670014968476,87.57549848262032,149,86.32109931615254,1,3,160,4
1109,85.06827897158837,87.58931461476894,150,86.32879679317865,1,3,160,4
1110,85.06965217509492,87.60302852551958,150,86.33634035030724,1,3,160,4
1111,85.07082605159965,87.61658909406913,150,86.34370757283439,1,3,160,4
1112,85.07180590459949,87.62993969148178,149,86.35087279804063,1,3,160,4
1113,85.0725959337962,87.6430195301077,149,86.35780773195194,1,3,160,4
1114,85.07319921977216,87.65576501628878,149,86.36448211803048,1,3,160,4
1115,85.0736177116372,87.66811110730424,149,86.37086440947073,1,3,160,4
1116,85.07385221759836,87.67999267355279,149,86.37692244557557,1,3,160,4
1117,85.0739023984228,87.69134586699093,149,86.38262413270687,1,3,160,4
1118,85.07376676378067,87.70210939928945,149,86.38793808153505,1,3,160,4
1119,85.07344276900943,87.71222553559369,150,86.39283415230156,1,3,160,4
1120,85.07292720739365,87.72164080482825,150,86.39728400611095,1,3,160,4
1121,85.07221689799691,87.7303066225287,150,86.4012617602628,1,3,160,4
1122,85.07130947401896,87.7381799245727,148,86.40474469929583,1,3,160,4
1123,85.07020407664987,87.74522381256408,148,86.40771394460697,1,3,160,4
1124,85.06890175938116,87.75140811400082,146,86.41015493669099,1,3,160,4
1125,85.0674057003275,87.75670966272712,145,86.4120576815273,1,3,160,4
1126,85.06572161269875,87.76111220260209,144,86.41341690765043,1,3,160,4
1127,85.06385825581916,87.7646059147476,145,86.41423208528337,1,3,160,4
1128,85.06182746134071,87.7671867637042,145,86.41450711252246,1,3,160,4
1129,85.05964367451416,87.76885605279652,145,86.41424986365534,1,3,160,4
1130,85.05732359559578,87.7696202863108,146,86.41347194095329,1,3,160,4
1131,85.05488601871805,87.7694911433931,146,86.41218858105557,1,3,160,4
1132,85.052351477807,87.76848536849592,146,86.41041842315146,1,3,160,4
1133,85.04974160171194,87.76662438311956,146,86.40818299241576,1,3,160,4
1134,85.04707837330429,87.76393352105474,146,86.4055059471795,1,3,160,4
1135,85.04438338974916,87.76044088679762,147,86.40241213827339,1,3,160,4
1136,85.04167712361269,87.75617612935858,147,86.39892662648563,1,3,160,4
1137,85.03897818447363,87.75116971625035,147,86.39507395036199,1,3,160,4
1138,85.03630258072563,87.74545270719102,147,86.39087764395833,1,3,160,4
1139,85.03366298127796,87.73905644181863,146,86.3863597115483,1,3,160,4
1140,85.0310679768958,87.73201204340663,147,86.38154001015121,1,3,160,4
1141,85.02852143853141,87.72435012826789,147,86.37643578339964,1,3,160,4
1142,85.02602216761855,87.71610081790722,149,86.37106149276289,1,3,160,4
1143,85.02356383827963,87.707293858358,150,86.36542884831881,1,3,160,4
1144,85.0211350363788,87.69795894376747,151,86.35954699007314,1,3,160,4
1145,85.01871949305453,87.68812663392247,150,86.35342306348849,1,3,160,4
1146,85.01629690306667,87.67782967016558,150,86.34706328661613,1,3,160,4
1147,85.0138443281977,87.66710390889867,150,86.34047411854819,1,3,160,4
1148,85.01133779584124,87.65598867707622,150,86.33366323645873,1,3,160,4
1149,85.00875380050843,87.64452693928432,150,86.32664036989638,1,3,160,4
1150,85.00607051355793,87.63276547086932,150,86.31941799221363,1,3,160,4
1151,85.00326870152165,87.6207550364444,150,86.31201186898302,1,3,160,4
1152,85.00033254844635,87.60855067057832,150,86.30444160951234,1,3,160,4
1153,84.99725038253742,87.59621225494371,151,86.29673131874057,1,3,160,4
1154,84.99401511224434,87.58380509845392,151,86.28891010534913,1,3,160,4
1155,84.9906243719595,87.57139973916314,152,86.28101205556132,1,3,160,4
1156,84.98708057252615,87.55907077183288,152,86.27307567217952,1,3,160,4
1157,84.98339075905638,87.54689509020169,151,86.26514292462903,1,3,160,4
1158,84.97956588586425,87.53494993295817,150,86.25725790941121,1,3,160,4
1159,84.97561960595336,87.52331112240579,149,86.24946536417957,1,3,160,4
1160,84.97156716014169,87.51205159216319,148,86.24180937615245,1,3,160,4
1161,84.9674245606985,87.50124000762743,147,86.23433228416297,1,3,160,4
1162,84.96320787417524,87.49093928300069,147,86.22707357858796,1,3,160,4
1163,84.958932310564,87.48120479877862,148,86.22006855467131,1,3,160,4
1164,84.9546107283815,87.47208251380422,149,86.21334662109285,1,3,160,4
1165,84.95025175053243,87.46360755622251,149,86.20692965337747,1,3,160,4
1166,84.94585827108187,87.45580358524496,150,86.20083092816341,1,3,160,4
1167,84.94142654789331,87.4486829232247,151,86.19505473555901,1,3,160,4
1168,84.93694549093587,87.44224726260092,151,86.18959637676839,1,3,160,4
1169,84.93239604878147,87.43648855732677,151,86.18444230305411,1,3,160,4
1170,84.92775088854155,87.43138970858907,150,86.17957029856531,1,3,160,4
1171,84.9229745646146,87.42692465481196,149,86.17494960971328,1,3,160,4
1172,84.91802437174138,87.42305825636105,149,86.1705413140512,1,3,160,4
1173,84.91285168784282,87.41974714578559,148,86.16629941681421,1,3,160,4
1174,84.90740322208163,87.41694164168354,149,86.16217243188258,1,3,160,4
1175,84.90162207136837,87.41458775150814,148,86.15810491143824,1,3,160,4
1176,84.89544897629348,87.41262858131041,147,86.15403877880195,1,3,160,4
1177,84.88882387489195,87.41100476306103,147,86.1499143189765,1,3,160,4
1178,84.88168756005169,87.40965419305105,147,86.14567087655138,1,3,160,4
1179,84.87398314887538,87.40851205771793,147,86.14124760329665,1,3,160,4
1180,84.86565697477991,87.40751153801588,146,86.1365842563979,1,3,160,4
1181,84.85665890322151,87.40658499822095,146,86.13162195072124,1,3,160,4
1182,84.84694246202503,87.40566527004576,146,86.12630386603539,1,3,160,4
1183,84.83646507970587,87.40468644790964,146,86.12057576380775,1,3,160,4
1184,84.82518862757995,87.40358400134188,146,86.11438631446092,1,3,160,4
1185,84.81308016878563,87.40229440061758,146,86.1076872847016,1,3,160,4
1186,84.80011252466402,87.40075474431485,147,86.10043363448943,1,3,160,4
1187,84.78626446393515,87.39890317007432,147,86.09258381700474,1,3,160,4
1188,84.77152051509317,87.39668004953936,148,86.08410028231626,1,3,160,4
1189,84.75587059742452,87.39402918814667,147,86.0749498927856,1,3,160,4
1190,84.73930986103692,87.39089854300934,147,86.06510420202312,1,3,160,4
1191,84.72183883359357,87.38724026469215,147,86.05453954914286,1,3,160,4
1192,84.70346367875534,87.38301016122695,148,86.04323691999114,1,3,160,4
1193,84.68419637124913,87.37816697526189,147,86.0311816732555,1,3,160,4
1194,84.66405459339326,87.37267176764765,148,86.01836318052045,1,3,160,4
1195,84.64306125535808,87.3664876031806,148,86.00477442926933,1,3,160,4
1196,84.62124363888934,87.3595795391133,148,85.99041158900133,1,3,160,4
1197,84.59863235920798,87.3519147219369,149,85.97527354057243,1,3,160,4
1198,84.5752605347968,87.34346249544463,150,85.95936151512072,1,3,160,4
1199,84.55116326214598,87.33419452058787,150,85.94267889136692,1,3,160,4
1200,84.52637719990295,87.32408500513823,150,85.9252311025206,1,3,190,5
1201,84.50094006681793,87.31311123866774,150,85.90702565274285,1,3,190,5
1202,84.47488985783032,87.30125443324552,151,85.88807214553792,1,3,190,5
1203,84.44826387524206,87.28850067512698,151,85.86838227518453,1,3,190,5
1204,84.4210979645356,87.27484179265008,151,85.84796987859283,1,3,190,5
1205,84.39342605178867,87.26027594547695,151,85.8268509986328,1,3,190,5
1206,84.36527978704358,87.24480774023257,151,85.80504376363808,1,3,190,5
1207,84.33668819557624,87.22844767749655,151,85.7825679365364,1,3,190,5
1208,84.30767733660312,87.21121122268765,152,85.75944427964538,1,3,190,5
1209,84.27826996898338,87.19311828097142,153,85.7356941249774,1,3,190,5
1210,84.24848522349738,87.17419327102473,153,85.71133924726107,1,3,190,5
1211,84.21833847641302,87.15446540720315,153,85.68640194180809,1,3,190,5
1212,84.18784181418545,87.13396879958438,154,85.66090530688491,1,3,190,5
1213,84.15700508904678,87.11274198128808,154,85.63487353516743,1,3,190,5
1214,84.1258371751456,87.0908271551507,154,85.60833216514816,1,3,190,5
1215,84.09434703492943,87.068270134518,156,85.58130858472371,1,3,190,5
1216,84.06254420548028,87.045120977497,156,85.55383259148864,1,3,190,5
1217,84.03043889973108,87.02143433858954,156,85.52593661916032,1,3,190,5
1218,83.99804250269993,86.99726914677267,156,85.4976558247363,1,3,190,5
1219,83.9653686576578,86.97268780423235,157,85.46902823094507,1,3,190,5
1220,83.93243455191552,86.94775509991591,156,85.44009482591571,1,3,190,5
1221,83.89926210939188,86.9225370320395,155,85.41089957071569,1,3,190,5
1222,83.86587889458411,86.89709983116327,155,85.3814893628737,1,3,190,5
1223,83.8323187275841,86.87150957294057,155,85.35191415026233,1,3,190,5
1224,83.79862220479183,86.8458321844237,154,85.32222719460776,1,3,190,5
1225,83.76483722233752,86.82013306259407,154,85.2924851424658,1,3,190,5
1226,83.73101950157469,86.79447630409803,154,85.26274790283637,1,3,190,5
1227,83.69723292081366,86.76892432549015,155,85.2330786231519,1,3,190,5
1228,83.6635492622651,86.7435379705299,155,85.2035436163975,1,3,190,5
1229,83.63004737320625,86.71837651832695,155,85.1742119457666,1,3,190,5
1230,83.59681213042914,86.6934975913782,155,85.14515486090367,1,3,190,5
1231,83.56393330428395,86.66895754778702,155,85.11644542603548,1,3,190,5
1232,83.53150412590085,86.64481235676213,155,85.08815824133148,1,3,190,5
1233,83.49961955620016,86.62111837129535,155,85.06036896374775,1,3,190,5
1234,83.46837445035091,86.59793260699502,155,85.03315352867295,1,3,190,5
1235,83.43786171374606,86.57531233112226,156,85.00658702243416,1,3,190,5
1236,83.40817044799849,86.55331396093585,155,84.98074220446716,1,3,190,5
1237,83.37938418305829,86.53199146551741,156,84.95568782428785,1,3,190,5
1238,83.35157938917601,86.51139466035949,155,84.93148702476775,1,3,190,5
1239,83.3248243649557,86.49156797913236,156,84.90819617204403,1,3,190,5
1240,83.29917850028319,86.47254962433324,157,84.88586406230822,1,3,190,5
1241,83.27469191306962,86.45437031582983,158,84.86453111444973,1,3,190,5
1242,83.2514054589159,86.43705173424016,158,84.84422859657803,1,3,190,5
1243,83.22935101538756,86.42060563403929,159,84.82497832471343,1,3,190,5
1244,83.20855184517364,86.40503382113354,159,84.8067928331536,1,3,190,5
1245,83.18902303762928,86.39032840950362,159,84.78967572356646,1,3,190,5
1246,83.17077222342226,86.37647225935102,159,84.77362224138665,1,3,190,5
1247,83.15380046449877,86.3634399870103,160,84.75862022575453,1,3,190,5
1248,83.13810292906979,86.3511993518155,160,84.74465114044264,1,3,190,5
1249,83.12366905897368,86.33971224001945,160,84.73169064949656,1,3,190,5
1250,83.11048203441756,86.32893505118963,159,84.7197085428036,1,3,190,5
1251,83.09851773135293,86.31881887781593,159,84.70866830458442,1,3,190,5
1252,83.0877437570007,86.3093095763449,158,84.69852666667279,1,3,190,5
1253,83.07811895406044,86.30034753533177,158,84.68923324469611,1,3,190,5
1254,83.06959356916981,86.29186743416405,158,84.68073050166693,1,3,190,5
1255,83.06210989117614,86.28379877357591,157,84.67295433237602,1,3,190,5
1256,83.05560277477686,86.27606727651133,157,84.6658350256441,1,3,190,5
1257,83.0500000504328,86.26859657522563,157,84.65929831282921,1,3,190,5
1258,83.04522340679725,86.26130979562059,156,84.65326660120891,1,3,190,5
1259,83.04118984430905,86.25413084489128,157,84.64766034460015,1,3,190,5
1260,83.03781331098693,86.24698559873836,158,84.64239945486264,1,3,190,5
1261,83.03500613155747,86.23980357455386,157,84.63740485305567,1,3,190,5
1262,83.0326798411196,86.23252009173898,157,84.6325999664293,1,3,190,5
1263,83.03074561978704,86.2250783350372,157,84.62791197741211,1,3,190,5
1264,83.02911510997167,86.21743073664604,157,84.62327292330886,1,3,190,5
1265,83.02770161768815,86.20953909272401,157,84.61862035520608,1,3,190,5
1266,83.02642091896251,86.20137361010592,157,84.61389726453422,1,3,190,5
1267,83.02519167269897,86.19291185923251,156,84.60905176596575,1,3,190,5
1268,83.02393622161729,86.18413831654098,156,84.60403726907913,1,3,190,5
1269,83.02258188005257,86.17504488681287,156,84.59881338343271,1,3,190,5
1270,83.02106212457433,86.16563182048053,155,84.59334697252743,1,3,190,5
1271,83.01931739593527,86.15590746539368,157,84.58761243066448,1,3,190,5
1272,83.01729551339658,86.1458866579726,157,84.58159108568458,1,3,190,5
1273,83.01495170236318,86.13558892410434,157,84.57527031323376,1,3,190,5
1274,83.01224823614338,86.12503717233027,156,84.56864270423682,1,3,190,5
1275,83.00915379006997,86.11425707408695,156,84.56170543207847,1,3,190,5
1276,83.0056427036485,86.10327703310453,157,84.55445986837651,1,3,190,5
1277,83.00169415121958,86.09212835341893,157,84.54691125231926,1,3,190,5
1278,82.9972910264558,86.08084521540269,158,84.53906812092924,1,3,190,5
1279,82.99241854103448,86.06946406916799,159,84.53094130510124,1,3,190,5
1280,82.98706273286544,86.05802263989219,159,84.52254268637881,1,3,190,5
1281,82.98120927426679,86.04655932482095,159,84.51388429954386,1,3,190,5
1282,82.97484316551609,86.03511307890847,158,84.50497812221228,1,3,190,5
1283,82.96794921645954,86.02372320326629,158,84.49583620986292,1,3,190,5
1284,82.96051253612302,86.01242893827155,158,84.4864707371973,1,3,190,5
1285,82.95251873795078,86.00126925086768,158,84.47689399440924,1,3,190,5
1286,82.94395405597432,85.99028262036748,158,84.4671183381709,1,3,190,5
1287,82.93480546967074,85.97950604185124,158,84.457155755761,1,3,190,5
1288,82.9250608377245,85.96897344164583,159,84.44701713968516,1,3,190,5
1289,82.91470904089475,85.95871467477944,158,84.4367118578371,1,3,190,5
1290,82.9037401341764,85.94875539650528,159,84.42624776534083,1,3,190,5
1291,82.89214550842757,85.9391172221992,158,84.41563136531339,1,3,190,5
1292,82.87991806161719,85.92981788261538,159,84.40486797211628,1,3,190,5
1293,82.86705257489733,85.92087137416085,158,84.39396197452909,1,3,190,5
1294,82.85354668375157,85.91228820145486,158,84.38291744260322,1,3,190,5
1295,82.83940234676467,85.9040759070387,158,84.37173912690169,1,3,190,5
1296,82.8246272268393,85.8962397905251,158,84.3604335086822,1,3,190,5
1297,82.80923569220333,85.88878342689065,158,84.349009559547,1,3,190,5
1298,82.79324943705086,85.8817088862814,158,84.33747916166612,1,3,190,5
1299,82.77669762403681,85.87501685036041,159,84.32585723719862,1,3,190,5
1300,82.75961635321418,85.86870662516421,158,84.31416148918919,1,3,190,5
1301,82.74204755451342,85.86277585537093,158,84.30241170494217,1,3,190,5
1302,82.72403769338236,85.8572200375364,157,84.29062886545938,1,3,190,5
1303,82.70563648401395,85.85203222251165,158,84.2788343532628,1,3,190,5
1304,82.68689560941696,85.84720300465783,158,84.2670493070374,1,3,190,5
1305,82.66786764263544,85.84272060288045,159,84.25529412275795,1,3,190,5
1306,82.64860555849171,85.83857103362915,159,84.24358829606044,1,3,190,5
1307,82.62916283504383,85.83473857113212,159,84.23195070308797,1,3,190,5
1308,82.60959375377172,85.83120639753618,159,84.22040007565394,1,3,190,5
1309,82.5899536050403,85.82795705302044,159,84.20895532903037,1,3,190,5
1310,82.57029860291927,85.82497249105545,159,84.19763554698736,1,3,190,5
1311,82.55068541096153,85.82223373908018,159,84.18645957502085,1,3,190,5
1312,82.53117027806677,85.81972026243177,160,84.17544527024927,1,3,190,5
1313,82.51180788108068,85.8174092269304,160,84.16460855400554,1,3,190,5
1314,82.49265006831834,85.81527475798882,161,84.15396241315358,1,3,190,5
1315,82.47374460071083,85.81328719659373,161,84.14351589865228,1,3,190,5
1316,82.45513388980625,85.81141235256119,161,84.13327312118372,1,3,190,5
1317,82.43685392696806,85.80961075553476,161,84.12323234125141,1,3,190,5
1318,82.41893379324593,85.80783709933746,161,84.11338544629169,1,3,190,5
1319,82.40139584688956,85.8060402704409,161,84.10371805866524,1,3,190,5
1320,82.38425639297844,85.80416396125864,161,84.09421017711854,1,3,190,5
1321,82.36752663974187,85.80214747891317,162,84.08483705932753,1,3,190,5
1322,82.35121374623573,85.79992665282091,162,84.07557019952833,1,3,190,5
1323,82.33532176612124,85.79743503712149,162,84.06637840162136,1,3,190,5
1324,82.31985229235507,85.79460540893614,162,84.0572288506456,1,3,190,5
1325,82.30480480272237,85.7913713683789,162,84.04808808555063,1,3,190,5
1326,82.29017690125703,85.78766894381431,162,84.03892292253568,1,3,190,5
1327,82.27596455309094,85.7834382033997,164,84.02970137824532,1,3,190,5
1328,82.26216231276803,85.77862487391313,163,84.02039359334057,1,3,190,5
1329,82.2487635460842,85.7731819678044,163,84.01097275694431,1,3,190,5
1330,82.23576064553649,85.7670712242243,163,84.00141593488038,1,3,190,5
1331,82.22314533702624,85.76026397458105,163,83.99170465580364,1,3,190,5
1332,82.21090927301958,85.75274133567153,163,83.98182530434556,1,3,190,5
1333,82.19904481474617,85.74449392591895,163,83.97176937033257,1,3,190,5
1334,82.18754561338737,85.73552149516514,164,83.96153355427626,1,3,190,5
1335,82.17640689282537,85.72583305338136,163,83.95111997310337,1,3,190,5
1336,82.16562562913666,85.71544720568548,164,83.94053641741107,1,3,190,5
1337,82.15520072444606,85.70439152307821,163,83.92979612376215,1,3,190,5
1338,82.1451331751874,85.69270085108418,163,83.9189170131358,1,3,190,5
1339,82.13542623478641,85.6804155312687,163,83.90792088302754,1,3,190,5
1340,82.12608557074928,85.6675801203227,163,83.89683284553598,1,3,190,5
1341,82.11711941610452,85.65424280115295,163,83.88568110862873,1,3,190,5
1342,82.10853871510885,85.64045538774342,163,83.87449705142613,1,3,190,5
1343,82.1003570680083,85.62627353289275,163,83.86331530045052,1,3,190,5
1344,82.09259008452594,85.61175674786689,163,83.85217341619642,1,3,190,5
1345,82.08525404834089,85.59696784294,163,83.84111094564045,1,3,190,5
1346,82.07836408742662,85.58197198297862,161,83.83016803520262,1,3,190,5
1347,82.07193231109396,85.56683613741195,161,83.81938422425296,1,3,190,5
1348,82.06596661398464,85.5516289235837,161,83.80879776878417,1,3,190,5
1349,82.06047019116147,85.5364200621396,160,83.79844512665053,1,3,190,5
1350,82.0554412321637,85.52127924830539,160,83.78836024023454,1,3,190,5
1351,82.05087258117649,85.50627482811913,159,83.77857370464781,1,3,190,5
1352,82.04675138994685,85.49147237606871,160,83.76911188300778,1,3,190,5
1353,82.04305876356055,85.47693297799282,160,83.75999587077669,1,3,190,5
1354,82.0397693992831,85.4627114133142,160,83.75124040629865,1,3,190,5
1355,82.03685121876255,85.44885482091101,160,83.74285301983679,1,3,190,5
1356,82.03426499399195,85.43540204286053,160,83.73483351842624,1,3,190,5
1357,82.0319639675348,85.42238345023833,160,83.72717370888657,1,3,190,5
1358,82.02989349423018,85.4098210552891,159,83.71985727475965,1,3,190,5
1359,82.02799107752892,85.39772871442271,159,83.71285989597581,1,3,190,5
1360,82.02618743974567,85.38611232415428,159,83.70614988194998,1,3,190,5
1361,82.02440847644797,85.3749701073068,160,83.69968929187738,1,3,190,5
1362,82.02257723592787,85.36429337952468,160,83.69343530772628,1,3,190,5
1363,82.0206155081452,85.35406808872801,160,83.6873417984366,1,3,190,5
1364,82.01844502434578,85.3442765424157,161,83.68136078338074,1,3,190,5
1365,82.01598836610914,85.3348984452014,161,83.67544340565527,1,3,190,5
1366,82.01316978011147,85.32591134439323,161,83.66954056225235,1,3,190,5
1367,82.00991589980592,85.31729116669631,161,83.66360353325112,1,3,190,5
1368,82.00615618012513,85.30901304144822,162,83.65758461078667,1,3,190,5
1369,82.0018230463474,85.30105221565562,161,83.6514376310015,1,3,190,5
1370,81.99685195329803,85.29338476859763,162,83.64511836094783,1,3,190,5
1371,81.99118155101897,85.28598773624913,162,83.63858464363405,1,3,190,5
1372,81.98475415299923,85.27883874343858,163,83.6317964482189,1,3,190,5
1373,81.97751650791244,85.27191572931746,163,83.62471611861494,1,3,190,5
1374,81.96942068065435,85.26519705909914,164,83.61730886987675,1,3,190,5
1375,81.96042504349701,85.2586620224114,164,83.6095435329542,1,3,190,5
1376,81.95049557318646,85.25229152352424,164,83.60139354835535,1,3,190,5
1377,81.9396074546384,85.24606857362757,164,83.59283801413298,1,3,190,5
1378,81.92774679669351,85.23997858545324,164,83.58386269107338,1,3,190,5
1379,81.91491207014812,85.2340098606473,164,83.57446096539772,1,3,190,5
1380,81.90111468300638,85.22815417258035,164,83.56463442779337,1,3,190,5
1381,81.88637849790183,85.22240685955953,164,83.55439267873068,1,3,190,5
1382,81.87073848662995,85.21676642856956,164,83.54375245759975,1,3,190,5
1383,81.85423881404517,85.21123425483347,164,83.53273653443932,1,3,190,5
1384,81.8369307409046,85.20581437721145,164,83.52137255905802,1,3,190,5
1385,81.81887054005738,85.200512804188,162,83.50969167212268,1,3,190,5
1386,81.80011742522561,85.19533633039737,162,83.49772687781149,1,3,190,5
1387,81.78073149151508,85.19029144884722,161,83.48551147018115,1,3,190,5
1388,81.76077166671763,85.18538345628637,160,83.47307756150201,1,3,190,5
1389,81.7402938675552,85.18061536146405,161,83.46045461450962,1,3,190,5
1390,81.71934975013323,85.17598669373487,160,83.44766822193405,1,3,190,5
1391,81.69798605374798,85.17149279718681,161,83.4347394254674,1,3,190,5
1392,81.67624414708847,85.16712480537659,162,83.42168447623253,1,3,190,5
1393,81.65415987363589,85.16287010167358,162,83.40851498765474,1,3,190,5
1394,81.63176428083061,85.15871307027572,161,83.39523867555317,1,3,190,5
1395,81.60908523244179,85.15463594301659,161,83.3818605877292,1,3,190,5
1396,81.58614931842781,85.15061964466497,161,83.3683844815464,1,3,190,5
1397,81.56298367170184,85.14664463698772,160,83.35481415434478,1,3,190,5
1398,81.53961749631661,85.14269166433102,161,83.34115458032382,1,3,190,5
1399,81.51608311154678,85.13874220594775,161,83.32741265874726,1,3,190,5
1400,81.49241631628848,85.134778732911,161,83.31359752459974,1,3,190,5
1401,81.46865617080479,85.13078516005895,161,83.29972066543186,1,3,190,5
1402,81.44484458544794,85.12674749323368,161,83.28579603934081,1,3,190,5
1403,81.42102581330266,85.12265428188697,162,83.27184004759482,1,3,190,5
1404,81.39724565101398,85.11849668218133,162,83.25787116659765,1,3,190,5
1405,81.37355044464356,85.11426813076456,162,83.24390928770406,1,3,190,5
1406,81.34998628999087,85.10996382444479,162,83.22997505721783,1,3,190,5
1407,81.3265986217336,85.10558039604562,161,83.21608950888961,1,3,190,5
1408,81.30343219067136,85.10111588406203,161,83.20227403736669,1,3,190,5
1409,81.2805313308278,85.09656980108333,160,83.18855056595557,1,3,190,5
1410,81.25794032063936,85.09194320346995,160,83.17494176205466,1,3,190,5
1411,81.23570373999974,85.08723876229126,160,83.1614712511455,1,3,190,5
1412,81.21386682246661,85.08246073797143,160,83.14816378021902,1,3,190,5
1413,81.1924758019321,85.07761466353028,159,83.13504523273119,1,3,190,5
1414,81.17157825304812,85.07270683389105,159,83.12214254346958,1,3,190,5
1415,81.1512230345321,85.06774399131562,159,83.10948351292386,1,3,190,5
1416,81.13145905430952,85.06273330440762,159,83.09709617935857,1,3,190,5
1417,81.11233305081214,85.05768244550637,159,83.08500774815926,1,3,190,5
1418,81.09388756013037,85.0525996688237,160,83.07324361447704,1,3,190,5
1419,81.07615965353617,85.04749388920307,161,83.06182677136962,1,3,190,5
1420,81.0591804447373,85.04237466383576,161,83.05077755428653,1,3,190,5
1421,81.04297507368072,85.0372518817238,162,83.04011347770226,1,3,190,5
1422,81.02756258119034,85.03213516074263,161,83.02984887096648,1,3,190,5
1423,81.01295557650393,85.02703314722545,161,83.01999436186469,1,3,190,5
1424,80.99916008755848,85.02195291299661,160,83.01055650027754,1,3,190,5
1425,80.98617588644275,85.01689964479498,159,83.00153776561886,1,3,190,5
1426,80.97399748500726,85.01187652844386,158,82.99293700672555,1,3,190,5
1427,80.96261541046921,85.00688443754404,158,82.98474992400662,1,3,190,5
1428,80.95201678568539,85.00192132909946,158,82.97696905739242,1,3,190,5
1429,80.94218492162885,84.99698154112336,159,82.9695832313761,1,3,190,5
1430,80.93309831246144,84.99205518734128,159,82.96257674990136,1,3,190,5
1431,80.92472942362868,84.98712784418531,159,82.95592863390699,1,3,190,5
1432,80.91704366345029,84.98218062778726,159,82.94961214561877,1,3,190,5
1433,80.90999873370816,84.97719066119488,159,82.94359469745152,1,3,190,5
1434,80.90354435977702,84.97213183455182,160,82.93783809716442,1,3,190,5
1435,80.89762259603117,84.96697566349074,160,82.93229912976096,1,3,190,5
1436,80.89216909745312,84.96169224613328,160,82.9269306717932,1,3,190,5
1437,80.8871153583457,84.95625151422004,160,82.92168343628288,1,3,190,5
1438,80.88239152900607,84.95062468129935,159,82.9165081051527,1,3,190,5
1439,80.87792922618655,84.9447854982894,160,82.91135736223798,1,3,190,5
1440,80.87366355809394,84.9387111217818,160,82.90618733993787,1,3,190,5
1441,80.86953416989998,84.93238259548899,160,82.90095838269448,1,3,190,5
1442,80.86548570092542,84.92578504272466,161,82.89563537182504,1,3,190,5
1443,80.8614679470509,84.91890776528247,161,82.89018785616668,1,3,190,5
1444,80.85743592428888,84.91174424894503,162,82.88459008661695,1,3,190,5
1445,80.85334963922827,84.90429188071795,162,82.87882075997311,1,3,190,5
1446,80.8491729818404,84.89655137789326,162,82.87286217986683,1,3,190,5
1447,80.84487183880763,84.88852612405876,163,82.86669898143319,1,3,190,5
1448,80.84041220822445,84.88022150958315,162,82.8603168589038,1,3,190,5
1449,80.83575870636864,84.87164427652944,163,82.85370149144904,1,3,190,5
1450,80.83087346711488,84.86280196545319,163,82.84683771628403,1,3,190,5
1451,80.82571543455865,84.85370265905647,163,82.83970904680756,1,3,190,5
1452,80.82024004943227,84.8443550225818,163,82.83229753600703,1,3,190,5
1453,80.81439932994869,84.83476854328381,164,82.82458393661625,1,3,190,5
1454,80.80814234776777,84.82495416391322,164,82.8165482558405,1,3,190,5
1455,80.8014160998377,84.81492540759567,164,82.80817075371668,1,3,190,5
1456,80.79416677691418,84.80469950624723,164,82.7994331415807,1,3,190,5
1457,80.786341234496,84.79429804462744,164,82.79031963956172,1,3,190,5
1458,80.77788827683175,84.78374711975593,164,82.78081769829384,1,3,190,5
1459,80.76875975480998,84.77307711289046,164,82.77091843385023,1,3,190,5
1460,80.75891186868118,84.76232217119654,164,82.76061701993886,1,3,190,5
1461,80.74830667636776,84.75151959371033,164,82.74991313503904,1,3,190,5
1462,80.73691341790523,84.74070912105918,164,82.7388112694822,1,3,190,5
1463,80.72470936397447,84.72993193327673,163,82.72732064862561,1,3,190,5
1464,80.71167999388184,84.71922945264355,164,82.7154547232627,1,3,190,5
1465,80.69781860087654,84.70864234109287,164,82.7032304709847,1,3,190,5
1466,80.6831257152226,84.69820978908622,164,82.69066775215441,1,3,190,5
1467,80.66760854022131,84.68796890024322,164,82.67778872023226,1,3,190,5
1468,80.65128040116527,84.6779540735757,163,82.66461723737049,1,3,190,5
1469,80.63416020710845,84.66819638275186,163,82.65117829493016,1,3,190,5
1470,80.61627192524865,84.65872285431503,163,82.63749738978184,1,3,190,5
1471,80.59764397008789,84.64955544929168,164,82.62359970968978,1,3,190,5
1472,80.57830831191522,84.6407101379325,164,82.60950922492387,1,3,190,5
1473,80.55829940171861,84.63219704265394,164,82.59524822218629,1,3,190,5
1474,80.5376533022083,84.62402155139421,164,82.58083742680125,1,3,190,5
1475,80.51640702442825,84.61618523074249,164,82.56629612758536,1,3,190,5
1476,80.49459767924004,84.60868614859228,164,82.55164191391617,1,3,190,5
1477,80.47226144310078,84.60151899644983,164,82.5368902197753,1,3,190,5
1478,80.44943272770695,84.5946753040417,163,82.52205401587432,1,3,190,5
1479,80.42614365047486,84.58814394137453,163,82.50714379592469,1,3,190,5
1480,80.40242361023795,84.58191190837495,163,82.49216775930645,1,3,190,5
1481,80.37829896767067,84.57596521720569,163,82.47713209243818,1,3,190,5
1482,80.35379302508396,84.57028957484648,163,82.46204129996522,1,3,190,5
1483,80.3289263051886,84.56487047600943,163,82.44689839059902,1,3,190,5
1484,80.30371693337396,84.55969270661126,162,82.4317048199926,1,3,190,5
1485,80.2781810256358,84.55473964817587,162,82.41646033690583,1,3,190,5
1486,80.25233308186715,84.54999257848162,162,82.40116283017439,1,3,190,5
1487,80.22618638425772,84.54542996871825,162,82.38580817648798,1,3,190,5
1488,80.19975340057236,84.54102687498688,162,82.37039013777962,1,3,190,5
1489,80.17304619209838,84.5367546195553,162,82.35490040582684,1,3,190,5
1490,80.14607682606362,84.5325808597963,162,82.33932884292996,1,3,190,5
1491,80.11885779233414,84.528470045255915,162,82.32366391879503,1,3,190,5
1492,80.09140242419984,84.52438397074546,162,82.30789319747265,1,3,190,5
1493,80.06372532304975,84.52028184079285,162,82.2920035819213,1,3,190,5
1494,80.03584278672561,84.51611994358484,162,82.27598136515522,1,3,190,5
1495,80.00777314378695,84.51185171532588,163,82.2598124295564,1,3,190,5
1496,79.97953679835864,84.5074282932308,163,82.24348254579472,1,3,190,5
1497,79.95115608281087,84.50279897265929,163,82.22697752773507,1,3,190,5
1498,79.9226553080971,84.49791147161478,163,82.21028338985595,1,3,190,5
1499,79.89406101140136,84.4927123935408,163,82.19338670247109,1,3,190,5
1500,79.86540201056997,84.48714798676235,163,82.17627499866616,1,3,220,6
1501,79.83670916737775,84.48116500632842,164,82.15893708685309,1,3,220,6
1502,79.80801505425218,84.47471158155199,165,82.14136331790209,1,3,220,6
1503,79.77935371904813,84.46773809007125,165,82.12354590455969,1,3,220,6
1504,79.75076074243839,84.46019794169955,166,82.10547934206897,1,3,220,6
1505,79.72227339230902,84.45204807776011,166,82.08716073503456,1,3,220,6
1506,79.69393028937336,84.44324918662922,166,82.0685897380013,1,3,220,6
1507,79.66577038836157,84.433765831229465,167,82.04976810979551,1,3,220,6
1508,79.63783146929238,84.42356648908562,167,82.030698979189,1,3,220,6
1509,79.61014843083805,84.41262331042434,167,82.01138587063119,1,3,220,6
1510,79.58275177532009,84.40091159481143,168,81.99183168506576,1,3,220,6
1511,79.55566638233842,84.38840918183703,168,81.97203778208772,1,3,220,6
1512,79.5289103755259,84.3750958537747,167,81.9520031146503,1,3,220,6
1513,79.50249408205607,84.36095275056493,168,81.9317234163105,1,3,220,6
1514,79.47641927968637,84.34596179744337,168,81.91119053856487,1,3,220,6
1515,79.45067892624526,84.330105145512,168,81.89039203587862,1,3,220,6
1516,79.42525756660982,84.31336482061202,168,81.86931119361091,1,3,220,6
1517,79.40013231974427,84.29572297092253,168,81.8479276453334,1,3,220,6
1518,79.37527405588986,84.27716251849188,168,81.82621828719087,1,3,220,6
1519,79.35064847164658,84.25766743468915,168,81.80415795316787,1,3,220,6
1520,79.32621686832128,84.23722254230402,168,81.78171970531265,1,3,220,6
1521,79.30193653653578,84.21581342976152,169,81.75887498314864,1,3,220,6
1522,79.27776074769558,84.19342667276105,169,81.735593710228315,1,3,220,6
1523,79.25363864559368,84.17005007094778,168,81.71184435827072,1,3,220,6
1524,79.22951562409384,84.1456726072019,169,81.68759411564787,1,3,220,6
1525,79.20533419168447,84.12028422727953,169,81.66280920948199,1,3,220,6
1526,79.18103473853357,84.09387563508045,169,81.63745518680702,1,3,220,6
1527,79.15655610940009,84.06643781110118,168,81.61149696025063,1,3,220,6
1528,79.13183637347083,84.03796135174315,169,81.58489886260699,1,3,220,6
1529,79.10681398715032,84.00843650743654,169,81.55762524729343,1,3,220,6
1530,79.08142935077579,83.97785401726235,169,81.52964168401907,1,3,220,6
1531,79.05562656512677,83.94620595993159,169,81.50091626252919,1,3,220,6
1532,79.02935499847247,83.91348642618811,168,81.47142071233029,1,3,220,6
1533,79.00257046993822,83.87969240289642,169,81.44113143641732,1,3,220,6
1534,78.97523604998663,83.84482486890002,169,81.41003045944333,1,3,220,6
1535,78.94732247870425,83.80888971254542,170,81.37810609562484,1,3,220,6
1536,78.91880820246672,83.7718984708569,170,81.34535333666182,1,3,220,6
1537,78.88967912697453,83.73386928042221,171,81.31177420369838,1,3,220,6
1538,78.85992828206948,83.69482794225154,171,81.2773781121605,1,3,220,6
1539,78.82955559362573,83.65480851505842,171,81.24218205434207,1,3,220,6
1540,78.79856795769793,83.61385333901978,171,81.20621064835885,1,3,220,6
1541,78.76697932431189,83.5720128796712,172,81.16949610199154,1,3,220,6
1542,78.73481001048836,83.52934548882855,172,81.13207774965846,1,3,220,6
1543,78.70208524229479,83.48591688666387,172,81.09400106447933,1,3,220,6
1544,78.66883370593594,83.4417992664781,172,81.05531648620702,1,3,220,6
1545,78.63508640010808,83.39707002113715,173,81.01607821062262,1,3,220,6
1546,78.60087559407678,83.35181009005474,173,80.97634284206576,1,3,220,6
1547,78.56623389100277,83.3061019255418,173,80.93616790827228,1,3,220,6
1548,78.53119359112075,83.26002727236184,173,80.89561043174129,1,3,220,6
1549,78.49578625673918,83.21366514938086,173,80.85472570306001,1,3,220,6
1550,78.46004208840203,83.1670901295802,173,80.81356610899113,1,3,220,6
1551,78.4239893067892,83.12037072211136,172,80.77218001445027,1,3,220,6
1552,78.38765432017539,83.07356795277718,172,80.73061113647628,1,3,220,6
1553,78.35106257946995,83.02673453205458,172,80.68889855576226,1,3,220,6
1554,78.314239145061,82.97991460972017,172,80.64707687739059,1,3,220,6
1555,78.27720867244693,82.93314372510022,171,80.60517619877358,1,3,220,6
1556,78.23999520639327,82.88644895224864,171,80.56322207932095,1,3,220,6
1557,78.20262197831023,82.83984962964057,173,80.5212358039754,1,3,220,6
1558,78.16511120650733,82.79335857641763,171,80.47923489146248,1,3,220,6
1559,78.12748389897153,82.74698320965865,172,80.4372335543151,1,3,220,6
1560,78.08975965830876,82.70072636739543,171,80.39524301285209,1,3,220,6
1561,78.0519566835866,82.65458703232306,171,80.35327185795484,1,3,220,6
1562,78.01409235891549,82.60856105369064,172,80.31132670630306,1,3,220,6
1563,77.976184330944207,82.56264186738255,172,80.26941309916339,1,3,220,6
1564,77.93825148977477,82.51682131178542,172,80.2275364007801,1,3,220,6
1565,77.90031475547802,82.47109073460841,171,80.18570274504322,1,3,220,6
1566,77.8623980600524,82.42544219570378,171,80.14392012787809,1,3,220,6
1567,77.8245293294198,82.37986918079882,171,80.10219925510931,1,3,220,6
1568,77.78674068479113,82.33436682625715,171,80.06055375552414,1,3,220,6
1569,77.74906786296418,82.28893224018445,172,80.01900005157432,1,3,220,6
1570,77.71154963534349,82.2435652125593,172,79.9775574239514,1,3,220,6
1571,77.67422751773627,82.19826931442871,172,79.93624841608249,1,3,220,6
1572,77.63714557525032,82.1530531910914,173,79.89509938317086,1,3,220,6
1573,77.60035032164723,82.10793165905991,173,79.85414099035357,1,3,220,6
1574,77.56389090753581,82.06292631405049,173,79.81340861079315,1,3,220,6
1575,77.52781949913502,82.01806545469331,172,79.77294247691417,1,3,220,6
1576,77.49219145667836,81.9733835166981,172,79.73278748668824,1,3,220,6
1577,77.45706521411583,81.92892060225287,172,79.69299290818435,1,3,220,6
1578,77.42250205435178,81.88472210411445,172,79.65361207923311,1,3,220,6
1579,77.38856558403698,81.8408378385385,172,79.61470171128775,1,3,220,6
1580,77.35532032171793,81.79732058881126,171,79.5763204552646,1,3,220,6
1581,77.32282930081853,81.75422444877515,170,79.53852687479684,1,3,220,6
1582,77.2911510766242,81.7116032581599,170,79.50137716739205,1,3,220,6
1583,77.2603367215376,81.66950932397332,169,79.46492302275546,1,3,220,6
1584,77.2304275880171,81.62799242712204,170,79.42921000756957,1,3,220,6
1585,77.20145393595413,81.58709891836669,170,79.3942764271604,1,3,220,6
1586,77.17343383862519,81.54687080529114,171,79.36015232195817,1,3,220,6
1587,77.14637217166802,81.50734482955487,171,79.32685850061145,1,3,220,6
1588,77.12025987986492,81.46855163132311,171,79.29440575559401,1,3,220,6
1589,77.09507391182062,81.43051519540941,172,79.26279455361501,1,3,220,6
1590,77.0707784079362,81.39325267619995,172,79.23201554206807,1,3,220,6
1591,77.04732704450105,81.35677460097183,173,79.20205082273644,1,3,220,6
1592,77.02466575412807,81.32108535379277,173,79.17287555396041,1,3,220,6
1593,77.00273514046081,81.28618374476255,173,79.14445944261169,1,3,220,6
1594,76.98147200274771,81.25206346945171,174,79.11676773609972,1,3,220,6
1595,76.96080997119859,81.2187132634809,174,79.08976161733975,1,3,220,6
1596,76.94067983933434,81.18611694740959,173,79.06339839337195,1,3,220,6
1597,76.92101008204959,81.15425394732463,175,79.03763201468712,1,3,220,6
1598,76.90172795060735,81.12310029137676,174,79.01241412099205,1,3,220,6
1599,76.88276085306623,81.09262949736387,174,78.98769517521505,1,3,220,6
1600,76.86403704590637,81.06281325419224,174,78.9634251500493,1,3,220,6
1601,76.84548544291009,81.03362228776676,175,78.939553865338425,1,3,220,6
1602,76.82703512763325,81.00502731420981,175,78.91603122092152,1,3,220,6
1603,76.80861496072376,80.976999495643,175,78.89280722818339,1,3,220,6
1604,76.79015347826835,80.94951030144956,174,78.86983188985896,1,3,220,6
1605,76.77157927735063,80.92253116561176,174,78.84705522148118,1,3,220,6
1606,76.75282208500384,80.89603323317857,174,78.82442765909121,1,3,220,6
1607,76.73381421905748,80.86998739138312,174,78.8019008052203,1,3,220,6
1608,76.71449166167578,80.84436458585994,174,78.77942812376786,1,3,220,6
1609,76.69479464910088,80.81913622734218,174,78.75696543822153,1,3,220,6
1610,76.6746683638096,80.79427449421766,174,78.73447142901364,1,3,220,6
1611,76.65406382754695,80.76975233631553,174,78.71190808193124,1,3,220,6
1612,76.63293860594166,80.74554327789399,173,78.68924094191783,1,3,220,6
1613,76.61125722792684,80.72162141039557,173,78.66643931916121,1,3,220,6
1614,76.58899151569629,80.69796177045512,172,78.6434766430757,1,3,220,6
1615,76.56612092328321,80.67454110356174,173,78.62033101342247,1,3,220,6
1616,76.5426328841985,80.6513388186865,173,78.5969858514425,1,3,220,6
1617,76.51852316844652,80.62833774408865,173,78.57343045626759,1,3,220,6
1618,76.49379624911174,80.60552458707944,173,78.54966041809558,1,3,220,6
1619,76.46846558104336,80.58289029307988,174,78.52567793706163,1,3,220,6
1620,76.44255359649466,80.5604304017128,174,78.50149199910373,1,3,220,6
1621,76.41609141750683,80.53814540006758,174,78.4771184087872,1,3,220,6
1622,76.38911847976131,80.51604078058999,173,78.45257963017565,1,3,220,6
1623,76.36168196987443,80.49412621835874,174,78.42790409411658,1,3,220,6
1624,76.33383568536536,80.47241386767752,174,78.40312477652144,1,3,220,6
1625,76.30563831657713,80.45091636308881,174,78.37827733983298,1,3,220,6
1626,76.27715153989783,80.42964481724336,174,78.35339817857059,1,3,220,6
1627,76.24843801891643,80.40860681541369,173,78.32852241716506,1,3,220,6
1628,76.21955911746525,80.38780460156556,173,78.30368185951541,1,3,220,6
1629,76.19057261619609,80.36723384605614,173,78.27890323112612,1,3,220,6
1630,76.16153121206666,80.34688299494091,174,78.25420710350379,1,3,220,6
1631,76.13248199492637,80.32673281080402,173,78.22960740286518,1,3,220,6
1632,76.10346651022472,80.30675620282399,173,78.20511135652436,1,3,220,6
1633,76.07452121202837,80.28691893159142,173,78.1807200718099,1,3,220,6
1634,76.0456783056945,80.26718118909596,173,78.15642974739524,1,3,220,6
1635,76.01696688208963,80.24749946918972,174,78.13223317563967,1,3,220,6
1636,75.98841414777056,80.22782843653354,174,78.10812129215205,1,3,220,6
1637,75.9600465555921,80.20812279470577,174,78.08408467514894,1,3,220,6
1638,75.93189064023709,80.18833905662292,174,78.06011484843,1,3,220,6
1639,75.90397346071298,80.16843702286405,173,78.03620524178851,1,3,220,6
1640,75.87632264939775,80.14838096855856,174,78.01235180897815,1,3,220,6
1641,75.84896616474828,80.12814073454179,175,77.98855344964502,1,3,220,6
1642,75.82193194231336,80.10769272333519,175,77.96481233282427,1,3,220,6
1643,75.79524763868949,80.0870206053421,175,77.9411341220158,1,3,220,6
1644,75.76894066305698,80.06611583315778,174,77.91752824810737,1,3,220,6
1645,75.74303839832146,80.04497835438771,175,77.89400837635458,1,3,220,6
1646,75.71756822127294,80.02361752310206,174,77.8705928721875,1,3,220,6
1647,75.69255732134272,80.00205281977671,174,77.84730507055971,1,3,220,6
1648,75.66803270770485,79.98031408696183,174,77.82417339733334,1,3,220,6
1649,75.6440215018415,79.9584410853007,175,77.8012312935711,1,3,220,6
1650,75.62055132006152,79.93648256450788,175,77.77851694228471,1,3,220,6
1651,75.59765064800327,79.91449543390843,176,77.75607304095584,1,3,220,6
1652,75.57534920668702,79.89254412931234,176,77.73394666799967,1,3,220,6
1653,75.5536782121345,79.8706997851828,176,77.71218899865865,1,3,220,6
1654,75.53267033301758,79.8490391135706,176,77.69085472329408,1,3,220,6
1655,75.51235924831379,79.82764318381508,176,77.67000121606443,1,3,220,6
1656,75.49277880446203,79.80659600428788,176,77.64968740437496,1,3,220,6
1657,75.47396186902816,79.78598251475238,175,77.62997219189026,1,3,220,6
1658,75.45593907541752,79.76588598803629,176,77.61091253172691,1,3,220,6
1659,75.43873765320986,79.74638522986997,176,77.59256144153991,1,3,220,6
1660,75.4223804412106,79.72755177069936,176,77.57496610595499,1,3,220,6
1661,75.40688488773543,79.70944704828034,177,77.55816596800788,1,3,220,6
1662,75.39226184269472,79.69211997010372,176,77.54219090639921,1,3,220,6
1663,75.3785142387459,79.67560563498242,176,77.52705993686416,1,3,220,6
1664,75.36563575889112,79.65992511549692,175,77.51278043719401,1,3,220,6
1665,75.35360949048517,79.64508532538,175,77.49934740793259,1,3,220,6
1666,75.34240656576232,79.6310787764562,176,77.48674267110925,1,3,220,6
1667,75.33198478915703,79.61788381028961,175,77.47493429972332,1,3,220,6
1668,75.32228734941621,79.60546540219056,176,77.46387637580338,1,3,220,6
1669,75.31324210485302,79.593776147725407,177,77.45350912628922,1,3,220,6
1670,75.30476202785101,79.5827574322532,176,77.44375973005211,1,3,220,6
1671,75.29674680974678,79.57234117437811,176,77.43454399206244,1,3,220,6
1672,75.28908533484146,79.56245185161859,176,77.42576859323003,1,3,220,6
1673,75.28165873247943,79.5530078339823,176,77.41733328323087,1,3,220,6
1674,75.27434361874582,79.54392202662191,175,77.40913282268386,1,3,220,6
1675,75.26701513945498,79.53510279821391,175,77.40105896883445,1,3,220,6
1676,75.25954942617322,79.52645558654822,176,77.39300250636072,1,3,220,6
1677,75.25182546720531,79.51788498764458,175,77.38485522742494,1,3,220,6
1678,75.2437267856213,79.50929693971177,175,77.37651186266655,1,3,220,6
1679,75.23514292620663,79.50060041823694,176,77.36787167222178,1,3,220,6
1680,75.22597036299811,79.49170844858739,176,77.35883940579275,1,3,220,6
1681,75.21611263405124,79.48253882765158,176,77.3493257308514,1,3,220,6
1682,75.2054797050531,79.47301514107802,175,77.33924742306556,1,3,220,6
1683,75.19398695343466,79.463068077402,176,77.32852751541833,1,3,220,6
1684,75.18155455468177,79.45263616242764,176,77.3170953585547,1,3,220,6
1685,75.16810756477767,79.4416653297262,177,77.30488644725193,1,3,220,6
1686,75.15357650495068,79.43010791342851,177,77.2918422091896,1,3,220,6
1687,75.13789825482021,79.41792203952082,176,77.27791014717052,1,3,220,6
1688,75.12101705994705,79.40507151392141,177,77.26304428693423,1,3,220,6
1689,75.10288565477235,79.39152562276234,176,77.24720563876735,1,3,220,6
1690,75.08346669689323,79.37725855284286,176,77.23036262486804,1,3,220,6
1691,75.0627342207866,79.36224843276811,176,77.21249132677735,1,3,220,6
1692,75.04067433123646,79.34647619026255,176,77.1935752607495,1,3,220,6
1693,75.01728474670615,79.32992461613648,176,77.17360468142132,1,3,220,6
1694,74.9925731928762,79.31257763519588,176,77.15257541403604,1,3,220,6
1695,74.9665550365464,79.29441939421181,176,77.1304872153791,1,3,220,6
1696,74.9392509401015,79.27543306967873,176,77.10734200489011,1,3,220,6
1697,74.91068473139799,79.25559959072,176,77.08314216105899,1,3,220,6
1698,74.88088109862285,79.2348964724921,176,77.05788878555748,1,3,220,6
1699,74.84986330484956,79.21329695545104,177,77.0315801301503,1,3,220,6
1700,74.8176517022252,79.19076974343857,176,77.00421072283189,1,3,220,6
1701,74.78426314297302,79.16727973115084,177,76.97577143706192,1,3,220,6
1702,74.74971070166762,79.14278952640102,177,76.94625011403431,1,3,220,6
1703,74.71400370851477,79.11726098742507,177,76.91563234796992,1,3,220,6
1704,74.67714867864599,79.09065638565923,177,76.8839025321526,1,3,220,6
1705,74.6391511372829,79.06293919457507,177,76.85104516592898,1,3,220,6
1706,74.60001775545508,79.03407460269092,178,76.817046179073,1,3,220,6
1707,74.55975840601826,79.00402994639708,177,76.78189417620767,1,3,220,6
1708,74.51838794475086,78.97277535574963,177,76.74558165025024,1,3,220,6
1709,74.47592742374657,78.94028500389561,177,76.70810621382108,1,3,220,6
1710,74.43240434673288,78.90653866797118,177,76.66947150735203,1,3,220,6
1711,74.38785245367167,78.87152262647581,177,76.62968754007375,1,3,220,6
1712,74.34231239971565,78.83522999095939,177,76.58877119533753,1,3,220,6
1713,74.29583332798883,78.79766164267846,178,76.54674748533364,1,3,220,6
1714,74.24847397004282,78.75882796940053,177,76.50365096972168,1,3,220,6
1715,74.20030278552721,78.71875062204325,177,76.45952670378523,1,3,220,6
1716,74.1513975302844,78.67746399836473,177,76.41443076432456,1,3,220,6
1717,74.1018445444191,78.6350166484274,176,76.36843059642325,1,3,220,6
1718,74.05173795423579,78.59147221114418,176,76.32160508268998,1,3,220,6
1719,74.00117907931782,78.54690890578428,176,76.27404399255104,1,3,220,6
1720,73.95027643341207,78.50141787004907,176,76.22584715173056,1,3,220,6
1721,73.89914621999496,78.4551019040685,177,76.17712406203174,1,3,220,6
1722,73.84791273560757,78.4080752041279,175,76.12799396986773,1,3,220,6
1723,73.7967084840715,78.36046349933765,175,76.07858599170459,1,3,220,6
1724,73.7456741947166,78.312403516569,176,76.0290388556428,1,3,220,6
1725,73.69495864500918,78.26404099138149,176,75.97949981819534,1,3,220,6
1726,73.64471789522788,78.21552761295975,175,75.93012275409382,1,3,220,6
1727,73.5951136402639,78.16701729096717,176,75.881065465615535,1,3,220,6
1728,73.54631048106623,78.11866193705752,175,75.83248620906187,1,3,220,6
1729,73.49847221076553,78.07060753896178,175,75.78453987486365,1,3,220,6
1730,73.45175750306534,78.02299101248927,174,75.7373742577773,1,3,220,6
1731,73.40631548806445,77.9759378291893,174,75.69112665862687,1,3,220,6
1732,73.36228179831342,77.92956022249106,175,75.64592101040225,1,3,220,6
1733,73.31977527789526,77.88395558024911,175,75.60186542907218,1,3,220,6
1734,73.27889515736757,77.83920521702733,175,75.55905018719744,1,3,220,6
1735,73.23971898533364,77.79537430488251,174,75.51754664510807,1,3,220,6
1736,73.20230209538136,77.75251335152242,174,75.47740772345189,1,3,220,6
1737,73.16667880225592,77.71066122482459,174,75.43867001354025,1,3,220,6
1738,73.1328649362646,77.66984923522497,174,75.40135708574479,1,3,220,6
1739,73.10086122767235,77.63010529996515,174,75.36548326381876,1,3,220,6
1740,73.07065695556965,77.59145760344715,173,75.3310572795084,1,3,220,6
1741,73.0422333734941,77.55393755814525,173,75.29808546581967,1,3,220,6
1742,73.01556652183278,77.51758187054001,174,75.2665741961864,1,3,220,6
1743,72.9906291346684,77.48243351651176,174,75.23653132559008,1,3,220,6
1744,72.96739144632703,77.44854162561278,174,75.2079665359699,1,3,220,6
1745,72.94582099556764,77.41596046860535,173,75.1808907320865,1,3,220,6
1746,72.92588181802248,77.38474784012159,172,75.15531482907204,1,3,220,6
1747,72.90753341755952,77.35496322578388,173,75.1312483216717,1,3,220,6
1748,72.89072990730921,77.32666624058453,174,75.10869807394687,1,3,220,6
1749,72.8754195160731,77.29991563019381,174,75.08766757313344,1,3,220,6
1750,72.86154446081963,77.27476815150067,175,75.06815630616015,1,3,220,6
1751,72.84904108853272,77.25127684380664,175,75.05015896616968,1,3,220,6
1752,72.83784009324204,77.22948966518835,175,75.0336648792152,1,3,220,6
1753,72.82786690676265,77.20944917596994,175,75.0186580413663,1,3,220,6
1754,72.81904265436573,77.19119268332922,176,75.00511766884748,1,3,220,6
1755,72.81128567654392,77.17475216361454,176,74.99301892007924,1,3,220,6
1756,72.80451322796222,77.16015386424755,176,74.98233354610488,1,3,220,6
1757,72.79864306224054,77.14741777977224,176,74.9730304210064,1,3,220,6
1758,72.79359470874552,77.13655690411687,175,74.9650758064312,1,3,220,6
1759,72.78929005250706,77.12757586864879,176,74.95843296057792,1,3,220,6
1760,72.7856526332961,77.12046886829434,175,74.95306075079522,1,3,220,6
1761,72.78260566510296,77.1152170707095,175,74.94891136790623,1,3,220,6
1762,72.78006936246963,77.11178589875551,176,74.94592763061257,1,3,220,6
1763,72.77795825764566,77.1101227718388,176,74.94404051474223,1,3,220,6
1764,72.77617929009074,77.11015559928778,176,74.94316744468927,1,3,220,6
1765,72.77463076720801,77.11179202658353,177,74.94321139689578,1,3,220,6
1766,72.77320161258397,77.11491933803245,177,74.94406047530822,1,3,220,6
1767,72.7717708057991,77.11940482225086,177,74.94558781402498,1,3,220,6
1768,72.77020740567549,77.12509660221808,177,74.94765200394679,1,3,220,6
1769,72.76837135392162,77.13182512703422,177,74.95009824047793,1,3,220,6
1770,72.76611506122624,77.13940523021256,178,74.9527601457194,1,3,220,6
1771,72.76328577797489,77.14763836700841,178,74.95546207249166,1,3,220,6
1772,72.75972875185867,77.15631503365657,178,74.95802189275761,1,3,220,6
1773,72.75529088212004,77.16521776172542,177,74.96025432192272,1,3,220,6
1774,72.74982428760666,77.17412459329033,177,74.9619744404485,1,3,220,6
1775,72.74318949838059,77.1828124550786,177,74.9630009767296,1,3,220,6
1776,72.73525827315041,77.19106014240819,177,74.9631592077793,1,3,220,6
1777,72.72591584960932,77.19865091636369,176,74.9622833829865,1,3,220,6
1778,72.7150622395348,77.20537471764865,177,74.96021847859173,1,3,220,6
1779,72.70261247290217,77.21103000050917,177,74.95682123670568,1,3,220,6
1780,72.68849598764224,77.21542528752849,178,74.95196063758536,1,3,220,6
1781,72.672655361438,77.21838064346765,178,74.94551800245283,1,3,220,6
1782,72.65504458172818,77.21972897358553,177,74.93738677765685,1,3,220,6
1783,72.6356271474422,77.21931675910795,177,74.92747195327507,1,3,220,6
1784,72.61437439337234,77.21700413491939,176,74.91568926414587,1,3,220,6
1785,72.5912640377659,77.21266450694412,176,74.901964272355,1,3,220,6
1786,72.56627856342281,77.20618371139506,177,74.88623113740894,1,3,220,6
1787,72.53940343265948,77.197458522786,177,74.86843097772274,1,3,220,6
1788,72.51062552659882,77.1863947075796,177,74.8485101170892,1,3,220,6
1789,72.47993219917625,77.17290521034174,177,74.82641870475899,1,3,220,6
1790,72.44731133620222,77.15690886403783,178,74.80211010012002,1,3,220,6
1791,72.41275232213485,77.13832982089639,178,74.77554107151562,1,3,220,6
1792,72.37624732952928,77.11709751003187,178,74.74667241978057,1,3,220,6
1793,72.33779254117628,77.09314653779607,179,74.71546953948618,1,3,220,6
1794,72.29738910997102,77.06641633688848,179,74.68190272342974,1,3,220,6
1795,72.25504366149234,77.0368507603205,179,74.64594721090643,1,3,220,6
1796,72.21076814419924,77.00439781625356,179,74.6075829802264,1,3,220,6
1797,72.16457912467807,76.96900973966103,179,74.56679443216956,1,3,220,6
1798,72.11649691790265,76.93064340162468,178,74.52357015976366,1,3,220,6
1799,72.06654464978384,76.88926086193636,179,74.4779027558601,1,3,220,6
1800,72.01474705661256,76.84482977305889,178,74.42978841483573,1,3,250,7
1801,71.96112921612372,76.79732324587668,178,74.3792262310002,1,3,250,7
1802,71.90571579504928,76.74671917774977,178,74.32621748639951,1,3,250,7
1803,71.8485309103186,76.69299943346896,178,74.27076517189377,1,3,250,7
1804,71.78959821336382,76.63614936714983,178,74.21287379025682,1,3,250,7
1805,71.72894109961008,76.57615827055227,179,74.15254968508117,1,3,250,7
1806,71.66658323785148,76.5130207480434,179,74.08980199294744,1,3,250,7
1807,71.60254951667939,76.44673843314524,179,74.02464397491232,1,3,250,7
1808,71.53686740758609,76.37732165659469,179,73.9570945320904,1,3,250,7
1809,71.46956864680932,76.30479087080573,178,73.88717975880752,1,3,250,7
1810,71.40069104040388,76.22917783056167,179,73.81493443548277,1,3,250,7
1811,71.33028009942376,76.15052672468035,179,73.74040341205205,1,3,250,7
1812,71.25839011446863,76.06889535568402,178,73.66364273507632,1,3,250,7
1813,71.18508466887626,75.98435636677485,179,73.58472051782556,1,3,250,7
1814,71.11043697985266,75.89699851520457,179,73.50371774752861,1,3,250,7
1815,71.03453026160928,75.80692799089464,179,73.42072912625196,1,3,250,7
1816,70.95745810934679,75.71426948630388,179,73.33586379782534,1,3,250,7
1817,70.87932500032727,75.6191664306636,180,73.24924571549543,1,3,250,7
1818,70.80024710567145,75.52178067923941,180,73.16101389245543,1,3,250,7
1819,70.72035331371589,75.4222928258138,180,73.07132306976484,1,3,250,7
1820,70.63978607295114,75.32090333092503,180,72.9803447019381,1,3,250,7
1821,70.55870195497937,75.21783368273431,180,72.88826781885683,1,3,250,7
1822,70.47727213033598,75.1133270997116,179,72.7952996150238,1,3,250,7
1823,70.39568275472773,75.00764857663671,178,72.70166566568221,1,3,250,7
1824,70.31413506794173,74.90108436765523,179,72.60760971779848,1,3,250,7
1825,70.2328451049759,74.79394129237131,178,72.51339319867361,1,3,250,7
1826,70.15204301623784,74.68654605558712,177,72.41929453591248,1,3,250,7
1827,70.07197170083872,74.57924457593575,177,72.32560813838722,1,3,250,7
1828,69.99288416420069,74.47240044047717,177,72.23264230233893,1,3,250,7
1829,69.91503930359359,74.36639072416689,178,72.14071501388024,1,3,250,7
1830,69.83869611765505,74.26159887594072,178,72.05014749679788,1,3,250,7
1831,69.76410682358562,74.15840583606128,179,71.96125632982344,1,3,250,7
1832,69.69150985343346,74.05718054927047,180,71.87434520135196,1,3,250,7
1833,69.62112350589568,73.95827103832187,180,71.78969727210878,1,3,250,7
1834,69.55314083517997,73.86199661741969,180,71.70756872629983,1,3,250,7
1835,69.4877259686312,73.76864124017885,181,71.62818360440502,1,3,250,7
1836,69.42501165506721,73.67844856239743,181,71.55173010873233,1,3,250,7
1837,69.3650979437385,73.59161939802124,181,71.47835867087987,1,3,250,7
1838,69.30805199183536,73.50831058915267,182,71.40818129049401,1,3,250,7
1839,69.253909096511,73.4286346042206,182,71.3412718503658,1,3,250,7
1840,69.20267514543639,73.35266112984706,182,71.27766813764173,1,3,250,7
1841,69.15433019271651,73.28042094724312,181,71.21737556997982,1,3,250,7
1842,69.10883237977704,73.21191092156425,182,71.16037165067064,1,3,250,7
1843,69.06612151874367,73.14709942094784,181,71.10661046984575,1,3,250,7
1844,69.02612175369507,73.08593177509594,181,71.05602676439551,1,3,250,7
1845,68.9887433007078,73.02833518863987,182,71.00853924467384,1,3,250,7
1846,68.95388385310824,72.97422271995062,181,70.96405328652943,1,3,250,7
1847,68.92143004346457,72.9234961314136,180,70.92246308743908,1,3,250,7
1848,68.89125915894635,72.87604780757388,180,70.88365348326012,1,3,250,7
1849,68.86324130687869,72.83176232789985,180,70.84750181738927,1,3,250,7
1850,68.83724222749066,72.79051808598311,180,70.81388015673689,1,3,250,7
1851,68.81312636572018,72.75218915203476,180,70.78265775887746,1,3,250,7
1852,68.79075922875836,72.71664708795406,181,70.75370315835622,1,3,250,7
1853,68.77000873881582,72.6837619366339,181,70.72688533772487,1,3,250,7
1854,68.75074597335728,72.65340209489246,180,70.70207403412488,1,3,250,7
1855,68.73284539240328,72.62543326713184,181,70.67913932976757,1,3,250,7
1856,68.71618435983731,72.59971669684965,181,70.65795052834349,1,3,250,7
1857,68.70064215574581,72.57610687317002,182,70.63837451445792,1,3,250,7
1858,68.6860990669121,72.55444920226363,183,70.62027413458787,1,3,250,7
1859,68.67243565489898,72.53457842626231,183,70.60350704058064,1,3,250,7
1860,68.65953181348016,72.51631798717196,183,70.58792490032606,1,3,250,7
1861,68.64726561729955,72.49947994820961,183,70.57337278275457,1,3,250,7
1862,68.63551235376988,72.48386537777755,183,70.55968886577372,1,3,250,7
1863,68.62414413025677,72.46926539407592,183,70.54670476216634,1,3,250,7
1864,68.61303044864104,72.45546306852926,183,70.53424675858514,1,3,250,7
1865,68.60203974925778,72.4422363863584,183,70.5221380678081,1,3,250,7
1866,68.59104153610856,72.42936197505263,184,70.5102017555806,1,3,250,7
1867,68.57990859769686,72.41661882387639,184,70.49826371078663,1,3,250,7
1868,68.568518740261,72.4037917052526,183,70.48615522275679,1,3,250,7
1869,68.55675593783346,72.39067449651671,183,70.47371521717508,1,3,250,7
1870,68.54451129118246,72.37707321029504,183,70.46079225073875,1,3,250,7
1871,68.53168409006123,72.36280815147114,183,70.44724612076618,1,3,250,7
1872,68.51818317554292,72.34771530128634,183,70.43294923841464,1,3,250,7
1873,68.50392850645866,72.33164771166923,184,70.41778810906395,1,3,250,7
1874,68.4888525411765,72.31447691235054,183,70.40166472676353,1,3,250,7
1875,68.47290114334436,72.29609355275909,183,70.38449734805172,1,3,250,7
1876,68.4560338175875,72.27640737823455,185,70.36622059791102,1,3,250,7
1877,68.43822356861824,72.25534751762186,184,70.34678554312005,1,3,250,7
1878,68.41945716467757,72.2328628885743,185,70.32616002662593,1,3,250,7
1879,68.39973580572772,72.20892135615225,185,70.30432858093998,1,3,250,7
1880,68.37907541631074,72.18350774306417,184,70.28129157968746,1,3,250,7
1881,68.35750627043706,72.15662225267005,184,70.25706426155355,1,3,250,7
1882,68.3350721433151,72.12827940253166,185,70.23167577292338,1,3,250,7
1883,68.31182908699958,72.09850610298444,185,70.20516759499202,1,3,250,7
1884,68.28784382931445,72.06733897805448,185,70.17759140368446,1,3,250,7
1885,68.26319189272422,72.03482248892483,185,70.14900719082453,1,3,250,7
1886,68.23795562716856,72.00100785939388,184,70.11948174328123,1,3,250,7
1887,68.21222205815407,71.9659512420378,184,70.08908665009594,1,3,250,7
1888,68.18608015870615,71.92971112429194,185,70.05789564149904,1,3,250,7
1889,68.15961793400251,71.89234653419769,186,70.0259822341001,1,3,250,7
1890,68.13292048776694,71.85391614245204,185,69.9934183151095,1,3,250,7
1891,68.1060691665935,71.81447689431445,185,69.96027303045398,1,3,250,7
1892,68.07914080549176,71.77408236553771,185,69.92661158551473,1,3,250,7
1893,68.05220687831799,71.73278259712126,186,69.89249473771963,1,3,250,7
1894,68.02533313714432,71.69062531052381,185,69.85797922383406,1,3,250,7
1895,67.99857973946085,71.64765655181391,186,69.82311814563738,1,3,250,7
1896,67.97200127695373,71.60392066647252,185,69.78796097171312,1,3,250,7
1897,67.94564670491275,71.55946135978914,185,69.75255403235094,1,3,250,7
1898,67.91955975663197,71.51432374459999,185,69.71694175061597,1,3,250,7
1899,67.8937797445003,71.46855542490978,184,69.68116758470504,1,3,250,7
1900,67.86834196680685,71.42220651715591,185,69.64527424198138,1,3,250,7
1901,67.84327742703677,71.37533036407639,185,69.60930389555658,1,3,250,7
1902,67.81861206018084,71.32798523300832,184,69.57329864659458,1,3,250,7
1903,67.79436585572401,71.2802355346824,184,69.53730069520321,1,3,250,7
1904,67.77055246212984,71.2321513911348,184,69.50135192663232,1,3,250,7
1905,67.74717937004789,71.18380684436467,185,69.46549310720627,1,3,250,7
1906,67.72424828388628,71.1352777775803,185,69.42976303073328,1,3,250,7
1907,67.70175538902231,71.08663964542325,185,69.39419751722278,1,3,250,7
1908,67.67969131955076,71.0379651095321,185,69.35882821454143,1,3,250,7
1909,67.65804082662228,70.98932284627467,185,69.32368183644849,1,3,250,7
1910,67.63678234257733,70.94077742798825,184,69.28877988528279,1,3,250,7
1911,67.61588783127506,70.89238852098258,184,69.25413817612882,1,3,250,7
1912,67.59532351021451,70.84420939930432,184,69.21976645475942,1,3,250,7
1913,67.57505105472931,70.79628652901755,185,69.18566879187344,1,3,250,7
1914,67.5550279192129,70.74866061232301,185,69.15184426576795,1,3,250,7
1915,67.53520658089062,70.70136811540968,185,69.11828734815015,1,3,250,7
1916,67.51553368221153,70.65444259663359,185,69.08498813942256,1,3,250,7
1917,67.49594965783783,70.6079154443011,185,69.05193255106946,1,3,250,7
1918,67.47638904212423,70.56181602352726,186,69.01910253282574,1,3,250,7
1919,67.45678136047871,70.51617162182141,185,68.98647649115006,1,3,250,7
1920,67.43705221549098,70.47100729047065,185,68.95402975298082,1,3,250,7
1921,67.41712447137675,70.42634538620987,186,68.92173492879331,1,3,250,7
1922,67.39691973293148,70.38220491033452,185,68.88956232163301,1,3,250,7
1923,67.37636012017836,70.33860103508508,185,68.85748057763172,1,3,250,7
1924,67.35537014486331,70.29554471948212,185,68.82545743217273,1,3,250,7
1925,67.33387849494135,70.25304182914861,185,68.79346016204498,1,3,250,7
1926,67.31181953316121,70.21109215009083,185,68.76145584162603,1,3,250,7
1927,67.28913441330674,70.16968966185556,185,68.72941203758114,1,3,250,7
1928,67.26577181508034,70.12882397252882,185,68.69729789380457,1,3,250,7
1929,67.24168820099096,70.08848135508603,185,68.6650847780385,1,3,250,7
1930,67.21684740097353,70.04864509264031,185,68.63274624680693,1,3,250,7
1931,67.1912196229733,70.00929610815857,184,68.60025786556594,1,3,250,7
1932,67.16478028024038,69.97041407397268,184,68.56759717710653,1,3,250,7
1933,67.13750892842329,69.93197841616035,185,68.53474367229182,1,3,250,7
1934,67.10938850791035,69.89396882396161,185,68.50167866593598,1,3,250,7
1935,67.08040489172889,69.85636506947648,184,68.46838498060268,1,3,250,7
1936,67.05054654418561,69.81914623549046,185,68.43484638983804,1,3,250,7
1937,67.01980419294286,69.78228974187806,185,68.40104696741045,1,3,250,7
1938,66.98817051474322,69.74577046353313,185,68.36697048913817,1,3,250,7
1939,66.95563993247261,69.70956013528672,184,68.33260003387966,1,3,250,7
1940,66.92220871873474,69.67362704421657,185,68.29791788147566,1,3,250,7
1941,66.88787550355144,69.63793581470534,184,68.26290565912839,1,3,250,7
1942,66.85264218624296,69.6024472867366,185,68.22754473648979,1,3,250,7
1943,66.81651515397427,69.56711868305334,185,68.19181691851381,1,3,250,7
1944,66.77950661187143,69.53190426086039,185,68.1557054363659,1,3,250,7
1945,66.74163573197572,69.49675664380479,185,68.11919618789025,1,3,250,7
1946,66.7029292306481,69.46162854233029,185,68.08227888648919,1,3,250,7
1947,66.66342137412042,69.4264740828454,185,68.04494772848291,1,3,250,7
1948,66.62315380196421,69.39124955136089,185,68.00720167666255,1,3,250,7
1949,66.58217536303019,69.35591394245026,186,67.96904465274022,1,3,250,7
1950,66.54054196319504,69.3204295092826,186,67.93048573623882,1,3,250,7
1951,66.4983163266111,69.28476231536347,186,67.89153932098728,1,3,250,7
1952,66.45556747451673,69.2488828861044,185,67.85222518031057,1,3,250,7
1953,66.41236962801764,69.21276715581718,185,67.81256839191741,1,3,250,7
1954,66.36880014361265,69.17639741797805,185,67.77259878079535,1,3,250,7
1955,66.3249369680004,69.13976249884364,185,67.73234973342201,1,3,250,7
1956,66.28085697649635,69.10285715469327,185,67.6918570655948,1,3,250,7
1957,66.23663538894252,69.06568147316361,185,67.65115843105306,1,3,250,7
1958,66.19234528657202,69.0282406689051,184,67.61029297773857,1,3,250,7
1959,66.14805683851493,68.99054527356051,185,67.56930105603772,1,3,250,7
1960,66.10383643186775,68.95261142736788,185,67.52822392961781,1,3,250,7
1961,66.0597460943739,68.91446068699146,184,67.48710339068268,1,3,250,7
1962,66.0158437938988,68.8761192518019,185,67.44598152285035,1,3,250,7
1963,65.97218432111399,68.83761699844837,185,67.40490065978118,1,3,250,7
1964,65.92881958403453,68.79898661593602,185,67.36390309998527,1,3,250,7
1965,65.8857979234163,68.76026303580622,185,67.32303047961126,1,3,250,7
1966,65.84316283838157,68.72148305936287,185,67.28232294887222,1,3,250,7
1967,65.8009516092148,68.68268479124477,186,67.24181820022979,1,3,250,7
1968,65.75919440186058,68.64390678124559,186,67.20155059155309,1,3,250,7
1969,65.717913853534,68.60518706889482,186,67.1615504612144,1,3,250,7
1970,65.67712455374615,68.56656222774902,186,67.12184339074759,1,3,250,7
1971,65.63683222533146,68.52806640879206,186,67.08244931706176,1,3,250,7
1972,65.59703280035677,68.48973038236633,186,67.04338159136155,1,3,250,7
1973,65.557711780981,68.45158057809442,187,67.0046461795377,1,3,250,7
1974,65.51884447053345,68.4136382198619,186,66.96624134519767,1,3,250,7
1975,65.48039717256398,68.37591875055689,186,66.92815796156043,1,3,250,7
1976,65.44232896809757,68.33843174131866,187,66.89038035470811,1,3,250,7
1977,65.4045938765412,68.30118148011172,187,66.85288767832645,1,3,250,7
1978,65.36714340087974,68.26416804439249,187,66.81565572263611,1,3,250,7
1979,65.32992916524351,68.22738827257822,187,66.77865871891086,1,3,250,7
1980,65.2929050603394,68.19083653677377,186,66.74187079855659,1,3,250,7
1981,65.25602870240441,68.15450570694264,186,66.70526720467353,1,3,250,7
1982,65.21926240147664,68.11838840414592,186,66.66882540281128,1,3,250,7
1983,65.18257383471641,68.08247834789377,186,66.6325260913051,1,3,250,7
1984,65.14593662043211,68.04677131002038,186,66.59635396522624,1,3,250,7
1985,65.10933089084668,68.0112648948416,186,66.56029789284415,1,3,250,7
1986,65.07274386401177,67.9759571456558,186,66.52435050483379,1,3,250,7
1987,65.03617012256792,67.94084475795205,187,66.48850744025998,1,3,250,7
1988,64.99961101433307,67.9059215821436,186,66.45276629823834,1,3,250,7
1989,64.9630730772654,67.87117800111909,186,66.41712553919226,1,3,250,7
1990,64.92656587892031,67.8366008901053,186,66.38158338451281,1,3,250,7
1991,64.8900998555383,67.80217298854704,186,66.34613642204266,1,3,250,7
1992,64.85368493094775,67.76787148912754,187,66.31077821003765,1,3,250,7
1993,64.81733001266639,67.73366662448117,187,66.27549831857378,1,3,250,7
1994,64.78104277980563,67.69952073965206,187,66.24028175972884,1,3,250,7
1995,64.7448293724974,67.66538804587174,188,66.20510870918457,1,3,250,7
1996,64.70869378768417,67.63121525133175,188,66.16995451950797,1,3,250,7
1997,64.67263717626005,67.59694326473266,187,66.13479022049636,1,3,250,7
1998,64.63665762670615,67.56250948473378,187,66.09958355571996,1,3,250,7
1999,64.60075072780377,67.52784950574863,187,66.0643001167762,1,3,250,7
2000,64.56491091045092,67.49289814350644,187,66.02890452697868,1,3,250,7
2001,64.52913278835416,67.45759075674964,187,65.9933617725519,1,3,250,7
2002,64.49341093709916,67.42186525623268,188,65.95763809666592,1,3,250,7
2003,64.45773830675748,67.38566460695833,188,65.9217014568579,1,3,250,7
2004,64.422105218842745,67.34893933691444,188,65.8855222778786,1,3,250,7
2005,64.38649972802041,67.31164927286562,188,65.84907450044301,1,3,250,7
2006,64.35090895857626,67.2737643088792,188,65.81233663372772,1,3,250,7
2007,64.31532092814044,67.23526459836421,187,65.77529276325232,1,3,250,7
2008,64.27972627363907,67.19614065777898,188,65.73793346570903,1,3,250,7
2009,64.24411968457517,67.15639396753015,188,65.70025682605265,1,3,250,7
2010,64.20850123884557,67.11603797267138,188,65.66226960575847,1,3,250,7
2011,64.17287803131688,67.07509870308397,188,65.62398836720043,1,3,250,7
2012,64.13726668037634,67.03361472031,187,65.58544070034317,1,3,250,7
2013,64.10169602956914,66.99163658568887,187,65.54666630762901,1,3,250,7
2014,64.0662080932959,66.94922623935031,189,65.5077171663231,1,3,250,7
2015,64.03085695349058,66.90645687452422,189,65.4686569140074,1,3,250,7
2016,63.995706972132915,66.8634133062092,188,65.42956013917106,1,3,250,7
2017,63.96083080645178,66.82019224782474,187,65.39051152713826,1,3,250,7
2018,63.92630683570244,66.77690190929188,188,65.35160437249716,1,3,250,7
2019,63.89221609594685,66.7336603298061,189,65.31293821287647,1,3,250,7
2020,63.8586393068527,66.69059254116266,189,65.27461592400768,1,3,250,7
2021,63.82565428188093,66.6478273401159,189,65.23674081099841,1,3,250,7
2022,63.79333372062954,66.60549405799694,189,65.19941388931323,1,3,250,7
2023,63.76174367475158,66.56371932560505,189,65.16273150017831,1,3,250,7
2024,63.730943271546906,66.52262392891534,188,65.12678360023112,1,3,250,7
2025,63.70098530404471,66.48231994872279,189,65.09165262638375,1,3,250,7
2026,63.67191632111844,66.4429081823674,188,65.05741225174292,1,3,250,7
2027,63.64377602173316,66.4044756507547,188,65.02412583624394,1,3,250,7
2028,63.61659692798405,66.36709338418214,189,64.99184515608309,1,3,250,7
2029,63.590404628923864,66.33081507081579,188,64.96060984986983,1,3,250,7
2030,63.56521820451934,66.29567676179838,189,64.93044748315886,1,3,250,7
2031,63.54105063425845,66.26169743712613,188,64.90137403569229,1,3,250,7
2032,63.51790919010765,66.22888033419167,189,64.87339476214966,1,3,250,7
2033,63.495795618538125,66.19721503864162,189,64.84650532858987,1,3,250,7
2034,63.47470572135538,66.16667994732404,190,64.82069283433971,1,3,250,7
2035,63.45462853038373,66.13724432319758,190,64.79593642679066,1,3,250,7
2036,63.43554585637878,66.10886984500218,189,64.77220785069048,1,3,250,7
2037,63.4174325049538,66.08151223738895,189,64.74947237117138,1,3,250,7
2038,63.40025696472314,66.05512307962277,187,64.72769002217296,1,3,250,7
2039,63.38398227543931,66.02965140336147,188,64.70681683940039,1,3,250,7
2040,63.36856668646551,66.0050449827116,188,64.68680583458855,1,3,250,7
2041,63.35396381354793,65.98125151243252,188,64.66760766299022,1,3,250,7
2042,63.340122099466335,65.9582194800306,188,64.64917078974847,1,3,250,7
2043,63.326983969434494,65.93589814733805,189,64.63144105838627,1,3,250,7
2044,63.314485657419496,65.91423703252366,188,64.61436134497157,1,3,250,7
2045,63.30255789935164,65.89318625883274,189,64.59787207909218,1,3,250,7
2046,63.29112690899956,65.87269767330542,189,64.58191229115249,1,3,250,7
2047,63.28011544251616,65.85272517567007,189,64.56642030909312,1,3,250,7
2048,63.26944414787761,65.83322396555329,190,64.55133405671545,1,3,250,7
2049,63.259033297946004,65.81414968408998,189,64.53659149101799,1,3,250,7
2050,63.24880490837332,65.79545764570344,190,64.52213127703838,1,3,250,7
2051,63.238685144038314,65.77710157552391,189,64.50789335978112,1,3,250,7
2052,63.228606820150546,65.7590320482321,189,64.49381943419132,1,3,250,7
2053,63.21851141392836,65.74119560444954,188,64.47985350918896,1,3,250,7
2054,63.208349612495645,65.72353454546179,188,64.46594207897871,1,3,250,7
2055,63.198080105291545,65.70598643173709,188,64.45203326851431,1,3,250,7
2056,63.187667011930316,65.68848318860185,189,64.43807510026608,1,3,250,7
2057,63.177076859483456,65.67095060034066,188,64.42401372991206,1,3,250,7
2058,63.16627648415511,65.65330838885879,189,64.40979243650695,1,3,250,7
2059,63.15523202636214,65.63547048792165,188,64.3953512571419,1,3,250,7
2060,63.14390816850979,65.61734531915008,189,64.38062674382994,1,3,250,7
2061,63.13226731451863,65.59883607111266,189,64.36555169281564,1,3,250,7
2062,63.12026877372958,65.57984117801354,189,64.35005497587156,1,3,250,7
2063,63.107867949780136,65.560255389626093,189,64.33406166970312,1,3,250,7
2064,63.09501553509311,65.5399713365134,189,64.31749343580326,1,3,250,7
2065,63.0816567116801,65.51888100695086,189,64.30026885931548,1,3,250,7
2066,63.06773035903554,65.49687694214354,189,64.28230365058954,1,3,250,7
2067,63.053168269982876,65.47385334648615,189,64.26351080823451,1,3,250,7
2068,63.03789443750218,65.44970740714874,189,64.24380092232546,1,3,250,7
2069,63.0218246973527,65.42434121478713,189,64.22308295606992,1,3,250,7
2070,63.004867046889466,65.39766418942426,189,64.20126561815687,1,3,250,7
2071,62.98692261478597,65.36959542776678,190,64.17825902127638,1,3,250,7
2072,62.967887096890706,65.34006538813009,189,64.1539762425104,1,3,250,7
2073,62.947652597680296,65.30901632902109,189,64.1283344633507,1,3,250,7
2074,62.9261098789149,65.27640150246074,190,64.10125569068782,1,3,250,7
2075,62.90315082208707,65.24218368815346,190,64.07266725512027,1,3,250,7
2076,62.878670716206294,65.2063337520027,190,64.0425022341045,1,3,250,7
2077,62.852570079977454,65.168830009880935,190,64.0107000449292,1,3,250,7
2078,62.82475582491415,65.12965829958526,189,63.977207062249704,1,3,250,7
2079,62.79514176093025,65.08881178594369,189,63.94197677343697,1,3,250,7
2080,62.7636486409376,65.04629010913635,188,63.90496937503698,1,3,250,7
2081,62.73020403840563,65.00209807140169,189,63.86615105490366,1,3,250,7
2082,62.69474244926385,64.95624425229438,189,63.82549335077911,1,3,250,7
2083,62.65720571681258,64.90874013767515,190,63.78297292724386,1,3,250,7
2084,62.61754358558912,64.85960005492046,190,63.73857182025479,1,3,250,7
2085,62.57571428755691,64.80884191415836,189,63.692278100857635,1,3,250,7
2086,62.531685161397384,64.75648836515055,189,63.64408676327396,1,3,250,7
2087,62.48543320801193,64.70256758924539,189,63.594000398628665,1,3,250,7
2088,62.436945387660344,64.64711333589946,189,63.5420293617799,1,3,250,7
2089,62.386218756631884,64.59016420332708,189,63.48819147997948,1,3,250,7
2090,62.33326083380947,64.5317626504361,189,63.432511742122784,1,3,250,7
2091,62.27809019717383,64.47195471481317,189,63.3750224559935,1,3,250,7
2092,62.22073691997488,64.41079043609079,189,63.31576367803284,1,3,250,7
2093,62.16124274873758,64.34832400860127,189,63.25478337866942,1,3,250,7
2094,62.0996612177031,64.28461336993567,190,63.192137293819385,1,3,250,7
2095,62.03605769904922,64.2197196147381,191,63.12788865689366,1,3,250,7
2096,61.970509192974994,64.1537066229863,191,63.062107907980646,1,3,250,7
2097,61.90310385663119,64.08664090178597,191,62.99487237920858,1,3,250,7
2098,61.83394046577758,64.01859076183824,191,62.926265613807914,1,3,250,7
2099,61.76312780779919,63.949624632484905,191,62.856376220142046,1,3,250,7
2100,61.6907838094731,63.87980968473031,191,62.78529674710171,1,3,280,8
2101,61.61703449533084,63.80921095624704,192,62.71312272578894,1,3,280,8
2102,61.54201316492713,63.73789058717323,192,62.639951876050176,1,3,280,8
2103,61.46585988459064,63.66590775092972,192,62.56588381776018,1,3,280,8
2104,61.38872109650885,63.59331937663093,191,62.491020236569895,1,3,280,8
2105,61.31074914789243,63.520180881859254,191,62.41546501487584,1,3,280,8
2106,61.23210154286598,63.44654662229377,191,62.33932408257988,1,3,280,8
2107,61.1529398171739,63.372470252396596,191,62.26270503478525,1,3,280,8
2108,61.073428033244575,63.29800480122673,192,62.18571641723565,1,3,280,8
2109,60.993731185718765,63.22320187731379,192,62.10846653151628,1,3,280,8
2110,60.91401410013131,63.14811029438506,192,62.03106219725819,1,3,280,8
2111,60.834440529565015,63.072775287610696,193,61.953607908587855,1,3,280,8
2112,60.75517127624469,62.99723851468667,193,61.876204895465676,1,3,280,8
2113,60.676361140455,62.921538060740815,192,61.79894960059791,1,3,280,8
2114,60.598155474612796,62.84570786118573,191,61.72193166789926,1,3,280,8
2115,60.52068682779516,62.76977615178558,191,61.64523148979037,1,3,280,8
2116,60.444071873545134,62.69376323803404,191,61.56891755578958,1,3,280,8
2117,60.368408813982235,62.61767955879318,190,61.493044186387706,1,3,280,8
2118,60.29377545349618,62.54152453157415,191,61.41764999253516,1,3,280,8
2119,60.22022784296679,62.46528617929848,191,61.34275701113263,1,3,280,8
2120,60.14779910314844,62.38894124594078,192,61.26837017454461,1,3,280,8
2121,60.076498621432364,62.31245521602392,192,61.19447691872814,1,3,280,8
2122,60.00631240179271,62.2357821407976,192,61.121047271295154,1,3,280,8
2123,59.93720466530627,62.1588646617908,193,61.048034663548535,1,3,280,8
2124,59.86912011621498,62.08163442752662,192,60.9753772718708,1,3,280,8
2125,59.801986581453164,62.0040129042841,192,60.90299974286863,1,3,280,8
2126,59.73571802448184,61.92591258196348,192,60.830815303222664,1,3,280,8
2127,59.67021764192176,61.84723857627126,192,60.75872810909651,1,3,280,8
2128,59.60538045908148,61.76789043350646,192,60.68663544629397,1,3,280,8
2129,59.54109532833885,61.68776374927163,193,60.61442953880524,1,3,280,8
2130,59.477246722156536,61.60675150512787,192,60.541999113642206,1,3,280,8
2131,59.41371641998815,61.524745319884275,193,60.46923086993621,1,3,280,8
2132,59.35038489577803,61.44163661718228,193,60.39601075648015,1,3,280,8
2133,59.28713250542107,61.35731751598545,193,60.322225010703264,1,3,280,8
2134,59.22384086618924,61.27168164073396,194,60.247761253461604,1,3,280,8
2135,59.16039433244905,61.184625438055754,194,60.1725098852524,1,3,280,8
2136,59.0966809842912,61.09605000168425,193,60.09636549298772,1,3,280,8
2137,59.032593130869365,61.00586282196962,194,60.019227976419494,1,3,280,8
2138,58.968027915405735,60.91397907137017,193,59.94100349338795,1,3,280,8
2139,58.9028883161465,60.82032223228595,194,59.86160527421623,1,3,280,8
2140,58.837084544864815,60.72482406854608,193,59.780954306705446,1,3,280,8
2141,58.77053545426735,60.62742413680086,193,59.69897979553411,1,3,280,8
2142,58.703169175400866,60.52806932657385,193,59.61561925098736,1,3,280,8
2143,58.63492279124857,60.42671421023696,193,59.53081850074277,1,3,280,8
2144,58.56574143779115,60.32332191113104,193,59.44453167446109,1,3,280,8
2145,58.495577321207655,60.217864125010436,193,59.35672072310905,1,3,280,8
2146,58.42438923730264,60.11032039291901,196,59.26735481511082,1,3,280,8
2147,58.35214288651636,60.00067818653274,194,59.17641053652455,1,3,280,8
2148,58.27881198515135,59.88893380628383,193,59.08387289571759,1,3,280,8
2149,58.20437958811955,59.77509253185954,193,58.989736059989546,1,3,280,8
2150,58.12883845317286,59.659168122675666,193,58.894003287924264,1,3,280,8
2151,58.05219034934283,59.54118342392783,193,58.79668688663533,1,3,280,8
2152,57.9744452850734,59.4211717853862,193,58.6978085352298,1,3,280,8
2153,57.89562094863635,59.299176951654715,193,58.59739895014553,1,3,280,8
2154,57.81574197053426,59.175251325835646,194,58.495496648184954,1,3,280,8
2155,57.73483881254552,59.04945475176269,193,58.3921467821541,1,3,280,8
2156,57.65294628302807,58.92185410661297,194,58.28740019482052,1,3,280,8
2157,57.57010167801825,58.79252214237198,194,58.18131191019511,1,3,280,8
2158,57.48634254760326,58.66153547757715,194,58.0739390125902,1,3,280,8
2159,57.40170467222889,58.528973103736746,194,57.96533888798282,1,3,280,8
2160,57.31622141881664,58.39491540523614,193,57.855568412026386,1,3,280,8
2161,57.22992447613698,58.25944232598284,194,57.74468340105991,1,3,280,8
2162,57.14284479846772,58.12263097416493,194,57.63273788631632,1,3,280,8
2163,57.055013171809556,57.98455461464734,195,57.51978389322845,1,3,280,8
2164,56.96646040216386,57.84528334042166,195,57.40587187129276,1,3,280,8
2165,56.87721761307734,57.704885056429816,195,57.291051334753575,1,3,280,8
2166,56.78731762735077,57.56342609189813,196,57.17537185962445,1,3,280,8
2167,56.696797334879584,57.4209714401249,195,57.058884387502246,1,3,280,8
2168,56.605699875643644,57.277584722220205,195,56.941642298931924,1,3,280,8
2169,56.51407546680499,57.133328068848044,195,56.82370176782652,1,3,280,8
2170,56.42197970278953,56.988262114058045,196,56.70512090842379,1,3,280,8
2171,56.32947010787972,56.84244629533102,196,56.58595820160537,1,3,280,8
2172,56.236603671517365,56.6959390687392,196,56.46627137012828,1,3,280,8
2173,56.143436340811014,56.548797062896476,196,56.346116701853745,1,3,280,8
2174,56.050023689068624,56.401073365864754,197,56.225548527466685,1,3,280,8
2175,55.956421784104265,56.252816309684476,197,56.10461904689437,1,3,280,8
2176,55.86268708499266,56.104069336939965,196,55.98337821096631,1,3,280,8
2177,55.768875366397616,55.95487175352741,197,55.86187355996251,1,3,280,8
2178,55.67504084005341,55.80526026939839,197,55.7401505547259,1,3,280,8
2179,55.5812363503766,55.65527132664603,197,55.618253838511315,1,3,280,8
2180,55.48751522859028,55.50494382419575,197,55.496229526393016,1,3,280,8
2181,55.393934121756295,55.35432145822426,197,55.37412778999028,1,3,280,8
2182,55.3005548451,55.203454677681506,197,55.25200476139075,1,3,280,8
2183,55.20744457396389,55.052403034504636,196,55.12992380423427,1,3,280,8
2184,55.11467495965328,54.901237732643324,197,55.007956346148305,1,3,280,8
2185,55.02232065582678,54.750043204509765,196,54.88618193016828,1,3,280,8
2186,54.930457644482885,54.59891771373004,196,54.76468767910646,1,3,280,8
2187,54.8391618480734,54.447974153311556,197,54.64356800069248,1,3,280,8
2188,54.74850861177629,54.297341232762136,196,54.52292492226921,1,3,280,8
2189,54.65857315228283,54.14716427210328,197,54.402868712193055,1,3,280,8
2190,54.569431581784045,53.99760550322696,197,54.283518542505504,1,3,280,8
2191,54.481162310906655,53.848844461540516,197,54.16500338622359,1,3,280,8
2192,54.393847829399704,53.70107846536495,197,54.04746314738233,1,3,280,8
2193,54.30757676579127,53.554522595066025,197,53.93104968042864,1,3,280,8
2194,54.22244602962516,53.40940916883912,197,53.81592759923214,1,3,280,8
2195,54.138563034877826,53.26598729701021,197,53.702275165944016,1,3,280,8
2196,54.05604819811222,53.124522706298805,198,53.590285452205514,1,3,280,8
2197,53.97503722199017,52.98529763507748,198,53.480167428533825,1,3,280,8
2198,53.89568199179406,52.848610697949894,199,53.37214634487198,1,3,280,8
2199,53.818150180365315,52.71477671525858,198,53.266463447811944,1,3,280,8
2200,53.74262492460845,52.58412640533164,198,53.16337566497005,1,3,280,8
2201,53.66930476602577,52.457005739478504,199,53.06315525275214,1,3,280,8
2202,53.59840287706684,52.33377514964664,197,52.966089013356736,1,3,280,8
2203,53.53014547266108,52.214809168560905,199,52.872477320611,1,3,280,8
2204,53.46477018389793,52.100496496723544,199,52.78263334031074,1,3,280,8
2205,53.402524682948126,51.99123990521446,198,52.69688229408129,1,3,280,8
2206,53.343665360471746,51.887455480540005,199,52.61556042050587,1,3,280,8
2207,53.288456051661804,51.7895708150925,199,52.53901343337715,1,3,280,8
2208,53.23716700199632,51.69802242935593,199,52.46759471567613,1,3,280,8
2209,53.190074263661096,51.613253394592874,200,52.40166382912699,1,3,280,8
2210,53.14745971350955,51.5357116369053,199,52.341585675207426,1,3,280,8
2211,53.10961168825521,51.46584891575308,200,52.28773030200414,1,3,280,8
2212,53.076826037421164,51.404120372404556,200,52.24047320491286,1,3,280,8
2213,53.049407199384284,51.35098444620094,199,52.20019582279261,1,3,280,8
2214,53.02766871065144,51.30690276138913,199,52.16728573602029,1,3,280,8
2215,53.01193324115237,51.27233939215452,199,52.14213631665345,1,3,280,8
2216,53.002532930972045,51.24775949865541,199,52.125146214813725,1,3,280,8
2217,52.999810218559645,51.23362791204233,199,52.116719065300984,1,3,280,8
2218,53.00411876505879,51.23040785628916,199,52.11726331067398,1,3,280,8
2219,53.01582398171751,51.23855960452797,200,52.12719179312274,1,3,280,8
2220,53.035302569639825,51.25853925774031,199,52.14692091369007,1,3,280,8
2221,53.06294087111194,51.29079822383918,199,52.17686954747556,1,3,280,8
2222,53.099132221716346,51.335783097412744,199,52.217457659564545,1,3,280,8
2223,53.14427358983245,51.393934762649096,199,52.269104176240774,1,3,280,8
2224,53.19876188754758,51.465686517411584,199,52.33222420247958,1,3,280,8
2225,53.26299023942309,51.55146199190022,200,52.40722611566166,1,3,280,8
2226,53.33734439803693,51.65167314776091,200,52.494508772898925,1,3,280,8
2227,53.422199105124164,51.76671815596032,201,52.59445863054224,1,3,280,8
2228,53.51791380709374,51.89697904947816,200,52.70744642828595,1,3,280,8
2229,53.62482771910338,52.04281914463624,199,52.83382343186981,1,3,280,8
2230,53.74325481734357,52.20458003005076,200,52.97391742369716,1,3,280,8
2231,53.87347933950215,52.38257772740336,200,53.12802853345275,1,3,280,8
2232,54.01575237377426,52.577098311337515,198,53.29642534255589,1,3,280,8
2233,54.17028972708778,52.78839395895548,199,53.47934184302163,1,3,280,8
2234,54.337270873570425,53.01667971709336,199,53.67697529533189,1,3,280,8
2235,54.51683819959416,53.262130593313394,200,53.88948439645378,1,3,280,8
2236,54.70909517706313,53.524878577133165,200,54.11698687709815,1,3,280,8
2237,54.914103267662256,53.80500919864058,199,54.35955623315142,1,3,280,8
2238,55.131878531863386,54.102557524925864,199,54.617218028394625,1,3,280,8
2239,55.36238813683557,54.41750378809864,199,54.88994596246711,1,3,280,8
2240,55.60554617780634,54.74976874191277,201,55.17765745985955,1,3,NA,NA
2241,55.86120861834349,55.09920874734361,201,55.48020868284355,1,3,NA,NA
2242,56.12916754601672,55.465610783468236,199,55.797389164742476,1,3,NA,NA
2243,56.40914533095757,55.848687776079686,199,56.12891655351863,1,3,NA,NA
2244,56.70078966598119,56.24807434493198,199,56.474432005456585,1,3,NA,NA
2245,57.00367007785945,56.6633227790501,199,56.83349642845477,1,3,NA,NA
2246,57.31727611033527,57.09389953844957,197,57.205587824392424,1,3,NA,NA
2247,57.64101718561013,57.53918306958123,196,57.590100127595676,1,3,NA,NA
2248,57.97422395720776,57.998463235459546,198,57.986343596333654,1,3,NA,NA
2249,58.31615106588806,58.470942175107254,197,58.39354662049766,1,3,NA,NA
2250,58.665981309035445,58.95573660339187,194,58.81085895621366,1,3,NA,NA
2251,59.02283123511746,59.45188175875933,196,59.23735649693839,1,3,NA,NA
2252,59.38575817591576,59.95833681754298,194,59.67204749672937,1,3,NA,NA
2253,59.753768535186445,60.47399120463953,194,60.11387986991299,1,3,NA,NA
2254,60.12582695825298,60.9976719142815,194,60.561749436267235,1,3,NA,NA
2255,60.50086591027983,61.52815263847457,193,61.014509274377204,1,3,NA,NA
2256,60.877795094079936,62.06416462379503,193,61.47097985893748,1,3,NA,NA
2257,61.25551082158211,62.60440830022728,195,61.92995956090469,1,3,NA,NA
2258,61.63290613620901,63.147565311607586,192,62.3902357239083,1,3,NA,NA
2259,62.008881995922124,63.692311162947824,190,62.85059657943498,1,3,NA,NA
2260,62.38235933903499,64.23732801742068,190,63.309843678227836,1,3,NA,NA
2261,62.752291464633636,64.78131649310231,189,63.76680397886797,1,3,NA,NA
2262,63.1176757689968,65.32300608980319,188,64.2203409294,1,3,NA,NA
2263,63.477564366565204,65.86116465637184,187,64.66936451146853,1,3,NA,NA
2264,63.83107361098641,66.39460701576817,187,65.11284031337729,1,3,NA,NA
2265,64.17739233587825,66.92220257196662,187,65.54979745392244,1,3,NA,NA
2266,64.51578843892335,67.44288162449593,187,65.97933503170964,1,3,NA,NA
2267,64.8456133342232,67.95564001805212,184,66.40062667613766,1,3,NA,NA
2268,65.16630369905775,68.45954204631386,184,66.8129228726858,1,3,NA,NA
2269,65.47738072022275,68.95372182070952,184,67.21555127046614,1,3,NA,NA
2270,65.77844782411503,69.43738341135042,183,67.60791561773273,1,3,NA,NA
2271,66.06918728821364,69.90980016378523,182,67.98949372599944,1,3,NA,NA
2272,66.34935554511571,70.37031369168125,181,68.35983461839848,1,3,NA,NA
2273,66.61877737919353,70.81833314199534,181,68.71855526059443,1,3,NA,NA
2274,66.8773396049192,71.25333493798672,180,69.06533727145296,1,3,NA,NA
2275,67.12498461979132,71.67486281422268,180,69.399923717007,1,3,NA,NA
2276,67.36170402878172,72.08252717637507,179,69.72211560257838,1,3,NA,NA
2277,67.58753273140157,72.47600281755258,178,70.03176777447707,1,3,NA,NA
2278,67.80254405676413,72.85502743569148,178,70.32878574622781,1,3,NA,NA
2279,68.00684594612972,73.21940368814636,178,70.61312481713804,1,3,NA,NA
2280,68.20057759660378,73.56900166638269,178,70.88478963149323,1,3,NA,NA
2281,68.38390627172214,73.90375750218915,178,71.14383188695564,1,3,NA,NA
2282,68.5570242767761,74.22366879019846,178,71.39034653348727,1,3,NA,NA
2283,68.72014609629059,74.52878936371764,178,71.62446773000411,1,3,NA,NA
2284,68.8735056906766,74.81922430178282,178,71.84636499622971,1,3,NA,NA
2285,69.01735394873182,75.09512516663774,178,72.05623955768479,1,3,NA,NA
2286,69.15195629235822,75.35668547003283,178,72.25432088119553,1,3,NA,NA
2287,69.27759042959968,75.60413636601555,178,72.44086339780762,1,3,NA,NA
2288,69.3945442518754,75.8377425672251,178,72.61614340955026,1,3,NA,NA
2289,69.50311387109114,76.05779848111632,178,72.78045617610374,1,3,NA,NA
2290,69.60360179215121,76.26462456201168,178,72.93411317708144,1,3,NA,NA
2291,69.69631521626407,76.45856387441546,178,73.07743954533976,1,3,NA,NA
2292,69.78156447033408,76.63997886261576,178,73.21077166647493,1,3,NA,NA
2293,69.85966155765735,76.80924832124582,178,73.33445493945158,1,3,NA,NA
2294,69.93091882509015,76.96676456117189,178,73.44884169313102,1,3,NA,NA
2295,69.99564774183105,77.11293076481843,178,73.55428925332474,1,3,NA,NA
2296,70.05415778495195,77.24815852482888,178,73.65115815489042,1,3,NA,NA
2297,70.10675542682596,77.37286555978892,178,73.73981049330743,1,3,NA,NA
2298,70.15374321963006,77.4874736006071,178,73.82060841011858,1,3,NA,NA
2299,70.19541897214735,77.59240644105017,178,73.89391270659877,1,3,NA,NA
2300,70.23207501415318,77.68808814586686,178,73.96008158001001,1,3,NA,NA
2301,70.26399754374376,77.77494140990048,178,74.01946947682211,1,3,NA,NA
2302,70.29146605304987,77.85338606158508,178,74.07242605731747,1,3,NA,NA
2303,70.31475282787422,77.92383770424038,178,74.11929526605729,1,3,NA,NA
2304,70.33412251689396,77.98670648862408,178,74.16041450275901,1,3,NA,NA
2305,70.34983176618312,78.04239601026552,178,74.19611388822432,1,3,NA,NA
2306,70.36212891492718,78.09130232518815,178,74.22671562005766,1,3,NA,NA
2307,70.37125374832732,78.1338130777304,178,74.25253341302886,1,3,NA,NA
2308,70.37743730382043,78.1703067342904,178,74.27387201905542,1,3,NA,NA
2309,70.38090172687455,78.20115191695152,178,74.29102682191304,1,3,NA,NA
2310,70.38186017275505,78.2267068310871,178,74.30428350192108,1,3,NA,NA
2311,70.38051675079568,78.24731878119663,178,74.31391776599615,1,3,NA,NA
2312,70.37706650784848,78.26332376938642,178,74.32019513861745,1,3,NA,NA
2313,70.37169544772726,78.27504617107846,178,74.32337080940286,1,3,NA,NA
2314,70.36458058360056,78.28279848270597,178,74.32368953315327,1,3,NA,NA
2315,70.35589002043099,78.2868811363356,178,74.32138557838329,1,3,NA,NA
2316,70.3457830646979,78.28758237634075,178,74.31668272051932,1,3,NA,NA
2317,70.33441035877887,78.2851781934388,178,74.30979427610883,1,3,NA,NA
2318,70.32191403750315,78.27993231159391,178,74.30092317454853,1,3,NA,NA
2319,70.3084279045246,78.27209622347887,178,74.29026206400174,1,3,NA,NA
2320,70.29407762629488,78.26190927037969,178,74.27799344833728,1,3,NA,NA
2321,70.27898094154695,78.24959876261782,178,74.26428985208238,1,3,NA,NA
2322,70.26324788432633,78.23538013675366,178,74.24931401053999,1,3,NA,NA
2323,70.24698101873095,78.21945714602292,178,74.23321908237693,1,3,NA,NA
2324,70.23027568364034,78.20202208064212,178,74.21614888214123,1,3,NA,NA
2325,70.21322024583195,78.18325601480188,178,74.19823813031692,1,3,NA,NA
2326,70.19589635999445,78.16332907734501,178,74.17961271866973,1,3,NA,NA
2327,70.17837923425722,78.14240074330162,178,74.16038998877943,1,3,NA,NA
2328,70.16073789995953,78.12062014362384,178,74.14067902179168,1,3,NA,NA
2329,70.14303548448355,78.09812639062913,178,74.12058093755634,1,3,NA,NA
2330,70.1253294860718,78.07504891682204,178,74.10018920144692,1,3,NA,NA
2331,70.10767204964193,78.051507824921,178,74.07958993728147,1,3,NA,NA
2332,70.09011024269893,78.02761424706756,178,74.05886224488324,1,3,NA,NA
2333,70.07268633052934,78.00347071134065,178,74.03807852093499,1,3,NA,NA
2334,70.0554380499404,77.979171513839,178,74.0173047818897,1,3,NA,NA
2335,70.03839888088258,77.95480309472856,178,73.99660098780558,1,3,NA,NA
2336,70.02159831536446,77.93044441678045,178,73.97602136607244,1,3,NA,NA
2337,70.00506212313529,77.90616734504756,178,73.95561473409143,1,3,NA,NA
2338,69.98881261367302,77.88203702644462,178,73.93542482005881,1,3,NA,NA
2339,69.97286889407349,77.85811226810698,178,73.91549058109024,1,3,NA,NA
2340,69.9572471224906,77.83444591350867,178,73.89584651799964,1,3,NA,NA
2341,69.94196075682746,77.81108521541911,178,73.87652298612329,1,3,NA,NA
2342,69.92702079842414,77.7880722048707,178,73.85754650164742,1,3,NA,NA
2343,69.91243603053046,77.76544405539718,178,73.83894004296383,1,3,NA,NA
2344,69.8982132513899,77.74323344188386,178,73.82072334663688,1,3,NA,NA
2345,69.88435750179599,77.72146889344677,178,73.80291319762138,1,3,NA,NA
2346,69.87087228701313,77.7001751398282,178,73.78552371342067,1,3,NA,NA
2347,69.85775979298165,77.67937345086054,178,73.7685666219211,1,3,NA,NA
2348,69.84502109675066,77.6590819686099,178,73.75205153268027,1,3,NA,NA
2349,69.83265637110264,77.63931603186512,178,73.73598620148388,1,3,NA,NA
2350,69.82066508335194,77.62008849268622,178,73.72037678801908,1,3,NA,NA
2351,69.80904618831227,77.60141002477069,178,73.70522810654148,1,3,NA,NA
2352,69.7977983154406,77.5832894234345,178,73.69054386943755,1,3,NA,NA
2353,69.78691995017198,77.56573389703912,178,73.67632692360556,1,3,NA,NA
2354,69.77640960946518,77.54874934972474,178,73.66257947959497,1,3,NA,NA
2355,69.76626601158173,77.53234065533515,178,73.64930333345845,1,3,NA,NA
2356,69.75648824012,77.51651192244003,178,73.63650008128002,1,3,NA,NA
2357,69.74707590232293,77.50126675037643,178,73.62417132634968,1,3,NA,NA
2358,69.73802928167271,77.48660847624333,178,73.61231887895802,1,3,NA,NA
2359,69.72934948477725,77.47254041279133,178,73.60094494878429,1,3,NA,NA
2360,69.72103858254272,77.45906607715328,178,73.59005232984799,1,3,NA,NA
2361,69.71309974561407,77.44618941036262,178,73.57964457798835,1,3,NA,NA
2362,69.70553737404995,77.43391498760262,178,73.56972618082628,1,3,NA,NA
2363,69.6983572211816,77.42224821912356,178,73.56030272015258,1,3,NA,NA
2364,69.69156651158607,77.41119554175476,178,73.55138102667041,1,3,NA,NA
2365,69.68517405308313,77.40076460092553,178,73.54296932700433,1,3,NA,NA
2366,69.67919034264207,77.39096442309321,178,73.53507738286764,1,3,NA,NA
2367,69.67362766606031,77.38180557845773,178,73.52771662225902,1,3,NA,NA
2368,69.66850019124911,77.3733003338203,178,73.5209002625347,1,3,NA,NA
2369,69.66382405493403,77.36546279542038,178,73.51464342517721,1,3,NA,NA
2370,69.65961744254815,77.35830904155824,178,73.5089632420532,1,3,NA,NA
2371,69.65590066106583,77.35185724478171,178,73.50387895292377,1,3,NA,NA
2372,69.65269620449247,77.34612778338574,178,73.4994119939391,1,3,NA,NA
2373,69.65002881169303,77.34114334193987,178,73.49558607681645,1,3,NA,NA
2374,69.64792551620755,77.33692900052509,178,73.49242725836632,1,3,NA,NA
2375,69.64641568766757,77.33351231232503,178,73.48996399999629,1,3,NA,NA
2376,69.64553106439081,77.33092336917997,178,73.48822721678539,1,3,NA,NA
2377,69.6453057766959,77.32919485467268,178,73.48725031568429,1,3,NA,NA
2378,69.64577636044143,77.32836208427639,178,73.48706922235891,1,3,NA,NA
2379,69.64698176025672,77.32846303205436,178,73.48772239615553,1,3,NA,NA
2380,69.64896332189407,77.32953834335969,178,73.48925083262688,1,3,NA,NA
2381,69.65176477309461,77.33163133294289,178,73.49169805301875,1,3,NA,NA
2382,69.65543219232299,77.33478796783257,178,73.49511008007778,1,3,NA,NA
2383,69.66001396468842,77.3390568343136,178,73.49953539950101,1,3,NA,NA
2384,69.66556072433352,77.34448908828568,178,73.5050249063096,1,3,NA,NA
2385,69.67212528253624,77.35113838824442,178,73.51163183539033,1,3,NA,NA
2386,69.67976254073523,77.359060810087,178,73.5194116754111,1,3,NA,NA
2387,69.68852938765512,77.36831474290591,178,73.52842206528052,1,3,NA,NA
2388,69.69848457967589,77.37896076489623,178,73.53872267228607,1,3,NA,NA
2389,69.7096886035592,77.3910614984664,178,73.5503750510128,1,3,NA,NA
2390,69.72220352061606,77.40468144360811,178,73.5634424821121,1,3,NA,NA
2391,69.73609279137293,77.41988678854935,178,73.57798978996114,1,3,NA,NA
2392,69.75142107976909,77.43674519668551,178,73.59408313822729,1,3,NA,NA
