time,smo2_dom,smo2_ndom,heart_rate,smo2_avg,participant_id,session,power,lap
0,34.40351155154607,44.51100010904042,87,39.45725583029324,4,3,65,1
1,34.40223591086584,44.4931842269524,87,39.44771006890912,4,3,65,1
2,34.399852846709166,44.457817441536776,88,39.42883514412297,4,3,65,1
3,34.396420356615536,44.405162903261306,88,39.400791629938425,4,3,65,1
4,34.39203546355141,44.335628520850356,88,39.363831992200886,4,3,65,1
5,34.38683426872046,44.24976621922429,88,39.318300243972374,4,3,65,1
6,34.38099201893212,44.14826687548041,88,39.26462944720626,4,3,65,1
7,34.37472318640373,44.03195111943542,88,39.20333715291957,4,3,65,1
8,34.36828155826103,43.90175628063445,88,39.135018919447745,4,3,65,1
9,34.36196033238906,43.75871985925737,89,39.060340095823214,4,3,65,1
10,34.356088899402636,43.6039606768644,90,38.98002478813352,4,3,65,1
11,34.35101967364689,43.43865964168275,90,38.89483965766482,4,3,65,1
12,34.347106723862574,43.26404137911186,91,38.80557405148721,4,3,65,1
13,34.34468634206695,43.08135729439127,92,38.71302181822911,4,3,65,1
14,34.34406471475603,42.891870633673854,92,38.61796767421494,4,3,65,1
15,34.345512886351415,42.69684410930656,93,38.521178497828984,4,3,65,1
16,34.349267644629165,42.497529386942986,94,38.423398515786076,4,3,65,1
17,34.355535397771305,42.295156464132894,95,38.325345930952096,4,3,65,1
18,34.364496991028886,42.0909224332516,95,38.22770971214024,4,3,65,1
19,34.37631228928966,41.88598058501976,96,38.13114643715471,4,3,65,1
20,34.391123449781645,41.681430321699494,96,38.03627688574057,4,3,65,1
21,34.40905590701928,41.478307862054756,96,37.943681884537014,4,3,65,1
22,34.43021697023018,41.2775774283802,96,37.85389719930519,4,3,65,1
23,34.45469281161722,41.08012231426628,96,37.767407562941756,4,3,65,1
24,34.482544331491304,40.88673611073761,96,37.684640221114456,4,3,65,1
25,34.51380209403381,40.698115247507715,96,37.60595867077076,4,3,65,1
26,34.54846189337313,40.51485459269441,96,37.531658243033775,4,3,65,1
27,34.58648387565181,40.337448441043136,97,37.46196615834747,4,3,65,1
28,34.6277960949975,40.16629717397827,97,37.397046634487886,4,3,65,1
29,34.67230133355492,40.00171782805722,97,37.33700958080607,4,3,65,1
30,34.71988562604942,39.84395661475034,97,37.28192112039988,4,3,65,1
31,34.77042653957201,39.69320124066919,97,37.2318138901206,4,3,65,1
32,34.82379994230824,39.54959165878078,97,37.18669580054451,4,3,65,1
33,34.87988467784661,39.41322866237989,97,37.146556670113256,4,3,65,1
34,34.93856485435959,39.28418012449666,97,37.11137248942812,4,3,65,1
35,34.99972975053791,39.16248507618924,96,37.081107413363576,4,3,65,1
36,35.06327163270205,39.04815611031721,95,37.055713871509624,4,3,65,1
37,35.12908207005826,38.94118089046901,95,37.03513148026364,4,3,65,1
38,35.19704762764635,38.84152305744636,95,37.019285342546354,4,3,65,1
39,35.2670461091569,38.74912233841187,96,37.00808422378439,4,3,65,1
40,35.338944034171995,38.66389405433829,96,37.001419044255144,4,3,65,1
41,35.41259554681273,38.58572861192593,97,36.99916207936933,4,3,65,1
42,35.487842757885204,38.51449185915094,98,37.00116730851807,4,3,65,1
43,35.56451732774179,38.45002747660403,99,37.00727240217291,4,3,65,1
44,35.64244338985261,38.39216160176976,99,37.01730249581118,4,3,65,1
45,35.72144220783469,38.34070890834859,99,37.03107555809164,4,3,65,1
46,35.80133798342107,38.29547858269229,98,37.04840828305668,4,3,65,1
47,35.881963257518606,38.25627785930917,98,37.069120558413886,4,3,65,1
48,35.96316254153229,38.22291282577445,98,37.09303768365337,4,3,65,1
49,36.04479301108905,38.19518825570717,98,37.11999063339811,4,3,65,1
50,36.12672255719699,38.17290783836491,98,37.14981519778095,4,3,65,1
51,36.20882695276608,38.15587578328885,98,37.18235136802747,4,3,65,1
52,36.29098759962957,38.143899217828206,98,37.21744340872888,4,3,65,1
53,36.373091028452244,38.136789234748164,98,37.25494013160021,4,3,65,1
54,36.455030055840695,38.13435991016156,98,37.29469498300112,4,3,65,1
55,36.5367052349086,38.13642607504865,98,37.33656565497863,4,3,65,1
56,36.61802562559292,38.142800916192755,99,37.38041327089284,4,3,65,1
57,36.698908301044646,38.1532947749489,99,37.42610153799677,4,3,65,1
58,36.779276884124684,38.167715634456684,99,37.473496259290684,4,3,65,1
59,36.8590602857474,38.18587090811771,99,37.52246559693255,4,3,65,1
60,36.938192133960236,38.207569069260636,99,37.572880601610436,4,3,65,1
61,37.01661069980905,38.23261858900378,99,37.624614644406414,4,3,65,1
62,37.09425844319206,38.26082399023694,98,37.6775412167145,4,3,65,1
63,37.17107961906671,38.29198116657486,98,37.73153039282079,4,3,65,1
64,37.24701594492604,38.32587352997188,98,37.78644473744896,4,3,65,1
65,37.32200189105102,38.362269965586414,98,37.84213592831872,4,3,65,1
66,37.39596076492971,38.400925084969934,98,37.89844292494982,4,3,65,1
67,37.46880237118292,38.44158178117065,99,37.955192076176786,4,3,65,1
68,37.54042293097325,38.48397540680324,99,38.012199168888245,4,3,65,1
69,37.610707847543004,38.52783821356318,99,38.06927303055309,4,3,65,1
70,37.67953653918121,38.57290337452303,99,38.12621995685212,4,3,65,1
71,37.7467871955381,38.61890859334288,99,38.182847894440485,4,3,65,1
72,37.81234067883043,38.66559940206295,98,38.23897004044669,4,3,65,1
73,37.876084157037816,38.71273234662505,98,38.294408251831435,4,3,65,1
74,37.9379145684643,38.760078259144656,97,38.34899641380448,4,3,65,1
75,37.997741529255705,38.8074258157789,97,38.4025836725173,4,3,65,1
76,38.055489392843654,38.85458440837002,97,38.45503690060684,4,3,65,1
77,38.11109826762411,38.901384187329626,96,38.50624122747686,4,3,65,1
78,38.164523701432024,38.94767318119844,96,38.55609844131523,4,3,65,1
79,38.21573464361336,38.993313446285875,96,38.60452404494961,4,3,65,1
80,38.26471027062639,39.038177321699806,96,38.65144379616309,4,3,65,1
81,38.311437236262,39.08214398703496,96,38.69679061164848,4,3,65,1
82,38.35590812712704,39.125096909965166,95,38.7405025185461,4,3,65,1
83,38.39812112362587,39.16692316101026,95,38.782522142318065,4,3,65,1
84,38.4380803788758,39.207514109615325,95,38.822797244245564,4,3,65,1
85,38.4757961402014,39.246765552560525,94,38.861280846380964,4,3,65,1
86,38.51128393038006,39.28457659363419,94,38.89793026200712,4,3,65,1
87,38.54456239834214,39.320847861418784,94,38.93270512988046,4,3,65,1
88,38.575650229247145,39.355479847075955,94,38.96556503816155,4,3,65,1
89,38.604563284106135,39.388372339074806,94,38.99646781159047,4,3,65,1
90,38.631313334200954,39.41942573671828,94,39.02536953545962,4,3,65,1
91,38.65590995066532,39.44854482923623,94,39.05222738995077,4,3,65,1
92,38.67836476873539,39.475644066597084,94,39.07700441766624,4,3,65,1
93,38.69869500529687,39.500651787521974,94,39.09967339640942,4,3,65,1
94,38.71692476645991,39.523512333098644,94,39.12021854977928,4,3,65,1
95,38.73308433995483,39.54418643724736,93,39.138635388601095,4,3,65,1
96,38.74720825227166,39.56265067519852,93,39.15492946373509,4,3,65,1
97,38.759333455602324,39.57889714103602,93,39.16911529831917,4,3,65,1
98,38.76949861943729,39.592933744825245,93,39.181216182131266,4,3,65,1
99,38.77774511148295,39.60478473931083,94,39.191264925396894,4,3,65,1
100,38.784118789454865,39.61449069575917,94,39.19930474260702,4,3,65,1
101,38.78867026218363,39.62210675810781,94,39.205388510145724,4,3,65,1
102,38.7914531316215,39.62769897972318,94,39.20957605567234,4,3,65,1
103,38.79252158049,39.63133952223601,94,39.21193055136301,4,3,65,1
104,38.79192828012746,39.63310149576245,94,39.212514887944955,4,3,65,1
105,38.78972320294436,39.63305421972625,93,39.2113887113353,4,3,65,1
106,38.785953728828304,39.63125958593988,93,39.208606657384095,4,3,65,1
107,38.78066623978927,39.6277701081135,93,39.20421817395139,4,3,65,1
108,38.773908519328046,39.62262885191638,93,39.19826868562221,4,3,65,1
109,38.76573139518239,39.61587104970022,93,39.19080122244131,4,3,65,1
110,38.75618923454191,39.607526716434094,93,39.181857975488,4,3,65,1
111,38.7453400712357,39.59762309582146,93,39.17148158352858,4,3,65,1
112,38.73324555911889,39.58618664350417,93,39.15971610131153,4,3,65,1
113,38.719970360601856,39.57324513215749,93,39.14660774637967,4,3,65,1
114,38.705581261979745,39.55883056080872,93,39.13220591139424,4,3,65,1
115,38.69014698994045,39.54298364820221,93,39.11656531907133,4,3,65,1
116,38.67373921589293,39.525759324446646,93,39.09974927016979,4,3,65,1
117,38.656434747020555,39.50723126952788,93,39.08183300827422,4,3,65,1
118,38.63831822016222,39.487494229814224,93,39.062906224988225,4,3,65,1
119,38.61948393179267,39.46666352616404,93,39.04307372897836,4,3,65,1
120,38.60003582739779,39.44487204477193,93,39.02245393608486,4,3,65,1
121,38.58008506354355,39.422265879421985,93,39.00117547148277,4,3,65,1
122,38.55974601887266,39.3989997935565,93,38.97937290621458,4,3,65,1
123,38.539133093229324,39.3752336703676,93,38.95718338179846,4,3,65,1
124,38.51835936605724,39.35113014359968,93,38.93474475482846,4,3,65,1
125,38.49753691720183,39.32685262628458,93,38.9121947717432,4,3,65,1
126,38.47677812558785,39.302563442271975,93,38.889670783929915,4,3,65,1
127,38.45619677358344,39.27842225309104,93,38.86730951333724,4,3,65,1
128,38.43590837007329,39.25458507023345,93,38.84524672015337,4,3,65,1
129,38.41602969046277,39.231204240524576,93,38.82361696549367,4,3,65,1
130,38.39667792195721,39.20842949969131,93,38.80255371082426,4,3,65,1
131,38.37797019258708,39.1864098966769,93,38.78219004463199,4,3,65,1
132,38.36002387229704,39.165296196196294,94,38.762660034246665,4,3,65,1
133,38.342957644268886,39.14524317194287,94,38.74410040810588,4,3,65,1
134,38.326893344645384,39.12641110531388,95,38.72665222497963,4,3,65,1
135,38.311958568803796,39.108965706948446,95,38.71046213787612,4,3,65,1
136,38.29828887181249,39.09307606843434,95,38.695682470123415,4,3,65,1
137,38.286027220158374,39.07891064160584,95,38.68246893088211,4,3,65,1
138,38.27531991232887,39.06663163296845,95,38.67097577264866,4,3,65,1
139,38.26630974634302,39.05638859095944,95,38.66134916865123,4,3,65,1
140,38.25912818767247,39.04831215893922,94,38.65372017330584,4,3,65,1
141,38.25388926643216,39.042509162088166,94,38.64819921426016,4,3,65,1
142,38.25068598213814,39.03905970897012,94,38.64487284555413,4,3,65,1
143,38.24958804383626,39.038016501182206,94,38.643802272509234,4,3,65,1
144,38.2506405540213,39.039406154767214,94,38.645023354394255,4,3,65,1
145,38.253864025419375,39.043231947333396,95,38.648547986376386,4,3,65,1
146,38.25925524224331,39.04947730768315,95,38.65436627496323,4,3,65,1
147,38.26678760007049,39.0581092675708,95,38.66244843382064,4,3,65,1
148,38.27641082685108,39.06908138813848,96,38.672746107494774,4,3,65,1
149,38.2880512559087,39.08233596645753,96,38.68519361118311,4,3,65,1
150,38.301612749251696,39.09780552288297,97,38.699709136067334,4,3,65,1
151,38.31697729696447,39.1154137651741,97,38.71619553106928,4,3,65,1
152,38.33400539171036,39.13507612796253,97,38.73454075983645,4,3,65,1
153,38.35253735062941,39.15669988876169,97,38.75461861969555,4,3,65,1
154,38.3723958794126,39.18018434952661,97,38.7762901144696,4,3,65,1
155,38.393389295809854,39.205422060582606,97,38.79940567819623,4,3,65,1
156,38.415315317777605,39.232301088481165,97,38.82380820312939,4,3,65,1
157,38.43796580937099,39.260707354061694,97,38.849336581716344,4,3,65,1
158,38.46113229242513,39.29052655476133,97,38.87582942359323,4,3,65,1
159,38.48461144693674,39.321645672945444,97,38.903128559941095,4,3,65,1
160,38.508210408281386,39.353954267106374,97,38.93108233769388,4,3,65,1
161,38.53175225454117,39.38734593782714,97,38.959549096184155,4,3,65,1
162,38.555081296762985,39.42172016529768,97,38.98840073103033,4,3,65,1
163,38.578067004430025,39.45698452003711,97,39.01752576223357,4,3,65,1
164,38.60060569070833,39.49305676068704,97,39.04683122569769,4,3,65,1
165,38.6226193742552,39.52986584492163,97,39.07624260958842,4,3,65,1
166,38.64405240443505,39.56735156213503,97,39.105701983285044,4,3,65,1
167,38.664867606860206,39.60546317916852,97,39.13516539301436,4,3,65,1
168,38.68504253538508,39.64415768525351,96,39.1646001103193,4,3,65,1
169,38.70456524594814,39.683398417277154,95,39.193981831612646,4,3,65,1
170,38.72342959264496,39.72315387097725,95,39.2232917318111,4,3,65,1
171,38.741630631470436,39.7633955281958,94,39.25251307983312,4,3,65,1
172,38.75916032693331,39.80409440808875,94,39.281627367511035,4,3,65,1
173,38.7760033665823,39.845216927993576,94,39.31061014728794,4,3,65,1
174,38.79213386389932,39.88672095227641,94,39.33942740808787,4,3,65,1
175,38.807514705491485,39.928553200158234,94,39.36803395282486,4,3,65,1
176,38.82209954299451,39.970648208273225,94,39.39637387563387,4,3,65,1
177,38.835835674591955,40.012928068505005,94,39.424381871548476,4,3,65,1
178,38.84866654886693,40.05530264950955,93,39.451984599188236,4,3,65,1
179,38.86053311148039,40.09767049820301,93,39.479101804841704,4,3,65,1
180,38.87137438569139,40.139920617685725,93,39.50564750168856,4,3,65,1
181,38.88112884823144,40.18193531825073,93,39.53153208324109,4,3,65,1
182,38.88973747931488,40.22359385057944,93,39.55666566494716,4,3,65,1
183,38.89714868280791,40.26477604263883,93,39.58096236272337,4,3,65,1
184,38.90332449221684,40.305365454453444,93,39.604344973335145,4,3,65,1
185,38.90824669772112,40.34525185753141,93,39.62674927762626,4,3,65,1
186,38.9119212366575,40.38433284566312,93,39.64812704116031,4,3,65,1
187,38.91437889695927,40.42251438371387,93,39.66844664033657,4,3,65,1
188,38.91567262606357,40.45971068614752,93,39.68769165610554,4,3,65,1
189,38.91587398079547,40.49584440212243,93,39.70585919145895,4,3,65,1
190,38.915070473104606,40.530847596191144,93,39.72295903464787,4,3,65,1
191,38.91336478593865,40.564663525818005,93,39.73901415587832,4,3,65,1
192,38.9108755652829,40.597248729074664,93,39.754062147178786,4,3,65,1
193,38.90773822615476,40.62857444799484,92,39.7681563370748,4,3,65,1
194,38.904103917484996,40.6586265104183,92,39.781365213951645,4,3,65,1
195,38.900134497963194,40.68740289048742,92,39.79376869422531,4,3,65,1
196,38.89599400821418,40.71490963079824,92,39.80545181950621,4,3,65,1
197,38.891839758036475,40.74115727207966,92,39.81649851505807,4,3,65,1
198,38.88781585479163,40.76615886324292,92,39.82698735901728,4,3,65,1
199,38.884051706508195,40.789929551659945,92,39.83699062908407,4,3,65,1
200,38.880664619629556,40.812486875636665,92,39.84657574763311,4,3,65,1
201,38.87776219773093,40.83385000316837,92,39.855806100449655,4,3,65,1
202,38.87544210092738,40.85403733148329,92,39.864739716205335,4,3,65,1
203,38.87378857907314,40.8730630323163,92,39.87342580569472,4,3,65,1
204,38.87286694769622,40.89093361556139,92,39.8819002816288,4,3,65,1
205,38.87271893150034,40.907646071703695,92,39.89018250160201,4,3,65,1
206,38.873360825201125,40.92318837324545,93,39.898274599223285,4,3,65,1
207,38.87478544645475,40.93754233517626,93,39.906163890815506,4,3,65,1
208,38.87696719784787,40.950687469133186,93,39.91382733349053,4,3,65,1
209,38.879867897102464,40.96260310045718,93,39.92123549877982,4,3,65,1
210,38.883441230028374,40.97326816321933,93,39.928354696623856,4,3,65,1
211,38.887633876061024,40.98266023412893,93,39.93514705509497,4,3,65,1
212,38.89238389232436,40.99075507364753,94,39.94156948298594,4,3,65,1
213,38.897619478239356,40.997527650050294,94,39.947573564144825,4,3,65,1
214,38.90326007239651,41.00295438670699,94,39.95310722955175,4,3,65,1
215,38.909220563113095,41.00701526742094,95,39.95811791526702,4,3,65,1
216,38.91541754099454,41.00969557258522,95,39.96255655678988,4,3,65,1
217,38.92177466866053,41.01098763660929,95,39.96638115263491,4,3,65,1
218,38.9282251206102,41.01089165146657,95,39.969558386038386,4,3,65,1
219,38.93470992394662,41.00941395588483,95,39.972061939915726,4,3,65,1
220,38.941173273921564,41.006563655509964,95,39.973868464715764,4,3,65,1
221,38.94755814151936,41.002350305006686,95,39.974954223263026,4,3,65,1
222,38.95380431981014,40.99678385492983,95,39.97529408736999,4,3,65,1
223,38.959849885365365,40.98987666814604,95,39.9748632767557,4,3,65,1
224,38.96563539290581,40.981646532725996,95,39.97364096281591,4,3,65,1
225,38.97110846321168,40.97211872034484,95,39.97161359177826,4,3,65,1
226,38.97622700951239,40.961326407135346,95,39.96877670832387,4,3,65,1
227,38.98095993270377,40.949310041818435,95,39.9651349872611,4,3,65,1
228,38.98528538357982,40.93611634336003,95,39.960700863469924,4,3,65,1
229,38.989187958094114,40.92179770783219,95,39.95549283296315,4,3,65,1
230,38.99265609400149,40.90641212129356,95,39.94953410764752,4,3,65,1
231,38.995680839600304,40.8900229926498,96,39.94285191612505,4,3,65,1
232,38.99825618984048,40.872698710511386,96,39.93547745017594,4,3,65,1
233,39.00038020962577,40.854512118126905,96,39.92744616387634,4,3,65,1
234,39.00205606655414,40.83553980779267,97,39.91879793717341,4,3,65,1
235,39.003291997745734,40.8158608434718,97,39.90957642060877,4,3,65,1
236,39.004100113173216,40.79555500797682,97,39.89982756057502,4,3,65,1
237,39.004494815676686,40.77470115871046,97,39.88959798719357,4,3,65,1
238,39.00449152024834,40.75337637349427,97,39.8789339468713,4,3,65,1
239,39.00410625759435,40.7316566655698,98,39.86788146158207,4,3,65,1
240,39.0033561617403,40.70961897394899,98,39.856487567844646,4,3,65,1
241,39.00226025621116,40.68734306237352,99,39.844801659292344,4,3,65,1
242,39.00083985575064,40.66491235029099,99,39.832876103020816,4,3,65,1
243,38.99911780297115,40.64241308938168,99,39.82076544617641,4,3,65,1
244,38.99711644206421,40.61993188434796,99,39.80852416320609,4,3,65,1
245,38.99485491445324,40.5975521418695,99,39.79620352816137,4,3,65,1
246,38.99234626375106,40.57535022669786,99,39.78384824522446,4,3,65,1
247,38.989594739904135,40.55339229898446,99,39.7714935194443,4,3,65,1
248,38.98659388756724,40.531732221818054,99,39.75916305469265,4,3,65,1
249,38.98332619895071,40.51041034287641,98,39.74686827091356,4,3,65,1
250,38.979764136165,40.48945305182922,98,39.73460859399711,4,3,65,1
251,38.97587135287555,40.46887311288068,98,39.722372232878115,4,3,65,1
252,38.97160392061664,40.44867067450168,98,39.71013729755916,4,3,65,1
253,38.966912340630735,40.428834761057935,97,39.697873550844335,4,3,65,1
254,38.961743951752446,40.409344953701584,97,39.685544452727015,4,3,65,1
255,38.956044174480624,40.39017287053366,96,39.67310852250714,4,3,65,1
256,38.949756299439635,40.37128325127304,96,39.660519775356335,4,3,65,1
257,38.942820796471096,40.352634646873724,95,39.64772772167241,4,3,65,1
258,38.935175023083495,40.33418020232547,95,39.63467761270448,4,3,65,1
259,38.92675411347759,40.315869508651645,95,39.621311811064615,4,3,65,1
260,38.91749373187623,40.29765191496408,94,39.607572823420156,4,3,65,1
261,38.90733527637915,40.27948110624943,94,39.59340819131429,4,3,65,1
262,38.896231973711,40.26131977719713,94,39.57877587545406,4,3,65,1
263,38.88415215930927,40.243142256952666,94,39.563647208130966,4,3,65,1
264,38.871078573008305,40.224934695210884,94,39.5480066341096,4,3,65,1
265,38.857005036342585,40.20669417555731,94,39.531849605949944,4,3,65,1
266,38.841932560050026,40.18842773164972,94,39.51518014584987,4,3,65,1
267,38.82586761294938,40.1701518515228,93,39.49800973223609,4,3,65,1
268,38.80882303987581,40.15189256744977,92,39.48035780366279,4,3,65,1
269,38.790819872892435,40.13368574095196,92,39.462252806922194,4,3,65,1
270,38.7718886700394,40.115576859786366,92,39.44373276491288,4,3,65,1
271,38.75206940590909,40.0976193709799,92,39.4248443884445,4,3,65,1
272,38.7314102061824,40.07987193936431,92,39.405641072773356,4,3,65,1
273,38.70996648610745,40.06239638647326,92,39.38618143629036,4,3,65,1
274,38.68780127247393,40.04525679658494,92,39.366529034529435,4,3,65,1
275,38.66498670821595,40.02851900864358,92,39.34675285842977,4,3,65,1
276,38.64160605588965,40.01225000538101,91,39.32692803063533,4,3,65,1
277,38.617754833368245,39.99651700355881,91,39.30713591846353,4,3,65,1
278,38.593540300144646,39.98138614675322,90,39.28746322344894,4,3,65,1
279,38.56907909766871,39.966920799621924,90,39.26799994864532,4,3,65,1
280,38.54449352975001,39.95317973524461,90,39.24883663249731,4,3,65,1
281,38.51990765169424,39.940215799807454,91,39.23006172575084,4,3,65,1
282,38.49544394659668,39.928075151267834,91,39.21175954893226,4,3,65,1
283,38.47122097702559,39.916796681022475,92,39.19400882902403,4,3,65,1
284,38.44735210773837,39.90641142278038,92,39.176881765259374,4,3,65,1
285,38.423945102518495,39.89694194803073,92,39.160443525274616,4,3,65,1
286,38.40110181306966,39.888402040241154,92,39.1447519266554,4,3,65,1
287,38.378916592764,39.880797232673714,92,39.12985691271886,4,3,65,1
288,38.35747401889359,39.87412620960307,92,39.11580011424833,4,3,65,1
289,38.336848457945806,39.86838248560978,93,39.102615471777796,4,3,65,1
290,38.317106155344305,39.86355587526601,93,39.09033101530515,4,3,65,1
291,38.29830867801934,39.85963336315273,95,39.07897102058604,4,3,65,1
292,38.28051663583035,39.856599276820994,95,39.06855795632568,4,3,65,1
293,38.263792705478245,39.85443495797073,96,39.05911383172449,4,3,65,1
294,38.24820327318335,39.853118322248555,96,39.05066079771595,4,3,65,1
295,38.23381830500241,39.85262389319633,96,39.04322109909937,4,3,65,1
296,38.2207103215867,39.85292331069501,96,39.036816816140856,4,3,65,1
297,38.20895462210753,39.853985729060106,96,39.03147017558382,4,3,65,1
298,38.19863095128711,39.855778007684975,96,39.027204479486045,4,3,65,1
299,38.18982485267994,39.85826508486257,96,39.02404496877126,4,3,65,1
300,38.182627634040884,39.86141043776788,96,39.02201903590438,4,3,95,2
301,38.177134553294415,39.86517604392959,95,39.021155298612,4,3,95,2
302,38.173441613845135,39.86952174722199,95,39.02148168053356,4,3,95,2
303,38.17164213821978,39.87440441911103,95,39.023023278665406,4,3,95,2
304,38.17182399640277,39.8797773059385,95,39.025800651170634,4,3,95,2
305,38.17406807264531,39.88558995308802,95,39.02982901286667,4,3,95,2
306,38.17844738416278,39.89178841415199,95,39.035117899157385,4,3,95,2
307,38.185025094798064,39.89831477049728,95,39.04166993264767,4,3,95,2
308,38.193850544693525,39.90510576699639,96,39.04947815584496,4,3,95,2
309,38.20495329501675,39.91209115006828,96,39.058522222542514,4,3,95,2
310,38.21833694268717,39.91919239179442,97,39.0687646672408,4,3,95,2
311,38.23397621603159,39.92632258151793,98,39.080149398774765,4,3,95,2
312,38.251818034096985,39.93338758368779,98,39.09260280889239,4,3,95,2
313,38.271784384189154,39.94028787806579,98,39.10603613112747,4,3,95,2
314,38.29377536030847,39.9469206936002,98,39.12034802695433,4,3,95,2
315,38.317671193224335,39.95318224243105,98,39.13542671782769,4,3,95,2
316,38.343333468807074,39.95897005561715,98,39.15115176221211,4,3,95,2
317,38.37060709707953,39.96418561726537,97,39.16739635717245,4,3,95,2
318,38.399323716898586,39.96873729864075,97,39.18403050776966,4,3,95,2
319,38.42930634358881,39.9725433986929,96,39.200924871140856,4,3,95,2
320,38.4603745793538,39.97553529240136,96,39.21795493587758,4,3,95,2
321,38.492349218727156,39.97766088326171,96,39.23500505099443,4,3,95,2
322,38.52505605676348,39.978887853762366,96,39.251971955262924,4,3,95,2
323,38.558329683037485,39.97920548567115,96,39.26876758435432,4,3,95,2
324,38.59201745921951,39.97862491407044,96,39.28532118664498,4,3,95,2
325,38.62598329263451,39.977178829694694,96,39.3015810611646,4,3,95,2
326,38.66011042785939,39.97492117560931,97,39.317515801734345,4,3,95,2
327,38.69430208800895,39.97192687673864,97,39.3331144823738,4,3,95,2
328,38.72847996752745,39.968291659927274,97,39.34838581372736,4,3,95,2
329,38.76258174845973,39.9641320023825,98,39.36335687542112,4,3,95,2
330,38.79655861681647,39.95958419261564,98,39.37807140471605,4,3,95,2
331,38.83037356031924,39.95480049280227,99,39.392587026560754,4,3,95,2
332,38.86400005814979,39.94994247849595,99,39.40697126832287,4,3,95,2
333,38.89741960269621,39.94517369919624,99,39.421296650946225,4,3,95,2
334,38.93061776111795,39.94065302282659,98,39.43563539197227,4,3,95,2
335,38.96357975242237,39.93652924683647,98,39.45005449962942,4,3,95,2
336,38.99628632061,39.9329375587092,98,39.4646119396596,4,3,95,2
337,39.02871048937382,39.92999842880313,97,39.479354459088476,4,3,95,2
338,39.06081588144015,39.9278182506708,97,39.49431706605547,4,3,95,2
339,39.092557383286476,39.92648977623994,97,39.50952357976321,4,3,95,2
340,39.123883668112505,39.92609214912093,98,39.52498790861672,4,3,95,2
341,39.15473982207427,39.92669209518088,98,39.54071595862757,4,3,95,2
342,39.185069294264295,39.928346561743425,98,39.55670792800386,4,3,95,2
343,39.21481536635865,39.93110582897211,98,39.57296059766538,4,3,95,2
344,39.24392194772658,39.935016507301995,98,39.589469227514286,4,3,95,2
345,39.27233311165194,39.94012422504729,98,39.606228668349615,4,3,95,2
346,39.29999215384306,39.94647561529337,98,39.623233884568215,4,3,95,2
347,39.32684231993607,39.95411901612339,98,39.64048066802973,4,3,95,2
348,39.352829495485835,39.96310446866843,98,39.657966982077134,4,3,95,2
349,39.37790529871398,39.973484767893865,98,39.675695033303924,4,3,95,2
350,39.40203008914416,39.98531737025356,98,39.69367372969886,4,3,95,2
351,39.42517647807102,39.998665011548304,98,39.71192074480966,4,3,95,2
352,39.44733178085883,40.01359435132504,98,39.730463066091936,4,3,95,2
353,39.46849570507276,40.03017342314986,98,39.74933456411131,4,3,95,2
354,39.48867385988485,40.04846837742456,98,39.768571118654705,4,3,95,2
355,39.507871963667114,40.06853971078941,98,39.78820583722826,4,3,95,2
356,39.52609318815821,40.09043885894647,98,39.808266023552335,4,3,95,2
357,39.54333863913498,40.114206712581115,98,39.82877267585805,4,3,95,2
358,39.559610973535875,40.13987395805109,99,39.84974246579348,4,3,95,2
359,39.574921152990484,40.16746148652807,99,39.871191319759276,4,3,95,2
360,39.589295602617746,40.19697989573664,99,39.89313774917719,4,3,95,2
361,39.602778312778675,40.228427888896974,99,39.91560310083783,4,3,95,2
362,39.615427395672256,40.26179015594059,99,39.93860877580642,4,3,95,2
363,39.6273105828362,40.29703610255214,99,39.96217334269417,4,3,95,2
364,39.638501808498454,40.33412040265899,98,39.98631110557872,4,3,95,2
365,39.649078682662484,40.37298596007148,98,40.01103232136698,4,3,95,2
366,39.659121242939385,40.41356830458898,98,40.036344773764185,4,3,95,2
367,39.6687129593055,40.455798887460055,98,40.06225592338278,4,3,95,2
368,39.67794252747317,40.49960630180451,98,40.08877441463884,4,3,95,2
369,39.68690254806605,40.54491601427954,98,40.1159092811728,4,3,95,2
370,39.69568440745965,40.59164938940056,98,40.143666898430105,4,3,95,2
371,39.70437189484267,40.63972298305288,99,40.17204743894777,4,3,95,2
372,39.713035602408134,40.68904878918886,99,40.20104219579849,4,3,95,2
373,39.72172966802054,40.73953583116881,99,40.230632749594676,4,3,95,2
374,39.730492419885536,40.79109261142392,99,40.26079251565473,4,3,95,2
375,39.73935248296736,40.84362905531836,99,40.29149076914286,4,3,95,2
376,39.74833800560797,40.89705736539719,99,40.322697685502575,4,3,95,2
377,39.75748276343336,40.95129198249074,100,40.35438737296205,4,3,95,2
378,39.76682670162405,41.006249045192945,100,40.3865378734085,4,3,95,2
379,39.776412280542026,41.06184593427526,100,40.419129107408644,4,3,95,2
380,39.786278867480036,41.118001293502935,100,40.45214008049149,4,3,95,2
381,39.79645829511228,41.174635723229265,100,40.48554700917077,4,3,95,2
382,39.80697334174102,41.231672952953055,100,40.51932314734704,4,3,95,2
383,39.81783952300494,41.28904090882458,100,40.55344021591476,4,3,95,2
384,39.82906873162033,41.346672482206785,100,40.587870606913555,4,3,95,2
385,39.84067140861501,41.4045061955042,99,40.6225888020596,4,3,95,2
386,39.852656172940044,41.46248686384519,99,40.657571518392615,4,3,95,2
387,39.86502807974368,41.52056625356425,98,40.69279716665396,4,3,95,2
388,39.8777863850201,41.5787034457254,98,40.728244915372755,4,3,95,2
389,39.89092240179377,41.636864320214634,98,40.76389336100421,4,3,95,2
390,39.90441783801831,41.69501986842879,97,40.79971885322355,4,3,95,2
391,39.918243811417724,41.753143335099345,97,40.83569357325854,4,3,95,2
392,39.93236054156285,41.811207067563124,97,40.87178380456299,4,3,95,2
393,39.946717524557336,41.86918082860379,97,40.90794917658056,4,3,95,2
394,39.96125409341664,41.92703196345959,97,40.94414302843812,4,3,95,2
395,39.975900364931405,41.98472644608743,98,40.98031340550942,4,3,95,2
396,39.99057857395449,42.042229927347655,98,41.01640425065107,4,3,95,2
397,40.005204796184394,42.09950800533843,98,41.05235640076141,4,3,95,2
398,40.01969106064537,42.15652552334207,98,41.08810829199372,4,3,95,2
399,40.03394785316473,42.21324528607632,99,41.12359656962053,4,3,95,2
400,40.04788671958966,42.26962717017855,99,41.158756944884104,4,3,95,2
401,40.06142238489036,42.325629190097956,99,41.19352578749416,4,3,95,2
402,40.074473999359135,42.381210422477885,99,41.22784221091851,4,3,95,2
403,40.08696531814732,42.436334034001284,99,41.2616496760743,4,3,95,2
404,40.098824498166,42.49096895025483,99,41.29489672421042,4,3,95,2
405,40.109985074152085,42.54508899571417,99,41.32753703493313,4,3,95,2
406,40.12038791993786,42.59867009056408,99,41.35952900525097,4,3,95,2
407,40.12998224518536,42.65168784568804,99,41.3908350454367,4,3,95,2
408,40.13872533588923,42.70411662913421,99,41.42142098251172,4,3,95,2
409,40.14658240498132,42.75592990936663,99,41.45125615717397,4,3,95,2
410,40.15352674878002,42.80710148554837,99,41.4803141171642,4,3,95,2
411,40.15953923443827,42.85760702003878,99,41.50857312723852,4,3,95,2
412,40.16460780156895,42.90742509320778,99,41.53601644738836,4,3,95,2
413,40.16872931925423,42.95653680557342,99,41.56263306241382,4,3,95,2
414,40.17191301831502,43.00492402513208,99,41.58841852172355,4,3,95,2
415,40.17418159736315,43.05256745061957,99,41.61337452399136,4,3,95,2
416,40.17556892957516,43.0994453688348,98,41.63750714920498,4,3,95,2
417,40.17611612553274,43.14553369157387,98,41.6608249085533,4,3,95,2
418,40.17586799991388,43.19080727252078,98,41.68333763621733,4,3,95,2
419,40.174872282302395,43.235241919238085,98,41.70505710077024,4,3,95,2
420,40.17318225418418,43.27881602772156,98,41.725999140952865,4,3,95,2
421,40.17086183600703,43.32151027928132,98,41.746186057644174,4,3,95,2
422,40.16799058746435,43.363305205009596,98,41.76564789623697,4,3,95,2
423,40.1646645233881,43.4041777886003,98,41.784421155994195,4,3,95,2
424,40.160991768626154,43.444098473374396,97,41.80254512100028,4,3,95,2
425,40.15708519626475,43.48303013449621,97,41.82005766538048,4,3,95,2
426,40.15305448600191,43.52092901685371,97,41.83699175142781,4,3,95,2
427,40.14900033201975,43.557746078579626,96,41.85337320529969,4,3,95,2
428,40.14501138391144,43.59342786304855,96,41.86921962347999,4,3,95,2
429,40.14116235851256,43.627916705029506,96,41.88453953177103,4,3,95,2
430,40.13751263850636,43.66115056443788,95,41.89933160147212,4,3,95,2
431,40.13410555172679,43.69306326888907,95,41.913584410307934,4,3,95,2
432,40.13096833024206,43.7235857512426,95,41.92727704074233,4,3,95,2
433,40.12811255347109,43.752648673302936,95,41.94038061338701,4,3,95,2
434,40.12553536751202,43.7801859490515,95,41.952860658281764,4,3,95,2
435,40.12322226077886,43.80613780295595,95,41.9646800318674,4,3,95,2
436,40.12115129843343,43.8304524865269,95,41.97580189248016,4,3,95,2
437,40.119297840447935,43.85308626387602,95,41.98619205216198,4,3,95,2
438,40.11763847561952,43.8740018621549,95,41.99582016888721,4,3,95,2
439,40.11615261128069,43.893166167877936,95,42.00465938957932,4,3,95,2
440,40.11482181659041,43.910548340177435,95,42.012685078383925,4,3,95,2
441,40.11362867540686,43.92611990210988,96,42.01987428875837,4,3,95,2
442,40.11255641702983,43.93985671295845,96,42.02620656499414,4,3,95,2
443,40.11159010539623,43.95174106630123,96,42.03166558584873,4,3,95,2
444,40.11071928944546,43.96176303637209,96,42.03624116290878,4,3,95,2
445,40.10994113948652,43.96992107297266,96,42.03993110622959,4,3,95,2
446,40.109262801714024,43.976222332768344,96,42.042742567241184,4,3,95,2
447,40.10870141029623,43.98068372236301,96,42.044692566329616,4,3,95,2
448,40.10828214707413,43.98333384810782,96,42.04580799759097,4,3,95,2
449,40.10803668952331,43.984215287142796,96,42.04612598833305,4,3,95,2
450,40.10800282689911,43.98338649644903,96,42.04569466167407,4,3,95,2
451,40.10822446377239,43.98092257893815,96,42.04457352135527,4,3,95,2
452,40.10875152267956,43.976914710585575,96,42.042833116632565,4,3,95,2
453,40.109639550130986,43.97146861758305,96,42.04055408385702,4,3,95,2
454,40.11094795228913,43.964702004560074,96,42.0378249784246,4,3,95,2
455,40.11273490871013,43.95674034702198,96,42.03473762786605,4,3,95,2
456,40.11504984109478,43.94771143634754,96,42.03138063872116,4,3,95,2
457,40.11792714261987,43.93774004094673,97,42.0278335917833,4,3,95,2
458,40.121382825266096,43.92694365700254,97,42.02416324113432,4,3,95,2
459,40.125413694488714,43.91542993212026,97,42.02042181330449,4,3,95,2
460,40.1299984657652,43.90329527238396,97,42.01664686907458,4,3,95,2
461,40.13510004275973,43.89062307054114,98,42.012861556650435,4,3,95,2
462,40.14066788450272,43.87748126121003,98,42.00907457285638,4,3,95,2
463,40.14663909661462,43.86392017720738,98,42.005279636911,4,3,95,2
464,40.1529387350447,43.84997197394509,99,42.001455354494894,4,3,95,2
465,40.15948166421516,43.83565318171708,99,41.997567422966114,4,3,95,2
466,40.16617694609878,43.82096999520051,99,41.99357347064964,4,3,95,2
467,40.172934371358785,43.80592395896052,99,41.98942916515965,4,3,95,2
468,40.179671963467236,43.79051658575436,99,41.9850942746108,4,3,95,2
469,40.18632250641268,43.77475232235985,99,41.98053741438626,4,3,95,2
470,40.192837634173486,43.75863966781366,99,41.97573865099358,4,3,95,2
471,40.19918850760846,43.74219063906021,99,41.97068957333434,4,3,95,2
472,40.20536307951044,43.725418974033474,99,41.965391026771954,4,3,95,2
473,40.21136092365242,43.708337657220454,99,41.95984929043644,4,3,95,2
474,40.21718718864973,43.69095645026553,99,41.95407181945763,4,3,95,2
475,40.2228478225246,43.67328020771888,99,41.948064015121744,4,3,95,2
476,40.22834714084236,43.65530827040456,99,41.94182770562346,4,3,95,2
477,40.233687738338126,43.6370347412805,99,41.93536123980931,4,3,95,2
478,40.23887215874121,43.61844886350096,99,41.92866051112108,4,3,95,2
479,40.24390515229921,43.59953413523199,99,41.9217196437656,4,3,95,2
480,40.24879505788878,43.58026616139098,99,41.91453060963988,4,3,95,2
481,40.25355255396118,43.56061060811563,99,41.907081581038405,4,3,95,2
482,40.25818716834947,43.540522040664065,99,41.89935460450677,4,3,95,2
483,40.26270408275831,43.51994384037009,99,41.8913239615642,4,3,95,2
484,40.267102304721604,43.49880939643477,99,41.882955850578185,4,3,95,2
485,40.27137381681809,43.47704476849297,99,41.874209292655536,4,3,95,2
486,40.275503703170756,43.454572235743704,99,41.865037969457234,4,3,95,2
487,40.27947164350476,43.43131336824704,99,41.8553925058759,4,3,95,2
488,40.283254287295,43.407191133897335,99,41.84522271059617,4,3,95,2
489,40.286827142770655,43.38213143244608,99,41.83447928760837,4,3,95,2
490,40.29016520082884,43.35606435037544,99,41.823114775602136,4,3,95,2
491,40.293242099170534,43.328925332826,99,41.811083715998265,4,3,95,2
492,40.29602782705936,43.300656468732235,99,41.798342147895795,4,3,95,2
493,40.29848516620411,43.27120808524954,99,41.78484662572683,4,3,95,2
494,40.30056555101542,43.240540262217316,99,41.770552906616366,4,3,95,2
495,40.30220551928705,43.20862329204094,100,41.755414405664,4,3,95,2
496,40.30332433931321,43.17543708561215,100,41.739380712462676,4,3,95,2
497,40.30382281446575,43.14097050011644,101,41.72239665729109,4,3,95,2
498,40.303583071432584,43.10522088165728,101,41.70440197654493,4,3,95,2
499,40.30246894351639,43.06819343271675,101,41.685331188116564,4,3,95,2
500,40.300327145897974,43.02990040449864,101,41.66511377519831,4,3,95,2
501,40.29699002526663,42.9903605042375,101,41.64367526475206,4,3,95,2
502,40.292280081263556,42.94959861482265,101,41.6209393480431,4,3,95,2
503,40.28601587218354,42.90764563136108,101,41.59683075177231,4,3,95,2
504,40.27801930765906,42.86453851183167,101,41.57127890974536,4,3,95,2
505,40.26812472123709,42.820320931513685,101,41.54422282637539,4,3,95,2
506,40.25618826249785,42.775044443071884,101,41.51561635278487,4,3,95,2
507,40.24209429497271,42.72876955637051,101,41.485431925671605,4,3,95,2
508,40.22575743653665,42.681566542124,101,41.45366198933033,4,3,95,2
509,40.20712082927853,42.63351625104891,101,41.42031854016372,4,3,95,2
510,40.18615229833014,42.584711337560684,101,41.38543181794542,4,3,95,2
511,40.162841131625825,42.535257984280065,101,41.349049557952945,4,3,95,2
512,40.13719694417574,42.48527754067468,101,41.31123724242521,4,3,95,2
513,40.10925082208546,42.434907391415365,101,41.27207910675041,4,3,95,2
514,40.07905786832583,42.38430095500715,101,41.23167941166649,4,3,95,2
515,40.04669919901709,42.333626908079225,101,41.19016305354816,4,3,95,2
516,40.01228241398614,42.28306753540251,101,41.147674974694326,4,3,95,2
517,39.9759405403275,42.23281600793622,101,41.10437827413186,4,3,95,2
518,39.93782964236478,42.18307278115904,101,41.060451211761915,4,3,95,2
519,39.898125486091274,42.134041695935494,101,41.016083591013384,4,3,95,2
520,39.857019743366386,42.08592646158155,101,40.971473102473965,4,3,95,2
521,39.81471631839191,42.0389282982621,101,40.926822308327004,4,3,95,2
522,39.77142828119563,41.99324473555598,101,40.88233650837581,4,3,95,2
523,39.72737579510736,41.949068783763806,101,40.838222289435585,4,3,95,2
524,39.682784937382614,41.90658798719959,101,40.794686462291104,4,3,95,2
525,39.63788682433237,41.86598316138992,101,40.751934992861145,4,3,95,2
526,39.59291645221167,41.827427103874726,102,40.7101717780432,4,3,95,2
527,39.54811066503208,41.79108405609205,102,40.669597360562065,4,3,95,2
528,39.503705635789736,41.757109913654055,102,40.630407774721895,4,3,95,2
529,39.459935222956155,41.72565240215572,102,40.59279381255594,4,3,95,2
530,39.41703058871318,41.69685072839557,102,40.556940658554375,4,3,95,2
531,39.3752204900708,41.67083450962654,102,40.523027499848666,4,3,95,2
532,39.334730873737946,41.64772188113338,102,40.491226377435666,4,3,95,2
533,39.295781625354714,41.6276167801287,102,40.461699202741706,4,3,95,2
534,39.25858027450972,41.61060579429196,102,40.43459303440084,4,3,95,2
535,39.223314407834636,41.59675535364808,102,40.41003488074136,4,3,95,2
536,39.190144737738464,41.58610955707463,102,40.38812714740655,4,3,95,2
537,39.15920096971836,41.57868843736145,102,40.36894470353991,4,3,95,2
538,39.130580758385904,41.574486664147685,103,40.352533711266794,4,3,95,2
539,39.10435018961252,41.57347287949068,103,40.3389115345516,4,3,95,2
540,39.080544811893375,41.575589763683425,103,40.3280672877884,4,3,95,2
541,39.0591708257247,41.58075483180933,103,40.31996282876702,4,3,95,2
542,39.04020672304172,41.588861766854855,102,40.31453424494829,4,3,95,2
543,39.023606351995454,41.59978190052103,102,40.311694126258246,4,3,95,2
544,39.00930311476899,41.61336564830983,102,40.31133438153941,4,3,95,2
545,38.99721373851053,41.629443900874776,102,40.31332881969266,4,3,95,2
546,38.987240742552345,41.64782976410264,102,40.31753525332749,4,3,95,2
547,38.97927340812429,41.66832143084552,102,40.323797419484904,4,3,95,2
548,38.97318812991646,41.69070647981256,102,40.331947304864514,4,3,95,2
549,38.96885010196939,41.71476740967288,102,40.341808755821134,4,3,95,2
550,38.96611692503375,41.740287631344025,102,40.35320227818889,4,3,95,2
551,38.96484335717377,41.76705655628238,102,40.36594995672807,4,3,95,2
552,38.96488613688704,41.79487319889001,102,40.379879667888524,4,3,95,2
553,38.96610751544627,41.823548491375185,101,40.39482800341072,4,3,95,2
554,38.968377208056125,41.85290689940752,101,40.41064205373182,4,3,95,2
555,38.971573546253595,41.882788316871114,101,40.427180931562354,4,3,95,2
556,38.97558441880212,41.9130501449045,100,40.444317281853316,4,3,95,2
557,38.98030839312905,41.94356838727274,100,40.4619383902009,4,3,95,2
558,38.98565601905088,41.9742373741452,99,40.479946696598034,4,3,95,2
559,38.9915509262085,42.00496850636691,99,40.498259716287706,4,3,95,2
560,38.99793013137006,42.03568841202574,99,40.5168092716979,4,3,95,2
561,39.00474277648217,42.06633690684804,99,40.535539841665106,4,3,95,2
562,39.011947981223855,42.09686514973083,99,40.55440656547734,4,3,95,2
563,39.019513956706376,42.12723457959748,99,40.57337426815192,4,3,95,2
564,39.02741877111418,42.15741721957345,99,40.592417995343816,4,3,95,2
565,39.035651402246224,42.187397153998766,99,40.611524278122495,4,3,95,2
566,39.04421258960525,42.21717152056742,98,40.630692055086335,4,3,95,2
567,39.05311587635842,42.246749067099735,98,40.64993247172907,4,3,95,2
568,39.06238806085197,42.2761463705468,98,40.669267215699385,4,3,95,2
569,39.072067106711856,42.30538308363986,98,40.688725095175855,4,3,95,2
570,39.082197023441815,42.33447718433232,97,40.70833710388707,4,3,95,2
571,39.0928206923468,42.36344100805859,96,40.72813085020269,4,3,95,2
572,39.10397210021044,42.39227874531821,96,40.748125422764325,4,3,95,2
573,39.115669930856264,42.42098598963472,97,40.76832796024549,4,3,95,2
574,39.127913489481585,42.449550848140774,97,40.78873216881118,4,3,95,2
575,39.140680959504316,42.47795505425438,98,40.80931800687935,4,3,95,2
576,39.153929016577834,42.50617430232939,98,40.830051659453616,4,3,95,2
577,39.167591849379,42.53417780457006,98,40.85088482697453,4,3,95,2
578,39.181579431794255,42.56192765581469,98,40.87175354380447,4,3,95,2
579,39.195776822717605,42.58937917711105,98,40.89257799991432,4,3,95,2
580,39.21004515812259,42.61648292143034,98,40.913264039776465,4,3,95,2
581,39.22422347886727,42.643188537280565,98,40.93370600807392,4,3,95,2
582,39.238130694116805,42.66944941805561,98,40.953790056086206,4,3,95,2
583,39.25156740977549,42.69522579698056,98,40.97339660337802,4,3,95,2
584,39.26431809291652,42.7204851179043,98,40.99240160541041,4,3,95,2
585,39.27615505786631,42.74519968254235,98,41.010677370204334,4,3,95,2
586,39.28684357501154,42.76934264760871,98,41.02809311131013,4,3,95,2
587,39.296144809093846,42.79288451814024,98,41.04451466361704,4,3,95,2
588,39.30381623949858,42.81579160051902,99,41.059803920008804,4,3,95,2
589,39.30961229729373,42.838027195944306,99,41.07381974661902,4,3,95,2
590,39.31328668585471,42.85955455949377,99,41.08642062267424,4,3,95,2
591,39.31459658396812,42.88033889429144,99,41.09746773912978,4,3,95,2
592,39.31330795493158,42.900346918284264,99,41.10682743660792,4,3,95,2
593,39.30920020973086,42.919543809095,99,41.11437200941293,4,3,95,2
594,39.30206905746191,42.93788860040315,99,41.11997882893253,4,3,95,2
595,39.29172696118838,42.95533037132998,99,41.123528666259176,4,3,95,2
596,39.27800188517733,42.97180659502033,99,41.12490424009883,4,3,95,2
597,39.260736287195456,42.98724403737937,99,41.12399016228741,4,3,95,2
598,39.239787529006826,43.001561329099644,99,41.12067442905324,4,3,95,2
599,39.215030097678124,43.01467106628383,99,41.114850581980974,4,3,95,2
600,39.18635944482482,43.02648066061519,99,41.106420052720004,4,3,125,3
601,39.15369666542561,43.036892525648,99,41.09529459553681,4,3,125,3
602,39.11699284735581,43.04580408834423,99,41.08139846785002,4,3,125,3
603,39.07623153224909,43.05310801752992,99,41.06466977488951,4,3,125,3
604,39.03142860567018,43.0586933536358,99,41.04506097965299,4,3,125,3
605,38.982629811920155,43.062448516768626,99,41.022539164344394,4,3,125,3
606,38.92990686861521,43.064265609599325,100,40.99708623910727,4,3,125,3
607,38.873353936029474,43.0640438709505,100,40.96869890348999,4,3,125,3
608,38.81308541548699,43.061691696514345,100,40.93738855600067,4,3,125,3
609,38.74923527042958,43.05712820363057,100,40.903181737030074,4,3,125,3
610,38.68195777084477,43.05028463415279,100,40.866121202498775,4,3,125,3
611,38.6114292688066,43.04110520650412,100,40.82626723765536,4,3,125,3
612,38.53785002733509,43.02954741798829,100,40.78369872266169,4,3,125,3
613,38.46144453921261,43.01558218837514,100,40.73851336379387,4,3,125,3
614,38.3824596498639,42.99919394295847,101,40.69082679641119,4,3,125,3
615,38.30116067587511,42.98038044046038,101,40.640770558167745,4,3,125,3
616,38.21782639316707,42.959152541105524,101,40.5884894671363,4,3,125,3
617,38.132744451331405,42.935534500139305,101,40.53413947573536,4,3,125,3
618,38.04620828272722,42.90956439646745,101,40.47788633959733,4,3,125,3
619,37.95851608708838,42.88129333049672,101,40.419904708792544,4,3,125,3
620,37.86997110676847,42.8507832930491,102,40.36037719990878,4,3,125,3
621,37.78088104215026,42.8181048750282,102,40.29949295858923,4,3,125,3
622,37.69155582219411,42.7833358898007,102,40.23744585599741,4,3,125,3
623,37.60230431056308,42.7465618825675,102,40.17443309656529,4,3,125,3
624,37.51343043020016,42.7078785255062,103,40.11065447785318,4,3,125,3
625,37.42522909171851,42.667394921965816,103,40.046312006842165,4,3,125,3
626,37.337982798730444,42.62523645267108,103,39.98160962570076,4,3,125,3
627,37.25196029106299,42.58154540652992,103,39.916752848796456,4,3,125,3
628,37.167417026386595,42.536479003931696,103,39.851948015159145,4,3,125,3
629,37.08459574038487,42.49020578571154,103,39.787400763048204,4,3,125,3
630,37.00372630117682,42.44290202349385,104,39.723314162335335,4,3,125,3
631,36.92502504928353,42.39475048970928,104,39.65988776949641,4,3,125,3
632,36.848694302319075,42.34594197469084,104,39.59731813850496,4,3,125,3
633,36.77492319147771,42.296677987382324,105,39.53580058943002,4,3,125,3
634,36.70388992418946,42.247172393303494,105,39.47553115874648,4,3,125,3
635,36.63576449460178,42.197649060502954,105,39.41670677755236,4,3,125,3
636,36.570710571097266,42.14833551017963,106,39.35952304063845,4,3,125,3
637,36.50888499757707,42.099455494640125,106,39.3041702461086,4,3,125,3
638,36.450434905963526,42.051222937527754,107,39.25082892174564,4,3,125,3
639,36.39549399810678,42.00383918362467,107,39.199666590865725,4,3,125,3
640,36.344178580054454,41.95749345737787,108,39.15083601871616,4,3,125,3
641,36.29658295647048,41.91236438119336,108,39.10447366883192,4,3,125,3
642,36.25277502224025,41.86862089239873,108,39.06069795731949,4,3,125,3
643,36.21279417613725,41.826421385619994,108,39.01960778087862,4,3,125,3
644,36.17665186762772,41.78591156562585,109,38.98128171662678,4,3,125,3
645,36.14433309855447,41.7472231540089,109,38.94577812628168,4,3,125,3
646,36.115797923645275,41.710474715424354,109,38.913136319534814,4,3,125,3
647,36.090982833023645,41.67577499146738,109,38.88337891224551,4,3,125,3
648,36.06980213437903,41.64322796001867,109,38.856515047198855,4,3,125,3
649,36.052149803954684,41.6129376675909,109,38.83254373577279,4,3,125,3
650,36.037902412406936,41.585011565031515,110,38.81145698871923,4,3,125,3
651,36.02692369288502,41.55956175969498,111,38.79324272629,4,3,125,3
652,36.01907032406157,41.53670437746931,111,38.77788735076544,4,3,125,3
653,36.01419756467894,41.51655800829295,112,38.76537778648594,4,3,125,3
654,36.012163668891624,41.49924172104802,113,38.75570269496983,4,3,125,3
655,36.012832304320526,41.484872645987686,113,38.74885247515411,4,3,125,3
656,36.016073267619404,41.47356283024671,113,38.744818048933055,4,3,125,3
657,36.02176286519941,41.46541477941742,113,38.74358882230842,4,3,125,3
658,36.02978454636653,41.46051607362759,113,38.74515030999706,4,3,125,3
659,36.04002959572578,41.45893442207889,113,38.74948200890233,4,3,125,3
660,36.052397301447186,41.46071403255116,113,38.756555666999176,4,3,125,3
661,36.06679362572313,41.46587368499474,113,38.766333655358935,4,3,125,3
662,36.08312828145974,41.47440631346444,113,38.778767297462096,4,3,125,3
663,36.10131099697919,41.48627931581141,113,38.7937951563953,4,3,125,3
664,36.12124814061546,41.501435591237055,113,38.81134186592625,4,3,125,3
665,36.142841267241565,41.51979608649618,113,38.831318676868875,4,3,125,3
666,36.165987978351296,41.54126424176746,113,38.85362611005938,4,3,125,3
667,36.190584316923854,41.565732337397755,113,38.878158327160804,4,3,125,3
668,36.21652762573821,41.59308867007264,112,38.90480814790543,4,3,125,3
669,36.24371850521359,41.62322341422066,112,38.93347095971713,4,3,125,3
670,36.27206089699373,41.65603151221777,112,38.96404620460575,4,3,125,3
671,36.3014597096105,41.691411424638815,112,38.99643556712466,4,3,125,3
672,36.33181657296693,41.72926032742388,111,39.03053845019541,4,3,125,3
673,36.36302547881609,41.76946809846327,111,39.06624678863968,4,3,125,3
674,36.394969089102624,41.81191224107025,111,39.10344066508644,4,3,125,3
675,36.4275155187859,41.85645569685307,111,39.141985607819485,4,3,125,3
676,36.46051569254072,41.902947549918686,110,39.1817316212297,4,3,125,3
677,36.49380166755742,41.95122467379579,110,39.222513170676606,4,3,125,3
678,36.527186412463855,42.00111305543535,111,39.2641497339496,4,3,125,3
679,36.56046563021409,42.05242821360171,111,39.3064469219079,4,3,125,3
680,36.59342162785215,42.10497529959287,111,39.349198463722516,4,3,125,3
681,36.62582865109396,42.158550638842215,111,39.392189644968084,4,3,125,3
682,36.65745949200796,42.21294569179975,111,39.43520259190386,4,3,125,3
683,36.68809356832998,42.26795363230476,110,39.47802360031737,4,3,125,3
684,36.71752579513344,42.323376986053916,110,39.52045139059368,4,3,125,3
685,36.745574691640115,42.379033016071006,110,39.56230385385556,4,3,125,3
686,36.772088458324895,42.434755590237586,110,39.603422024281244,4,3,125,3
687,36.796948051718644,42.49039431402312,110,39.64367118287088,4,3,125,3
688,36.82006725925059,42.54581239407346,110,39.68293982666202,4,3,125,3
689,36.84139075136041,42.60088538083891,110,39.721138066099655,4,3,125,3
690,36.860891087617155,42.655501572680414,110,39.758196330148785,4,3,125,3
691,36.87856565311248,42.709563498163035,110,39.79406457563776,4,3,125,3
692,36.89443362311588,42.76298921028811,110,39.82871141670199,4,3,125,3
693,36.90853217574779,42.815711443444044,109,39.86212180959592,4,3,125,3
694,36.92091204994037,42.86767473189698,109,39.894293390918676,4,3,125,3
695,36.93163342352828,42.91883263669628,109,39.92523303011228,4,3,125,3
696,36.94076279347146,42.969146740012995,109,39.954954766742226,4,3,125,3
697,36.94837124743107,43.01858857810345,109,39.98347991276726,4,3,125,3
698,36.954534710892815,43.067143635652556,109,40.010839173272686,4,3,125,3
699,36.95933694902771,43.114814475791206,109,40.03707571240946,4,3,125,3
700,36.962874736859575,43.1616217380019,109,40.06224823743074,4,3,125,3
701,36.96526324564599,43.20760339400814,110,40.086433319827066,4,3,125,3
702,36.96664008332868,43.252813041628876,110,40.10972656247878,4,3,125,3
703,36.96716681678742,43.297318406470716,110,40.13224261162907,4,3,125,3
704,36.967027778659116,43.34120044078386,110,40.15411410972149,4,3,125,3
705,36.966426936488745,43.38455262828116,110,40.17548978238496,4,3,125,3
706,36.96558399180467,43.4274802985871,111,40.19653214519589,4,3,125,3
707,36.96473126657572,43.47009994986304,111,40.21741560821938,4,3,125,3
708,36.964111471188836,43.51253848043463,112,40.238324975811736,4,3,125,3
709,36.96397498481558,43.55493213253747,112,40.259453558676526,4,3,125,3
710,36.96457537641687,43.5974248535942,112,40.28100011500553,4,3,125,3
711,36.96616199206885,43.64016568275144,112,40.30316383741014,4,3,125,3
712,36.96897077515524,43.68330506291472,112,40.32613791903498,4,3,125,3
713,36.9732168269401,43.72699027107081,112,40.35010354900545,4,3,125,3
714,36.97909016695271,43.771361037497734,113,40.37522560222522,4,3,125,3
715,36.986754104638365,43.81654730233672,113,40.40165070348755,4,3,125,3
716,36.99634524395335,43.86266871720864,113,40.429506980580996,4,3,125,3
717,37.00797375283905,43.909833158803636,113,40.45890345582134,4,3,125,3
718,37.02172350529446,43.95813386244143,113,40.489928683867944,4,3,125,3
719,37.037652679548934,44.00764712469435,113,40.52264990212164,4,3,125,3
720,37.0557952011685,44.058431744088196,113,40.557113472628345,4,3,125,3
721,37.07616322524823,44.110530588845045,114,40.59334690704664,4,3,125,3
722,37.098750266991104,44.16397399811977,114,40.63136213255544,4,3,125,3
723,37.12353400508636,44.21878404064684,114,40.671159022866604,4,3,125,3
724,37.15047836781972,44.27497806969537,114,40.71272821875755,4,3,125,3
725,37.1795350973265,44.33256942815782,114,40.75605226274216,4,3,125,3
726,37.210644597463165,44.391565401039095,114,40.80110499925113,4,3,125,3
727,37.243735480814024,44.451964756043104,114,40.84785011842857,4,3,125,3
728,37.27872281576654,44.513755749991816,113,40.89623928287918,4,3,125,3
729,37.31550566001298,44.57691401588197,113,40.94620983794748,4,3,125,3
730,37.353964857195784,44.64140003816804,113,40.99768244768191,4,3,125,3
731,37.39396246380549,44.70715621667885,113,41.05055934024217,4,3,125,3
732,37.435343003270475,44.77410420256923,113,41.10472360291985,4,3,125,3
733,37.477935574016115,44.842143872742625,112,41.16003972337937,4,3,125,3
734,37.52155681390302,44.91115462673711,112,41.21635572032007,4,3,125,3
735,37.56601569905403,44.9809990076347,112,41.273507353344364,4,3,125,3
736,37.611119497128485,45.05152728332421,112,41.331323390226345,4,3,125,3
737,37.65667853708178,45.12258025917227,112,41.38962939812703,4,3,125,3
738,37.702508627939984,45.19398993426668,112,41.44824928110333,4,3,125,3
739,37.74843112954555,45.26557995446473,111,41.50700554200514,4,3,125,3
740,37.79427194613211,45.337167327927794,111,41.56571963702996,4,3,125,3
741,37.83986198147728,45.40856638125413,111,41.6242141813657,4,3,125,3
742,37.88504003371252,45.479594373812276,111,41.682317203762395,4,3,125,3
743,37.929657547184014,45.55007662731154,111,41.739867087247774,4,3,125,3
744,37.97358376079116,45.61984941774697,111,41.79671658926907,4,3,125,3
745,38.016708914199235,45.68875926689126,111,41.85273409054525,4,3,125,3
746,38.05894434349363,45.75665980633875,111,41.90780207491619,4,3,125,3
747,38.10021946797277,45.82340992294136,111,41.961814695457065,4,3,125,3
748,38.140476937467525,45.88887474853408,111,42.0146758430008,4,3,125,3
749,38.17966847730186,45.95292891092227,111,42.066298694112064,4,3,125,3
750,38.21775269981012,46.015460390079,111,42.11660654494456,4,3,125,3
751,38.254694883181294,46.07637225043924,111,42.16553356681027,4,3,125,3
752,38.29046832813102,46.13558127564883,111,42.21302480188993,4,3,125,3
753,38.32505651263866,46.19301428757806,111,42.25903540010836,4,3,125,3
754,38.35845487470102,46.2486041016732,111,42.30352948818711,4,3,125,3
755,38.39067066274396,46.302288241025,111,42.34647945188448,4,3,125,3
756,38.42172075622108,46.35401070282732,111,42.387865729524194,4,3,125,3
757,38.45162882181945,46.40372424221163,110,42.42767653201554,4,3,125,3
758,38.48042287794743,46.45139161371842,110,42.46590724583292,4,3,125,3
759,38.50813404747042,46.49698518591799,110,42.50255961669421,4,3,125,3
760,38.53479698595346,46.54048483222564,110,42.537640909089546,4,3,125,3
761,38.56045217997849,46.581874488494556,110,42.57116333423652,4,3,125,3
762,38.58514874945373,46.621138840783146,110,42.60314379511844,4,3,125,3
763,38.60894482715765,46.65826267954886,110,42.633603753353256,4,3,125,3
764,38.63190473445027,46.6932327254411,110,42.66256872994569,4,3,125,3
765,38.65409431777543,46.72603900079731,110,42.69006665928637,4,3,125,3
766,38.67557620065343,46.75667447905104,110,42.71612533985224,4,3,125,3
767,38.69640709599845,46.78513340235373,110,42.740770249176094,4,3,125,3
768,38.71663747042306,46.81140865768717,110,42.76402306405511,4,3,125,3
769,38.73631199905943,46.835488601742796,110,42.78590030040111,4,3,125,3
770,38.75546924950742,46.857354602687494,109,42.806411926097454,4,3,125,3
771,38.77413903360437,46.876981444819464,109,42.82556023921192,4,3,125,3
772,38.792338109193764,46.89434030378702,109,42.84333920649039,4,3,125,3
773,38.81006715758721,46.90940156170808,109,42.859734359647646,4,3,125,3
774,38.827310109394276,46.92213619463799,109,42.87472315201613,4,3,125,3
775,38.84403503841345,46.93251592790861,109,42.88827548316103,4,3,125,3
776,38.8601961361417,46.94051264747312,109,42.90035439180741,4,3,125,3
777,38.87573657231364,46.94609784799647,109,42.910917210155056,4,3,125,3
778,38.89059185201611,46.94924289843189,109,42.919917375224,4,3,125,3
779,38.904693085016426,46.949920905827724,109,42.92730699542207,4,3,125,3
780,38.917969973206425,46.948109885185765,109,42.9330399291961,4,3,125,3
781,38.93035371227803,46.94379587024226,109,42.937074791260144,4,3,125,3
782,38.94177951609382,46.93697489258183,110,42.93937720433782,4,3,125,3
783,38.95218798452011,46.92765304899279,110,42.939920516756445,4,3,125,3
784,38.961525413266216,46.915844754661165,110,42.93868508396369,4,3,125,3
785,38.96974402202741,46.90157015748736,110,42.935657089757385,4,3,125,3
786,38.97680161407397,46.8848523960825,110,42.930827005078235,4,3,125,3
787,38.98265871727382,46.865715091309546,110,42.92418690429169,4,3,125,3
788,38.98727379245573,46.84418055871409,110,42.91572717558491,4,3,125,3
789,38.99059963097908,46.82026932670507,111,42.905434478842075,4,3,125,3
790,38.992582600325164,46.79400115521614,111,42.89329187777065,4,3,125,3
791,38.99316493351677,46.765397359455264,112,42.87928114648602,4,3,125,3
792,38.99228889273316,46.73448365811851,112,42.86338627542584,4,3,125,3
793,38.989900272021266,46.701292180181895,112,42.84559622610158,4,3,125,3
794,38.98594997198914,46.6658621421642,112,42.82590605707667,4,3,125,3
795,38.980393647307665,46.6282395855048,112,42.80431661640623,4,3,125,3
796,38.97319147607881,46.58847724635884,112,42.78083436121882,4,3,125,3
797,38.96431214834998,46.54663631276673,112,42.755474230558356,4,3,125,3
798,38.95374126944017,46.50278977574992,112,42.728265522595045,4,3,125,3
799,38.94149047206578,46.457025032455526,113,42.69925775226065,4,3,125,3
800,38.927603726071254,46.40944447220619,113,42.66852409913872,4,3,125,3
801,38.9121575292715,46.36016384901506,113,42.63616068914328,4,3,125,3
802,38.895255173793856,46.30930882912774,113,42.60228200146079,4,3,125,3
803,38.87701879318324,46.25701068717715,113,42.5670147401802,4,3,125,3
804,38.857581627156634,46.2034022219325,113,42.53049192454456,4,3,125,3
805,38.83708167262073,46.14861506007754,113,42.492848366349136,4,3,125,3
806,38.8156565238476,46.09277854104584,113,42.45421753244672,4,3,125,3
807,38.79343783908498,46.03601940057363,114,42.414728619829305,4,3,125,3
808,38.77054572410815,45.978461958339395,114,42.37450384122377,4,3,125,3
809,38.74708517653502,45.920229002775116,114,42.33365708965507,4,3,125,3
810,38.72314507674424,45.861442785876065,114,42.292293931310155,4,3,125,3
811,38.698798553306204,45.802224760569004,114,42.250511656937604,4,3,125,3
812,38.67410355108878,45.74269405874049,114,42.20839880491464,4,3,125,3
813,38.6491024304548,45.68296607357267,114,42.16603425201374,4,3,125,3
814,38.623821279412226,45.623152412319016,114,42.12348684586562,4,3,125,3
815,38.59827147402178,45.5633633881491,114,42.080817431085435,4,3,125,3
816,38.572454754626975,45.503713146837065,114,42.038083950732016,4,3,125,3
817,38.546371817696816,45.44432645117425,115,41.99534913443553,4,3,125,3
818,38.52003188722244,45.38534507298981,115,41.95268848010612,4,3,125,3
819,38.49345819364586,45.326930669577195,115,41.91019443161153,4,3,125,3
820,38.46668760445604,45.26926345952977,115,41.867975531992904,4,3,125,3
821,38.439765966673086,45.21253845115463,115,41.826152208913854,4,3,125,3
822,38.41274208680026,45.15696175665367,115,41.78485192172697,4,3,125,3
823,38.38566463923274,45.10275030531938,115,41.74420747227606,4,3,125,3
824,38.35858395313529,45.05013456238028,115,41.70435925775779,4,3,125,3
825,38.331558286856904,44.999360153526084,115,41.665459220191494,4,3,125,3
826,38.30466098016774,44.95068566045601,115,41.62767332031187,4,3,125,3
827,38.277981655749784,44.90437521810306,115,41.59117843692643,4,3,125,3
828,38.25161990818865,44.86068668985816,116,41.55615329902341,4,3,125,3
829,38.22567518552224,44.81985834289783,116,41.52276676421003,4,3,125,3
830,38.20023647075171,44.78209655566722,116,41.491166513209464,4,3,125,3
831,38.17537527319924,44.74756669970613,117,41.46147098645268,4,3,125,3
832,38.151143098830666,44.716387582815216,117,41.433765340822944,4,3,125,3
833,38.12757222799472,44.68862808550897,119,41.40810015675184,4,3,125,3
834,38.10467736133293,44.66430589139165,120,41.38449162636229,4,3,125,3
835,38.08245442692337,44.643389480835786,120,41.36292195387958,4,3,125,3
836,38.06087684104553,44.62580329013215,120,41.34334006558883,4,3,125,3
837,38.03989351429412,44.61143467103924,120,41.325664092666685,4,3,125,3
838,38.01943016407492,44.600141969095404,120,41.30978606658516,4,3,125,3
839,37.999392763839936,44.59176372238852,121,41.29557824311423,4,3,125,3
840,37.97967215482141,44.58612898292588,121,41.28290056887364,4,3,125,3
841,37.9601490413797,44.58306876305092,121,41.271608902215306,4,3,125,3
842,37.94069898147905,44.58242734149748,121,41.26156316148827,4,3,125,3
843,37.92119737412881,44.584070895647535,121,41.25263413488817,4,3,125,3
844,37.901524445693255,44.58789209683158,121,41.24470827126242,4,3,125,3
845,37.881570236960805,44.59381047566009,121,41.23769035631045,4,3,125,3
846,37.861239300187904,44.601769241823675,121,41.23150427100579,4,3,125,3
847,37.84045452258221,44.61173012023785,120,41.226092321410036,4,3,125,3
848,37.819160175228085,44.623667960125765,120,41.221414067676925,4,3,125,3
849,37.7973249689352,44.63756706841667,120,41.217446018675936,4,3,125,3
850,37.77494502031676,44.65341907280985,120,41.2141820465633,4,3,125,3
851,37.75204575318194,44.6712199738836,120,41.21163286353277,4,3,125,3
852,37.72868127222535,44.690965313494495,120,41.20982329285992,4,3,125,3
853,37.704929257875584,44.712643654630874,120,41.20878645625323,4,3,125,3
854,37.68088206426388,44.73623012850819,119,41.20855609638603,4,3,125,3
855,37.65663733544721,44.76168336540429,118,41.20916035042575,4,3,125,3
856,37.63229057694984,44.788946785023555,118,41.2106186809867,4,3,125,3
857,37.60793124174559,44.81795288150915,118,41.21294206162737,4,3,125,3
858,37.583641061232754,44.84862787044524,118,41.216134465839,4,3,125,3
859,37.559490523255604,44.880892797367245,117,41.22019166031143,4,3,125,3
860,37.535533008237756,44.9146607187722,117,41.22509686350497,4,3,125,3
861,37.51179970356365,44.949833078081284,117,41.23081639082247,4,3,125,3
862,37.4882970510891,44.986297326221454,116,41.237297188655276,4,3,125,3
863,37.46500711747219,45.02392676374816,116,41.244466940610174,4,3,125,3
864,37.44189000938402,45.06258221612001,116,41.252236112752016,4,3,125,3
865,37.41888618802777,45.10211378843014,116,41.26049998822896,4,3,125,3
866,37.395917513122555,45.14236192145483,115,41.269139717288695,4,3,125,3
867,37.372886822208635,45.18315794641472,115,41.278022384311676,4,3,125,3
868,37.34967770463174,45.224324921231855,115,41.28700131293179,4,3,125,3
869,37.32615798305802,45.265680116439405,115,41.29591904974871,4,3,125,3
870,37.30218661169826,45.30703934856132,114,41.30461298012979,4,3,125,3
871,37.27761989669419,45.348222188399376,114,41.31292104254678,4,3,125,3
872,37.252315285148896,45.38905707168846,112,41.32068617841868,4,3,125,3
873,37.22613331022917,45.429385339530356,112,41.327759324879764,4,3,125,3
874,37.198938084696294,45.46906362602969,111,41.33400085536299,4,3,125,3
875,37.170596540116776,45.50796440051049,111,41.33928047031363,4,3,125,3
876,37.14097680403052,45.54597505668953,111,41.34347593036003,4,3,125,3
877,37.109946302387925,45.58299652616948,111,41.3464714142787,4,3,125,3
878,37.07737027208677,45.61894180817054,111,41.34815604012866,4,3,125,3
879,37.04311146598345,45.65373422199402,111,41.348422843988736,4,3,125,3
880,37.007031150023415,45.68730509098184,111,41.34716812050263,4,3,125,3
881,36.96899080941005,45.71959046903581,111,41.34429063922293,4,3,125,3
882,36.92885407827739,45.7505273984808,111,41.33969073837909,4,3,125,3
883,36.886488504855016,45.780051065822285,111,41.33326978533865,4,3,125,3
884,36.84176695916428,45.80809344162541,111,41.324930200394846,4,3,125,3
885,36.79456868530926,45.83458321045854,111,41.314575947883895,4,3,125,3
886,36.74478029295315,45.85944640673754,111,41.30211334984534,4,3,125,3
887,36.69229727507909,45.882606782205784,111,41.287452028642434,4,3,125,3
888,36.63702537103136,45.90398532097912,111,41.27050534600524,4,3,125,3
889,36.57887982571138,45.92349870827777,111,41.25118926699457,4,3,125,3
890,36.517782448865724,45.9410577294633,111,41.22942008916451,4,3,125,3
891,36.453658231478684,45.95656774651081,111,41.20511298899474,4,3,125,3
892,36.386432788500095,45.96993164345189,111,41.178182215975994,4,3,125,3
893,36.3160314094003,45.981053876718654,111,41.14854264305948,4,3,125,3
894,36.242379815256314,45.98984407127746,111,41.11611194326689,4,3,125,3
895,36.165406038299444,45.99621840834881,111,41.08081222332413,4,3,125,3
896,36.08504244969983,46.000098415965624,112,41.042570432832726,4,3,125,3
897,36.0012265711862,46.00140813906065,112,41.001317355123426,4,3,125,3
898,35.913900866629284,46.000071836150816,112,40.95698635139005,4,3,125,3
899,35.82301327023212,45.99601552009143,112,40.90951439516178,4,3,125,3
900,35.72851952512252,45.98917224653066,112,40.85884588582659,4,3,155,4
901,35.630387723277764,45.979487639829095,112,40.804937681553426,4,3,155,4
902,35.52860475482921,45.966923316549476,112,40.74776403568934,4,3,155,4
903,35.423183691843995,45.95145703689384,112,40.687320364368915,4,3,155,4
904,35.314170351060156,45.933079682225525,112,40.62362501664284,4,3,155,4
905,35.20164649932943,45.91179042457014,112,40.556718461949785,4,3,155,4
906,35.08572970102406,45.88759223409327,112,40.48666096755866,4,3,155,4
907,34.96657234211571,45.86049065071403,113,40.41353149641487,4,3,155,4
908,34.844360609400866,45.830495429670925,113,40.33742801953589,4,3,155,4
909,34.719312447122036,45.79762135453544,113,40.258466900828736,4,3,155,4
910,34.59167409794448,45.761886754458864,113,40.176780426201674,4,3,155,4
911,34.46171541999327,45.723310505727376,113,40.092512962860326,4,3,155,4
912,34.32972456137035,45.68190839519221,113,40.005816478281275,4,3,155,4
913,34.1960029633547,45.637689820674375,113,39.916846392014534,4,3,155,4
914,34.06086127305012,45.59065599857145,113,39.825758635810786,4,3,155,4
915,33.92461635587972,45.54080104406496,113,39.73270869997234,4,3,155,4
916,33.78758881787662,45.48811543621809,113,39.63785212704735,4,3,155,4
917,33.65009966732153,45.432589527131995,113,39.54134459722676,4,3,155,4
918,33.51246611075351,45.374216314980615,113,39.44334121286706,4,3,155,4
919,33.37499784390832,45.312994261346674,113,39.343996052627496,4,3,155,4
920,33.23799461296048,45.24893025048214,114,39.24346243172131,4,3,155,4
921,33.10174523631913,45.182042105271655,114,39.1418936707954,4,3,155,4
922,32.966527302006256,45.112360854850955,114,39.0394440784286,4,3,155,4
923,32.832605780445334,45.03993372896487,114,38.9362697547051,4,3,155,4
924,32.700229865581335,44.96482719579542,114,38.83252853068838,4,3,155,4
925,32.56962843037208,44.88712770159531,114,38.72837806598369,4,3,155,4
926,32.44100536078355,44.80693981846883,114,38.62397258962619,4,3,155,4
927,32.314536910575,44.7243835546398,115,38.5194602326074,4,3,155,4
928,32.19037224415718,44.63959209358352,115,38.41498216887035,4,3,155,4
929,32.06863735983683,44.552710740468775,115,38.3106740501528,4,3,155,4
930,31.949440537880623,44.46389648861363,115,38.206668513247124,4,3,155,4
931,31.83287540990545,44.37331625293749,116,38.10309583142147,4,3,155,4
932,31.71902037989898,44.28114289013604,116,38.00008163501751,4,3,155,4
933,31.607935760933742,44.187549198084234,117,37.89774247950899,4,3,155,4
934,31.499660382042208,44.09270125734025,117,37.79618081969123,4,3,155,4
935,31.394209810155576,43.99675364807387,117,37.695481729114725,4,3,155,4
936,31.291576771738388,43.89984761277715,118,37.59571219225777,4,3,155,4
937,31.191732798503423,43.802111772216236,118,37.49692228535983,4,3,155,4
938,31.09462992686122,43.70366383181919,118,37.39914687934021,4,3,155,4
939,31.00020108601153,43.60461054543209,119,37.30240581572181,4,3,155,4
940,30.908359077882725,43.505045446916476,119,37.2067022623996,4,3,155,4
941,30.81899532041835,43.40504610360688,119,37.112020712012615,4,3,155,4
942,30.731980111253897,43.30467254832099,120,37.01832632978744,4,3,155,4
943,30.647166754376535,43.20396844931962,121,36.92556760184807,4,3,155,4
944,30.56439935668626,43.1029657975754,121,36.83368257713083,4,3,155,4
945,30.483521565639723,43.00169311064701,121,36.742607338143365,4,3,155,4
946,30.404384202057873,42.900184616623946,122,36.65228440934091,4,3,155,4
947,30.32685042495795,42.79848534566622,123,36.56266788531209,4,3,155,4
948,30.25079755286237,42.696651055652744,123,36.47372430425756,4,3,155,4
949,30.176115153555106,42.594745917369906,123,36.385430535462504,4,3,155,4
950,30.102701647572136,42.49284088450723,123,36.29777126603968,4,3,155,4
951,30.030464304040578,42.391015673575154,123,36.210739988807866,4,3,155,4
952,29.95932311813826,42.28936454769765,124,36.12434383291796,4,3,155,4
953,29.889214670098873,42.18800336703723,124,36.03860901856805,4,3,155,4
954,29.82009421130863,42.08707478313567,124,35.95358449722215,4,3,155,4
955,29.751936368614928,41.98674786889425,124,35.86934211875459,4,3,155,4
956,29.684734077391006,41.88721208443069,124,35.78597308091085,4,3,155,4
957,29.618494573316294,41.78866908756982,124,35.703581830443056,4,3,155,4
958,29.55323371100001,41.691325409733544,124,35.62227956036678,4,3,155,4
959,29.488972315795845,41.595388530108515,125,35.54218042295218,4,3,155,4
960,29.425734958739408,41.5010661498198,125,35.4634005542796,4,3,155,4
961,29.36354822817796,41.40856573675211,125,35.386056982465036,4,3,155,4
962,29.302438010034017,41.31809219196316,125,35.31026510099859,4,3,155,4
963,29.242427727047655,41.22984226896098,125,35.23613499800432,4,3,155,4
964,29.183537731680712,41.14399662052445,125,35.16376717610258,4,3,155,4
965,29.125784291730586,41.06071259123411,125,35.093248441482345,4,3,155,4
966,29.06917836341924,40.98011950862087,125,35.02464893602006,4,3,155,4
967,29.013726102455358,40.90231686067931,125,34.958021481567336,4,3,155,4
968,28.959431405505736,40.827374967598445,126,34.89340318655209,4,3,155,4
969,28.906299116440177,40.75533697569987,126,34.83081804607002,4,3,155,4
970,28.85433733667066,40.68622100201851,126,34.77027916934459,4,3,155,4
971,28.80355708382432,40.6200212583838,126,34.71178917110406,4,3,155,4
972,28.75396939616228,40.55670844732466,126,34.65533892174347,4,3,155,4
973,28.705581833333454,40.49623118556724,126,34.60090650945035,4,3,155,4
974,28.65839690928468,40.4385204063137,126,34.54845865779919,4,3,155,4
975,28.612415578415618,40.38349888687227,126,34.49795723264394,4,3,155,4
976,28.5676450921539,40.33109424450726,127,34.44936966833058,4,3,155,4
977,28.524106739163937,40.28124993954063,127,34.402678339352285,4,3,155,4
978,28.48184054289704,40.23393106802255,127,34.357885805459794,4,3,155,4
979,28.44090555058654,40.18912396942782,127,34.31501476000718,4,3,155,4
980,28.401376590896408,40.14683082037034,128,34.27410370563337,4,3,155,4
981,28.36334062052503,40.107062530860645,128,34.23520157569284,4,3,155,4
982,28.326894024148544,40.069832576635626,128,34.19836330039209,4,3,155,4
983,28.292140476217053,40.03515371818419,128,34.163647097200624,4,3,155,4
984,28.259188680352587,40.0030370210619,128,34.13111285070724,4,3,155,4
985,28.228149009371815,39.97349005611262,128,34.100819532742214,4,3,155,4
986,28.199129044263312,39.946513108986544,128,34.072821076624926,4,3,155,4
987,28.172228985808385,39.922094179152474,128,34.04716158248043,4,3,155,4
988,28.147537815041353,39.90020393889086,128,34.02387087696611,4,3,155,4
989,28.125130981316875,39.880792213111896,128,34.00296159721439,4,3,155,4
990,28.105069616611832,39.863787248467766,129,33.9844284325398,4,3,155,4
991,28.087400494585403,39.849098747898566,129,33.96824962124198,4,3,155,4
992,28.072156148217612,39.83662350125587,129,33.954389824736744,4,3,155,4
993,28.059354755148547,39.82625029711459,130,33.94280252613157,4,3,155,4
994,28.048999302526816,39.817861776456354,130,33.93343053949158,4,3,155,4
995,28.041075445867786,39.811331864421916,130,33.92620365514485,4,3,155,4
996,28.035548842189318,39.80652073272999,130,33.921034787459654,4,3,155,4
997,28.032364103487186,39.80327256178481,130,33.917818332635996,4,3,155,4
998,28.031446151393773,39.80141825048947,130,33.91643220094162,4,3,155,4
999,28.032703388655307,39.800782100795345,130,33.916742744725326,4,3,155,4
1000,28.036031518128112,39.80119013867774,130,33.918610828402926,4,3,155,4
1001,28.041316255019293,39.80247636780203,130,33.92189631141066,4,3,155,4
1002,28.04843464136526,39.804485397955126,131,33.9264600196602,4,3,155,4
1003,28.057256134969787,39.80707203604191,131,33.932164085505846,4,3,155,4
1004,28.067644157471765,39.81009989035654,131,33.93887202391415,4,3,155,4
1005,28.079458298639576,39.8134425017392,131,33.94645040018939,4,3,155,4
1006,28.092557276543893,39.81698749142067,131,33.95477238398228,4,3,155,4
1007,28.106802655780807,39.820641191527606,130,33.963721923654205,4,3,155,4
1008,28.122062643159285,39.82433161414516,130,33.973197128652224,4,3,155,4
1009,28.13821459745643,39.82800800470103,130,33.98311130107873,4,3,155,4
1010,28.155146352817216,39.831637761099365,130,33.99339205695829,4,3,155,4
1011,28.172757918308776,39.8352040356975,130,34.00398097700314,4,3,155,4
1012,28.19096365290401,39.83870519110509,130,34.014834422004554,4,3,155,4
1013,28.20969355190702,39.84215513469984,130,34.02592434330343,4,3,155,4
1014,28.228893060918907,39.84558326389119,130,34.037238162405046,4,3,155,4
1015,28.24852161351328,39.849032461305384,130,34.04877703740933,4,3,155,4
1016,28.268550283636717,39.85255504191275,130,34.06055266277473,4,3,155,4
1017,28.28895913861537,39.856208016998345,130,34.07258357780685,4,3,155,4
1018,28.309735268612684,39.86004942987056,129,34.08489234924162,4,3,155,4
1019,28.330872858380893,39.86413790825677,129,34.09750538331883,4,3,155,4
1020,28.352374911356474,39.868534847253976,129,34.11045487930522,4,3,155,4
1021,28.374254480359443,39.87330590563283,129,34.123780192996136,4,3,155,4
1022,28.3965350146911,39.878520351469696,129,34.1375276830804,4,3,155,4
1023,28.419251188943786,39.88424864624512,128,34.15174991759445,4,3,155,4
1024,28.442449725465593,39.89055914418755,128,34.16650443482657,4,3,155,4
1025,28.466187869043353,39.897515271312074,128,34.18185157017771,4,3,155,4
1026,28.49052922047367,39.905174158474864,128,34.19785168947427,4,3,155,4
1027,28.51553868382426,39.913587312671616,128,34.21456299824794,4,3,155,4
1028,28.541277599341203,39.92280264292137,128,34.232040121131284,4,3,155,4
1029,28.567799451181674,39.93286588918507,128,34.25033267018337,4,3,155,4
1030,28.595146636734718,39.943820283119166,128,34.269483459926946,4,3,155,4
1031,28.623348881939293,39.95570404980249,127,34.28952646587089,4,3,155,4
1032,28.65242320441438,39.968547310372664,127,34.31048525739352,4,3,155,4
1033,28.682374643647474,39.98237189633332,127,34.3323732699904,4,3,155,4
1034,28.713197953045412,39.99719485536136,127,34.35519640420338,4,3,155,4
1035,28.744881424196606,40.013033697507446,127,34.37895756085203,4,3,155,4
1036,28.7774122581707,40.02991065044314,127,34.40366145430692,4,3,155,4
1037,28.810781143103593,40.047852412106984,127,34.42931677760529,4,3,155,4
1038,28.844984477636633,40.066885205329335,126,34.455934841482986,4,3,155,4
1039,28.880023460040313,40.087028255248256,126,34.48352585764428,4,3,155,4
1040,28.915901213534106,40.108288810348654,126,34.51209501194138,4,3,155,4
1041,28.952621069000305,40.13066182805396,126,34.54164144852713,4,3,155,4
1042,28.990187273040682,40.15413373953736,126,34.57216050628902,4,3,155,4
1043,29.028607536092384,40.17868600216688,126,34.60364676912963,4,3,155,4
1044,29.067895372231536,40.20429619641135,126,34.63609578432144,4,3,155,4
1045,29.10806871918108,40.230936472409,126,34.66950259579504,4,3,155,4
1046,29.149145033399943,40.258570907155836,126,34.70385797027789,4,3,155,4
1047,29.19113676151109,40.287155089038684,126,34.73914592527488,4,3,155,4
1048,29.2340493336526,40.31663880811385,127,34.77534407088322,4,3,155,4
1049,29.277882068716444,40.34697029220824,127,34.81242618046234,4,3,155,4
1050,29.322630820932986,40.37810023391917,127,34.85036552742608,4,3,155,4
1051,29.36828963674768,40.40998365853611,127,34.8891366476419,4,3,155,4
1052,29.414849763906957,40.44257875580582,127,34.92871425985639,4,3,155,4
1053,29.46229542762797,40.47584287133829,127,34.96906914948313,4,3,155,4
1054,29.510598129695992,40.50972712140055,128,35.010162625548276,4,3,155,4
1055,29.559713567354752,40.54417236284574,127,35.051942965100245,4,3,155,4
1056,29.609582440442555,40.57910778695208,127,35.094345113697315,4,3,155,4
1057,29.6601335868529,40.61445194302677,128,35.137292764939836,4,3,155,4
1058,29.711288081696924,40.65011531503469,128,35.18070169836581,4,3,155,4
1059,29.76296313080542,40.68600289190756,128,35.22448301135649,4,3,155,4
1060,29.815075174551303,40.72201566000191,128,35.268545417276606,4,3,155,4
1061,29.86754220326043,40.75805043395457,128,35.312796318607504,4,3,155,4
1062,29.92028557810595,40.79399929547003,128,35.35714243678799,4,3,155,4
1063,29.973231943970433,40.82975176285221,127,35.40149185341132,4,3,155,4
1064,30.026315723174534,40.86520076585681,127,35.44575824451567,4,3,155,4
1065,30.07948258135194,40.9002514521612,127,35.48986701675657,4,3,155,4
1066,30.13269289109393,40.93482990093159,127,35.533761396012764,4,3,155,4
1067,30.185922853284254,40.968886868035014,127,35.577404860659634,4,3,155,4
1068,30.239163276733954,41.00239588126241,126,35.62077957899818,4,3,155,4
1069,30.29241835739738,41.03534919769466,126,35.66388377754602,4,3,155,4
1070,30.34570455485998,41.06775386701711,126,35.70672921093855,4,3,155,4
1071,30.399047420216288,41.099628876307094,125,35.74933814826169,4,3,155,4
1072,30.452476472643543,41.131003278667066,125,35.7917398756553,4,3,155,4
1073,30.506020465212544,41.16191413496981,125,35.833967300091174,4,3,155,4
1074,30.559703624736127,41.19240348797688,125,35.8760535563565,4,3,155,4
1075,30.61354169478386,41.2225139781249,124,35.91802783645438,4,3,155,4
1076,30.667537976589244,41.25228397819503,124,35.95991097739214,4,3,155,4
1077,30.72168092823357,41.281744392062976,124,36.00171266014827,4,3,155,4
1078,30.775943419611288,41.31091770218172,124,36.0434305608965,4,3,155,4
1079,30.83028227783926,41.3398182899492,124,36.08505028389423,4,3,155,4
1080,30.88463841614792,41.3684536384568,124,36.12654602730236,4,3,155,4
1081,30.938939497673022,41.396826612456636,124,36.16788305506483,4,3,155,4
1082,30.99310493997582,41.42493832772264,124,36.20902163384923,4,3,155,4
1083,31.047050920488648,41.45279043928654,124,36.249920679887595,4,3,155,4
1084,31.100694018580825,41.480386068219424,124,36.29054004340013,4,3,155,4
1085,31.153953105370167,41.5077289767902,124,36.330841041080184,4,3,155,4
1086,31.2067495801068,41.53482157718444,124,36.37078557864562,4,3,155,4
1087,31.259006539626895,41.56166333432851,124,36.410334936977705,4,3,155,4
1088,31.310647759944814,41.5882503430875,123,36.449449051516154,4,3,155,4
1089,31.361597661628814,41.61457607984871,123,36.48808687073876,4,3,155,4
1090,31.411782065072973,41.640632450712204,123,36.52620725789259,4,3,155,4
1091,31.46112817624742,41.666409380715436,123,36.56376877848143,4,3,155,4
1092,31.509563609012996,41.691892846685484,124,36.60072822784924,4,3,155,4
1093,31.557015615592288,41.71706291448671,125,36.6370392650395,4,3,155,4
1094,31.6034113066303,41.741893536565,125,36.67265242159765,4,3,155,4
1095,31.64867925212534,41.76635606083952,125,36.70751765648243,4,3,155,4
1096,31.69275226927974,41.790425475948325,125,36.74158887261403,4,3,155,4
1097,31.735570618065818,41.814085491761766,125,36.77482805491379,4,3,155,4
1098,31.777085020306426,41.83733069984753,125,36.80720786007698,4,3,155,4
1099,31.81725911302818,41.860166204275416,125,36.8387126586518,4,3,155,4
1100,31.8560714343768,41.88260589329742,126,36.86933866383711,4,3,155,4
1101,31.89351752787626,41.90467130258275,126,36.899094415229506,4,3,155,4
1102,31.929611580124188,41.92639155748271,126,36.92800156880345,4,3,155,4
1103,31.964385836298703,41.94780341860957,125,36.956094627454135,4,3,155,4
1104,31.997887890795504,41.96895025982227,125,36.98341907530889,4,3,155,4
1105,32.03017780326659,41.98987861252987,125,37.01002820789823,4,3,155,4
1106,32.06132572210584,42.01063276335653,125,37.03597924273119,4,3,155,4
1107,32.09140942924043,42.03124974539568,124,37.061329587318056,4,3,155,4
1108,32.12051161007716,42.05175618546051,124,37.08613389776883,4,3,155,4
1109,32.148717042482815,42.07216759198507,124,37.11044231723395,4,3,155,4
1110,32.17610931337934,42.092489693011444,124,37.13429950319539,4,3,155,4
1111,32.20276608628354,42.112720458494465,124,37.157743272389,4,3,155,4
1112,32.228753698821336,42.13285163637411,124,37.180802667597725,4,3,155,4
1113,32.25412362501497,42.152868827062555,124,37.203496226038766,4,3,155,4
1114,32.27891167917069,42.1727503890886,124,37.22583103412964,4,3,155,4
1115,32.303139180272325,42.19246673673572,124,37.247802958504025,4,3,155,4
1116,32.32681519847732,42.21198100538605,124,37.269398101931685,4,3,155,4
1117,32.34993890799219,42.23125147516258,124,37.29059519157738,4,3,155,4
1118,32.37250116833398,42.25023438790242,123,37.311367778118196,4,3,155,4
1119,32.39448455368442,42.268884036907124,123,37.33168429529577,4,3,155,4
1120,32.415862708312545,42.28714983754496,123,37.35150627292875,4,3,155,4
1121,32.43660156430363,42.30497291540928,123,37.370787239856455,4,3,155,4
1122,32.456662421997954,42.32228426113099,123,37.38947334156447,4,3,155,4
1123,32.476004357690144,42.33900601337328,122,37.40750518553171,4,3,155,4
1124,32.494584788723955,42.3550555784609,122,37.42482018359243,4,3,155,4
1125,32.512358391673615,42.37035044200189,121,37.441354416837754,4,3,155,4
1126,32.52927495950878,42.384812015622146,121,37.457043487565464,4,3,155,4
1127,32.54527717385868,42.39836734963338,121,37.47182226174603,4,3,155,4
1128,32.56029887840424,42.41094910299833,121,37.485623990701285,4,3,155,4
1129,32.5742640493704,42.42249572247019,121,37.49837988592029,4,3,155,4
1130,32.587086561691095,42.43295261224983,121,37.51001958697046,4,3,155,4
1131,32.59867075203517,42.44227390496157,121,37.52047232849837,4,3,155,4
1132,32.608912487425506,42.45042434709914,120,37.52966841726232,4,3,155,4
1133,32.61770015572109,42.45738071442079,120,37.53754043507094,4,3,155,4
1134,32.6249154820417,42.463132465225186,120,37.54402397363344,4,3,155,4
1135,32.6304345630102,42.46768163187274,120,37.549058097441474,4,3,155,4
1136,32.63412941325565,42.47104214578965,120,37.55258577952265,4,3,155,4
1137,32.63587022117057,42.47323898606365,120,37.554554603617106,4,3,155,4
1138,32.635528608516736,42.474307444032064,120,37.5549180262744,4,3,155,4
1139,32.632982286038185,42.474292698564525,120,37.553637492301355,4,3,155,4
1140,32.62812022921882,42.47324989657193,120,37.550685062895376,4,3,155,4
1141,32.62084623023513,42.471244933107556,120,37.54604558167134,4,3,155,4
1142,32.61108082780524,42.46835573511837,120,37.5397182814618,4,3,155,4
1143,32.59876376223077,42.46467346258583,120,37.5317186124083,4,3,155,4
1144,32.583857314486096,42.46030284552925,120,37.52208008000767,4,3,155,4
1145,32.56634926228914,42.455360680066306,120,37.51085497117772,4,3,155,4
1146,32.54625538869643,42.44997287205465,120,37.49811413037554,4,3,155,4
1147,32.52362203108029,42.44427178218957,120,37.48394690663493,4,3,155,4
1148,32.498527207162404,42.43839455337508,120,37.468460880268744,4,3,155,4
1149,32.47107787893943,42.4324820281654,121,37.45177995355242,4,3,155,4
1150,32.44140397104006,42.42667757138681,122,37.43404077121343,4,3,155,4
1151,32.40965216554547,42.42112482038564,122,37.415388492965555,4,3,155,4
1152,32.37598070676871,42.415963970535664,122,37.395972338652186,4,3,155,4
1153,32.340554823601224,42.41132678886381,122,37.37594080623252,4,3,155,4
1154,32.3035423768419,42.40733132901454,122,37.35543685292822,4,3,155,4
1155,32.26510933880607,42.40407810120458,122,37.33459372000533,4,3,155,4
1156,32.22541568785235,42.40164828058157,122,37.31353198421696,4,3,155,4
1157,32.184613275871776,42.40010336721718,122,37.29235832154448,4,3,155,4
1158,32.14284615394591,42.39948600385571,122,37.27116607890081,4,3,155,4
1159,32.100252768571664,42.39982195043714,121,37.250037359504404,4,3,155,4
1160,32.056968368056765,42.401122141804926,121,37.229045254930845,4,3,155,4
1161,32.01312488587405,42.40338268237787,121,37.20825378412596,4,3,155,4
1162,31.968847616104906,42.40658209485748,121,37.18771485548119,4,3,155,4
1163,31.92425004445127,42.41067660333934,120,37.167463323895305,4,3,155,4
1164,31.87942829595695,42.41559520686376,120,37.147511751410356,4,3,155,4
1165,31.834456758309408,42.421237275167,120,37.1278470167382,4,3,155,4
1166,31.789384879256133,42.427473155453825,120,37.10842901735498,4,3,155,4
1167,31.744233576400674,42.4341460361052,120,37.08918980625293,4,3,155,4
1168,31.698991063561184,42.44107350873083,120,37.07003228614601,4,3,155,4
1169,31.653609263849695,42.448047465455765,120,37.05082836465273,4,3,155,4
1170,31.608001980132247,42.45483301704649,120,37.03141749858937,4,3,155,4
1171,31.562045994079014,42.46116916619489,120,37.01160758013695,4,3,155,4
1172,31.5155851926769,42.46677250761198,120,36.991178850144436,4,3,155,4
1173,31.46843674872231,42.47134376389663,120,36.96989025630947,4,3,155,4
1174,31.420398479846966,42.47457618617437,120,36.94748733301067,4,3,155,4
1175,31.37125660857486,42.47616406843706,120,36.923710338505956,4,3,155,4
1176,31.32079363389581,42.47580981970871,121,36.89830172680226,4,3,155,4
1177,31.268796512709432,42.47322823323705,121,36.87101237297324,4,3,155,4
1178,31.21506427663098,42.46814834746867,121,36.84160631204983,4,3,155,4
1179,31.159413136667347,42.46031504905413,121,36.809864092860735,4,3,155,4
1180,31.10167868870901,42.44949129993266,121,36.77558499432084,4,3,155,4
1181,31.04171639314462,42.43546060231712,121,36.73858849773087,4,3,155,4
1182,30.979400916388055,42.418029412651684,121,36.69871516451987,4,3,155,4
1183,30.9146243365788,42.39702931283059,121,36.6558268247047,4,3,155,4
1184,30.84729321542554,42.37231835645534,121,36.60980578594044,4,3,155,4
1185,30.77732453790005,42.343780617367834,121,36.56055257763394,4,3,155,4
1186,30.704640911418263,42.31132404021771,121,36.50798247581799,4,3,155,4
1187,30.62916580613535,42.27487776534921,121,36.45202178574228,4,3,155,4
1188,30.550820008048024,42.23438951468732,121,36.39260476136767,4,3,155,4
1189,30.469520846728752,42.18982303973464,121,36.329671943231695,4,3,155,4
1190,30.385184296471813,42.14115612019735,121,36.263170208334586,4,3,155,4
1191,30.297728586597557,42.0883800892021,121,36.193054337899824,4,3,155,4
1192,30.207078541898554,42.03150059285057,121,36.119289567374565,4,3,155,4
1193,30.113170459398262,41.9705380236532,121,36.041854241525726,4,3,155,4
1194,30.015957132410385,41.90552694498504,121,35.96074203869772,4,3,155,4
1195,29.915412437631595,41.83651470130681,121,35.87596356946921,4,3,155,4
1196,29.811534900742508,41.763559993916424,121,35.787547447329466,4,3,155,4
1197,29.70434965566707,41.68673278703427,121,35.69554122135067,4,3,155,4
1198,29.593908992571528,41.60611583592561,121,35.60001241424857,4,3,155,4
1199,29.48029246958317,41.521807055662215,121,35.50104976262269,4,3,155,4
1200,29.363606880026744,41.43392175384058,121,35.398764316933665,4,3,185,5
1201,29.243985683790306,41.34259355525894,121,35.29328961952462,4,3,185,5
1202,29.121587803620688,41.24797382166759,122,35.18478081264414,4,3,185,5
1203,28.99659597934672,41.150230344805465,122,35.07341316207609,4,3,185,5
1204,28.869214970174177,41.04954599313651,122,34.959380481655344,4,3,185,5
1205,28.73966999236523,40.946117894915176,122,34.842893943640206,4,3,185,5
1206,28.608205389119107,40.84015744734453,122,34.72418141823182,4,3,185,5
1207,28.47508313899906,40.731891148735826,122,34.60348714386744,4,3,185,5
1208,28.340580808955142,40.62156176266989,122,34.48107128581252,4,3,185,5
1209,28.20498855772346,40.50942883524373,122,34.357208696483596,4,3,185,5
1210,28.0686055754424,40.395768269005956,122,34.23218692222418,4,3,185,5
1211,27.931737125429887,40.28087133969948,122,34.10630423256468,4,3,185,5
1212,27.794691890862687,40.165043151513366,122,33.97986752118803,4,3,185,5
1213,27.657777865943924,40.04860013614484,122,33.853189001044385,4,3,185,5
1214,27.52129659170012,39.93186668846145,123,33.72658164008078,4,3,185,5
1215,27.385537097169784,39.81517151908119,123,33.60035430812549,4,3,185,5
1216,27.250770126549135,39.69884401145152,123,33.47480706900033,4,3,185,5
1217,27.11724245275411,39.583210578325655,123,33.35022651553988,4,3,185,5
1218,26.985171760904255,39.468591500214565,124,33.22688163055941,4,3,185,5
1219,26.854743268365603,39.35529921612572,124,33.10502124224566,4,3,185,5
1220,26.7261081755175,39.243637476373884,124,32.98487282594569,4,3,185,5
1221,26.599382968988344,39.13389920675476,125,32.86664108787156,4,3,185,5
1222,26.47464996515666,39.026362981822274,126,32.750506473489466,4,3,185,5
1223,26.351960847773448,38.92129005349347,126,32.63662545063346,4,3,185,5
1224,26.231342808244722,38.81892290603377,127,32.52513285713925,4,3,185,5
1225,26.112804751744164,38.719485333341765,127,32.416145042542965,4,3,185,5
1226,25.99634298345706,38.623183547054815,128,32.30976326525594,4,3,185,5
1227,25.881947740295864,38.530207336601364,128,32.20607753844861,4,3,185,5
1228,25.7696101779471,38.44073049767891,129,32.10517033781301,4,3,185,5
1229,25.65932766752991,38.35490994097757,130,32.00711880425374,4,3,185,5
1230,25.551106621665358,38.27288377105876,130,31.911995196362057,4,3,185,5
1231,25.44496343519774,38.19476950339995,130,31.819866469298844,4,3,185,5
1232,25.340923833069766,38.120663100222046,130,31.730793466645906,4,3,185,5
1233,25.23902062509713,38.05063901834476,130,31.644829821720947,4,3,185,5
1234,25.13929035494493,37.98475136510771,130,31.562020860026323,4,3,185,5
1235,25.04176981819686,37.92303616118632,131,31.48240298969159,4,3,185,5
1236,24.94649264405114,37.86551373407118,131,31.40600318906116,4,3,185,5
1237,24.853485354873367,37.81218929089169,131,31.332837322882526,4,3,185,5
1238,24.76276339079685,37.7630512801115,131,31.262907335454173,4,3,185,5
1239,24.674328659579007,37.71806871246446,132,31.19619868602173,4,3,185,5
1240,24.588169294253888,37.677188611776835,132,31.13267895301536,4,3,185,5
1241,24.504261423484937,37.64033476663123,132,31.07229809505808,4,3,185,5
1242,24.422572467102977,37.607408076323644,132,31.01499027171331,4,3,185,5
1243,24.343065176871146,37.57828790707799,133,30.96067654197457,4,3,185,5
1244,24.265701935265394,37.552833777292264,133,30.90926785627883,4,3,185,5
1245,24.190449117746624,37.53088659338443,133,30.860667855565527,4,3,185,5
1246,24.117281226468272,37.512269535956634,133,30.814775381212453,4,3,185,5
1247,24.046184405764848,37.49678957412653,133,30.77148698994569,4,3,185,5
1248,23.977159047178908,37.48424019599935,134,30.730699621589128,4,3,185,5
1249,23.910221289143312,37.47440555335084,134,30.69231342124708,4,3,185,5
1250,23.845403118687972,37.46706582863639,134,30.65623447366218,4,3,185,5
1251,23.78275068477148,37.46200324242302,135,30.62237696359725,4,3,185,5
1252,23.72232101782877,37.45900782679089,135,30.59066442230983,4,3,185,5
1253,23.664177935141584,37.457881797613254,135,30.561029866377417,4,3,185,5
1254,23.608388009007072,37.4584420412748,135,30.533415025140936,4,3,185,5
1255,23.555017572105548,37.46052091397457,136,30.50776924304006,4,3,185,5
1256,23.504130368903088,37.46396584414772,136,30.484048106525407,4,3,185,5
1257,23.455784096408966,37.46863852091188,136,30.46221130866042,4,3,185,5
1258,23.410025638246616,37.47441406107614,136,30.442219849661377,4,3,185,5
1259,23.3668863566911,37.481180156892535,136,30.424033256791816,4,3,185,5
1260,23.326378807498074,37.488835913894455,136,30.407607360696264,4,3,185,5
1261,23.288496242584007,37.497289795346546,136,30.392893018965275,4,3,185,5
1262,23.253214217607553,37.50645696750788,136,30.37983559255772,4,3,185,5
1263,23.22049157350504,37.51625721761695,136,30.368374395561,4,3,185,5
1264,23.19026971944323,37.526613445938864,136,30.358441582691047,4,3,185,5
1265,23.162470803055882,37.537449562678646,136,30.349960182867264,4,3,185,5
1266,23.136995646726195,37.548687888516184,136,30.342841767621188,4,3,185,5
1267,23.11372262159441,37.560247425501615,136,30.33698502354801,4,3,185,5
1268,23.09250775345835,37.57204319461594,136,30.332275474037143,4,3,185,5
1269,23.073185477238127,37.58398566589307,136,30.328585571565597,4,3,185,5
1270,23.055569066874963,37.59597989227976,136,30.325774479577362,4,3,185,5
1271,23.039449377728324,37.607924543701266,136,30.323686960714795,4,3,185,5
1272,23.024593367456596,37.61971133051243,136,30.322152348984513,4,3,185,5
1273,23.010746690295377,37.631225598236156,136,30.320986144265767,4,3,185,5
1274,22.997640270810628,37.642348192810445,136,30.319994231810536,4,3,185,5
1275,22.984996374326734,37.65295801287411,136,30.31897719360042,4,3,185,5
1276,22.972532032362007,37.662934470629416,136,30.31773325149571,4,3,185,5
1277,22.95996002245827,37.6721588877943,136,30.316059455126286,4,3,185,5
1278,22.946988284648103,37.68051502359429,136,30.313751654121198,4,3,185,5
1279,22.93331933963829,37.687890102158065,136,30.310604720898176,4,3,185,5
1280,22.918650981254025,37.694176731273636,136,30.30641385626383,4,3,185,5
1281,22.902679223153903,37.69927512903508,136,30.30097717609449,4,3,185,5
1282,22.88510223652677,37.70309497727297,136,30.29409860689987,4,3,185,5
1283,22.865621772146145,37.70555612299506,136,30.285588947570602,4,3,185,5
1284,22.843942364094598,37.70658822677697,136,30.275265295435787,4,3,185,5
1285,22.819772416382087,37.7061303347444,136,30.262951375563244,4,3,185,5
1286,22.792829127804872,37.70413066786642,136,30.248479897835647,4,3,185,5
1287,22.76284706448191,37.70054623936213,136,30.23169665192202,4,3,185,5
1288,22.729589116431075,37.69534269117492,136,30.212465903803,4,3,185,5
1289,22.692857501349273,37.68849552062362,136,30.190676510986446,4,3,185,5
1290,22.652503356149598,37.67999299037195,136,30.166248173260776,4,3,185,5
1291,22.608434334037565,37.66984013686867,136,30.13913723545312,4,3,185,5
1292,22.56061981924333,37.65806231681493,136,30.109341068029128,4,3,185,5
1293,22.50909356574617,37.64470575556966,136,30.076899660657915,4,3,185,5
1294,22.45395346783739,37.62983509708914,136,30.041894282463268,4,3,185,5
1295,22.395358071838405,37.613530490674194,136,30.004444281256298,4,3,185,5
1296,22.33352012008105,37.59588557906244,136,29.964702849571744,4,3,185,5
1297,22.268698100099122,37.577006581702214,136,29.92285234090067,4,3,185,5
1298,22.201186771153665,37.55701217913898,136,29.879099475146322,4,3,185,5
1299,22.131307639512457,37.536033416556144,136,29.8336705280343,4,3,185,5
1300,22.059400060719774,37.51421255171396,136,29.786806306216867,4,3,185,5
1301,21.98581335405166,37.491699479741534,136,29.7387564168966,4,3,185,5
1302,21.91090011899392,37.468646317812194,136,29.689773218403054,4,3,185,5
1303,21.83501074834345,37.44520268335838,136,29.640106715850916,4,3,185,5
1304,21.75848913247504,37.42151273639787,136,29.590000934436457,4,3,185,5
1305,21.681669549342548,37.397713593523555,136,29.539691571433053,4,3,185,5
1306,21.60487453979855,37.373934721172546,136,29.48940463048555,4,3,185,5
1307,21.528413372881676,37.350297915881406,136,29.439355644381543,4,3,185,5
1308,21.45258090097279,37.326917186741575,136,29.389749043857183,4,3,185,5
1309,21.37765679999882,37.30389756278229,136,29.340777181390557,4,3,185,5
1310,21.303905190088724,37.281333408737076,136,29.292619299412898,4,3,185,5
1311,21.231574632323603,37.25930839339279,136,29.2454415128582,4,3,185,5
1312,21.16089830238759,37.237897596739074,136,29.199397949563334,4,3,185,5
1313,21.092093947092124,37.2171705841514,136,29.15463226562176,4,3,185,5
1314,21.025363912744343,37.19719408088843,136,29.111278996816388,4,3,185,5
1315,20.96089621732667,37.178032685194616,136,29.069464451260643,4,3,185,5
1316,20.898866663321495,37.15974752141768,137,29.029307092369585,4,3,185,5
1317,20.83944101286468,37.142394197659804,137,28.99091760526224,4,3,185,5
1318,20.78277644217165,37.126020944865274,137,28.954398693518463,4,3,185,5
1319,20.729021687411816,37.11066732665683,137,28.919844507034323,4,3,185,5
1320,20.67831578203775,37.09636322656705,137,28.8873395043024,4,3,185,5
1321,20.630785773404792,37.08312713666733,138,28.856956455036062,4,3,185,5
1322,20.586544099289075,37.07096413728842,138,28.82875411828875,4,3,185,5
1323,20.54568659771467,37.05986532324143,138,28.80277596047805,4,3,185,5
1324,20.508291343427953,37.0498091641547,138,28.779050253791326,4,3,185,5
1325,20.47441772431397,37.040764018753535,138,28.75759087153375,4,3,185,5
1326,20.44410546393065,37.03269112063366,138,28.738398292282156,4,3,185,5
1327,20.417373589234177,37.02554745076921,138,28.721460520001692,4,3,185,5
1328,20.394219537957202,37.01928800965132,138,28.70675377380426,4,3,185,5
1329,20.374618795504247,37.01386709956766,138,28.694242947535955,4,3,185,5
1330,20.35852506140904,37.009238910330176,138,28.683881985869608,4,3,185,5
1331,20.345870555584316,37.00535838453237,138,28.675614470058342,4,3,185,5
1332,20.336566172471347,37.00218246058029,138,28.66937431652582,4,3,185,5
1333,20.330501289070344,36.999670913889254,138,28.6650861014798,4,3,185,5
1334,20.327543033170425,36.99778650429683,138,28.662664768733627,4,3,185,5
1335,20.327534818439524,36.99649462539049,138,28.662014721915007,4,3,185,5
1336,20.330294831219337,36.99576235880151,138,28.663028595010424,4,3,185,5
1337,20.33561603207218,36.99555654387699,138,28.665586287974584,4,3,185,5
1338,20.343267772454908,36.99584154602045,138,28.66955465923768,4,3,185,5
1339,20.352997664222055,36.99657847989537,138,28.67478807205871,4,3,185,5
1340,20.36453302278324,36.99772618065753,138,28.681129601720386,4,3,185,5
1341,20.377581887838552,36.99924275336347,138,28.68841232060101,4,3,185,5
1342,20.39183401608641,37.001086823355614,138,28.696460419721014,4,3,185,5
1343,20.40696263075014,37.003217903060744,138,28.705090266905444,4,3,185,5
1344,20.422628298272986,37.005595778308894,138,28.714112038290942,4,3,185,5
1345,20.438486887996856,37.00817930494498,138,28.723333096470917,4,3,185,5
1346,20.454200547153043,37.01092510405303,138,28.732562825603036,4,3,185,5
1347,20.46944759989002,37.01378674167488,138,28.741617170782447,4,3,185,5
1348,20.48393001001001,37.01671419863519,138,28.7503221043226,4,3,185,5
1349,20.497379777888582,37.01965265582852,138,28.758516216858553,4,3,185,5
1350,20.509564471252016,37.02254079083027,138,28.76605263104114,4,3,185,5
1351,20.52029091858613,37.025309952216375,138,28.77280043540125,4,3,185,5
1352,20.529406971239293,37.027884700245416,138,28.778645835742353,4,3,185,5
1353,20.536802117514387,37.030184324834465,138,28.783493221174425,4,3,185,5
1354,20.5424062683557,37.03212514691894,138,28.78726570763732,4,3,185,5
1355,20.546184570543595,37.033623604423035,138,28.789904087483315,4,3,185,5
1356,20.548129223906116,37.03460012411509,138,28.7913646740106,4,3,185,5
1357,20.548252399726042,37.034983780621914,138,28.791618090173976,4,3,185,5
1358,20.546581333432997,37.03471676844192,138,28.790649050937457,4,3,185,5
1359,20.543153640682945,37.033756737297914,138,28.78845518899043,4,3,185,5
1360,20.538012368746436,37.03207630895554,138,28.785044338850987,4,3,185,5
1361,20.5312017580227,37.02966036138676,138,28.780431059704732,4,3,185,5
1362,20.522764005653876,37.02650215362819,138,28.774633079641035,4,3,185,5
1363,20.512736640434657,37.02259985218835,138,28.7676682463115,4,3,185,5
1364,20.501150508381237,37.017953946826246,138,28.75955222760374,4,3,185,5
1365,20.48802875853278,37.01256497054273,138,28.75029686453776,4,3,185,5
1366,20.473387218658928,37.00643093857619,138,28.739909078617558,4,3,185,5
1367,20.45723655065979,36.9995439211845,138,28.72839023592214,4,3,185,5
1368,20.439585892783462,36.99188672563657,138,28.715736309210016,4,3,185,5
1369,20.42044701309334,36.98343222352372,139,28.70193961830853,4,3,185,5
1370,20.399838096174854,36.974146006430026,139,28.68699205130244,4,3,185,5
1371,20.377786382570882,36.96399119993464,139,28.67088879125276,4,3,185,5
1372,20.354329758177226,36.952933680774905,139,28.653631719476067,4,3,185,5
1373,20.329518268529878,36.940945356793506,139,28.635231812661694,4,3,185,5
1374,20.303415752456328,36.92800531509393,139,28.61571053377513,4,3,185,5
1375,20.276101009078626,36.9141007895795,139,28.59510089932906,4,3,185,5
1376,20.247667716867046,36.89922866347476,139,28.5734481901709,4,3,185,5
1377,20.2182221281423,36.88339711688091,139,28.550809622511604,4,3,185,5
1378,20.187878732653996,36.86662748442997,139,28.527253108541984,4,3,185,5
1379,20.15675525412711,36.84895632288803,139,28.502855788507567,4,3,185,5
1380,20.12496824601296,36.83043593268047,140,28.477702089346714,4,3,185,5
1381,20.092630455093804,36.81113060171746,140,28.45188052840563,4,3,185,5
1382,20.059850048682303,36.791109708670234,140,28.42547987867627,4,3,185,5
1383,20.026730728289312,36.77044217147041,140,28.398586449879858,4,3,185,5
1384,19.993372337922313,36.749193833102495,140,28.371283085512403,4,3,185,5
1385,19.95987216046669,36.72742661318249,140,28.343649386824588,4,3,185,5
1386,19.926326412893275,36.70519815631372,140,28.315762284603498,4,3,185,5
1387,19.892830768310212,36.68256061073297,140,28.28769568952159,4,3,185,5
1388,19.859479610742472,36.65955834128491,139,28.259518976013688,4,3,185,5
1389,19.826364606381382,36.6362255513095,139,28.23129507884544,4,3,185,5
1390,19.793573662753076,36.612585275827904,139,28.20307946929049,4,3,185,5
1391,19.761191834974866,36.58865169623933,139,28.1749217656071,4,3,185,5
1392,19.72930359249655,36.564435190929245,139,28.146869391712897,4,3,185,5
1393,19.69799371394168,36.539947000344874,139,28.118970357143276,4,3,185,5
1394,19.66734602842609,36.515201945740984,139,28.091273987083536,4,3,185,5
1395,19.637441172484873,36.49021920138426,139,28.063830186934567,4,3,185,5
1396,19.60835423915067,36.46502199781233,139,28.0366881184815,4,3,185,5
1397,19.58015290316533,36.43963801153245,139,28.00989545734889,4,3,185,5
1398,19.55289641131842,36.414100733408915,139,27.98349857236367,4,3,185,5
1399,19.526635631943407,36.38845064484472,139,27.957543138394062,4,3,185,5
1400,19.501413382348815,36.36273561599961,139,27.932074499174213,4,3,185,5
1401,19.477263277713764,36.33701052540967,139,27.907136901561714,4,3,185,5
1402,19.454207393399756,36.31133610026433,139,27.88277174683204,4,3,185,5
1403,19.432255081068924,36.28577697649341,139,27.859016028781166,4,3,185,5
1404,19.411403328422303,36.260399172810715,139,27.83590125061651,4,3,185,5
1405,19.391637101810385,36.235267367883274,139,27.813452234846828,4,3,185,5
1406,19.37292918407388,36.210442174688815,139,27.791685679381345,4,3,185,5
1407,19.3552400930765,36.18597741105842,139,27.77060875206746,4,3,185,5
1408,19.33851876411699,36.16191795070216,139,27.750218357409576,4,3,185,5
1409,19.322704777128866,36.1382993243539,139,27.730502050741386,4,3,185,5
1410,19.307731836834368,36.11514907034182,139,27.711440453588096,4,3,185,5
1411,19.293531141244806,36.092488663567785,139,27.693009902406295,4,3,185,5
1412,19.280033956755606,36.07033553476032,139,27.67518474575796,4,3,185,5
1413,19.267173400893476,36.0487053747221,139,27.657939387807787,4,3,185,5
1414,19.25488572638737,36.0276147232818,139,27.641250224834586,4,3,185,5
1415,19.243111692819348,36.00708364761376,139,27.625097670216554,4,3,185,5
1416,19.231798026837517,35.98713841211053,139,27.609468219474024,4,3,185,5
1417,19.220898386618263,35.96781413947436,139,27.594356263046315,4,3,185,5
1418,19.210372953564406,35.94915668229933,139,27.579764817931867,4,3,185,5
1419,19.20018548151743,35.931222143986204,139,27.565703812751817,4,3,185,5
1420,19.190298681965334,35.91407356059166,139,27.552186121278496,4,3,185,5
1421,19.180670871970392,35.89777532798451,139,27.539223099977452,4,3,185,5
1422,19.171254860799642,35.88238634874169,139,27.526820604770666,4,3,185,5
1423,19.161998100544402,35.867953263356036,139,27.51497568195022,4,3,185,5
1424,19.152843418702282,35.85450483779828,139,27.50367412825028,4,3,185,5
1425,19.14372994338533,35.84204828704303,139,27.49288911521418,4,3,185,5
1426,19.134594222037478,35.830567436602735,139,27.482580829320106,4,3,185,5
1427,19.125371924749498,35.82002174660588,139,27.472696835677688,4,3,185,5
1428,19.116000523299054,35.81034619867936,139,27.46317336098921,4,3,185,5
1429,19.106423337053286,35.80145302163419,139,27.453938179343737,4,3,185,5
1430,19.096593776231728,35.793235452027325,139,27.444914614129527,4,3,185,5
1431,19.08647705233378,35.78557294571778,139,27.436024999025783,4,3,185,5
1432,19.076048576143116,35.77833706174474,139,27.42719281894393,4,3,185,5
1433,19.065290214309012,35.77139704499024,139,27.418343629649627,4,3,185,5
1434,19.054185672903486,35.76462462190435,139,27.40940514740392,4,3,185,5
1435,19.042716373800623,35.75789801130365,139,27.400307192552138,4,3,185,5
1436,19.030858702001638,35.75110524974905,139,27.390981975875345,4,3,185,5
1437,19.018583014364097,35.744147028441994,139,27.381365021403045,4,3,185,5
1438,19.005853629810186,35.736939140899786,139,27.371396385354984,4,3,185,5
1439,18.99262785072711,35.72941454294836,139,27.361021196837736,4,3,185,5
1440,18.978854211201263,35.72152492879463,139,27.350189569997944,4,3,185,5
1441,18.964472293670216,35.71324162913336,139,27.338856961401788,4,3,185,5
1442,18.949415090170103,35.70455583203546,139,27.32698546110278,4,3,185,5
1443,18.933613518944654,35.69547832214245,139,27.31454592054355,4,3,185,5
1444,18.917002024514005,35.68603893337817,139,27.301520478946088,4,3,185,5
1445,18.89952350657071,35.67628591007801,139,27.28790470832436,4,3,185,5
1446,18.881132798391857,35.66628546868975,139,27.273709133540805,4,3,185,5
1447,18.8617988907066,35.656121949462296,140,27.25896042008445,4,3,185,5
1448,18.84150658446652,35.64589806940108,139,27.2437023269338,4,3,185,5
1449,18.820258743434458,35.63573390963354,139,27.227996326533997,4,3,185,5
1450,18.798078756662616,35.62576414789937,139,27.21192145228099,4,3,185,5
1451,18.775011260053816,35.616133924471264,139,27.19557259226254,4,3,185,5
1452,18.75112082402419,35.60699392466636,139,27.179057374345277,4,3,185,5
1453,18.726489972100794,35.59849545602304,139,27.162492714061916,4,3,185,5
1454,18.70121760236886,35.59078571290147,139,27.146001657635168,4,3,185,5
1455,18.675418590787043,35.58400283602554,139,27.12971071340629,4,3,185,5
1456,18.64922359945921,35.57827037455685,139,27.113746987008028,4,3,185,5
1457,18.62277635703552,35.573690758444954,139,27.098233557740237,4,3,185,5
1458,18.596228019077905,35.57033855947807,139,27.083283289277986,4,3,185,5
1459,18.569730556933155,35.56825549023415,138,27.06899302358365,4,3,185,5
1460,18.543430928474898,35.56744831025223,138,27.055439619363565,4,3,185,5
1461,18.517467588983628,35.56789002893251,138,27.04267880895807,4,3,185,5
1462,18.49196914482505,35.569523332141685,138,27.030746238483367,4,3,185,5
1463,18.467053197034353,35.57226369695722,138,27.019658446995788,4,3,185,5
1464,18.442824397435487,35.57600112251185,137,27.009412759973667,4,3,185,5
1465,18.419371715471545,35.58060086838723,137,26.99998629192939,4,3,185,5
1466,18.396765889505534,35.58590388502564,137,26.991334887265587,4,3,185,5
1467,18.37505901196887,35.59172791363212,137,26.983393462800493,4,3,185,5
1468,18.354286442334033,35.59786955065547,137,26.97607799649475,4,3,185,5
1469,18.334469486492065,35.60410688953301,136,26.969288188012534,4,3,185,5
1470,18.315617769051496,35.610201865015775,136,26.962909817033633,4,3,185,5
1471,18.29773071297802,35.61590093798773,136,26.956815825482877,4,3,185,5
1472,18.28079851656009,35.620934709711335,136,26.950866613135712,4,3,185,5
1473,18.26480399322545,35.62501900543463,136,26.94491149933004,4,3,185,5
1474,18.24972517681138,35.62785830939292,136,26.93879174310215,4,3,185,5
1475,18.23553713194135,35.629150775311665,136,26.932343953626507,4,3,185,5
1476,18.222212189539086,35.62859384161033,136,26.92540301557471,4,3,185,5
1477,18.209718607867437,35.62588928552949,136,26.917803946698463,4,3,185,5
1478,18.198018537367588,35.62074723317692,136,26.909382885272255,4,3,185,5
1479,18.18706704547684,35.61288932518717,136,26.899978185332003,4,3,185,5
1480,18.176812397100363,35.60205133510848,136,26.88943186610442,4,3,185,5
1481,18.167196225923497,35.5879856349988,136,26.87759093046115,4,3,185,5
1482,18.158153012146517,35.57046360986729,136,26.8643083110069,4,3,185,5
1483,18.14960906262099,35.5492778297129,137,26.849443446166944,4,3,185,5
1484,18.14148187225155,35.52424388517524,137,26.832862878713392,4,3,185,5
1485,18.133681428420847,35.49520189004261,137,26.814441659231726,4,3,185,5
1486,18.12611384986571,35.46201775102314,137,26.794065800444425,4,3,185,5
1487,18.118686581079544,35.424584402320846,137,26.771635491700195,4,3,185,5
1488,18.111313680606084,35.38282300709604,137,26.747068343851062,4,3,185,5
1489,18.103919058810206,35.33668393240732,137,26.720301495608762,4,3,185,5
1490,18.096436983681656,35.28614691363935,137,26.691291948660503,4,3,185,5
1491,18.088810636152992,35.231219433816726,137,26.66001503498486,4,3,185,5
1492,18.08098959380395,35.17193370827983,137,26.62646165104189,4,3,185,5
1493,18.072927219231616,35.10834403029621,137,26.590635624763912,4,3,185,5
1494,18.06457805142949,35.04052447712172,137,26.552551264275607,4,3,185,5
1495,18.055894420622217,34.96856522000783,138,26.512229820315024,4,3,185,5
1496,18.046822482367276,34.89256763210304,138,26.469695057235157,4,3,185,5
1497,18.037298842150424,34.81264033870443,137,26.42496959042743,4,3,185,5
1498,18.027248551639246,34.72889698861316,137,26.378072770126202,4,3,185,5
1499,18.016584867742903,34.64145515970124,138,26.329020013722072,4,3,185,5
1500,18.00521087318734,34.55043659199622,138,26.277823732591777,4,3,215,6
1501,17.993022764879118,34.45596972180496,138,26.22449624334204,4,3,215,6
1502,17.979914226322336,34.35819392972732,138,26.16905407802483,4,3,215,6
1503,17.96578091029795,34.25726335470455,139,26.11152213250125,4,3,215,6
1504,17.950524643278865,34.15334939406789,139,26.051937018673378,4,3,215,6
1505,17.934057548251847,34.046642277320366,140,25.990349912786108,4,3,215,6
1506,17.91630550222203,33.937351223278355,140,25.926828362750193,4,3,215,6
1507,17.897209564220812,33.825701812071735,140,25.861455688146272,4,3,215,6
1508,17.876725082351598,33.71193086136569,141,25.794327971858642,4,3,215,6
1509,17.854819261101564,33.596280754069454,141,25.72555000758551,4,3,215,6
1510,17.83146836008354,33.47899418925735,141,25.655231274670445,4,3,215,6
1511,17.80665608533687,33.36030935256771,141,25.58348271895229,4,3,215,6
1512,17.780373368645662,33.24045608755224,141,25.51041472809895,4,3,215,6
1513,17.752618364685887,33.11965423472565,141,25.43613629970577,4,3,215,6
1514,17.7233960809168,32.998114232281125,141,25.360755156598962,4,3,215,6
1515,17.69271764024099,32.87603899967802,141,25.284378319959508,4,3,215,6
1516,17.660599664047112,32.75362661311656,141,25.207113138581835,4,3,215,6
1517,17.62706475084693,32.631073769697,142,25.12906926027196,4,3,215,6
1518,17.592143245318873,32.508579549454865,142,25.05036139738687,4,3,215,6
1519,17.55587571216192,32.38634849680778,142,24.97111210448485,4,3,215,6
1520,17.51831523642979,32.26459253060013,142,24.891453883514963,4,3,215,6
1521,17.47952837924987,32.14353167953879,142,24.81153002939433,4,3,215,6
1522,17.439594690557072,32.02339344462945,142,24.73149406759326,4,3,215,6
1523,17.398605753184288,31.904410395030688,142,24.65150807410749,4,3,215,6
1524,17.356664244760083,31.786816383944622,142,24.571740314352354,4,3,215,6
1525,17.313883015984295,31.670842551400018,142,24.49236278369216,4,3,215,6
1526,17.270383793535643,31.556713500458336,142,24.41354864699699,4,3,215,6
1527,17.22629472556644,31.444643253107298,142,24.335468989336867,4,3,215,6
1528,17.181747060518767,31.334830982368334,142,24.258289021443552,4,3,215,6
1529,17.13687232281176,31.227456907469346,142,24.182164615140554,4,3,215,6
1530,17.0918000809096,31.122678544081836,142,24.107239312495718,4,3,215,6
1531,17.046655135283025,31.020627306831727,142,24.033641221057376,4,3,215,6
1532,17.00155422180199,30.921405851799197,142,23.961480036800594,4,3,215,6
1533,16.956603594164847,30.825086937278655,142,23.89084526572175,4,3,215,6
1534,16.91189806878345,30.731714191356467,142,23.82180613006996,4,3,215,6
1535,16.86752133539065,30.641304785164888,142,23.75441306027777,4,3,215,6
1536,16.823547336814602,30.55385323081295,142,23.688700283813777,4,3,215,6
1537,16.78004252153889,30.469334743101417,142,23.62468863232015,4,3,215,6
1538,16.737068285116916,30.38770806754356,142,23.562388176330238,4,3,215,6
1539,16.69468242892892,30.308919140576375,142,23.501800784752646,4,3,215,6
1540,16.652939440234814,30.23290548503985,143,23.442922462637334,4,3,215,6
1541,16.611890372919937,30.159599781138457,143,23.3857450770292,4,3,215,6
1542,16.57158310838576,30.088931833532545,143,23.330257470959154,4,3,215,6
1543,16.532063776087973,30.02082893559114,143,23.276446355839557,4,3,215,6
1544,16.49337904035076,29.955215119587137,143,23.22429707996895,4,3,215,6
1545,16.455577887192057,29.892010269355758,144,23.173794078273907,4,3,215,6
1546,16.418711837505242,29.831129681832923,144,23.12492075966908,4,3,215,6
1547,16.382832805533432,29.772484273795097,144,23.077658539664263,4,3,215,6
1548,16.347989284611835,29.715981435119073,144,23.031985359865452,4,3,215,6
1549,16.314223005220818,29.661526334873574,144,22.987874670047198,4,3,215,6
1550,16.281567039992908,29.60902368167781,144,22.94529536083536,4,3,215,6
1551,16.250045159961882,29.55838013486478,144,22.90421264741333,4,3,215,6
1552,16.219671466169917,29.509506977768808,145,22.86458922196936,4,3,215,6
1553,16.190448540594147,29.46232207920389,145,22.826385309899017,4,3,215,6
1554,16.16236447382291,29.416750851890914,145,22.789557662856915,4,3,215,6
1555,16.135391305431853,29.372726599254996,145,22.754058952343424,4,3,215,6
1556,16.109485592530717,29.33019073944064,145,22.719838165985678,4,3,215,6
1557,16.08458974139196,29.28909349280989,145,22.686841617100924,4,3,215,6
1558,16.060633517605453,29.24939464368354,146,22.6550140806445,4,3,215,6
1559,16.037536320869613,29.21106301157264,146,22.624299666221127,4,3,215,6
1560,16.015210062935672,29.17407453499256,146,22.594642298964118,4,3,215,6
1561,15.993561479495048,29.13841013880569,147,22.56598580915037,4,3,215,6
1562,15.97249374731679,29.10405387317328,147,22.538273810245038,4,3,215,6
1563,15.951908383449142,29.070991129360728,147,22.511449756404936,4,3,215,6
1564,15.931707525518101,29.03920693265913,147,22.485457229088617,4,3,215,6
1565,15.911795814344499,29.008684507732337,147,22.460240161038417,4,3,215,6
1566,15.892081880391231,28.979404214172032,147,22.435743047281633,4,3,215,6
1567,15.872480215812956,28.951342852538374,147,22.411911534175665,4,3,215,6
1568,15.852913335982834,28.92447304858515,147,22.38869319228399,4,3,215,6
1569,15.833313256444633,28.89876213080282,147,22.366037693623724,4,3,215,6
1570,15.813622091414443,28.874170696788934,147,22.343896394101687,4,3,215,6
1571,15.793792360110551,28.85065184434733,147,22.32222210222894,4,3,215,6
1572,15.773787196885944,28.828151458089536,147,22.300969327487742,4,3,215,6
1573,15.753580270827442,28.806609357192812,148,22.280094814010127,4,3,215,6
1574,15.73315531786159,28.785960914999716,148,22.259558116430654,4,3,215,6
1575,15.71250528578564,28.766138566159697,148,22.239321925972668,4,3,215,6
1576,15.691631190019882,28.747072812158894,148,22.219352001089387,4,3,215,6
1577,15.670540875268197,28.728692531209358,148,22.199616703238778,4,3,215,6
1578,15.64924817076717,28.710924983728685,148,22.180086577247927,4,3,215,6
1579,15.627773219312926,28.693696489892886,148,22.160734854602907,4,3,215,6
1580,15.606143979847364,28.676934268080732,148,22.141539123964048,4,3,215,6
1581,15.584398122972603,28.660569435348762,148,22.12248377916068,4,3,215,6
1582,15.562584831256093,28.64454039075181,148,22.10356261100395,4,3,215,6
1583,15.540766308656538,28.62879502195859,148,22.084780665307566,4,3,215,6
1584,15.519018120456963,28.613291248420104,148,22.066154684438533,4,3,215,6
1585,15.497426802130706,28.59799648712578,148,22.047711644628244,4,3,215,6
1586,15.476085028590878,28.582886431755274,148,22.029485730173075,4,3,215,6
1587,15.455086488333587,28.56794334081176,148,22.011514914572672,4,3,215,6
1588,15.434521436441612,28.55315412774245,148,21.99383778209203,4,3,215,6
1589,15.414472729943924,28.538508643496186,148,21.976490686720055,4,3,215,6
1590,15.395012246614879,28.523998054199957,148,21.959505150407416,4,3,215,6
1591,15.37619768594795,28.509612728895654,149,21.942905207421802,4,3,215,6
1592,15.358070141357935,28.495339930100666,149,21.9267050357293,4,3,215,6
1593,15.340653223031433,28.48116247780897,149,21.9109078504202,4,3,215,6
1594,15.323953925865554,28.467058387141844,149,21.8955061565037,4,3,215,6
1595,15.307964851967094,28.45300030947097,149,21.880482580719033,4,3,215,6
1596,15.292667202361534,28.43895487489891,149,21.865811038630223,4,3,215,6
1597,15.278033757708204,28.42488330205266,149,21.851458529880432,4,3,215,6
1598,15.264031848292687,28.410743568320978,149,21.83738770830683,4,3,215,6
1599,15.250627093995632,28.396493360830082,149,21.823560227412855,4,3,215,6
1600,15.237787329493637,28.382092930953164,149,21.8099401302234,4,3,215,6
1601,15.225484764450274,28.36750687761148,149,21.796495821030877,4,3,215,6
1602,15.213695989033631,28.352704664896248,149,21.783200326964938,4,3,215,6
1603,15.202400995644123,28.337660459785717,149,21.770030727714918,4,3,215,6
1604,15.19158268028496,28.32235297319704,149,21.756967826741,4,3,215,6
1605,15.181228579560148,28.30676608507502,149,21.743997332317583,4,3,215,6
1606,15.171334258330143,28.290890253846836,149,21.73111225608849,4,3,215,6
1607,15.161905422078119,28.274723930189566,149,21.718314676133843,4,3,215,6
1608,15.152957778666622,28.258274682637087,150,21.705616230651856,4,3,215,6
1609,15.144515624765875,28.241560230113482,150,21.69303792743968,4,3,215,6
1610,15.13661022962932,28.224609186189543,150,21.680609707909433,4,3,215,6
1611,15.1292791863,28.20746092955402,150,21.66837005792701,4,3,215,6
1612,15.122566242078332,28.19016460025599,150,21.65636542116716,4,3,215,6
1613,15.116519461842868,28.172777806341283,150,21.644648634092075,4,3,215,6
1614,15.111187235869187,28.155365430275094,150,21.63327633307214,4,3,215,6
1615,15.106613301878038,28.137998729328874,150,21.622306015603456,4,3,215,6
1616,15.102832146119214,28.12075472892414,150,21.611793437521676,4,3,215,6
1617,15.099866343439581,28.103715712754262,150,21.601791028096923,4,3,215,6
1618,15.097725835817288,28.086968418339247,150,21.592347127078266,4,3,215,6
1619,15.096407490881626,28.070602351513347,150,21.583504921197488,4,3,215,6
1620,15.095894062431233,28.054707511116185,150,21.57530078677371,4,3,215,6
1621,15.096152845619718,28.039372692952906,150,21.56776276928631,4,3,215,6
1622,15.097135392611012,28.024684859318516,150,21.560910125964764,4,3,215,6
1623,15.098780142426257,28.010729377633975,150,21.554754760030114,4,3,215,6
1624,15.101017282956555,27.99759073668628,150,21.54930400982142,4,3,215,6
1625,15.103773017482277,27.985353153908648,150,21.54456308569546,4,3,215,6
1626,15.106972261381529,27.974100779764562,150,21.540536520573045,4,3,215,6
1627,15.110540550456031,27.963917497919816,150,21.537229024187923,4,3,215,6
1628,15.114406039866585,27.954886417428472,150,21.534646228647528,4,3,215,6
1629,15.11850257019753,27.947089250702977,150,21.532795910450254,4,3,215,6
1630,15.12277302145082,27.940605380902838,150,21.531689201176828,4,3,215,6
1631,15.127170420009712,27.935510032251628,150,21.53134022613067,4,3,215,6
1632,15.131656506841793,27.93187193220655,150,21.53176421952417,4,3,215,6
1633,15.13619971842596,27.929751829844776,150,21.532975774135366,4,3,215,6
1634,15.140773556389107,27.929202162016665,150,21.534987859202886,4,3,215,6
1635,15.145355346363388,27.93026708602287,150,21.537811216193127,4,3,215,6
1636,15.149925191413827,27.932982292774398,150,21.541453742094113,4,3,215,6
1637,15.154464730245737,27.937374209601046,150,21.54591946992339,4,3,215,6
1638,15.158955798047987,27.94345878723091,150,21.551207292639447,4,3,215,6
1639,15.163379575493227,27.951240650831927,150,21.55731011316258,4,3,215,6
1640,15.167716616334014,27.96071310255773,150,21.564214859445872,4,3,215,6
1641,15.171947948961792,27.971859170600972,150,21.571903559781383,4,3,215,6
1642,15.176056764538055,27.98465321716582,150,21.580354990851937,4,3,215,6
1643,15.180029521536031,27.999061935167425,150,21.58954572835173,4,3,215,6
1644,15.183856076798715,28.015044343901774,150,21.599450210350245,4,3,215,6
1645,15.18752923347234,28.03255117435285,150,21.610040203912597,4,3,215,6
1646,15.191044193661767,28.05152423000546,150,21.62128421183361,4,3,215,6
1647,15.194398501144756,28.07189650423896,150,21.63314750269186,4,3,215,6
1648,15.197592084071646,28.09359315274508,151,21.64559261840836,4,3,215,6
1649,15.200626032170433,28.116532736778073,151,21.65857938447425,4,3,215,6
1650,15.203500303543196,28.14062834824687,151,21.672064325895033,4,3,215,6
1651,15.206212116723496,28.165788422843377,151,21.686000269783435,4,3,215,6
1652,15.208755710767889,28.19191724255878,151,21.700336476663335,4,3,215,6
1653,15.211123083278038,28.218915324084467,151,21.71501920368125,4,3,215,6
1654,15.21330512121432,28.24667969458646,151,21.72999240790039,4,3,215,6
1655,15.215292344319426,28.275103861328407,151,21.745198102823917,4,3,215,6
1656,15.217074871139516,28.304077379212682,151,21.7605761251761,4,3,215,6
1657,15.21864160779117,28.3334850179049,151,21.776063312848034,4,3,215,6
1658,15.219979049783477,28.36320592042263,151,21.791592485103052,4,3,215,6
1659,15.221070477375344,28.393113535294457,151,21.8070920063349,4,3,215,6
1660,15.221895544685088,28.423076421711844,150,21.822485983198465,4,3,215,6
1661,15.222429482518786,28.45295934441274,150,21.837694413465762,4,3,215,6
1662,15.222641622629082,28.48262436772851,150,21.852632995178794,4,3,215,6
1663,15.222493438875976,28.51193195090355,150,21.867212694889762,4,3,215,6
1664,15.221937081156431,28.54074204683358,150,21.881339563995006,4,3,215,6
1665,15.220916158387919,28.5689152063879,150,21.89491568238791,4,3,215,6
1666,15.219368186063306,28.596313592951248,150,21.907840889507277,4,3,215,6
1667,15.217225773119203,28.622801714274505,150,21.920013743696856,4,3,215,6
1668,15.214416354008273,28.648246678707974,150,21.931331516358124,4,3,215,6
1669,15.210863002997504,28.672517782865594,150,21.941690392931548,4,3,215,6
1670,15.206487112117081,28.695485725408282,150,21.95098641876268,4,3,215,6
1671,15.20121195856838,28.71702222927885,149,21.959117093923616,4,3,215,6
1672,15.194966284954704,28.73700046455799,149,21.965983374756348,4,3,215,6
1673,15.1876871132047,28.755296273951213,149,21.971491693577956,4,3,215,6
1674,15.179321403129707,28.771790202878236,149,21.97555580300397,4,3,215,6
1675,15.169826556586825,28.786370336079194,149,21.97809844633301,4,3,215,6
1676,15.159171328667632,28.79893604011367,149,21.97905368439065,4,3,215,6
1677,15.147340267760725,28.809402808545226,149,21.978371538152977,4,3,215,6
1678,15.134341002180156,28.817707528586,149,21.976024265383078,4,3,215,6
1679,15.120209886831809,28.823812609887625,149,21.972011248359717,4,3,215,6
1680,15.105014254082196,28.82770839120696,149,21.96636132264458,4,3,215,6
1681,15.088852243612116,28.829414215657803,149,21.959133229634958,4,3,215,6
1682,15.071851380653086,28.8289783697625,149,21.95041487520779,4,3,215,6
1683,15.054167266613389,28.826476886002137,149,21.940322076307762,4,3,215,6
1684,15.035982087504532,28.822011208122905,149,21.92899664781372,4,3,215,6
1685,15.01750098700557,28.815704718034013,149,21.91660285251979,4,3,215,6
1686,14.998945911200613,28.80769841535605,149,21.903322163278332,4,3,215,6
1687,14.980548092282554,28.79814633295394,149,21.889347212618247,4,3,215,6
1688,14.96254024072671,28.78721117397262,149,21.874875707349666,4,3,215,6
1689,14.945149417757817,28.77506055814514,149,21.860104987951477,4,3,215,6
1690,14.928590877146359,28.7618640699387,149,21.84522747354253,4,3,215,6
1691,14.913062482691867,28.74779110595694,149,21.830426794324403,4,3,215,6
1692,14.898739795615128,28.7330094214329,149,21.815874608524013,4,3,215,6
1693,14.885772414032102,28.717684178097702,149,21.8017282960649,4,3,215,6
1694,14.87428214702149,28.701977490812457,149,21.78812981891697,4,3,215,6
1695,14.864363606189741,28.68604866546854,149,21.77520613582914,4,3,215,6
1696,14.856086139919174,28.670054442864423,149,21.7630702913918,4,3,215,6
1697,14.849494377765934,28.654147685472132,149,21.751821031619034,4,3,215,6
1698,14.844606896233921,28.638474309582108,149,21.741540602908014,4,3,215,6
1699,14.841414760905423,28.623169630913164,149,21.732292195909295,4,3,215,6
1700,14.839880822485226,28.60835490173649,149,21.72411786211086,4,3,215,6
1701,14.839939766906864,28.594134427575906,149,21.717037097241384,4,3,215,6
1702,14.841498920080317,28.580593651765074,149,21.711046285922695,4,3,215,6
1703,14.844439808290499,28.56779869394004,149,21.70611925111527,4,3,215,6
1704,14.848620280606205,28.555797341138632,149,21.70220881087242,4,3,215,6
1705,14.853876804986749,28.544620710166267,149,21.69924875757651,4,3,215,6
1706,14.860027037825397,28.534284995244313,149,21.697156016534855,4,3,215,6
1707,14.8668732546839,28.524793202904263,149,21.695833228794083,4,3,215,6
1708,14.874207230259294,28.516136873861537,148,21.695172052060414,4,3,215,6
1709,14.881817155852822,28.50829769427111,148,21.695057425061968,4,3,215,6
1710,14.889495914774782,28.50124899648335,148,21.695372455629066,4,3,215,6
1711,14.897048768180289,28.494957539721668,148,21.69600315395098,4,3,215,6
1712,14.90429938160041,28.48938566862321,148,21.696842525111812,4,3,215,6
1713,14.911094000091,28.484493362462878,148,21.697793681276938,4,3,215,6
1714,14.91730348210642,28.480239883020822,148,21.69877168256362,4,3,215,6
1715,14.922822804327412,28.476585021701528,148,21.69970391301447,4,3,215,6
1716,14.927568527146036,28.47348994652854,148,21.70052923683729,4,3,215,6
1717,14.931475587988194,28.47091764963581,148,21.701196618812002,4,3,215,6
1718,14.934493911488335,28.468833093395734,148,21.701663502442035,4,3,215,6
1719,14.936584447411215,28.467203250835777,149,21.701893849123497,4,3,215,6
1720,14.937716100194361,28.465997235965336,149,21.70185666807985,4,3,215,6
1721,14.937866867014156,28.46518671960269,149,21.701526793308425,4,3,215,6
1722,14.937028404552471,28.464746241030085,149,21.700887322791278,4,3,215,6
1723,14.935209147903095,28.46465244053994,149,21.699930794221515,4,3,215,6
1724,14.932433348216112,28.464882408350906,149,21.69865787828351,4,3,215,6
1725,14.928735638809178,28.46541251579845,149,21.697074077303814,4,3,215,6
1726,14.924153957992662,28.466218314392705,149,21.69518613619268,4,3,215,6
1727,14.91872687543642,28.467275308037724,150,21.693001091737074,4,3,215,6
1728,14.912495906730241,28.468560013561703,150,21.69052796014597,4,3,215,6
1729,14.905507938651336,28.470050334555484,150,21.68777913660341,4,3,215,6
1730,14.8978144482035,28.471725248882894,151,21.684769848543198,4,3,215,6
1731,14.889465759031722,28.473564785586884,151,21.681515272309305,4,3,215,6
1732,14.880502090125253,28.47555068166851,151,21.67802638589688,4,3,215,6
1733,14.870946663107153,28.477667523966243,151,21.674307093536697,4,3,215,6
1734,14.86080437887946,28.479903986262944,151,21.670354182571202,4,3,215,6
1735,14.85006781894433,28.482253576632747,151,21.666160697788538,4,3,215,6
1736,14.838727450084601,28.48471460258957,151,21.661721026337084,4,3,215,6
1737,14.82677803438094,28.487289354138774,151,21.65703369425986,4,3,215,6
1738,14.814220074216092,28.48998279737413,152,21.65210143579511,4,3,215,6
1739,14.801061949499063,28.492801363812973,152,21.64693165665602,4,3,215,6
1740,14.787323819995306,28.49575203047513,152,21.64153792523522,4,3,215,6
1741,14.773039781260579,28.498841495540653,152,21.635940638400616,4,3,215,6
1742,14.758257981234964,28.502075254412407,152,21.630166617823686,4,3,215,6
1743,14.74304162308102,28.50545638101455,152,21.624249002047783,4,3,215,6
1744,14.727470951044536,28.508984306859894,152,21.618227628952216,4,3,215,6
1745,14.71164348729438,28.51265437813793,152,21.612148932716156,4,3,215,6
1746,14.695671835726404,28.51645838591114,152,21.606065110818772,4,3,215,6
1747,14.679680416746551,28.520385679348603,152,21.600033048047578,4,3,215,6
1748,14.663801521449196,28.524424471969382,152,21.59411299670929,4,3,215,6
1749,14.648170098055694,28.528562950897268,152,21.58836652447648,4,3,215,6
1750,14.6329185365752,28.532789896687348,152,21.582854216631276,4,3,215,6
1751,14.618174570818558,28.537094618828615,152,21.577634594823586,4,3,215,6
1752,14.60406132034255,28.541466207098114,152,21.57276376372033,4,3,215,6
1753,14.590694398388859,28.545892294014735,152,21.5682933462018,4,3,215,6
1754,14.578175498694751,28.550357231036685,152,21.564266364865716,4,3,215,6
1755,14.56658636091494,28.554839288563006,152,21.56071282473897,4,3,215,6
1756,14.555984771249433,28.55930707508047,152,21.55764592316495,4,3,215,6
1757,14.546402011808816,28.563715956120536,152,21.555058983964678,4,3,215,6
1758,14.537841562759718,28.568005286353788,152,21.552923424556752,4,3,215,6
1759,14.530279251845895,28.57209743091109,152,21.55118834137849,4,3,215,6
1760,14.52366465615502,28.57589873944703,152,21.549781697801023,4,3,215,6
1761,14.517923171275202,28.579301303703247,152,21.548612237489223,4,3,215,6
1762,14.512959138761747,28.582185012334765,152,21.547572075548256,4,3,215,6
1763,14.508661398575759,28.58442088004218,152,21.54654113930897,4,3,215,6
1764,14.504910877794366,28.585875815419666,151,21.545393346607014,4,3,215,6
1765,14.501588071446898,28.586417659044415,151,21.544002865245655,4,3,215,6
1766,14.498579441903004,28.585919746057677,151,21.54224959398034,4,3,215,6
1767,14.49578293370122,28.584264800188937,151,21.540023866945077,4,3,215,6
1768,14.493112800623102,28.581348258707212,151,21.53723052966516,4,3,215,6
1769,14.490503941646997,28.57708142025448,151,21.53379268095074,4,3,215,6
1770,14.487914869249531,28.57139402702142,151,21.529654448135474,4,3,215,6
1771,14.48532736029616,28.56423511218513,151,21.524781236240646,4,3,215,6
1772,14.482742887706756,28.555571821085582,151,21.51915735439617,4,3,215,6
1773,14.48017797903154,28.54538679216397,151,21.512782385597756,4,3,215,6
1774,14.477659477325446,28.533674585880757,151,21.505667031603103,4,3,215,6
1775,14.47521950902646,28.520437552062862,150,21.49782853054466,4,3,215,6
1776,14.47289025599502,28.505681818558994,150,21.489286037277008,4,3,215,6
1777,14.470698921400894,28.489414376570615,150,21.480056648985755,4,3,215,6
1778,14.468663376681004,28.47164116504994,150,21.470152270865473,4,3,215,6
1779,14.466789074403701,28.4523649836262,150,21.45957702901495,4,3,215,6
1780,14.465067031710213,28.431582941372604,150,21.448324986541408,4,3,215,6
1781,14.46347190888914,28.40928402661258,150,21.436377967750857,4,3,215,6
1782,14.461960475851235,28.385447383049705,150,21.42370392945047,4,3,215,6
1783,14.460472027510821,28.36004187762525,150,21.410256952568034,4,3,215,6
1784,14.458930846282021,28.33302666782288,149,21.39597875705245,4,3,215,6
1785,14.45724934709244,28.304351598464823,149,21.38080047277863,4,3,215,6
1786,14.455331320847272,28.27395713602269,149,21.364644228434983,4,3,215,6
1787,14.45307547276258,28.24177442644097,149,21.347424949601773,4,3,215,6
1788,14.450378964430419,28.207726062622278,149,21.32905251352635,4,3,215,6
1789,14.447140180869484,28.17172814786892,149,21.3094341643692,4,3,215,6
1790,14.443261406905483,28.13369346139916,149,21.288477434152323,4,3,215,6
1791,14.438653560267383,28.0935347518499,149,21.266094156058642,4,3,215,6
1792,14.433241617365756,28.051167477341192,149,21.242204547353474,4,3,215,6
1793,14.426965856236377,28.006511603296005,149,21.216738729766192,4,3,215,6
1794,14.419778430123714,27.95949304454465,149,21.189635737334182,4,3,215,6
1795,14.411639174154836,27.91004631354688,150,21.160842743850857,4,3,215,6
1796,14.402512889240233,27.858118375867132,150,21.130315632553682,4,3,215,6
1797,14.392368689071821,27.80367215329968,150,21.09802042118575,4,3,215,6
1798,14.381180337861919,27.74668889514446,150,21.06393461650319,4,3,215,6
1799,14.368924848259073,27.68716941819,150,21.028047133224536,4,3,215,6
1800,14.355578852175544,27.625134508297585,150,20.990356680236566,4,3,245,7
1801,14.341114500585936,27.56062506879672,150,20.950869784691328,4,3,245,7
1802,14.32549664836518,27.49370250305475,151,20.909599575709965,4,3,245,7
1803,14.308683080292944,27.4244497207299,151,20.866566400511424,4,3,245,7
1804,14.290628363994468,27.352972279055244,151,20.821800321524854,4,3,245,7
1805,14.271290745222391,27.279398292327127,151,20.77534451877476,4,3,245,7
1806,14.250639355091252,27.20387691287611,151,20.727258133983682,4,3,245,7
1807,14.228656852997183,27.126576356905908,151,20.677616604951545,4,3,245,7
1808,14.20533740814621,27.047681570423812,151,20.626509489285013,4,3,245,7
1809,14.180684701765106,26.96739075235439,152,20.574037727059746,4,3,245,7
1810,14.154711218085476,26.88591063444142,152,20.52031092626345,4,3,245,7
1811,14.127436678229763,26.80345110011161,152,20.465443889170686,4,3,245,7
1812,14.098885909428661,26.720219919415264,152,20.409552914421962,4,3,245,7
1813,14.069088880322289,26.63641857217883,152,20.35275372625056,4,3,245,7
1814,14.038081926585395,26.552239253695213,152,20.295160590140306,4,3,245,7
1815,14.00590548461178,26.467862279533335,152,20.236883882072558,4,3,245,7
1816,13.972599113006162,26.383453984025522,153,20.17802654851584,4,3,245,7
1817,13.938200043674096,26.29916608500797,153,20.11868306434103,4,3,245,7
1818,13.902746237276856,26.215136902372322,153,20.05894156982459,4,3,245,7
1819,13.866279650809501,26.13149423297579,153,19.998886941892646,4,3,245,7
1820,13.82884805855036,26.04835909943113,153,19.938603578990744,4,3,245,7
1821,13.790506401082236,25.96584900523297,153,19.878177703157604,4,3,245,7
1822,13.75131824685332,25.884080304157568,153,19.817699275505444,4,3,245,7
1823,13.711357560488104,25.803170267306093,154,19.7572639138971,4,3,245,7
1824,13.670710971916838,25.723238845957546,154,19.696974908937193,4,3,245,7
1825,13.629480740221291,25.64440954316149,154,19.636945141691392,4,3,245,7
1826,13.587787045299052,25.566809197118364,154,19.577298121208706,4,3,245,7
1827,13.545766679617508,25.490566869500704,155,19.518166774559106,4,3,245,7
1828,13.503568235729855,25.415811934282214,155,19.459690085006034,4,3,245,7
1829,13.461346908646386,25.342671365071713,155,19.40200913685905,4,3,245,7
1830,13.419260568916487,25.271266511565305,155,19.345263540240897,4,3,245,7
1831,13.37746729910724,25.201709948386327,155,19.289588623746784,4,3,245,7
1832,13.33612341586116,25.134102589519287,155,19.235113002690223,4,3,245,7
1833,13.295379829258385,25.068530871528054,155,19.18195535039322,4,3,245,7
1834,13.255376541997858,25.005064394154306,155,19.130220468076082,4,3,245,7
1835,13.216237041759582,24.943754992338615,155,19.079996017049098,4,3,245,7
1836,13.17806355998074,24.884637141047598,155,19.03135035051417,4,3,245,7
1837,13.140933390228994,24.82772852164678,155,18.984330955937885,4,3,245,7
1838,13.104896849828544,24.773030456665506,155,18.938963653247026,4,3,245,7
1839,13.069977858919714,24.720528797900695,155,18.895253328410206,4,3,245,7
1840,13.036177526312045,24.670195462907113,155,18.85318649460958,4,3,245,7
1841,13.00348054665796,24.621990425007663,155,18.81273548583281,4,3,245,7
1842,12.971862263059515,24.575863767095758,155,18.773863015077637,4,3,245,7
1843,12.941292298722988,24.53175721461241,155,18.7365247566677,4,3,245,7
1844,12.911734270330316,24.489605050927388,155,18.70066966062885,4,3,245,7
1845,12.883144704797916,24.44933480617742,155,18.666239755487666,4,3,245,7
1846,12.855473208283582,24.410867915656947,155,18.633170561970264,4,3,245,7
1847,12.828664863493437,24.374120348887303,155,18.60139260619037,4,3,245,7
1848,12.80266378314603,24.33900301551007,155,18.570833399328052,4,3,245,7
1849,12.77741469922687,24.30542155916226,156,18.541418129194565,4,3,245,7
1850,12.75286122337044,24.27327573580051,156,18.513068479585474,4,3,245,7
1851,12.728941169396487,24.242459158253073,156,18.48570016382478,4,3,245,7
1852,12.705581865036844,24.21285979871659,156,18.459220831876717,4,3,245,7
1853,12.682700915948738,24.184361250854096,156,18.433531083401416,4,3,245,7
1854,12.660212520679472,24.156844655693117,156,18.408528588186293,4,3,245,7
1855,12.638034070803661,24.130191098046428,156,18.384112584425043,4,3,245,7
1856,12.616090989236914,24.10428428021821,156,18.360187634727563,4,3,245,7
1857,12.594320978425735,24.079013279762627,156,18.33666712909418,4,3,245,7
1858,12.572677972156363,24.054275198012945,156,18.313476585084654,4,3,245,7
1859,12.551135206699827,24.029977506008745,156,18.290556356354287,4,3,245,7
1860,12.529687021839312,24.006040186946446,157,18.26786360439288,4,3,245,7
1861,12.508349197110032,23.982398066738597,157,18.245373631924316,4,3,245,7
1862,12.487157725799602,23.959003138838895,157,18.22308043231925,4,3,245,7
1863,12.46616602647039,23.935826104026965,158,18.200996065248678,4,3,245,7
1864,12.445440884075957,23.912856638199763,158,18.17914876113786,4,3,245,7
1865,12.425057705095627,23.89010219354953,158,18.157579949322578,4,3,245,7
1866,12.405095475831683,23.867585625913538,158,18.13634055087261,4,3,245,7
1867,12.385631617805219,23.84534242850297,158,18.115487023154095,4,3,245,7
1868,12.366737909504574,23.823417766751117,158,18.095077838127846,4,3,245,7
1869,12.34847971666696,23.801862923595753,158,18.075171320131357,4,3,245,7
1870,12.330918334905636,23.780731447129718,158,18.05582489101768,4,3,245,7
1871,12.314112932303152,23.76007597522615,158,18.037094453764652,4,3,245,7
1872,12.298119652565571,23.73994593140274,159,18.019032791984156,4,3,245,7
1873,12.282989340879835,23.720385505895553,159,18.001687423387693,4,3,245,7
1874,12.268767012810006,23.70143201872086,159,17.985099515765434,4,3,245,7
1875,12.255493260517436,23.683115444341926,159,17.96930435242968,4,3,245,7
1876,12.243205254694843,23.665458902290542,159,17.95433207849269,4,3,245,7
1877,12.231936268663251,23.648478942834465,159,17.94020760574886,4,3,245,7
1878,12.221713919132695,23.632185627327804,159,17.92694977323025,4,3,245,7
1879,12.212557610807549,23.616583573422535,159,17.91457059211504,4,3,245,7
1880,12.204475964721256,23.601673769898788,160,17.90307486731002,4,3,245,7
1881,12.197465010315273,23.587454600436185,160,17.89245980537573,4,3,245,7
1882,12.19150792144129,23.573921881231144,160,17.882714901336215,4,3,245,7
1883,12.186576003739592,23.561069082933418,160,17.873822543336505,4,3,245,7
1884,12.18262966566439,23.548887834501237,160,17.86575875008281,4,3,245,7
1885,12.179619276059569,23.537367733696282,160,17.858493504877927,4,3,245,7
1886,12.177486591656,23.526495366814892,160,17.851990979235445,4,3,245,7
1887,12.176166170028747,23.516253318130463,160,17.846209744079605,4,3,245,7
1888,12.17558550092798,23.506619461875328,160,17.841102481401656,4,3,245,7
1889,12.17566444222802,23.497566341956563,160,17.83661539209229,4,3,245,7
1890,12.1763160099122,23.489060737291734,160,17.832688373601968,4,3,245,7
1891,12.17744852333809,23.48106380335081,161,17.82925616334445,4,3,245,7
1892,12.17896715637977,23.473531400272797,161,17.826249278326284,4,3,245,7
1893,12.180774213104932,23.466413437708695,161,17.823593825406814,4,3,245,7
1894,12.182768714686796,23.45965252969781,161,17.821210622192304,4,3,245,7
1895,12.184845884302836,23.453183716047523,161,17.81901480017518,4,3,245,7
1896,12.186897116826229,23.446935641263188,160,17.81691637904471,4,3,245,7
1897,12.188810434945394,23.440832216652236,161,17.814821325798814,4,3,245,7
1898,12.190470945714614,23.43479408394131,161,17.81263251482796,4,3,245,7
1899,12.19176188450292,23.42873949143925,161,17.810250687971084,4,3,245,7
1900,12.19256751611017,23.422584876592364,160,17.807576196351267,4,3,245,7
1901,12.192777309625798,23.41624613157627,160,17.804511720601035,4,3,245,7
1902,12.19228953559743,23.409640748290023,160,17.800965141943728,4,3,245,7
1903,12.191013604446276,23.40269025881876,160,17.796851931632517,4,3,245,7
1904,12.188871245234479,23.395322484946885,160,17.79209686509068,4,3,245,7
1905,12.185797013874469,23.38747320778562,160,17.786635110830044,4,3,245,7
1906,12.181739107370836,23.379087161092496,161,17.780413134231665,4,3,245,7
1907,12.17666058264732,23.3701185443488,161,17.77338956349806,4,3,245,7
1908,12.17054020046025,23.36053115398935,161,17.7655356772248,4,3,245,7
1909,12.163371919595422,23.350298133498253,162,17.756835026546838,4,3,245,7
1910,12.155161871235535,23.33940124540183,162,17.747281558318683,4,3,245,7
1911,12.14592369145229,23.327829470511848,162,17.73687658098207,4,3,245,7
1912,12.135675137884597,23.31557722732582,162,17.72562618260521,4,3,245,7
1913,12.124436965788515,23.302642992064065,162,17.713539978926292,4,3,245,7
1914,12.112233087813888,23.28902841697722,162,17.700630752395554,4,3,245,7
1915,12.099091529496059,23.274737361732583,161,17.68691444561432,4,3,245,7
1916,12.085046180085738,23.25977513047596,161,17.67241065528085,4,3,245,7
1917,12.070138655506053,23.244149084966658,161,17.657143870236354,4,3,245,7
1918,12.05441890736975,23.227870438622833,161,17.64114467299629,4,3,245,7
1919,12.037944577401406,23.210955670745534,161,17.62445012407347,4,3,245,7
1920,12.02078046201192,23.19342707304714,161,17.60710376752953,4,3,245,7
1921,12.002998378741946,23.17531301344874,162,17.589155696095343,4,3,245,7
1922,11.9846766532665,23.156648111871817,163,17.57066238256916,4,3,245,7
1923,11.96589883569425,23.137473132504876,163,17.551685984099564,4,3,245,7
1924,11.946751644947238,23.117834396932043,163,17.53229302093964,4,3,245,7
1925,11.927322432546244,23.09778252242051,163,17.512552477483375,4,3,245,7
1926,11.907696749696106,23.077370679727156,163,17.49253371471163,4,3,245,7
1927,11.887956601549954,23.05665295486668,163,17.47230477820832,4,3,245,7
1928,11.86817997254949,23.035683106635272,163,17.45193153959238,4,3,245,7
1929,11.84844142648985,23.014513719059288,163,17.43147757277457,4,3,245,7
1930,11.828812804718163,22.99319565040069,163,17.411004227559427,4,3,245,7
1931,11.809363436074394,22.971777582827627,163,17.39057050945101,4,3,245,7
1932,11.790159662376404,22.95030586703531,163,17.370232764705857,4,3,245,7
1933,11.771263775907654,22.92882524628469,163,17.350044511096172,4,3,245,7
1934,11.752732758029378,22.90738045912986,163,17.330056608579618,4,3,245,7
1935,11.734617208103703,22.886018134897522,163,17.310317671500613,4,3,245,7
1936,11.716960851995669,22.864788591052918,163,17.290874721524293,4,3,245,7
1937,11.69980043429391,22.8437473366315,163,17.271773885462704,4,3,245,7
1938,11.683165213270835,22.822955988330076,163,17.253060600800456,4,3,245,7
1939,11.667075765400735,22.80248220824446,163,17.234778986822597,4,3,245,7
1940,11.651542294062052,22.78239846721909,163,17.21697038064057,4,3,245,7
1941,11.636563319951128,22.762779632754896,163,17.19967147635301,4,3,245,7
1942,11.62212631365554,22.743699770510165,163,17.182913042082852,4,3,245,7
1943,11.60821036794377,22.72522893855238,164,17.166719653248073,4,3,245,7
1944,11.594789544425957,22.707430363378915,164,17.151109953902434,4,3,245,7
1945,11.581835724437683,22.690357996631647,164,17.136096860534664,4,3,245,7
1946,11.569319989152579,22.674054354002003,164,17.121687171577292,4,3,245,7
1947,11.557212919500683,22.658548440433428,164,17.107880679967057,4,3,245,7
1948,11.545485572015775,22.643854248660478,163,17.094669910338126,4,3,245,7
1949,11.534111521212902,22.629971001084385,163,17.082041261148643,4,3,245,7
1950,11.523068993557093,22.61688493968961,163,17.06997696662335,4,3,245,7
1951,11.512342313120403,22.604571103407903,163,17.058456708264153,4,3,245,7
1952,11.501922074033564,22.59299450790855,163,17.047458290971058,4,3,245,7
1953,11.491804332587572,22.58211111834201,163,17.03695772546479,4,3,245,7
1954,11.481989989584765,22.571869005722295,163,17.02692949765353,4,3,245,7
1955,11.472484850691256,22.562210077773248,163,17.01734746423225,4,3,245,7
1956,11.463300169700906,22.55307248257319,163,17.008186326137047,4,3,245,7
1957,11.45445230909512,22.54439349081429,163,16.999422899954705,4,3,245,7
1958,11.445958981759205,22.53611217486124,163,16.991035578310225,4,3,245,7
1959,11.437833341614263,22.528170715122716,163,16.98300202836849,4,3,245,7
1960,11.430080994870666,22.520514724823272,163,16.975297859846968,4,3,245,7
1961,11.42270051694346,22.513094544813896,163,16.967897530878677,4,3,245,7
1962,11.415683573446344,22.505867704333333,163,16.96077563888984,4,3,245,7
1963,11.409013767450258,22.49880098788448,163,16.95390737766737,4,3,245,7
1964,11.402666358966835,22.491871718723665,163,16.94726903884525,4,3,245,7
1965,11.396609149526915,22.485069039765136,163,16.940839094646027,4,3,245,7
1966,11.390802971636186,22.478394899633393,163,16.93459893563479,4,3,245,7
1967,11.385202173756365,22.47186337850906,163,16.928532776132712,4,3,245,7
1968,11.37975744231596,22.465498353744895,163,16.922627898030427,4,3,245,7
1969,11.374420278680129,22.459330870570383,163,16.916875574625255,4,3,245,7
1970,11.369145425396,22.45339680275322,163,16.91127111407461,4,3,245,7
1971,11.363890852301594,22.447734607672334,164,16.905812729986962,4,3,245,7
1972,11.358618229323648,22.44238337033555,164,16.900500799829597,4,3,245,7
1973,11.353294471839751,22.437381720986608,164,16.89533809641318,4,3,245,7
1974,11.347892603518513,22.432767333090847,164,16.89032996830468,4,3,245,7
1975,11.342391351924098,22.428575830652242,164,16.88548359128817,4,3,245,7
1976,11.336774062535305,22.424839006742896,164,16.8808065346391,4,3,245,7
1977,11.331027419206126,22.421583328072188,164,16.876305373639156,4,3,245,7
1978,11.325140361484596,22.418829310335187,164,16.871984835909892,4,3,245,7
1979,11.319103101469477,22.41659195901125,164,16.86784753024036,4,3,245,7
1980,11.312905655164625,22.414882080213854,164,16.86389386768924,4,3,245,7
1981,11.306536278644078,22.41370787611756,164,16.86012207738082,4,3,245,7
1982,11.299981174713881,22.413076337094488,164,16.856528755904186,4,3,245,7
1983,11.293225567792051,22.412994040278257,164,16.853109804035153,4,3,245,7
1984,11.28625497676717,22.413467256904244,163,16.849861116835708,4,3,245,7
1985,11.279056198371656,22.41450156339432,163,16.846778880882987,4,3,245,7
1986,11.271618196365214,22.416101248702315,163,16.843859722533765,4,3,245,7
1987,11.263933091802002,22.418268907988534,163,16.841100999895268,4,3,245,7
1988,11.255997449617608,22.421005222561387,163,16.838501336089497,4,3,245,7
1989,11.247813764111104,22.424308535900455,163,16.83606115000578,4,3,245,7
1990,11.239391753217237,22.428174030676367,163,16.833782891946804,4,3,245,7
1991,11.230749266445333,22.432592506792453,163,16.831670886618895,4,3,245,7
1992,11.221912806324315,22.43754905314393,163,16.829730929734122,4,3,245,7
1993,11.212917370458205,22.443022198478317,163,16.827969784468262,4,3,245,7
1994,11.203805028555577,22.448983834211276,163,16.826394431383427,4,3,245,7
1995,11.194621941287725,22.455399909533547,163,16.825010925410638,4,3,245,7
1996,11.185413820345966,22.462231606627384,163,16.823822713486674,4,3,245,7
1997,11.176221194534875,22.46943641128494,163,16.822828802909907,4,3,245,7
1998,11.167077212264823,22.47696898199027,163,16.82202309712755,4,3,245,7
1999,11.158007784752208,22.484782208279775,163,16.82139499651599,4,3,245,7
2000,11.149030948216618,22.492828459082197,163,16.82092970364941,4,3,245,7
2001,11.140154566842119,22.501060631609352,163,16.820607599225735,4,3,245,7
2002,11.13137374176459,22.509432806455486,163,16.82040327411004,4,3,245,7
2003,11.122668901354615,22.51790050963523,163,16.82028470549492,4,3,245,7
2004,11.114005158105853,22.526420679812414,163,16.820212918959133,4,3,245,7
2005,11.10533351766255,22.534951536489388,163,16.82014252707597,4,3,245,7
2006,11.09659452574906,22.54345234982985,163,16.820023437789455,4,3,245,7
2007,11.087723085753462,22.551882917693735,163,16.8198030017236,4,3,245,7
2008,11.078651326659438,22.560203140672634,163,16.819427233666037,4,3,245,7
2009,11.069309522319958,22.568373671129418,163,16.81884159672469,4,3,245,7
2010,11.059628184320836,22.57635763686465,163,16.817992910592743,4,3,245,7
2011,11.04954142704361,22.584122464641165,163,16.816831945842388,4,3,245,7
2012,11.03898867986526,22.591641023828565,163,16.815314851846914,4,3,245,7
2013,11.027914259822149,22.598891505437244,163,16.813402882629696,4,3,245,7
2014,11.016266853969464,22.605856427115192,163,16.811061640542327,4,3,245,7
2015,11.004000180293264,22.61252212998295,163,16.808261155138105,4,3,245,7
2016,10.991074925509361,22.618879157734185,164,16.804977041621772,4,3,245,7
2017,10.977461082622758,22.624922932986095,164,16.801192007804428,4,3,245,7
2018,10.96313942085792,22.630653950722397,164,16.79689668579016,4,3,245,7
2019,10.948101990878085,22.636076513525953,164,16.792089252202018,4,3,245,7
2020,10.93235244588835,22.6411962036766,164,16.786774324782474,4,3,245,7
2021,10.915907154117944,22.646017457586687,164,16.780962305852317,4,3,245,7
2022,10.898797980451295,22.650542120343275,165,16.774670050397283,4,3,245,7
2023,10.881075468943855,22.654769370453387,165,16.76792241969862,4,3,245,7
2024,10.862809597117524,22.658696722153024,165,16.760753159635275,4,3,245,7
2025,10.844087516018718,22.662321129908253,165,16.753204322963484,4,3,245,7
2026,10.825009542952449,22.665639804985982,165,16.745324673969215,4,3,245,7
2027,10.805684478474255,22.66865093920723,165,16.737167708840744,4,3,245,7
2028,10.786225221482022,22.671354043311464,165,16.728789632396744,4,3,245,7
2029,10.766745168429562,22.673749119667427,165,16.720247144048493,4,3,245,7
2030,10.747355394928121,22.675835059495196,165,16.71159522721166,4,3,245,7
2031,10.728162715525825,22.677608825203432,165,16.702885770364627,4,3,245,7
2032,10.709268815022096,22.679066003086007,165,16.694167409054053,4,3,245,7
2033,10.69077035212012,22.680202336270316,165,16.68548634419522,4,3,245,7
2034,10.67275964368089,22.6810154576767,165,16.676887550678796,4,3,245,7
2035,10.655325440377592,22.681505652597224,165,16.66841554648741,4,3,245,7
2036,10.638553207077614,22.68167565092668,165,16.66011442900215,4,3,245,7
2037,10.622524613953797,22.68153061949138,165,16.652027616722588,4,3,245,7
2038,10.607316236998846,22.681078647044124,165,16.644197442021486,4,3,245,7
2039,10.592997661752936,22.68033113661515,165,16.636664399184042,4,3,245,7
2040,10.579629379209301,22.6793027149408,165,16.62946604707505,4,3,245,7
2041,10.567260765439483,22.678010463721122,165,16.622635614580304,4,3,245,7
2042,10.555928339087123,22.67647247248225,165,16.616200405784685,4,3,245,7
2043,10.545654295973353,22.67470590785617,165,16.61018010191476,4,3,245,7
2044,10.536445125178137,22.672724696548325,165,16.60458491086323,4,3,245,7
2045,10.528290403799593,22.670536821750666,165,16.59941361277513,4,3,245,7
2046,10.521162355527341,22.668141622954547,165,16.594651989240944,4,3,245,7
2047,10.515017441182838,22.665527879353895,165,16.59027266026837,4,3,245,7
2048,10.509801152092356,22.662673262086145,165,16.58623720708925,4,3,245,7
2049,10.505454348797068,22.659545545641034,165,16.582499947219052,4,3,245,7
2050,10.501917829633847,22.656105286166973,165,16.579011557900408,4,3,245,7
2051,10.499134544852655,22.65230899178777,165,16.575721768320214,4,3,245,7
2052,10.497050822700794,22.648112200294538,165,16.572581511497667,4,3,245,7
2053,10.495617388652356,22.643472269784716,165,16.569544829218536,4,3,245,7
2054,10.494790568759504,22.63835088291846,165,16.566570725838982,4,3,245,7
2055,10.49453377542188,22.63271646051734,165,16.56362511796961,4,3,245,7
2056,10.494819081170656,22.626546387550626,165,16.56068273436064,4,3,245,7
2057,10.4956277105795,22.61982866183758,165,16.55772818620854,4,3,245,7
2058,10.496947304915093,22.612562478119404,165,16.55475489151725,4,3,245,7
2059,10.49876664260242,22.604757162457577,165,16.55176190253,4,3,245,7
2060,10.501071327080036,22.59642955451524,165,16.548750440797637,4,3,245,7
2061,10.503841417626088,22.587600617894164,165,16.545721017760126,4,3,245,7
2062,10.507049442801195,22.578291863515087,165,16.54267065315814,4,3,245,7
2063,10.510658601760426,22.56852197589283,165,16.539590288826627,4,3,245,7
2064,10.514622324325462,22.558303934607938,165,16.5364631294667,4,3,245,7
2065,10.518885385469982,22.547642825777395,165,16.533264105623687,4,3,245,7
2066,10.523385794638767,22.53653453841419,165,16.52996016652648,4,3,245,7
2067,10.528057168135517,22.524965540685663,165,16.52651135441059,4,3,245,7
2068,10.532831780601798,22.512913443525314,165,16.522872612063555,4,3,245,7
2069,10.537644101523933,22.50034757150358,165,16.518995836513756,4,3,245,7
2070,10.542434232573013,22.487229443764818,165,16.514831838168917,4,3,245,7
2071,10.547150759088366,22.473513750731517,165,16.51033225490994,4,3,245,7
2072,10.55175262647001,22.45914982716671,165,16.50545122681836,4,3,245,7
2073,10.55620984719345,22.444083037060544,165,16.500146442126997,4,3,245,7
2074,10.560503039080134,22.42825597358503,165,16.49437950633258,4,3,245,7
2075,10.56462169775655,22.41160986511839,165,16.48811578143747,4,3,245,7
2076,10.568561008542595,22.394085993150423,165,16.481323500846507,4,3,245,7
2077,10.572317588107751,22.375626342669985,165,16.47397196538887,4,3,245,7
2078,10.575885131378266,22.356173485943966,165,16.466029308661117,4,3,245,7
2079,10.579250939155967,22.33567048089545,165,16.457460710025707,4,3,245,7
2080,10.58239430194715,22.31406107759099,165,16.44822768976907,4,3,245,7
2081,10.585286837748168,22.291290038648757,165,16.438288438198462,4,3,245,7
2082,10.587894003806895,22.26730367198055,165,16.427598837893722,4,3,245,7
2083,10.590176807419235,22.242050966876135,165,16.416113887147684,4,3,245,7
2084,10.592092545843643,22.215484944108447,165,16.403788744976044,4,3,245,7
2085,10.593594478399703,22.187563050393038,165,16.39057876439637,4,3,245,7
2086,10.594631406788935,22.158246500394256,165,16.376438953591595,4,3,245,7
2087,10.595147554518451,22.127499542324053,165,16.361323548421254,4,3,245,7
2088,10.595082941302723,22.095289232970384,165,16.345186087136554,4,3,245,7
2089,10.594375131146249,22.061585917790303,165,16.327980524468277,4,3,245,7
2090,10.592962355029561,22.02636431904038,165,16.30966333703497,4,3,245,7
2091,10.590785960867793,21.989604842248106,164,16.29019540155795,4,3,245,7
2092,10.587790436017933,21.951294613720247,164,16.269542524869088,4,3,245,7
2093,10.583921881084285,21.911427664159827,164,16.247674772622055,4,3,245,7
2094,10.57912698417928,21.87000435613071,164,16.224565670154995,4,3,245,7
2095,10.57335376447196,21.827030835772536,164,16.200192300122247,4,3,245,7
2096,10.566554573539571,21.78251919152451,164,16.174536882532042,4,3,245,7
2097,10.558689697178112,21.736488904975747,164,16.14758930107693,4,3,245,7
2098,10.549728339654525,21.688969105953905,164,16.119348722804215,4,3,245,7
2099,10.539646503325235,21.640000070938918,164,16.089823287132077,4,3,245,7
2100,10.528423617329201,21.589633379115153,164,16.059028498222176,4,3,275,8
2101,10.516039866503121,21.537931115582847,164,16.026985491042986,4,3,275,8
2102,10.502476366680037,21.484964803690094,164,15.993720585185066,4,3,275,8
2103,10.487717796529484,21.430815040894014,165,15.95926641871175,4,3,275,8
2104,10.471754560094466,21.375571641962416,165,15.923663101028442,4,3,275,8
2105,10.45458321226343,21.319332922737185,165,15.886958067500307,4,3,275,8
2106,10.43620553747433,21.262203830450265,165,15.849204683962297,4,3,275,8
2107,10.416627354620497,21.204293699366467,165,15.81046052699348,4,3,275,8
2108,10.395858803806615,21.145714117821118,165,15.770786460813866,4,3,275,8
2109,10.373916114861787,21.0865771000457,165,15.730246607453743,4,3,275,8
2110,10.35082310177078,21.026993658591984,166,15.688908380181381,4,3,275,8
2111,10.326611699999491,20.967072775610266,166,15.64684223780488,4,3,275,8
2112,10.301321936487616,20.906920478644253,166,15.604121207565935,4,3,275,8
2113,10.27500162442057,20.8466384340305,166,15.560820029225535,4,3,275,8
2114,10.247705977230012,20.7863223488717,166,15.517014163050856,4,3,275,8
2115,10.219497336154195,20.72606135045427,166,15.472779343304232,4,3,275,8
2116,10.190445205575827,20.66593843915724,166,15.428191822366534,4,3,275,8
2117,10.16062649762846,20.60603103808514,166,15.3833287678568,4,3,275,8
2118,10.130125594835983,20.546411052902855,166,15.338268323869418,4,3,275,8
2119,10.099033936971482,20.4871442455923,167,15.293089091281892,4,3,275,8
2120,10.067448935744588,20.42828892101346,167,15.247868928379024,4,3,275,8
2121,10.035472118361128,20.369894120325508,167,15.202683119343318,4,3,275,8
2122,10.003206498451219,20.311997905594396,167,15.157602202022808,4,3,275,8
2123,9.970753562951627,20.25462671020799,167,15.112690136579808,4,3,275,8
2124,9.938210653655885,20.197795754509755,167,15.068003204082821,4,3,275,8
2125,9.905668936943199,20.141509550862324,167,15.023589243902762,4,3,275,8
2126,9.873211570034094,20.085762205288297,167,14.979486887661196,4,3,275,8
2127,9.8409117697532,20.03053790576623,167,14.935724837759714,4,3,275,8
2128,9.808830587443014,19.975811792345255,167,14.892321189894133,4,3,275,8
2129,9.777014974126635,19.921551209318345,168,14.84928309172249,4,3,275,8
2130,9.745497500501672,19.867717534905864,168,14.806607517703767,4,3,275,8
2131,9.714297926109198,19.814268979091715,168,14.764283452600456,4,3,275,8
2132,9.683425641786119,19.761164057581812,168,14.722294849683966,4,3,275,8
2133,9.652882302312678,19.7083647671408,168,14.680623534726738,4,3,275,8
2134,9.622664258937307,19.65583887770539,168,14.639251568321349,4,3,275,8
2135,9.592764401584267,19.603561146770495,168,14.598162774177382,4,3,275,8
2136,9.563173020637874,19.55151355407753,168,14.557343287357703,4,3,275,8
2137,9.533878371169338,19.499684947147554,168,14.516781659158447,4,3,275,8
2138,9.504868695425754,19.448070780706985,168,14.47646973806637,4,3,275,8
2139,9.476135313599977,19.39667392555861,168,14.436404619579292,4,3,275,8
2140,9.447674247070683,19.345506254349498,168,14.39659025071009,4,3,275,8
2141,9.419485984085668,19.294589443576015,169,14.357037713830842,4,3,275,8
2142,9.391575143622905,19.243954601485513,169,14.317764872554209,4,3,275,8
2143,9.363950720185203,19.193641501844464,169,14.278796111014834,4,3,275,8
2144,9.336626421768942,19.143697618166925,169,14.240162019967933,4,3,275,8
2145,9.309620710716016,19.09417656763213,170,14.201898639174072,4,3,275,8
2146,9.282956352159378,19.04513606150008,170,14.16404620682973,4,3,275,8
2147,9.256659079626008,18.996635946437905,170,14.126647513031957,4,3,275,8
2148,9.230755377452445,18.94873643341107,170,14.089745905431759,4,3,275,8
2149,9.205270550077788,18.90149612306496,170,14.053383336571374,4,3,275,8
2150,9.180228053188888,18.85496982666886,170,14.017598939928874,4,3,275,8
2151,9.155649501102962,18.809206571871755,170,13.98242803648736,4,3,275,8
2152,9.13155427710999,18.76424818258082,170,13.947901229845403,4,3,275,8
2153,9.107958746441538,18.720128822362902,170,13.914043784402221,4,3,275,8
2154,9.084875851870997,18.676875500721767,170,13.880875676296382,4,3,275,8
2155,9.062315189231597,18.634509151563297,171,13.848412170397447,4,3,275,8
2156,9.040282977425486,18.59304599080573,171,13.81666448411561,4,3,275,8
2157,9.018781825235731,18.552498957722335,171,13.785640391479033,4,3,275,8
2158,8.997810684993,18.512879044676826,171,13.755344864834914,4,3,275,8
2159,8.977365285667677,18.474196319963937,171,13.725780802815807,4,3,275,8
2160,8.957439240475725,18.43646044850026,171,13.696949844487992,4,3,275,8
2161,8.938025633982857,18.39968051512881,170,13.668853074555834,4,3,275,8
2162,8.919118503571982,18.36386434546511,171,13.641491424518545,4,3,275,8
2163,8.900713922758248,18.329017909377995,171,13.614865916068123,4,3,275,8
2164,8.882810686434407,18.295145002061158,171,13.588977844247783,4,3,275,8
2165,8.865410695639167,18.262247007521978,172,13.563828851580572,4,3,275,8
2166,8.848519236939675,18.230322549353048,172,13.53942089314636,4,3,275,8
2167,8.832144961321891,18.199366833695944,172,13.515755897508917,4,3,275,8
2168,8.816298977282342,18.16937087950101,172,13.492834928391677,4,3,275,8
2169,8.80099315553102,18.140321221389975,172,13.470657188460496,4,3,275,8
2170,8.78623842544476,18.11220028033923,172,13.449219352891994,4,3,275,8
2171,8.772043453247948,18.084987207315685,172,13.428515330281815,4,3,275,8
2172,8.758413701758453,18.05865890751994,172,13.408536304639197,4,3,275,8
2173,8.745350676496454,18.03319085540349,172,13.389270765949972,4,3,275,8
2174,8.732850967929867,18.008557505738672,172,13.37070423683427,4,3,275,8
2175,8.720905284914735,17.98473230112092,172,13.352818793017828,4,3,275,8
2176,8.709498259687098,17.961687471377235,172,13.335592865532167,4,3,275,8
2177,8.698609609777012,17.939394015447565,172,13.319001812612289,4,3,275,8
2178,8.688217047227987,17.91782186617262,172,13.303019456700303,4,3,275,8
2179,8.678299960042743,17.89693984828877,172,13.287619904165757,4,3,275,8
2180,8.668841525275928,17.876715527637216,172,13.272778526456573,4,3,275,8
2181,8.659828766392534,17.857115537301148,172,13.258472151846842,4,3,275,8
2182,8.651251920679558,17.83810628363689,172,13.244679102158223,4,3,275,8
2183,8.643103799679245,17.819654252412814,172,13.23137902604603,4,3,275,8
2184,8.635379142797536,17.801725818040303,172,13.21855248041892,4,3,275,8
2185,8.628074061741678,17.78428714164728,173,13.206180601694479,4,3,275,8
2186,8.62118577095065,17.76730445113279,173,13.19424511104172,4,3,275,8
2187,8.614712311470004,17.750744703728607,173,13.182728507599306,4,3,275,8
2188,8.608651488017319,17.73457633897671,172,13.171613913497014,4,3,275,8
2189,8.602999409426822,17.718769537406438,172,13.16088447341663,4,3,275,8
2190,8.597750193117818,17.703295985401788,172,13.150523089259803,4,3,275,8
2191,8.592896833649014,17.688128731952123,171,13.140512782800569,4,3,275,8
2192,8.588431674842955,17.67324213773105,171,13.130836906287003,4,3,275,8
2193,8.584346095436452,17.65861133170228,171,13.121478713569365,4,3,275,8
2194,8.580630188680312,17.644211078117188,172,13.112420633398749,4,3,275,8
2195,8.577272728638398,17.630014444444395,173,13.103643586541397,4,3,275,8
2196,8.574261228265538,17.615991660784317,174,13.095126444524928,4,3,275,8
2197,8.5715818943637,17.602109561352314,174,13.086845727858007,4,3,275,8
2198,8.569219284536334,17.588331803576608,174,13.078775544056471,4,3,275,8
2199,8.567155763896467,17.57461986532677,173,13.07088781461162,4,3,275,8
2200,8.565371151924445,17.56093452821922,173,13.063152840071833,4,3,275,8
2201,8.563842852366305,17.547237262363318,173,13.055540057364812,4,3,275,8
2202,8.56254666156202,17.533491415609742,173,13.048019038585881,4,3,275,8
2203,8.561457865399303,17.519663598040122,173,13.040560731719712,4,3,275,8
2204,8.560551649885422,17.505725262261006,173,13.033138456073214,4,3,275,8
2205,8.559803020793947,17.491654089867637,173,13.025728555330792,4,3,275,8
2206,8.559187598299767,17.4774349894388,173,13.018311293869285,4,3,275,8
2207,8.558683286987161,17.4630607063995,173,13.01087199669333,4,3,275,8
2208,8.558271456074761,17.448531947442703,173,13.003401701758733,4,3,275,8
2209,8.557937044968863,17.433856824547103,173,12.995896934757983,4,3,275,8
2210,8.557667789510337,17.419049813661317,173,12.988358801585827,4,3,275,8
2211,8.55745266669298,17.40413081316587,173,12.980791739929426,4,3,275,8
2212,8.557279558054947,17.389124496967817,174,12.973202027511382,4,3,275,8
2213,8.55713300976975,17.374059766839743,174,12.965596388304746,4,3,275,8
2214,8.556993845317693,17.35896910854517,174,12.957981476931433,4,3,275,8
2215,8.556840435907574,17.34388765623276,174,12.950364046070167,4,3,275,8
2216,8.55664948311485,17.328851964603324,174,12.942750723859087,4,3,275,8
2217,8.556395728843611,17.313898683390022,174,12.935147206116817,4,3,275,8
2218,8.556051568353002,17.299063328665035,174,12.927557448509019,4,3,275,8
2219,8.555587054432706,17.2843793454783,174,12.919983199955503,4,3,275,8
2220,8.554970293158243,17.26987736374177,174,12.912423828450006,4,3,275,8
2221,8.554168231689438,17.255584256696178,175,12.904876244192808,4,3,275,8
2222,8.553147838601772,17.241521903955636,175,12.897334871278705,4,3,275,8
2223,8.551877287108422,17.22770585379945,175,12.889791570453935,4,3,275,8
2224,8.5503263613835,17.21414427452703,175,12.882235317955264,4,3,275,8
2225,8.548465988942322,17.20083777985633,175,12.874651884399325,4,3,275,8
2226,8.546267484774344,17.187780030701962,175,12.867023757738153,4,3,275,8
2227,8.543701897837154,17.174958333028627,175,12.85933011543289,4,3,275,8
2228,8.540739655441502,17.1623541343401,175,12.8515468948908,4,3,275,8
2229,8.53735050598285,17.149944004220323,175,12.843647255101587,4,3,275,8
2230,8.533503565406082,17.137701196744295,175,12.835602381075189,4,3,275,8
2231,8.529167467875112,17.12559740496152,175,12.827382436418317,4,3,275,8
2232,8.52431081620353,17.1136044152409,175,12.818957615722216,4,3,275,8
2233,8.518903030068998,17.101695466826797,175,12.810299248447897,4,3,275,8
2234,8.512915592492895,17.08984612196445,175,12.801380857228672,4,3,275,8
2235,8.506323402440671,17.078034451941306,176,12.792178927190989,4,3,275,8
2236,8.499105648755062,17.06624063696191,176,12.782673142858487,4,3,275,8
2237,8.49124630334481,17.054446370341218,176,12.772846336843013,4,3,275,8
2238,8.482735014247355,17.042634262401826,176,12.76268463832459,4,3,275,8
2239,8.473568496346406,17.030787244369304,176,12.752177870357855,4,3,275,8
2240,8.463751834672744,17.01888787500571,176,12.741319854839226,4,3,275,8
2241,8.45329892003086,17.006917355177873,176,12.730108137604367,4,3,275,8
2242,8.442231041493837,16.9948542506421,176,12.718542646067968,4,3,275,8
2243,8.43057392817181,16.982673118427726,176,12.706623523299768,4,3,275,8
2244,8.418354800541968,16.9703433297759,176,12.694349065158935,4,3,275,8
2245,8.40560021126011,16.95782848018301,176,12.68171434572156,4,3,275,8
2246,8.392334675045817,16.94508648456724,176,12.668710579806529,4,3,275,8
2247,8.37857989216404,16.93207016305394,176,12.65532502760899,4,3,275,8
2248,8.364354174979695,16.918728122956765,176,12.64154114896823,4,3,275,8
2249,8.349671882175691,16.90500574260486,176,12.627338812390276,4,3,275,8
2250,8.334542860349364,16.890845965201223,176,12.612694412775294,4,3,275,8
2251,8.318971990304268,16.87618951341892,176,12.597580751861596,4,3,275,8
2252,8.302959032964456,16.860974720697453,176,12.581966876830954,4,3,275,8
2253,8.286498677299953,16.845137760452,176,12.565818218875977,4,3,275,8
2254,8.269580400117082,16.82861337169209,176,12.549096885904586,4,3,275,8
2255,8.252188040259934,16.81133549682511,176,12.531761768542522,4,3,275,8
2256,8.234299282464931,16.79323763758665,176,12.51376846002579,4,3,275,8
2257,8.215885246199138,16.77425312519732,177,12.495069185698227,4,3,275,8
2258,8.196910374908171,16.754315305781756,177,12.475612840344963,4,3,275,8
2259,8.177332723662502,16.733357447017188,177,12.455345085339845,4,3,275,8
2260,8.157104645754773,16.711312464588254,177,12.434208555171512,4,3,275,8
2261,8.136173878897846,16.68811285963489,177,12.412143369266369,4,3,275,8
2262,8.11448503175962,16.663691258387626,176,12.389088145073623,4,3,275,8
2263,8.091981179026522,16.63798194519014,177,12.364981562108332,4,3,275,8
2264,8.068604980622599,16.610922999801602,177,12.3397639902121,4,3,275,8
2265,8.044299228426214,16.582457869543084,177,12.313378548984648,4,3,275,8
2266,8.019007211524617,16.552536182168673,177,12.285771696846645,4,3,275,8
2267,7.992673193507971,16.521114580635082,177,12.256893887071527,4,3,275,8
2268,7.965243197757597,16.488157678085173,177,12.226700437921386,4,3,275,8
2269,7.936666101593059,16.453638548488556,177,12.195152325040807,4,3,275,8
2270,7.906894845040312,16.417538948563035,177,12.162216896801674,4,3,275,8
2271,7.875888047621343,16.379850246772037,177,12.12786914719669,4,3,275,8
2272,7.84361281418289,16.340575059675473,177,12.092093936929182,4,3,275,8
2273,7.810048242700706,16.299728620379305,177,12.054888431540006,4,3,275,8
2274,7.7751880251808245,16.257339586419295,177,12.01626380580006,4,3,275,8
2275,7.739042190733044,16.213450676985584,177,11.976246433859314,4,3,275,8
2276,7.701639112580431,16.16811943164703,177,11.93487927211373,4,3,275,8
2277,7.663027632525727,16.121419284974344,177,11.892223458750035,4,3,275,8
2278,7.623278765958578,16.073440761084047,178,11.848359763521312,4,3,275,8
2279,7.582487035397348,16.024292201733054,178,11.803389618565202,4,3,275,8
2280,7.540771480218014,15.97409973393254,178,11.757435607075276,4,3,275,8
2281,7.498275902169984,15.923006475379331,178,11.710641188774657,4,3,275,8
2282,7.45516756451969,15.871171268353889,178,11.663169416436789,4,3,275,8
2283,7.411634830274451,15.81876752509467,178,11.615201177684561,4,3,275,8
2284,7.367885492567132,15.765982377254359,178,11.566933934910745,4,3,275,8
2285,7.324146379498261,15.71301593165556,178,11.51858115557691,4,3,275,8
2286,7.280663644969876,15.660080434356018,178,11.470372039662948,4,3,275,8
2287,7.237702961669482,15.607399144839189,178,11.422551053254335,4,3,275,8
2288,7.195548636988187,15.55520511210193,178,11.375376874545058,4,3,275,8
2289,7.154501550198029,15.503740434383268,178,11.329120992290648,4,3,275,8
2290,7.114876686769045,15.45325619397653,178,11.284066440372788,4,3,275,8
2291,7.077001142985546,15.404012868275563,178,11.240507005630555,4,3,275,8
2292,7.04121357133169,15.356281018059954,178,11.198747294695822,4,3,275,8
2293,7.00786496400788,15.310342053873589,178,11.159103508940735,4,3,275,8
2294,6.9773195988404515,15.266488978730486,178,11.121904288785469,4,3,275,8
2295,6.949955556876492,15.225027102750477,178,11.087491329813485,4,3,275,8
2296,6.926164805974844,15.186274822684197,178,11.05621981432952,4,3,275,8
2297,6.906353039566712,15.150564656631976,178,11.028458848099344,4,3,275,8
2298,6.890939654618913,15.118244333904366,178,11.00459199426164,4,3,275,8
2299,6.880358155080313,15.089677349600489,178,10.9850177523404,4,3,275,8
2300,6.875057169337592,15.065243076010919,178,10.970150122674255,4,3,275,8
2301,6.875502269982046,15.045337205472869,177,10.960419737727458,4,3,275,8
2302,6.882178783947251,15.030372713827218,179,10.956275748887235,4,3,275,8
2303,6.895595000506772,15.020780948140334,179,10.958187974323554,4,3,275,8
2304,6.916284404011091,15.017012637163823,179,10.966648520587457,4,3,275,8
2305,6.944806435726627,15.019538817800164,179,10.982172626763395,4,3,275,8
2306,6.9817461665922576,15.0288513779237,179,11.00529877225798,4,3,275,8
2307,7.0277133598518,15.045462622975723,179,11.03658799141376,4,3,275,8
2308,7.083341499665143,15.069904443881086,179,11.076622971773114,4,3,275,8
2309,7.149286873727329,15.102728833964655,178,11.12600785384599,4,3,275,8
2310,7.226227309865963,15.144509649025242,179,11.185368479445602,4,3,275,8
2311,7.314860166235975,15.195843651196684,179,11.25535190871633,4,3,275,8
2312,7.415899174402317,15.25735024241011,179,11.336624708406214,4,3,275,8
2313,7.530070319526697,15.329670658443995,179,11.429870488985346,4,3,275,8
2314,7.658107526847755,15.413466711437751,179,11.535787119142753,4,3,275,8
2315,7.800749020993949,15.509418485645591,179,11.65508375331977,4,3,275,8
2316,7.958735322078741,15.618221268733363,180,11.788478295406051,4,3,275,8
2317,8.132808574461869,15.740582878480991,179,11.93669572647143,4,3,275,8
2318,8.32371163602833,15.877221764211388,180,12.10046670011986,4,3,275,8
2319,8.532186233648476,16.0288654817638,180,12.280525857706138,4,3,275,8
2320,8.758970563388488,16.19624894558725,179,12.477609754487869,4,3,275,8
2321,9.004796909137786,16.380111666315926,180,12.692454287726857,4,3,275,8
2322,9.270389268152643,16.581193572227335,180,12.925791420189988,4,3,275,8
2323,9.556460094272174,16.800229403069565,179,13.17834474867087,4,3,275,8
2324,9.8637055623102,17.037942347515845,180,13.450823954913023,4,3,275,8
2325,10.192799927764659,17.295038278358938,179,13.743919103061799,4,3,275,8
2326,10.54438994639608,17.572200866817333,180,14.058295406606707,4,3,275,8
2327,10.919089538270681,17.870086784672274,180,14.394588161471479,4,3,275,8
2328,11.317474100992788,18.18932010576662,180,14.753397103379704,4,3,275,8
2329,11.740073584753922,18.530484921290093,180,15.135279253022007,4,3,275,8
2330,12.187363930123688,18.89411635424556,180,15.540740142184625,4,3,275,8
2331,12.659757543141144,19.280691329574747,180,15.970224436357945,4,3,275,8
2332,13.157593385578101,19.69061996949958,180,16.42410667753884,4,3,275,8
2333,13.681127259239338,20.124237996850404,180,16.90268262804487,4,3,275,8
2334,14.23052364460793,20.581799847426943,180,17.406161746017435,4,3,275,8
2335,14.805848699758103,21.06347151083355,180,17.934660105295826,4,3,275,8
2336,15.407062076127694,21.569322705726034,180,18.488192390926862,4,3,275,8
2337,16.034007257569087,22.099318582017826,180,19.06666291979346,4,3,275,8
2338,16.68640217905428,22.65331133917108,180,19.66985675911268,4,3,275,8
2339,17.363830517699103,23.231032346402344,180,20.297431432050722,4,3,275,8
2340,18.06573268520445,23.83208486470766,180,20.948908774956053,4,3,NA,NA
2341,18.791397015969327,24.4559369848091,179,21.62366700038921,4,3,NA,NA
2342,19.53995311042424,25.10191527495588,180,22.32093419269006,4,3,NA,NA
2343,20.31036646690684,25.76920051245043,180,23.039783489678634,4,3,NA,NA
2344,21.10143187973328,26.456826289740867,179,23.77912908473707,4,3,NA,NA
2345,21.911769033465564,27.163680702952682,180,24.537724868209125,4,3,NA,NA
2346,22.739824994008973,27.888510942854705,180,25.31416796843184,4,3,NA,NA
2347,23.58388059440614,28.629930220351746,179,26.106905407378942,4,3,NA,NA
2348,24.442057033095594,29.386427143537876,179,26.914242088316733,4,3,NA,NA
2349,25.31232417447105,30.156378348177032,178,27.734351261324043,4,3,NA,NA
2350,26.192512531742167,30.938064697710214,178,28.565288614726192,4,3,NA,NA
2351,27.08032886615059,31.72969088292169,178,29.40500987453614,4,3,NA,NA
2352,27.97337446090918,32.52940747256533,179,30.251390966737254,4,3,NA,NA
2353,28.86916074095786,33.33533368712217,178,31.102247214040016,4,3,NA,NA
2354,29.76511769158742,34.14557975392916,177,31.95534872275829,4,3,NA,NA
2355,30.65861081820157,34.958268287641175,177,32.80843955292137,4,3,NA,NA
2356,31.546982000548446,35.771554335202346,176,33.659268167875396,4,3,NA,NA
2357,32.427597603348204,36.58364391938603,175,34.50562076136711,4,3,NA,NA
2358,33.297886230185966,37.392810621862616,176,35.34534842602429,4,3,NA,NA
2359,34.15536957527765,38.197409453368586,175,36.17638951432312,4,3,NA,NA
2360,34.99769021693444,38.9958875501283,175,36.996788883531366,4,3,NA,NA
2361,35.82263570841974,39.786791527045125,174,37.80471361773243,4,3,NA,NA
2362,36.62815900280818,40.568771609370486,174,38.59846530608934,4,3,NA,NA
2363,37.412394856071174,41.340582955635966,173,39.37648890585357,4,3,NA,NA
2364,38.173671459913386,42.10108468058897,171,40.137378070251174,4,3,NA,NA
2365,38.910517138299305,42.849237182803876,171,40.87987716055159,4,3,NA,NA
2366,39.62166252384352,43.58409838002384,170,41.60288045193368,4,3,NA,NA
2367,40.306039212391326,44.30481945370875,169,42.30542933305004,4,3,NA,NA
2368,40.962776476227575,45.01064041013227,168,42.98670844317992,4,3,NA,NA
2369,41.59119693044979,45.7008854713016,166,43.6460412008757,4,3,NA,NA
2370,42.19081136118487,46.37495850267193,165,44.2828849319284,4,3,NA,NA
2371,42.761311945955754,47.03233887839524,164,44.896825412175495,4,3,NA,NA
2372,43.30256211821891,47.672578183589884,163,45.487570150904396,4,3,NA,NA
2373,43.81458356864567,48.29529815192473,162,46.0549408602852,4,3,NA,NA
2374,44.297543116427406,48.90018955291694,160,46.598866334672174,4,3,NA,NA
2375,44.75174081589204,49.48701105948243,159,47.11937593768724,4,3,NA,NA
2376,45.17759929592144,50.05558771042297,158,47.616593503172204,4,3,NA,NA
2377,45.575653742344066,50.605809166699736,158,48.0907314545219,4,3,NA,NA
2378,45.946541346333674,51.13762795931632,157,48.542084652825,4,3,NA,NA
2379,46.2909900154689,51.651057925633424,156,48.97102397055116,4,3,NA,NA
2380,46.60980711789909,52.146172737332314,156,49.3779899276157,4,3,NA,NA
2381,46.903869613868316,52.62310412966455,156,49.76348687176643,4,3,NA,NA
2382,47.174117512820494,53.08203934315818,156,50.12807842798934,4,3,NA,NA
2383,47.421549959692946,53.523217190514735,155,50.47238357510384,4,3,NA,NA
2384,47.64722061949702,53.94692303842421,153,50.79707182896061,4,3,NA,NA
2385,47.85223097910183,54.35348387107723,152,51.10285742508953,4,3,NA,NA
2386,48.037722135037285,54.743264016181776,150,51.39049307560953,4,3,NA,NA
2387,48.20486563541681,55.11666152839258,150,51.66076358190469,4,3,NA,NA
2388,48.35485394348781,55.474104931880774,149,51.91447943768429,4,3,NA,NA
2389,48.488890602140785,55.816049730649965,147,52.152470166395375,4,3,NA,NA
2390,48.60817969067865,56.14297477748152,146,52.37557723408008,4,3,NA,NA
2391,48.71391465267817,56.45537927472277,143,52.58464696370047,4,3,NA,NA
2392,48.807267061469716,56.753780497000676,143,52.780523779235196,4,3,NA,NA
2393,48.88937588992767,57.03871164285843,142,52.96404376639305,4,3,NA,NA
2394,48.9613378516016,57.31071941710857,142,53.136028634355085,4,3,NA,NA
2395,49.02419918563563,57.570361140528696,142,53.297280163082164,4,3,NA,NA
2396,49.07894906348908,57.818201378394306,141,53.44857522094169,4,3,NA,NA
2397,49.12651469871419,58.054808274256494,140,53.590661486485345,4,3,NA,NA
2398,49.16775814439233,58.280749872797436,139,53.72425400859488,4,3,NA,NA
2399,49.20347476378715,58.4965908130766,136,53.850032788431875,4,3,NA,NA
2400,49.23439336078099,58.7028894808607,135,53.968641420820845,4,3,NA,NA
2401,49.26117786014895,58.900195416161274,135,54.080686638155115,4,3,NA,NA
2402,49.28443033121222,59.08904686974659,132,54.1867386004794,4,3,NA,NA
2403,49.304694369109356,59.26996850007818,129,54.28733143459377,4,3,NA,NA
2404,49.32245765380357,59.443469592444465,129,54.38296362312401,4,3,NA,NA
2405,49.33815504383906,59.610043572418924,127,54.47409930812899,4,3,NA,NA
2406,49.35217375781421,59.77016870816283,127,54.561171232988514,4,3,NA,NA
2407,49.364858686006244,59.92430901849387,127,54.64458385225006,4,3,NA,NA
2408,49.37651587531723,60.07291498909896,127,54.7247154322081,4,3,NA,NA
2409,49.387414767354116,60.2164242847158,127,54.80191952603496,4,3,NA,NA
2410,49.39778996515044,60.355262547779525,126,54.876526256464984,4,3,NA,NA
2411,49.40784252431109,60.48984427669053,126,54.94884340050081,4,3,NA,NA
2412,49.41774056982989,60.62057358198247,125,55.01915707590618,4,3,NA,NA
2413,49.427619332973066,60.747844423780016,122,55.087731878376545,4,3,NA,NA
2414,49.43758099575552,60.87204022670237,121,55.15481061122894,4,3,NA,NA
2415,49.44769473105117,60.99353306113132,118,55.22061389609125,4,3,NA,NA
2416,49.45799732689315,61.11268257994213,116,55.28533995341764,4,3,NA,NA
2417,49.468494588954805,61.229834899985256,114,55.34916474447003,4,3,NA,NA
2418,49.47916352062641,61.34532152025093,112,55.41224252043867,4,3,NA,NA
2419,49.489955085501016,61.45945827130853,112,55.47470667840477,4,3,NA,NA
2420,49.50079716244853,61.57254419331612,110,55.53667067788233,4,3,NA,NA
2421,49.51159730387334,61.68486014261592,109,55.59822872324463,4,3,NA,NA
2422,49.52224490812374,61.79666721980286,109,55.659456063963304,4,3,NA,NA
2423,49.532612807482565,61.908205405046395,108,55.72040910626448,4,3,NA,NA
2424,49.54255866359602,62.01969239659744,106,55.78112553009673,4,3,NA,NA
2425,49.551926269846355,62.131322258586586,105,55.84162426421647,4,3,NA,NA
2426,49.56054656780063,62.24326387472278,101,55.9019052212617,4,3,NA,NA
2427,49.568238282629494,62.35565959502679,99,55.961948938828144,4,3,NA,NA
2428,49.5748081801368,62.46862417051394,97,56.021716175325366,4,3,NA,NA
2429,49.580051045766574,62.5822437785412,97,56.08114741215388,4,3,NA,NA
2430,49.58374958367467,62.6965751370393,96,56.14016236035698,4,3,NA,NA
2431,49.58567433660435,62.81164490137082,95,56.198659618987584,4,3,NA,NA
2432,49.58558362995751,62.92744963554509,94,56.2565166327513,4,3,NA,NA
2433,49.58322403132926,63.04395674751722,94,56.31359038942324,4,3,NA,NA
2434,49.57833230464694,63.16110619354242,94,56.369719249094686,4,3,NA,NA
2435,49.57063925300397,63.27881217178693,94,56.42472571239545,4,3,NA,NA
2436,49.55987525919495,63.39696412335758,95,56.478419691276265,4,3,NA,NA
2437,49.54577772318162,63.515426456851515,96,56.53060209001657,4,3,NA,NA
2438,49.52810098585392,63.634037875987055,98,56.581069430920486,4,3,NA,NA
2439,49.50662806034521,63.752612653333436,99,56.629620356839325,4,3,NA,NA
2440,49.48118222390528,63.87094434033695,100,56.67606328212111,4,3,NA,NA
2441,49.45163740072203,63.98881055099684,102,56.72022397585943,4,3,NA,NA
2442,49.41792714329705,64.10597784699868,102,56.76195249514787,4,3,NA,NA
2443,49.38005123889745,64.22220614250065,102,56.80112869069905,4,3,NA,NA
2444,49.33807779624133,64.33725253464911,102,56.837665165445216,4,3,NA,NA
2445,49.29214042225263,64.45087495371348,102,56.871507687983055,4,3,NA,NA
2446,49.242433023817085,64.56283612428913,102,56.90263457405311,4,3,NA,NA
2447,49.18920428077941,64.672908426515,102,56.9310563536472,4,3,NA,NA
2448,49.13275256749719,64.78087897819799,102,56.95681577284759,4,3,NA,NA
2449,49.073420636347635,64.88655299061085,102,56.97998681347924,4,3,NA,NA
2450,49.011587132450344,64.98975481604471,103,57.00067097424753,4,3,NA,NA
2451,48.9476552269376,65.09032747046413,103,57.018991348700865,4,3,NA,NA
2452,48.882043044749196,65.18813102416775,103,57.03508703445847,4,3,NA,NA
2453,48.81517753887097,65.2830398629169,103,57.04910870089393,4,3,NA,NA
2454,48.74749004886525,65.37493911433741,103,57.061214581601334,4,3,NA,NA
2455,48.679412756763575,65.46372082678255,103,57.071566791773066,4,3,NA,NA
2456,48.61137622868946,65.54928058523787,103,57.08032840696366,4,3,NA,NA
2457,48.543808425632655,65.63151534629529,103,57.08766188596397,4,3,NA,NA
2458,48.47713576188563,65.71032239631428,103,57.09372907909996,4,3,NA,NA
2459,48.411785911844035,65.78559845901361,103,57.098692185428824,4,3,NA,NA
2460,48.34819118805007,65.85723875903183,103,57.102714973540955,4,3,NA,NA
2461,48.286790825647195,65.92513662830527,103,57.10596372697623,4,3,NA,NA
2462,48.22803002066401,65.98918404704503,103,57.10860703385452,4,3,NA,NA
2463,48.172355130054285,66.04927331603005,103,57.11081422304217,4,3,NA,NA
2464,48.120206001948304,66.10529976434574,104,57.112752883147024,4,3,NA,NA
2465,48.072006599657804,66.15716510408461,104,57.11458585187121,4,3,NA,NA
2466,48.02815527817455,66.20478075085805,104,57.1164680145163,4,3,NA,NA
2467,47.989016559832095,66.24807013625437,104,57.11854334804323,4,3,NA,NA
2468,47.95491674386736,66.28696972099999,104,57.120943232433675,4,3,NA,NA
2469,47.92614324668798,66.32142910016898,104,57.123786173428485,4,3,NA,NA
2470,47.90294513179018,66.35141059158232,104,57.12717786168625,4,3,NA,NA
2471,47.88553355685363,66.37688869832999,104,57.13121112759181,4,3,NA,NA
2472,47.87408213412276,66.39784964107976,104,57.13596588760126,4,3,NA,NA
2473,47.86872720077657,66.41429096057419,104,57.14150908067538,4,3,NA,NA
2474,47.86956799657531,66.42622119053408,104,57.147894593554696,4,3,NA,NA
