time,smo2_dom,smo2_ndom,heart_rate,smo2_avg,participant_id,session,power,lap
0,59.37594723850575,53.24675130027814,103,56.31134926939195,5,1,70,1
1,59.376853407531385,53.240420592382854,105,56.308636999957116,5,1,70,1
2,59.37637830228034,53.22580331278331,107,56.30109080753182,5,1,70,1
3,59.37438677672032,53.20294981228703,108,56.28866829450368,5,1,70,1
4,59.3706913951495,53.171945899482914,108,56.27131864731621,5,1,70,1
5,59.365061048023705,53.13291622036615,109,56.24898863419493,5,1,70,1
6,59.35722949718634,53.0860270821008,110,56.22162828964357,5,1,70,1
7,59.34690365895458,53.03148852388115,112,56.18919609141787,5,1,70,1
8,59.3337715316088,52.96955543720121,113,56.151663484405006,5,1,70,1
9,59.31750977179733,52.90052792731374,113,56.10901884955554,5,1,70,1
10,59.297790924670174,52.824751497112906,114,56.06127121089154,5,1,70,1
11,59.274290312738735,52.742616951219944,114,56.008453631979336,5,1,70,1
12,59.24669258852192,52.6545592345942,114,55.95062591155806,5,1,70,1
13,59.21469795599424,52.56105500450809,115,55.887876480251165,5,1,70,1
14,59.17802796816929,52.462619319260426,115,55.82032364371486,5,1,70,1
15,59.13643071037275,52.359801631290665,115,55.74811617083171,5,1,70,1
16,59.08968537351006,52.25318107669466,116,55.67143322510236,5,1,70,1
17,59.037606416303355,52.1433609550645,116,55.59048368568393,5,1,70,1
18,58.98004741744714,52.03096219557103,115,55.50550480650908,5,1,70,1
19,58.91690462054048,51.916615994996526,115,55.4167603077685,5,1,70,1
20,58.848119978978005,51.80095620331459,114,55.324538091146295,5,1,70,1
21,58.77368331225184,51.68461183718051,114,55.22914757471618,5,1,70,1
22,58.693633477017706,51.568199906577824,115,55.130916691797765,5,1,70,1
23,58.60805874814653,51.45231854485682,116,55.03018864650168,5,1,70,1
24,58.51709640915231,51.33754023750316,117,54.92731832332774,5,1,70,1
25,58.420931355550024,51.22440514035493,117,54.82266824795248,5,1,70,1
26,58.31979361147641,51.11341467347261,117,54.71660414247451,5,1,70,1
27,58.21395475670738,51.00502606504779,117,54.609490410877584,5,1,70,1
28,58.1037235531214,50.89964900801263,117,54.501686280567014,5,1,70,1
29,57.98944135162701,50.797644227165414,117,54.39354278939621,5,1,70,1
30,57.871477274768026,50.69932238983428,116,54.28539983230115,5,1,70,1
31,57.75022258448719,50.604942866768255,116,54.17758272562772,5,1,70,1
32,57.62608422933544,50.5147129236316,116,54.07039857648352,5,1,70,1
33,57.49947815030825,50.42878792428244,116,53.96413303729534,5,1,70,1
34,57.37082292423652,50.34727312782925,116,53.85904802603288,5,1,70,1
35,57.24053432350527,50.27022697949442,116,53.75538065149985,5,1,70,1
36,57.10902098067814,50.197665113322664,116,53.653343047000405,5,1,70,1
37,56.976680956493986,50.12956428548968,115,53.55312262099183,5,1,70,1
38,56.84389910735315,50.06586545762751,116,53.45488228249033,5,1,70,1
39,56.71104524611673,50.00647622558068,116,53.358760735848705,5,1,70,1
40,56.578473090227085,49.951273764954934,116,53.26487342759101,5,1,70,1
41,56.446519991371645,49.90010897763953,117,53.17331448450559,5,1,70,1
42,56.315507246093006,49.85281203625154,118,53.08415964117228,5,1,70,1
43,56.18574059193491,49.80919845094867,119,52.997469521441786,5,1,70,1
44,56.057510591498705,49.769073710475205,118,52.913292150986955,5,1,70,1
45,55.93109270456434,49.73223601259736,116,52.83166435858085,5,1,70,1
46,55.8067468486655,49.69847806230793,115,52.75261245548671,5,1,70,1
47,55.684716248744365,49.66758872123297,114,52.67615248498866,5,1,70,1
48,55.565225376763536,49.639355096692604,113,52.60229023672807,5,1,70,1
49,55.4484767824236,49.6135648786229,113,52.531020830523246,5,1,70,1
50,55.334647104119284,49.590007952290115,114,52.462327528204696,5,1,70,1
51,55.22388303729823,49.56847660733618,115,52.39617982231721,5,1,70,1
52,55.116297842719355,49.54876395628217,115,52.33253089950077,5,1,70,1
53,55.011968782499636,49.53066134604128,116,52.27131506427045,5,1,70,1
54,54.91093587235588,49.51395671643597,116,52.212446294395924,5,1,70,1
55,54.81320233900385,49.498434689286135,115,52.155818514145,5,1,70,1
56,54.718736587011215,49.48387800122613,115,52.10130729411867,5,1,70,1
57,54.627474894729836,49.47006960084273,114,52.04877224778628,5,1,70,1
58,54.53932454716089,49.45679443814258,114,51.998059492651734,5,1,70,1
59,54.454167601794424,49.44384075464738,113,51.9490041782209,5,1,70,1
60,54.371865191308814,49.43100146267739,112,51.9014333269931,5,1,70,1
61,54.29226197480127,49.418075909724806,112,51.855168942263035,5,1,70,1
62,54.21519054460661,49.40487203113487,111,51.81003128787074,5,1,70,1
63,54.14047579107917,49.39120850406255,112,51.76584214757086,5,1,70,1
64,54.06793874022996,49.37691612539118,113,51.722427432810576,5,1,70,1
65,53.997398891563755,49.361837831210046,111,51.6796183613869,5,1,70,1
66,53.928675156430465,49.34582697034037,111,51.63725106338542,5,1,70,1
67,53.861586570137526,49.32874471220801,110,51.59516564117277,5,1,70,1
68,53.79595336586231,49.31045873718901,110,51.55320605152566,5,1,70,1
69,53.73159841318034,49.29084379683097,109,51.51122110500566,5,1,70,1
70,53.668348926471474,49.26978317064523,109,51.469066048558354,5,1,70,1
71,53.6060382508907,49.24717004604027,109,51.426604148465486,5,1,70,1
72,53.54450743597147,49.222907847826534,111,51.383707641899,5,1,70,1
73,53.4836062092843,49.19690981156843,112,51.34025801042637,5,1,70,1
74,53.42319345015961,49.16909936289638,112,51.296146406527996,5,1,70,1
75,53.36313775105333,49.13941188935616,113,51.25127482020474,5,1,70,1
76,53.30331826383225,49.107797515826064,113,51.20555788982916,5,1,70,1
77,53.24362563794432,49.074223714036464,113,51.15892467599039,5,1,70,1
78,53.183962954812785,49.03867579619652,111,51.11131937550465,5,1,70,1
79,53.12424666015368,49.00115529323178,111,51.06270097669273,5,1,70,1
80,53.064407203110505,48.961678168627834,111,51.013042685869166,5,1,70,1
81,53.004388798282896,48.92027364817147,110,50.96233122322718,5,1,70,1
82,52.944148604347696,48.87698327519868,109,50.91056593977319,5,1,70,1
83,52.883656490593914,48.83185989828965,109,50.857758194441786,5,1,70,1
84,52.82289578219273,48.784966395698554,109,50.803931088945646,5,1,70,1
85,52.76186459452365,48.7363743307789,110,50.74911946265128,5,1,70,1
86,52.70057736665602,48.686163122655806,109,50.69337024465591,5,1,70,1
87,52.63906620384516,48.63441982856692,109,50.63674301620604,5,1,70,1
88,52.577381931267844,48.58123914647628,108,50.579310538872065,5,1,70,1
89,52.51559505356692,48.5267232464554,107,50.52115915001116,5,1,70,1
90,52.453796716943884,48.47098103921938,107,50.46238887808163,5,1,70,1
91,52.39209967269167,48.41412736791936,107,50.40311352030552,5,1,70,1
92,52.33063894812278,48.356283487014224,107,50.3434612175685,5,1,70,1
93,52.26957163789831,48.29757853381072,107,50.283575085854515,5,1,70,1
94,52.20907571612002,48.23815004002229,108,50.22361287807115,5,1,70,1
95,52.14934825690887,48.17814309117662,109,50.163745674042744,5,1,70,1
96,52.09060325578159,48.117709302176806,111,50.1041562789792,5,1,70,1
97,52.033069048751884,48.05700609444626,111,50.04503757159907,5,1,70,1
98,51.97698522829376,47.99619607722541,110,49.98659065275959,5,1,70,1
99,51.922598857555776,47.9354463354967,109,49.92902259652624,5,1,70,1
100,51.87015997912052,47.87492742693398,108,49.87254370302725,5,1,70,1
101,51.81991660956775,47.81481218281267,108,49.817364396190214,5,1,70,1
102,51.772109606125014,47.755274700371366,108,49.763692153248186,5,1,70,1
103,51.726967986790186,47.69648971901089,109,49.711728852900535,5,1,70,1
104,51.68470489527882,47.6386323776263,110,49.66166863645256,5,1,70,1
105,51.64551401218973,47.5818780577354,112,49.613696034962565,5,1,70,1
106,51.60956631155832,47.52640172444224,111,49.567984018000274,5,1,70,1
107,51.57700715980041,47.47237676249994,112,49.524691961150175,5,1,70,1
108,51.54795404700846,47.419973889973726,111,49.483963968491096,5,1,70,1
109,51.522495533564,47.369360244346296,111,49.44592788895515,5,1,70,1
110,51.50069141023741,47.32069824826525,110,49.41069482925133,5,1,70,1
111,51.48257348516933,47.274144154793575,109,49.37835881998146,5,1,70,1
112,51.46814699679821,47.2298464647039,109,49.348996730751054,5,1,70,1
113,51.457393237456294,47.18794431092995,109,49.32266877419312,5,1,70,1
114,51.45027319246022,47.148565807885205,110,49.29941950017272,5,1,70,1
115,51.446731219586916,47.111826363493996,111,49.279278791540456,5,1,70,1
116,51.44669828182447,47.07782695194146,113,49.262262616882964,5,1,70,1
117,51.45009473423407,47.046652540426436,113,49.24837363733025,5,1,70,1
118,51.45683286105367,47.01837105850437,114,49.23760195977902,5,1,70,1
119,51.466819554424696,46.99303310377394,113,49.229926329099314,5,1,70,1
120,51.479958941014594,46.970672382842096,112,49.22531566192835,5,1,70,1
121,51.49615417765878,46.951306691699216,111,49.223730434679,5,1,70,1
122,51.515308319964845,46.934939044827345,111,49.225123682396095,5,1,70,1
123,51.537324850613054,46.92155895276255,111,49.22944190168781,5,1,70,1
124,51.562108259016576,46.91114423821237,112,49.23662624861447,5,1,70,1
125,51.58956486892207,46.90366339087428,112,49.24661412989818,5,1,70,1
126,51.619604110510046,46.89907807111726,112,49.25934109081365,5,1,70,1
127,51.652140433518646,46.897345567919714,112,49.274743000719184,5,1,70,1
128,51.68709576524603,46.89842121165018,113,49.2927584884481,5,1,70,1
129,51.7244021245893,46.90226083988192,113,49.31333148223561,5,1,70,1
130,51.764004100710395,46.90882351199832,112,49.33641380635436,5,1,70,1
131,51.805861002313875,46.91807398556685,110,49.36196749394036,5,1,70,1
132,51.84994838577341,46.92998378464177,109,49.38996608520759,5,1,70,1
133,51.896258572564534,46.94453086053728,108,49.4203947165509,5,1,70,1
134,51.94479966868716,46.96169901597748,109,49.45324934233232,5,1,70,1
135,51.995592500983044,46.98147709297561,110,49.48853479697932,5,1,70,1
136,52.04866547025308,47.00385675424949,112,49.526261112251284,5,1,70,1
137,52.104047906126745,47.02882856574993,113,49.566438235938335,5,1,70,1
138,52.16176270358985,47.056376965684926,114,49.60906983463739,5,1,70,1
139,52.22181921612845,47.08647509560288,114,49.654147155865665,5,1,70,1
140,52.284207380556374,47.11908085934903,113,49.701644119952704,5,1,70,1
141,52.348894048806535,47.15413499063903,111,49.75151451972278,5,1,70,1
142,52.41582162441128,47.19156132497815,110,49.803691474694716,5,1,70,1
143,52.484908223898344,47.231268691623285,110,49.858088457760815,5,1,70,1
144,52.556049266464214,47.27315306125247,111,49.91460116385834,5,1,70,1
145,52.62912107842011,47.31709985321999,111,49.973110465820056,5,1,70,1
146,52.7039862213997,47.36298757445419,111,50.03348689792695,5,1,70,1
147,52.78049937575742,47.41069288929007,111,50.095596132523745,5,1,70,1
148,52.85851290342319,47.460096146705254,112,50.15930452506422,5,1,70,1
149,52.9378815072303,47.511086196388874,112,50.22448385180959,5,1,70,1
150,53.01846559883373,47.56356312995695,112,50.29101436439534,5,1,70,1
151,53.100133182365916,47.61743855888422,111,50.35878587062507,5,1,70,1
152,53.182760353529765,47.67263401593923,111,50.4276971847345,5,1,70,1
153,53.26623080635025,47.729078359351576,111,50.49765458285091,5,1,70,1
154,53.35043444706554,47.78670535140071,110,50.568569899233125,5,1,70,1
155,53.435264921904334,47.84545170516296,111,50.640358313533646,5,1,70,1
156,53.520616353094276,47.90525501523578,112,50.71293568416503,5,1,70,1
157,53.60638006508063,47.966051183292606,113,50.78621562418662,5,1,70,1
158,53.692441887859,48.027771144390464,113,50.86010651612473,5,1,70,1
159,53.77868042929731,48.0903376753577,113,50.934509052327506,5,1,70,1
160,53.86496641577802,48.15366404203873,112,51.00931522890838,5,1,70,1
161,53.95116290797363,48.217654681690654,111,51.08440879483214,5,1,70,1
162,54.037126588842966,48.282206556363725,111,51.15966657260334,5,1,70,1
163,54.122710711204874,48.34721049598099,111,51.23496060359293,5,1,70,1
164,54.207769512031355,48.412552532699685,111,51.31016102236552,5,1,70,1
165,54.29216312034286,48.47811552085522,109,51.38513932059904,5,1,70,1
166,54.37576247325953,48.543781629483234,108,51.45977205137138,5,1,70,1
167,54.458454242360155,48.60943570923604,109,51.53394497579809,5,1,70,1
168,54.54014538217034,48.6749689502911,111,51.60755716623072,5,1,70,1
169,54.620766522196625,48.740281955183015,112,51.68052423868982,5,1,70,1
170,54.70027371624574,48.80528605777344,112,51.752779887009595,5,1,70,1
171,54.77864835504123,48.869903084968044,112,51.824275720004636,5,1,70,1
172,54.8558951452881,48.93406512316097,112,51.89498013422454,5,1,70,1
173,54.93203815547681,48.99771468078328,110,51.964876418130046,5,1,70,1
174,55.00711522099513,49.06080446772734,110,52.033959844361235,5,1,70,1
175,55.08117129345316,49.12329620732757,110,52.10223375039037,5,1,70,1
176,55.15425112383717,49.185158091494195,110,52.16970460766568,5,1,70,1
177,55.22639147391964,49.246361269760364,111,52.23637637184,5,1,70,1
178,55.29761324543103,49.306876543203636,112,52.30224489431733,5,1,70,1
179,55.36791411169576,49.36667165386471,112,52.367292882780234,5,1,70,1
180,55.43726252929732,49.42570877999708,113,52.431485654647204,5,1,70,1
181,55.50559430030731,49.48394223767433,113,52.49476826899082,5,1,70,1
182,55.57281217328796,49.541316779513764,113,52.55706447640086,5,1,70,1
183,55.63878828900124,49.597766783853885,112,52.61827753642756,5,1,70,1
184,55.703368887101135,49.6532165303258,111,52.67829270871347,5,1,70,1
185,55.76638030039455,49.70758156284047,111,52.73698093161751,5,1,70,1
186,55.82763575133736,49.760770946091235,110,52.7942033487143,5,1,70,1
187,55.88694295342274,49.81269012426095,110,52.84981653884185,5,1,70,1
188,55.94411242277774,49.86324399317985,110,52.9036782079788,5,1,70,1
189,55.99896630782512,49.9123399923104,110,52.95565315006776,5,1,70,1
190,56.051347447287334,49.95989121801941,112,53.00561933265337,5,1,70,1
191,56.10112826909447,50.00581897433505,112,53.05347362171476,5,1,70,1
192,56.148218123708,50.05005359208076,110,53.09913585789438,5,1,70,1
193,56.19256648530781,50.09253381021873,109,53.142550147763274,5,1,70,1
194,56.23416183799362,50.133206476162094,109,53.183684157077856,5,1,70,1
195,56.273028870469005,50.17202715123627,109,53.22252801085264,5,1,70,1
196,56.30922557251908,50.20896103689215,109,53.259093304705615,5,1,70,1
197,56.34284037380642,50.243983442055885,110,53.29341190793115,5,1,70,1
198,56.37398932410253,50.27707881677446,110,53.32553407043849,5,1,70,1
199,56.40281331359698,50.30823884023999,110,53.35552607691848,5,1,70,1
200,56.4294753314945,50.33746151421121,109,53.38346842285286,5,1,70,1
201,56.45415790161019,50.364752237345776,109,53.409455069477985,5,1,70,1
202,56.477060237263174,50.39012686045853,109,53.433593548860856,5,1,70,1
203,56.49839363874263,50.4136152595348,109,53.45600444913872,5,1,70,1
204,56.518375141113616,50.43526250010439,109,53.476818820609004,5,1,70,1
205,56.537221327357535,50.455127202350404,110,53.49617426485397,5,1,70,1
206,56.55514343060525,50.473279252079784,110,53.514211341342516,5,1,70,1
207,56.57234391718541,50.48979812464277,111,53.531071020914084,5,1,70,1
208,56.589014352142776,50.50477221087432,111,53.546893281508545,5,1,70,1
209,56.605333958868634,50.518298558604016,111,53.56181625873633,5,1,70,1
210,56.62146867478972,50.530481467769114,111,53.575975071279416,5,1,70,1
211,56.637570895390084,50.541429547476596,111,53.58950022143334,5,1,70,1
212,56.65377961136744,50.55125201369595,110,53.60251581253169,5,1,70,1
213,56.67022015625783,50.560055201285785,110,53.6151376787718,5,1,70,1
214,56.68700356236173,50.56794045912907,110,53.6274720107454,5,1,70,1
215,56.70422630330708,50.57500352427361,110,53.639614913790346,5,1,70,1
216,56.721970714129576,50.581334398127936,110,53.65165255612875,5,1,70,1
217,56.740305892297265,50.58701713799351,111,53.66366151514539,5,1,70,1
218,56.759288688240474,50.59212936745136,111,53.67570902784592,5,1,70,1
219,56.778964199071346,50.59674179690987,110,53.6878529979906,5,1,70,1
220,56.799365667062425,50.600918533414934,111,53.70014210023868,5,1,70,1
221,56.820514172331876,50.60471827615618,111,53.71261622424403,5,1,70,1
222,56.842418509369686,50.60819581142957,111,53.72530716039962,5,1,70,1
223,56.865075637227505,50.6114034159744,111,53.73823952660095,5,1,70,1
224,56.88847160569183,50.61439197273967,111,53.751431789215744,5,1,70,1
225,56.91258237225098,50.617211798258914,111,53.764897085254944,5,1,70,1
226,56.93737441253156,50.61991337591966,111,53.77864389422561,5,1,70,1
227,56.962805514732736,50.622547994336315,112,53.792676754534526,5,1,70,1
228,56.98882595365079,50.625168094947405,112,53.80699702429909,5,1,70,1
229,57.015380044936144,50.62782693787943,112,53.821603491407785,5,1,70,1
230,57.04240798280701,50.630577000039416,113,53.836492491423215,5,1,70,1
231,57.069847767002926,50.63346739723225,112,53.85165758211759,5,1,70,1
232,57.09763702482472,50.63654149995608,112,53.8670892623904,5,1,70,1
233,57.125714534142794,50.63983522981792,111,53.88277488198035,5,1,70,1
234,57.15402144833502,50.643375840834466,111,53.89869864458474,5,1,70,1
235,57.18250241917194,50.647181087527436,111,53.91484175334969,5,1,70,1
236,57.211106521019175,50.65125877938711,111,53.93118265020314,5,1,70,1
237,57.23978758706307,50.65560662389109,111,53.947697105477076,5,1,70,1
238,57.268503958351594,50.660212162885784,113,53.96435806061869,5,1,70,1
239,57.29721803652361,50.665052607295564,113,53.98113532190959,5,1,70,1
240,57.32589583595549,50.670094375283405,113,53.99799510561945,5,1,70,1
241,57.35450653591537,50.67529262682994,114,54.01489958137266,5,1,70,1
242,57.383022130794636,50.68059157554488,113,54.031806853169755,5,1,70,1
243,57.41141737397207,50.685925675947765,113,54.048671524959914,5,1,70,1
244,57.43967001575174,50.69122110187201,112,54.065445558811874,5,1,70,1
245,57.4677611407027,50.69639702932078,111,54.08207908501174,5,1,70,1
246,57.49567531213028,50.701366334758745,110,54.09852082344452,5,1,70,1
247,57.523400133807336,50.70603600270307,109,54.1147180682552,5,1,70,1
248,57.550925131674084,50.71030821934289,110,54.13061667550849,5,1,70,1
249,57.5782401508026,50.71408254378123,110,54.146161347291915,5,1,70,1
250,57.60533346287733,50.717258963337144,111,54.161296213107235,5,1,70,1
251,57.63218977942151,50.719741054154085,111,54.1759654167878,5,1,70,1
252,57.658788561111265,50.72143788312714,112,54.1901132221192,5,1,70,1
253,57.68510320865904,50.72226465263892,111,54.20368393064898,5,1,70,1
254,57.71110113560042,50.72214345504195,111,54.21662229532119,5,1,70,1
255,57.73674413818426,50.72100452835557,111,54.228874333269914,5,1,70,1
256,57.76198886779251,50.71878742916114,111,54.240388148476825,5,1,70,1
257,57.786787601539245,50.71544192869601,110,54.25111476511763,5,1,70,1
258,57.81108950679447,50.710928828146805,111,54.26100916747063,5,1,70,1
259,57.834842595461645,50.70522069391943,112,54.27003164469053,5,1,70,1
260,57.8579960761796,50.698302318427615,113,54.278149197303605,5,1,70,1
261,57.88050232493294,50.690170711753076,114,54.28533651834301,5,1,70,1
262,57.902317987154326,50.680834429335384,115,54.291576208244855,5,1,70,1
263,57.92340401697423,50.67031243081903,116,54.296858223896635,5,1,70,1
264,57.94372504444882,50.65863305516259,117,54.301179049805704,5,1,70,1
265,57.96324904676801,50.64583340433342,116,54.30454122555072,5,1,70,1
266,57.981947714149086,50.63195913514289,115,54.30695342464599,5,1,70,1
267,57.999797315826044,50.61706436602987,114,54.308430840927954,5,1,70,1
268,58.01677948134018,50.601211112858536,112,54.30899529709936,5,1,70,1
269,58.03288092212319,50.58446825289389,110,54.30867458750854,5,1,70,1
270,58.048091898589874,50.56691060122515,110,54.30750124990752,5,1,70,1
271,58.0624040181897,50.548618196104925,109,54.30551110714731,5,1,70,1
272,58.07580785227278,50.529675401884305,109,54.30274162707855,5,1,70,1
273,58.08829076206305,50.510169438150896,109,54.299230100106975,5,1,70,1
274,58.099835226513974,50.490187943621684,109,54.295011585067826,5,1,70,1
275,58.11041786733601,50.46981596359906,109,54.290116915467536,5,1,70,1
276,58.120009171476994,50.44913353009056,109,54.28457135078378,5,1,70,1
277,58.128573716343325,50.428214125895,109,54.27839392111916,5,1,70,1
278,58.13607070314911,50.407123446195804,109,54.27159707467246,5,1,70,1
279,58.14245460387789,50.38591835898853,110,54.264186481433214,5,1,70,1
280,58.14767582494891,50.36464645347632,109,54.256161139212615,5,1,70,1
281,58.15168138827853,50.343346370624424,109,54.247513879451475,5,1,70,1
282,58.154415532965764,50.322048915128676,109,54.23823222404722,5,1,70,1
283,58.15582004335987,50.30077836296022,110,54.22829920316005,5,1,70,1
284,58.15583420684567,50.279552793543445,111,54.21769350019456,5,1,70,1
285,58.154394402255356,50.25838305603883,112,54.20638872914709,5,1,70,1
286,58.15143341738945,50.23727075961474,112,54.19435208850209,5,1,70,1
287,58.14687969170952,50.21620645799898,113,54.18154307485425,5,1,70,1
288,58.14065687540794,50.19516997903034,114,54.16791342721914,5,1,70,1
289,58.132684291212165,50.174132411668396,115,54.15340835144028,5,1,70,1
290,58.12287810503979,50.15305682465691,115,54.137967464848344,5,1,70,1
291,58.111152231373936,50.13189693699258,115,54.12152458418326,5,1,70,1
292,58.09741877958117,50.11059510630192,114,54.104006942941545,5,1,70,1
293,58.0815886277341,50.08908119645589,114,54.08533491209499,5,1,70,1
294,58.063572027773844,50.067274080997386,115,54.06542305438562,5,1,70,1
295,58.04327846311191,50.0450852957817,116,54.04418187944681,5,1,70,1
296,58.020615760069575,50.02242211103522,118,54.02151893555239,5,1,70,1
297,57.99548923485327,49.99918856112937,119,53.99733889799132,5,1,70,1
298,57.967801560269116,49.97528423842261,119,53.97154289934586,5,1,70,1
299,57.93745393889262,49.950602413268825,119,53.94402817608072,5,1,70,1
300,57.90434877928576,49.9250307980435,117,53.91468978866463,5,1,105,2
301,57.86839368171115,49.898455151926186,116,53.88342441681867,5,1,105,2
302,57.82950595453347,49.87076280205217,115,53.85013437829282,5,1,105,2
303,57.787616297184194,49.84184481480459,114,53.81473055599439,5,1,105,2
304,57.742671455872056,49.81159720913169,113,53.77713433250187,5,1,105,2
305,57.69463682847313,49.779922091413205,113,53.73727945994317,5,1,105,2
306,57.64349921448651,49.74673007901319,112,53.69511464674985,5,1,105,2
307,57.58926912535194,49.71194430663949,111,53.650606715995714,5,1,105,2
308,57.53198226517037,49.67550523657201,112,53.60374375087119,5,1,105,2
309,57.471699986580234,49.6373746157908,113,53.55453730118552,5,1,105,2
310,57.40850872123243,49.597536044941464,115,53.50302238308694,5,1,105,2
311,57.34251857899004,49.55599215973045,117,53.449255369360245,5,1,105,2
312,57.2738615046618,49.5127609609889,118,53.393311232825354,5,1,105,2
313,57.20268957578016,49.46787285398402,119,53.33528121488209,5,1,105,2
314,57.12917373198557,49.421368981942514,119,53.27527135696404,5,1,105,2
315,57.05350293365348,49.37330065825659,119,53.213401795955036,5,1,105,2
316,56.97588286926971,49.3237289213769,118,53.149805895323304,5,1,105,2
317,56.89653245294824,49.27272352883328,118,53.084627990890766,5,1,105,2
318,56.815678108909104,49.22036099927298,118,53.01801955409104,5,1,105,2
319,56.733547595211164,49.166722384197364,118,52.95013498970427,5,1,105,2
320,56.650364338627575,49.11189252389477,119,52.881128431261175,5,1,105,2
321,56.566342472232655,49.055961176464635,119,52.81115182434864,5,1,105,2
322,56.48168276733123,48.99902504323472,119,52.74035390528297,5,1,105,2
323,56.39656965149949,48.94118951870641,120,52.66887958510295,5,1,105,2
324,56.31116940715948,48.88256879797446,120,52.59686910256697,5,1,105,2
325,56.22562954780816,48.823284242439605,120,52.52445689512388,5,1,105,2
326,56.14007975946167,48.76346217250413,120,52.4517709659829,5,1,105,2
327,56.054635185321544,48.70323245089362,120,52.37893381810758,5,1,105,2
328,55.96940195407753,48.64272941522496,120,52.306065684651244,5,1,105,2
329,55.884483974619215,48.58209467010003,120,52.233289322359624,5,1,105,2
330,55.799989824995016,48.52147920065373,120,52.160734512824376,5,1,105,2
331,55.71603836842723,48.461043927496505,119,52.08854114796186,5,1,105,2
332,55.632762899573045,48.40095948097708,119,52.016861190275065,5,1,105,2
333,55.55031479451729,48.34140597255,120,51.94586038353364,5,1,105,2
334,55.46886675992763,48.28257354088795,120,51.87572015040779,5,1,105,2
335,55.3886148986907,48.22466347485614,121,51.806639186773424,5,1,105,2
336,55.3097790040918,48.167888739935414,121,51.73883387201361,5,1,105,2
337,55.23260068931728,48.112473124647344,121,51.672536906982316,5,1,105,2
338,55.15733905625306,48.05864861349904,121,51.60799383487605,5,1,105,2
339,55.08426370477825,48.00665147065826,120,51.54545758771826,5,1,105,2
340,55.01364615147375,47.95671839630033,119,51.48518227388704,5,1,105,2
341,54.945751994486976,47.90908343473497,119,51.42741771461097,5,1,105,2
342,54.8808346006742,47.86397563064359,119,51.37240511565889,5,1,105,2
343,54.819129530638506,47.82161703964189,120,51.3203732851402,5,1,105,2
344,54.760849210069985,47.782220309307604,120,51.27153475968879,5,1,105,2
345,54.70617764867453,47.745985437076186,121,51.22608154287536,5,1,105,2
346,54.65526559356063,47.713095701711175,122,51.1841806476359,5,1,105,2
347,54.608227089615745,47.68371335048585,123,51.1459702200508,5,1,105,2
348,54.56513832238751,47.65797620970153,122,51.11155726604452,5,1,105,2
349,54.52603952201517,47.63599570372346,121,51.08101761286932,5,1,105,2
350,54.490938854098715,47.61785608531981,121,51.05439746970926,5,1,105,2
351,54.459815370713784,47.60361419280527,121,51.031714781759526,5,1,105,2
352,54.43262014358096,47.59329856222441,121,51.01295935290268,5,1,105,2
353,54.40927675015966,47.58690789369835,121,50.99809232192901,5,1,105,2
354,54.389681893727584,47.58441004196083,122,50.98704596784421,5,1,105,2
355,54.37370654878432,47.585742213877396,123,50.979724381330854,5,1,105,2
356,54.36119773091795,47.590812568519496,123,50.97600514971872,5,1,105,2
357,54.351980698055435,47.59950273307057,124,50.975741715563004,5,1,105,2
358,54.34586168300273,47.611670065526,125,50.97876587426437,5,1,105,2
359,54.34263155013121,47.627149470937255,125,50.98489051053423,5,1,105,2
360,54.34207047674511,47.64575555370635,126,50.99391301522573,5,1,105,2
361,54.34395346728573,47.66728569371969,126,51.00561958050271,5,1,105,2
362,54.348056313613,47.69152443935636,125,51.01979037648468,5,1,105,2
363,54.35416141960677,47.71824863527251,125,51.036205027439635,5,1,105,2
364,54.36206329846609,47.747231727666765,124,51.05464751306643,5,1,105,2
365,54.37157394113102,47.77824686032475,123,51.07491040072789,5,1,105,2
366,54.38252766884122,47.81106954527054,123,51.09679860705588,5,1,105,2
367,54.39478449735452,47.84548059430993,123,51.12013254583223,5,1,105,2
368,54.40823143015886,47.88126990016097,123,51.14475066515992,5,1,105,2
369,54.42278148777297,47.91824038779722,124,51.170510937785096,5,1,105,2
370,54.438370865057564,47.95621018850603,125,51.1972905267818,5,1,105,2
371,54.45495519329686,47.9950123569586,125,51.224983775127725,5,1,105,2
372,54.47250539576573,48.03449271935449,125,51.253499057560106,5,1,105,2
373,54.49100313750704,48.07450731832593,124,51.28275522791648,5,1,105,2
374,54.51043577226907,48.11492179793188,123,51.31267878510047,5,1,105,2
375,54.53079059184942,48.15561282852906,123,51.343201710189234,5,1,105,2
376,54.55204867069515,48.19646942777311,122,51.374259049234126,5,1,105,2
377,54.57417908629933,48.23739300921607,123,51.4057860477577,5,1,105,2
378,54.59713419849999,48.27829596516758,123,51.43771508183379,5,1,105,2
379,54.62084657343808,48.31909937059536,123,51.46997297201672,5,1,105,2
380,54.64522784555306,48.359731174966306,123,51.50247951025968,5,1,105,2
381,54.67016951866239,48.40012527342096,123,51.53514739604168,5,1,105,2
382,54.69554580503365,48.440220873190725,123,51.567883339112186,5,1,105,2
383,54.72121869920672,48.47996176614369,124,51.6005902326752,5,1,105,2
384,54.74704519095741,48.51929531333453,125,51.63317025214597,5,1,105,2
385,54.772886229349275,48.55817133752252,125,51.6655287834359,5,1,105,2
386,54.798616464658906,48.596541509725036,125,51.697578987191974,5,1,105,2
387,54.82413320966589,48.63435942566965,124,51.72924631766777,5,1,105,2
388,54.849363451745525,48.67158117781206,123,51.760472314778795,5,1,105,2
389,54.8742681370182,48.70816652117151,121,51.791217329094856,5,1,105,2
390,54.898843922736724,48.744081023810665,121,51.8214624732737,5,1,105,2
391,54.9231235689521,48.77929851980921,122,51.851211044380655,5,1,105,2
392,54.94717526211781,48.81380210957531,124,51.88048868584656,5,1,105,2
393,54.97110028490452,48.84758331774836,126,51.90934180132644,5,1,105,2
394,54.99502893364335,48.88064038434376,126,51.93783465899355,5,1,105,2
395,55.01911507199968,48.91297705481272,127,51.966046063406196,5,1,105,2
396,55.04352970903356,48.94460362472819,126,51.99406666688087,5,1,105,2
397,55.068453989438765,48.975540043951305,124,52.02199701669504,5,1,105,2
398,55.09407198349725,49.00581893426114,123,52.04994545887919,5,1,105,2
399,55.12056366413624,49.035487057049565,122,52.0780253605929,5,1,105,2
400,55.14809836088155,49.064604450266884,122,52.106351405574216,5,1,105,2
401,55.176828883013506,49.0932424043472,122,52.135035643680354,5,1,105,2
402,55.20688669947956,49.12148339739032,123,52.164185048434945,5,1,105,2
403,55.23837875845363,49.14942289095221,125,52.19390082470292,5,1,105,2
404,55.27138613959055,49.177169668873475,127,52.22427790423201,5,1,105,2
405,55.30596434223073,49.20484315705437,127,52.255403749642554,5,1,105,2
406,55.34214501321205,49.232567917571195,129,52.287356465391625,5,1,105,2
407,55.37993891834516,49.2604669734482,129,52.32020294589668,5,1,105,2
408,55.419339766884576,49.28865708339089,129,52.35399842513773,5,1,105,2
409,55.46032830356043,49.31724674489539,128,52.38878752422791,5,1,105,2
410,55.50287598547545,49.34633536332471,128,52.424605674400084,5,1,105,2
411,55.54694746385234,49.37601221974149,126,52.461479841796915,5,1,105,2
412,55.59250157844666,49.406354065509376,125,52.49942782197802,5,1,105,2
413,55.639491060233155,49.43742202505042,124,52.53845654264178,5,1,105,2
414,55.687861040549826,49.469260341552896,124,52.578560691051365,5,1,105,2
415,55.73754636746386,49.50189725729673,124,52.61972181238029,5,1,105,2
416,55.7884683154589,49.535346077153164,124,52.66190719630603,5,1,105,2
417,55.84053185991592,49.569605146829346,124,52.70506850337263,5,1,105,2
418,55.89362420039914,49.604656160435475,124,52.74914018041731,5,1,105,2
419,55.94761472933558,49.64046167524701,124,52.79403820229129,5,1,105,2
420,56.002356545384615,49.67696417484863,124,52.839660360116625,5,1,105,2
421,56.057689513501636,49.71408765662084,125,52.88588858506124,5,1,105,2
422,56.113444288738435,49.75174135431128,124,52.93259282152486,5,1,105,2
423,56.16944613581839,49.78982452394258,123,52.97963532988048,5,1,105,2
424,56.225518156956134,49.82823053876928,122,53.02687434786271,5,1,105,2
425,56.281484320766694,49.86685000220904,122,53.074167161487864,5,1,105,2
426,56.33717239253696,49.905574050825024,121,53.12137322168099,5,1,105,2
427,56.39241657351206,49.94429814165217,122,53.16835735758211,5,1,105,2
428,56.447059266638036,49.982925740321676,122,53.214992503479856,5,1,105,2
429,56.500950995954,50.02137083868159,122,53.261160917317795,5,1,105,2
430,56.553948872244646,50.05955774280502,123,53.30675330752483,5,1,105,2
431,56.6059153629794,50.09741852287303,122,53.351666942926215,5,1,105,2
432,56.65671814907546,50.13489046701525,122,53.395804308045356,5,1,105,2
433,56.706230875545565,50.17191461310056,122,53.43907274432306,5,1,105,2
434,56.754334212863725,50.20843516441121,121,53.48138468863747,5,1,105,2
435,56.800916255646904,50.244399399978235,121,53.522657827812566,5,1,105,2
436,56.8458721629761,50.27975749521241,121,53.56281482909425,5,1,105,2
437,56.88910382239979,50.314462156111695,120,53.60178298925574,5,1,105,2
438,56.930520026945054,50.34846845797624,121,53.63949424246064,5,1,105,2
439,56.970037361745206,50.38173408444926,120,53.67588572309724,5,1,105,2
440,57.00758160662873,50.414219967590626,120,53.71090078710968,5,1,105,2
441,57.04308907073811,50.44589113456298,121,53.744490102650545,5,1,105,2
442,57.07650756771519,50.476717371375614,121,53.7766124695454,5,1,105,2
443,57.107797032439535,50.50667360669075,121,53.80723531956514,5,1,105,2
444,57.13693007273674,50.53574021124721,122,53.836335141991974,5,1,105,2
445,57.16389304189246,50.56390321329059,121,53.863898127591526,5,1,105,2
446,57.188687534851816,50.59115423522786,120,53.88992088503984,5,1,105,2
447,57.21133152801154,50.617490541868385,120,53.91441103493996,5,1,105,2
448,57.231859869963614,50.642916175754436,119,53.937388022859025,5,1,105,2
449,57.25032431798518,50.66744398454737,119,53.958884151266275,5,1,105,2
450,57.26679331480586,50.69109717488164,119,53.97894524484375,5,1,105,2
451,57.28135169991811,50.71390961217283,119,53.99763065604547,5,1,105,2
452,57.29410064697595,50.73592467092112,119,54.015012658948535,5,1,105,2
453,57.305158216109135,50.75719312267725,119,54.03117566939319,5,1,105,2
454,57.31466003188318,50.777771231477374,120,54.046215631680276,5,1,105,2
455,57.32275871953378,50.79771915350891,121,54.060238936521344,5,1,105,2
456,57.32962180474867,50.81709866475395,121,54.073360234751306,5,1,105,2
457,57.33542885492531,50.83597002061385,121,54.08569943776958,5,1,105,2
458,57.34036863961375,50.85438853181257,121,54.09737858571316,5,1,105,2
459,57.34463708767304,50.87240212364923,121,54.10851960566114,5,1,105,2
460,57.34843555052503,50.89005182848684,121,54.119243689505936,5,1,105,2
461,57.351967612779475,50.907374820574674,122,54.129671216677075,5,1,105,2
462,57.355434349573656,50.92440726150793,123,54.1399208055408,5,1,105,2
463,57.35902958808899,50.94118549266666,123,54.150107540377824,5,1,105,2
464,57.36293604798082,50.957745378981286,123,54.16034071348105,5,1,105,2
465,57.36732255279826,50.974121071442966,123,54.17072181212061,5,1,105,2
466,57.372342309564296,50.99034591884865,123,54.18134411420647,5,1,105,2
467,57.37813205882331,51.006455333169065,124,54.192293695996185,5,1,105,2
468,57.38481180016064,51.02248848681389,123,54.203650143487266,5,1,105,2
469,57.39248470091155,51.038487475704514,123,54.21548608830803,5,1,105,2
470,57.40123718618774,51.054494337685476,123,54.22786576193661,5,1,105,2
471,57.41113959876129,51.070547681311396,123,54.240843640036346,5,1,105,2
472,57.422247427452085,51.08668204558502,123,54.25446473651856,5,1,105,2
473,57.434602712760785,51.102930282667494,123,54.26876649771414,5,1,105,2
474,57.44823533625556,51.11932642703498,124,54.28378088164527,5,1,105,2
475,57.4631639979673,51.13590709979331,124,54.2995355488803,5,1,105,2
476,57.47939707639472,51.152710082069945,124,54.31605357923233,5,1,105,2
477,57.49693395605056,51.16977122737128,125,54.33335259171092,5,1,105,2
478,57.51576662733619,51.1871234187747,125,54.35144502305545,5,1,105,2
479,57.53588058336866,51.20479835070554,125,54.3703394670371,5,1,105,2
480,57.55725481880302,51.2228289889392,125,54.39004190387111,5,1,105,2
481,57.57986151609846,51.24125075756528,124,54.41055613683187,5,1,105,2
482,57.60366571216979,51.26009969672291,124,54.43188270444635,5,1,105,2
483,57.628624945860864,51.27940837087031,123,54.45401665836559,5,1,105,2
484,57.65468869171676,51.29920284332751,123,54.47694576752213,5,1,105,2
485,57.68179719057862,51.319501984591774,123,54.5006495875852,5,1,105,2
486,57.709880165481444,51.340318333723054,124,54.52509924960225,5,1,105,2
487,57.738856789306205,51.36165904943877,124,54.550257919372484,5,1,105,2
488,57.76863719789077,51.38352480489735,124,54.57608100139406,5,1,105,2
489,57.79912476955519,51.40590691868228,124,54.602515844118734,5,1,105,2
490,57.83021878228289,51.428785453045776,123,54.62950211766433,5,1,105,2
491,57.861817450052236,51.45212964508238,123,54.656973547567304,5,1,105,2
492,57.89382094971976,51.47590067113263,122,54.684860810426194,5,1,105,2
493,57.926133659718545,51.50005547688773,122,54.713094568303134,5,1,105,2
494,57.958665709647946,51.524549137802886,123,54.74160742372541,5,1,105,2
495,57.99133481760774,51.549335067711,124,54.770334942659375,5,1,105,2
496,58.02406822158594,51.574364246780824,125,54.79921623418338,5,1,105,2
497,58.05680334063803,51.599584444929214,126,54.82819389278362,5,1,105,2
498,58.089486874380775,51.62494022176736,126,54.85721354807407,5,1,105,2
499,58.1220731221004,51.650373703896086,126,54.88622341299825,5,1,105,2
500,58.15452191246688,51.675825360100575,126,54.915173636283726,5,1,105,2
501,58.186796144561654,51.701234385190986,126,54.94401526487632,5,1,105,2
502,58.21885913593993,51.72653869342243,126,54.972698914681175,5,1,105,2
503,58.25067216850043,51.75167481505813,125,55.001173491779284,5,1,105,2
504,58.28219223275408,51.77657828226784,125,55.02938525751096,5,1,105,2
505,58.313369580940595,51.80118450534892,125,55.05727704314476,5,1,105,2
506,58.344145479830125,51.82542955504705,125,55.084787517438585,5,1,105,2
507,58.37445133447074,51.84925055936371,126,55.11185094691723,5,1,105,2
508,58.40420937888431,51.87258571583738,126,55.138397547360846,5,1,105,2
509,58.43333415446705,51.895373920276015,126,55.16435403737153,5,1,105,2
510,58.46173409453493,51.91755401290802,126,55.18964405372148,5,1,105,2
511,58.48931263112066,51.9390635453792,125,55.21418808824993,5,1,105,2
512,58.51596882544221,51.95983687449558,125,55.23790284996889,5,1,105,2
513,58.54159810876017,51.979802876316356,125,55.26070049253826,5,1,105,2
514,58.566093525336555,51.99888306193323,125,55.28248829363489,5,1,105,2
515,58.589347674188666,52.01699087635455,125,55.30316927527161,5,1,105,2
516,58.61125486360953,52.034032962018614,125,55.32264391281407,5,1,105,2
517,58.63171230967693,52.04991180305106,125,55.340812056363994,5,1,105,2
518,58.650620282858974,52.06452780095667,125,55.357574041907824,5,1,105,2
519,58.66788217969221,52.0777802955685,125,55.37283123763035,5,1,105,2
520,58.68340510630649,52.089568508181124,125,55.386486807243806,5,1,105,2
521,58.6971011703639,52.09979309119329,125,55.39844713077859,5,1,105,2
522,58.70888909270069,52.10835867596392,125,55.4086238843323,5,1,105,2
523,58.718695164665704,52.11517712779707,125,55.416936146231386,5,1,105,2
524,58.72645325980524,52.120170534145885,125,55.42331189697556,5,1,105,2
525,58.732104291187675,52.12327314709003,126,55.42768871913886,5,1,105,2
526,58.73559550555477,52.12443169606496,126,55.430013600809865,5,1,105,2
527,58.73688000538538,52.1236047546286,127,55.43024238000699,5,1,105,2
528,58.735916694777636,52.120763112847584,127,55.42833990381261,5,1,105,2
529,58.73267064988184,52.11589125348605,127,55.42428095168394,5,1,105,2
530,58.727113816979355,52.10898817677468,126,55.418050996877014,5,1,105,2
531,58.719225843660524,52.10006708630905,126,55.40964646498479,5,1,105,2
532,58.70899484845757,52.089154716389324,126,55.39907478242345,5,1,105,2
533,58.69641793418002,52.07629059320792,126,55.386354263693974,5,1,105,2
534,58.68150173774882,52.06152603439462,127,55.37151388607172,5,1,105,2
535,58.664263796864006,52.0449230813854,126,55.3545934391247,5,1,105,2
536,58.644734635855954,52.02655394905221,126,55.33564429245408,5,1,105,2
537,58.62295959506455,52.00650099162975,126,55.314730293347154,5,1,105,2
538,58.599000013105204,51.98485659858285,125,55.291928305844024,5,1,105,2
539,58.572933956368885,51.961723311744855,125,55.26732863405687,5,1,105,2
540,58.54485668986494,51.937215332743705,125,55.241036011304324,5,1,105,2
541,58.51488108326381,51.91146083388153,125,55.21317095857267,5,1,105,2
542,58.48313804818915,51.884602729763316,125,55.18387038897623,5,1,105,2
543,58.44977700499469,51.8567973224388,125,55.15328716371674,5,1,105,2
544,58.41496627943957,51.82821198828226,126,55.121589133860915,5,1,105,2
545,58.37889323184811,51.799022879565825,127,55.08895805570697,5,1,105,2
546,58.34176421366571,51.76941341844083,129,55.05558881605327,5,1,105,2
547,58.30380473864541,51.739573775665335,129,55.02168925715537,5,1,105,2
548,58.2652594752964,51.709700941061314,129,54.98748020817886,5,1,105,2
549,58.226390886623356,51.679998407356386,130,54.95319464698987,5,1,105,2
550,58.1874759281227,51.6506739037432,131,54.91907491593295,5,1,105,2
551,58.14880079996579,51.62193537107379,130,54.88536808551979,5,1,105,2
552,58.11065433431363,51.59398712622433,130,54.85232073026898,5,1,105,2
553,58.073321183800424,51.56702709025601,129,54.82017413702822,5,1,105,2
554,58.03707558702542,51.54124488214095,129,54.789160234583186,5,1,105,2
555,58.00217609679526,51.516819994677874,128,54.759498045736564,5,1,105,2
556,57.96886087673122,51.49391868411411,127,54.73138978042266,5,1,105,2
557,57.937342391813445,51.47268927808222,127,54.70501583494783,5,1,105,2
558,57.90780187933741,51.45325667960202,126,54.68052927946972,5,1,105,2
559,57.88038554774117,51.435717527935445,126,54.658051537838304,5,1,105,2
560,57.855203670949095,51.42013816019296,125,54.63767091557103,5,1,105,2
561,57.83233296611575,51.406555567278346,125,54.619444266697045,5,1,105,2
562,57.81182147273256,51.39497958747696,125,54.603400530104764,5,1,105,2
563,57.79369398110885,51.38539516664514,125,54.58954457387699,5,1,105,2
564,57.7779566439151,51.377764099584695,125,54.57786037174989,5,1,105,2
565,57.764599990079176,51.37202693558201,124,54.56831346283059,5,1,105,2
566,57.75360043845193,51.36810699945389,124,54.56085371895291,5,1,105,2
567,57.744921286736,51.36591633392509,123,54.55541881033055,5,1,105,2
568,57.7385134686494,51.36536122358341,124,54.551937346116404,5,1,105,2
569,57.734315689754965,51.366345448528456,124,54.55033056914171,5,1,105,2
570,57.73225374764491,51.36876990362736,124,54.550511825636136,5,1,105,2
571,57.732239037427576,51.372529462722966,125,54.55238425007527,5,1,105,2
572,57.734166828911924,51.377510210570904,125,54.555838519741414,5,1,105,2
573,57.737915487353014,51.38358860476307,124,54.56075204605804,5,1,105,2
574,57.74334702954948,51.390632569406726,124,54.56698979947811,5,1,105,2
575,57.7503086270215,51.398503352030666,123,54.574405989526085,5,1,105,2
576,57.75863476579581,51.407055804883214,123,54.582845285339516,5,1,105,2
577,57.768149870102036,51.41613719032488,123,54.59214353021346,5,1,105,2
578,57.778671099931536,51.42558704855089,123,54.60212907424121,5,1,105,2
579,57.79001093501896,51.43523949554807,122,54.612625215283515,5,1,105,2
580,57.80197906038943,51.444928148851446,122,54.62345360462044,5,1,105,2
581,57.81438297116095,51.45449173290868,123,54.634437352034816,5,1,105,2
582,57.82702729957475,51.46377627004164,123,54.6454017848082,5,1,105,2
583,57.839712452500095,51.47263307920373,123,54.65617276585191,5,1,105,2
584,57.85223305015602,51.48091512091219,123,54.66657408553411,5,1,105,2
585,57.86437655930526,51.48847373898586,124,54.67642514914556,5,1,105,2
586,57.875922221672006,51.49515736201135,123,54.68553979184168,5,1,105,2
587,57.88664008585195,51.500812069331694,123,54.69372607759182,5,1,105,2
588,57.89629043878213,51.50528226824436,122,54.700786353513244,5,1,105,2
589,57.9046244206501,51.50841080204348,121,54.70651761134679,5,1,105,2
590,57.91138602205022,51.51003888148436,121,54.71071245176729,5,1,105,2
591,57.91631507711192,51.51000691503216,121,54.713160996072034,5,1,105,2
592,57.91915086642486,51.50815799603307,121,54.71365443122896,5,1,105,2
593,57.9196359436425,51.504343268977635,121,54.71198960631007,5,1,105,2
594,57.91751970211635,51.49842586100823,122,54.70797278156229,5,1,105,2
595,57.91256110032862,51.490282405590165,122,54.70142175295939,5,1,105,2
596,57.90453055001282,51.47980352597929,122,54.69216703799606,5,1,105,2
597,57.89321155593176,51.466894158237324,122,54.68005285708454,5,1,105,2
598,57.878402208418606,51.45147410564986,122,54.66493815703423,5,1,105,2
599,57.85991614189766,51.433478338343726,122,54.646697240120695,5,1,105,2
600,57.83758296252805,51.41285567383654,122,54.625219318182296,5,1,140,3
601,57.81124853802625,51.38956593708329,122,54.60040723755477,5,1,140,3
602,57.78077554247125,51.36357716143595,121,54.5721763519536,5,1,140,3
603,57.74604464863677,51.33486419668492,121,54.540454422660844,5,1,140,3
604,57.70695617491257,51.303409895136646,121,54.50518303502461,5,1,140,3
605,57.66343140837794,51.269207998273345,121,54.46631970332564,5,1,140,3
606,57.615413800651595,51.23226479812121,121,54.4238392993864,5,1,140,3
607,57.56287120818167,51.19259850050299,122,54.37773485434233,5,1,140,3
608,57.50579898276181,51.15023707038307,123,54.32801802657244,5,1,140,3
609,57.44422235214802,51.10521611963668,123,54.27471923589235,5,1,140,3
610,57.378197603143995,51.05757917771986,124,54.217888390431924,5,1,140,3
611,57.307812651981564,51.00738024714286,125,54.15759644956221,5,1,140,3
612,57.233187196185035,50.95468610707194,125,54.09393665162849,5,1,140,3
613,57.15447225145976,50.899577291286505,126,54.027024771373135,5,1,140,3
614,57.07184907174425,50.84214812959241,126,53.95699860066833,5,1,140,3
615,56.98552764517152,50.78250643666025,127,53.884017040915886,5,1,140,3
616,56.8957444705114,50.72077362712038,127,53.80825904881589,5,1,140,3
617,56.8027588305182,50.657085060155794,128,53.729921945337,5,1,140,3
618,56.70684775359334,50.591589441243464,128,53.6492185974184,5,1,140,3
619,56.60830083021552,50.52444688878938,129,53.56637385950245,5,1,140,3
620,56.50741585523221,50.455826053509824,129,53.48162095437102,5,1,140,3
621,56.40449607182095,50.38590106838019,130,53.395198570100575,5,1,140,3
622,56.29984852480453,50.31484949698025,130,53.307349010892395,5,1,140,3
623,56.193781762926044,50.24285137507022,131,53.218316568998134,5,1,140,3
624,56.08660249516323,50.17008836726855,131,53.12834543121589,5,1,140,3
625,55.97861217167325,50.09674264588139,131,53.03767740877732,5,1,140,3
626,55.870104459981114,50.022995684129114,132,52.94655007205512,5,1,140,3
627,55.76136458709252,49.94902735108318,132,52.85519596908785,5,1,140,3
628,55.65267044541375,49.87501589071075,133,52.76384316806225,5,1,140,3
629,55.54429428757414,49.801138489605236,133,52.67271638858969,5,1,140,3
630,55.436503542741804,49.72757126016468,134,52.58203740145324,5,1,140,3
631,55.32955899450304,49.65448834384553,134,52.49202366917429,5,1,140,3
632,55.223710608761166,49.582060716987584,134,52.402885662874375,5,1,140,3
633,55.11919334852143,49.510455086652435,134,52.31482421758693,5,1,140,3
634,55.01622423967784,49.43983306887991,134,52.22802865427887,5,1,140,3
635,54.91500087922221,49.37035084183896,134,52.14267586053059,5,1,140,3
636,54.8157007972741,49.30215946643255,134,52.05893013185332,5,1,140,3
637,54.718480304336715,49.23540538423402,134,51.97694284428537,5,1,140,3
638,54.623472138259274,49.17022991994899,134,51.89685102910413,5,1,140,3
639,54.530781908484705,49.10676739596689,135,51.8187746522258,5,1,140,3
640,54.44048440844774,49.04514224694727,135,51.742813327697505,5,1,140,3
641,54.35262194032149,48.98546581512875,136,51.669043877725116,5,1,140,3
642,54.2672055287919,48.927833799831696,136,51.5975196643118,5,1,140,3
643,54.184218633039585,48.87232465205177,137,51.528271642545675,5,1,140,3
644,54.10362218628372,48.81899852250519,137,51.461310354394456,5,1,140,3
645,54.02535901236806,48.76789656683436,136,51.39662778960121,5,1,140,3
646,53.94935713227801,48.719040607048015,136,51.33419886966301,5,1,140,3
647,53.87553293682077,48.67243392885381,136,51.27398343283729,5,1,140,3
648,53.803795494550975,48.62806477512446,135,51.21593013483772,5,1,140,3
649,53.73405355681599,48.58591195019276,135,51.15998275350437,5,1,140,3
650,53.66622428591198,48.54594980407561,136,51.1060870449938,5,1,140,3
651,53.60024019635849,48.508151133863045,136,51.05419566511077,5,1,140,3
652,53.536052554859204,48.47248780757845,136,51.00427018121883,5,1,140,3
653,53.473631239983206,48.43892969615188,137,50.95628046806755,5,1,140,3
654,53.412962037701206,48.40744327946991,137,50.91020265858556,5,1,140,3
655,53.35404332400643,48.3779909998957,137,50.86601716195106,5,1,140,3
656,53.29688242747525,48.35053214409618,137,50.823707285785716,5,1,140,3
657,53.24149030629769,48.325024473454185,137,50.78325738987594,5,1,140,3
658,53.187874637248235,48.301424262776834,137,50.74464945001253,5,1,140,3
659,53.13603287708999,48.27968484549479,136,50.707858861292394,5,1,140,3
660,53.0859461741798,48.25975620202913,137,50.67285118810447,5,1,140,3
661,53.03757432541853,48.241586469894585,137,50.63958039765656,5,1,140,3
662,52.99085207149092,48.22512459599912,137,50.60798833374502,5,1,140,3
663,52.94568712121704,48.210323059019764,138,50.5780050901184,5,1,140,3
664,52.901960393739415,48.1971392971214,138,50.549549845430406,5,1,140,3
665,52.85952906519891,48.185535549138024,137,50.52253230716847,5,1,140,3
666,52.818231836504424,48.17547789016809,137,50.49685486333625,5,1,140,3
667,52.77789466870976,48.166935437550364,136,50.472415053130064,5,1,140,3
668,52.73833552541459,48.15988089820756,136,50.44910821181108,5,1,140,3
669,52.69936695443124,48.15429226276408,136,50.42682960859766,5,1,140,3
670,52.66079758444697,48.1501540862552,136,50.40547583535108,5,1,140,3
671,52.622435855849936,48.14745767300321,135,50.38494676442657,5,1,140,3
672,52.58409637882699,48.146200360979044,135,50.36514836990302,5,1,140,3
673,52.545606385719864,48.14638468608466,135,50.34599553590226,5,1,140,3
674,52.50681032973666,48.1480187919129,135,50.32741456082478,5,1,140,3
675,52.467571267140485,48.151117694791495,136,50.30934448096599,5,1,140,3
676,52.427770000701145,48.1557032581641,136,50.29173662943262,5,1,140,3
677,52.387305302830626,48.16180238838772,136,50.27455384560918,5,1,140,3
678,52.346096098101754,48.1694446220566,135,50.25777036007918,5,1,140,3
679,52.30408404611749,48.17866037243932,135,50.2413722092784,5,1,140,3
680,52.26123496537697,48.189481200120206,134,50.225358082748585,5,1,140,3
681,52.217537538435046,48.20194161968574,134,50.2097395790604,5,1,140,3
682,52.173000176735925,48.21608010104521,134,50.19454013889057,5,1,140,3
683,52.12764936159906,48.23193819192295,134,50.179793776761,5,1,140,3
684,52.08153053414759,48.2495579560004,134,50.165544245073995,5,1,140,3
685,52.03471036329976,48.26897860391281,135,50.15184448360628,5,1,140,3
686,51.98727863542219,48.29023387706579,135,50.138756256243994,5,1,140,3
687,51.939347423700696,48.31335028122348,136,50.12634885246209,5,1,140,3
688,51.891047633373304,48.33834480384673,136,50.11469621861002,5,1,140,3
689,51.84252545707186,48.36522217980933,137,50.10387381844059,5,1,140,3
690,51.793939713633456,48.39397326582895,136,50.0939564897312,5,1,140,3
691,51.74545948290619,48.42457494620665,135,50.085017214556416,5,1,140,3
692,51.69726144886321,48.456990594652964,135,50.07712602175809,5,1,140,3
693,51.649526363169876,48.49117089749345,135,50.070348630331665,5,1,140,3
694,51.602434724010266,48.5270560141993,135,50.064745369104784,5,1,140,3
695,51.55616244769451,48.56457832820636,136,50.060370387950435,5,1,140,3
696,51.51087731056172,48.60366305788021,137,50.05727018422097,5,1,140,3
697,51.46673693874714,48.644226891233785,137,50.055481914990466,5,1,140,3
698,51.42388824567539,48.68617776676569,137,50.05503300622054,5,1,140,3
699,51.382467339465904,48.729417167248386,136,50.055942253357145,5,1,140,3
700,51.34259931273652,48.77384453774929,136,50.058221925242904,5,1,140,3
701,51.30439771759608,48.81936197618142,135,50.06187984688875,5,1,140,3
702,51.26796362633859,48.86587588163923,136,50.06691975398891,5,1,140,3
703,51.233384276081466,48.913295171880286,136,50.07333972398088,5,1,140,3
704,51.20073129578121,48.96152860739563,137,50.08112995158842,5,1,140,3
705,51.17005851427147,49.010483174256926,138,50.0902708442642,5,1,140,3
706,51.14140032359566,49.060064892700645,138,50.10073260814815,5,1,140,3
707,51.11477254756029,49.11018176028704,139,50.11247715392366,5,1,140,3
708,51.09017522974308,49.16074688033919,139,50.125461055041136,5,1,140,3
709,51.06759421948942,49.21168031401399,139,50.139637266751706,5,1,140,3
710,51.04700126327284,49.26290868196644,139,50.154954972619635,5,1,140,3
711,51.0283551376153,49.314363004540525,138,50.171359071077916,5,1,140,3
712,51.01160489690818,49.36597673239467,138,50.188790814651426,5,1,140,3
713,50.99669484659377,49.41768513910191,137,50.207189992847844,5,1,140,3
714,50.9835704621659,49.46942646691868,137,50.22649846454229,5,1,140,3
715,50.97218408437566,49.5211436562752,136,50.246663870325435,5,1,140,3
716,50.96249902592496,49.572783928890495,136,50.26764147740773,5,1,140,3
717,50.95449052974958,49.624295445108096,135,50.28939298742884,5,1,140,3
718,50.94814426221478,49.675622206754205,135,50.3118832344845,5,1,140,3
719,50.94345526774815,49.72669866943032,135,50.335076968589235,5,1,140,3
720,50.94042797037084,49.777445820830444,135,50.35893689560064,5,1,140,3
721,50.93907546653808,49.82776940889449,135,50.383422437716284,5,1,140,3
722,50.939417426463315,49.87755993088672,135,50.40848867867501,5,1,140,3
723,50.94147699388143,49.92669389718359,135,50.43408544553251,5,1,140,3
724,50.94527717165459,49.975035786255354,135,50.46015647895497,5,1,140,3
725,50.95083727811749,50.022440692753214,134,50.48663898543535,5,1,140,3
726,50.958169961513505,50.068758256011236,134,50.51346410876237,5,1,140,3
727,50.967279162379235,50.113837383503515,134,50.540558272941375,5,1,140,3
728,50.97815912123555,50.15753021097103,134,50.56784466610329,5,1,140,3
729,50.99079423647467,50.19969461879085,134,50.595244427632764,5,1,140,3
730,51.00515928484772,50.24019550196217,135,50.62267739340494,5,1,140,3
731,51.02121922447835,50.27890528360362,135,50.65006225404099,5,1,140,3
732,51.03892858079757,50.31570445435275,135,50.67731651757516,5,1,140,3
733,51.0582311962677,50.35048204211114,135,50.70435661918942,5,1,140,3
734,51.07906083229355,50.38313503862371,136,50.731097935458635,5,1,140,3
735,51.101342819249176,50.41356697970371,135,50.75745489947644,5,1,140,3
736,51.124995975339765,50.44168704624569,135,50.783341510792724,5,1,140,3
737,51.14993303978961,50.46741076045144,134,50.80867190012053,5,1,140,3
738,51.17605981670244,50.49066305898205,134,50.83336143784224,5,1,140,3
739,51.20327517678753,50.51138247635004,134,50.85732882656879,5,1,140,3
740,51.23147250364012,50.5295231234284,135,50.88049781353426,5,1,140,3
741,51.2605416107554,50.54505338910402,135,50.90279749992971,5,1,140,3
742,51.29037025308389,50.557952536231575,135,50.92416139465773,5,1,140,3
743,51.320844454542204,50.568207045614,135,50.9445257500781,5,1,140,3
744,51.35184775077155,50.5758092443449,135,50.963828497558225,5,1,140,3
745,51.38326032430901,50.58075831627769,135,50.98200932029335,5,1,140,3
746,51.4149586192219,50.58306135383688,135,50.99900998652939,5,1,140,3
747,51.44681563214955,50.58273298811656,135,51.014774310133056,5,1,140,3
748,51.47870139398848,50.579793011935934,135,51.02924720296221,5,1,140,3
749,51.510482473747,50.574263458697956,135,51.04237296622247,5,1,140,3
750,51.54202070167695,50.56616864809858,136,51.054094674887764,5,1,140,3
751,51.57317267437727,50.55553878356843,136,51.06435572897285,5,1,140,3
752,51.60379033664467,50.54241476015759,136,51.07310254840113,5,1,140,3
753,51.633721666931685,50.52685213407301,137,51.080286900502344,5,1,140,3
754,51.66281117609874,50.50892249751751,137,51.08586683680812,5,1,140,3
755,51.690900611964686,50.488712648095934,137,51.08980663003031,5,1,140,3
756,51.71783016469154,50.46632408764588,137,51.09207712616871,5,1,140,3
757,51.74344037055783,50.44187392205475,138,51.09265714630629,5,1,140,3
758,51.76757442399211,50.41549677032889,138,51.0915355971605,5,1,140,3
759,51.7900801200285,50.38734670570323,138,51.088713412865864,5,1,140,3
760,51.81081142960869,50.3575976660799,139,51.084204547844294,5,1,140,3
761,51.82963049038741,50.326442233849015,138,51.07803636211821,5,1,140,3
762,51.84641011284789,50.29409014790263,138,51.07025013037526,5,1,140,3
763,51.86103621865195,50.26076713007024,137,51.06090167436109,5,1,140,3
764,51.87340982303977,50.22671382764043,137,51.0500618253401,5,1,140,3
765,51.88344836795049,50.192183795549134,137,51.03781608174981,5,1,140,3
766,51.89108660246931,50.15743856375629,137,51.0242625831128,5,1,140,3
767,51.89627759712004,50.122740371110915,137,51.00950898411548,5,1,140,3
768,51.89899389301708,50.08834568285556,137,50.99366978793632,5,1,140,3
769,51.8992282013705,50.054500950787585,136,50.97686457607904,5,1,140,3
770,51.896993751303164,50.021440417051245,136,50.959217084177205,5,1,140,3
771,51.89232506639224,49.98938507989815,136,50.940855073145194,5,1,140,3
772,51.88527916972255,49.95854125715852,135,50.92191021344054,5,1,140,3
773,51.87593643660233,49.92909854891025,135,50.90251749275629,5,1,140,3
774,51.864400801429895,49.901228366601174,134,50.882814584015534,5,1,140,3
775,51.850799512526905,49.875084098589866,135,50.862941805558386,5,1,140,3
776,51.83528243332189,49.850803884793876,135,50.843043159057885,5,1,140,3
777,51.8180206928395,49.828514827578125,135,50.82326776020881,5,1,140,3
778,51.79920468316709,49.80833532042525,136,50.80377000179617,5,1,140,3
779,51.7790415963081,49.79037461455275,136,50.784708105430425,5,1,140,3
780,51.75775249746988,49.77473118223535,136,50.76624183985261,5,1,140,3
781,51.735568736511425,49.7614912406602,137,50.748529988585815,5,1,140,3
782,51.71272759659312,49.75072860522692,136,50.73172810091002,5,1,140,3
783,51.6894671764447,49.74250538326531,136,50.715986279855,5,1,140,3
784,51.66602060012031,49.73687136121074,136,50.701445980665525,5,1,140,3
785,51.64260974564179,49.73386169412576,136,50.68823571988378,5,1,140,3
786,51.61943965939287,49.7334942623178,137,50.676466960855336,5,1,140,3
787,51.59669579867777,49.73576786496579,138,50.666231831821776,5,1,140,3
788,51.57454409926574,49.74066222586362,138,50.65760316256468,5,1,140,3
789,51.55313171919426,49.74813961622765,138,50.65063566771096,5,1,140,3
790,51.53258738331954,49.75814672935575,138,50.64536705633765,5,1,140,3
791,51.51302132631478,49.77061602741452,138,50.641818676864645,5,1,140,3
792,51.49452541733785,49.78546636609692,138,50.63999589171738,5,1,140,3
793,51.47717463510616,49.80260358095761,138,50.63988910803188,5,1,140,3
794,51.46103008700913,49.82192259728293,138,50.64147634214603,5,1,140,3
795,51.44614279075572,49.84331126002398,137,50.644727025389855,5,1,140,3
796,51.432557144657594,49.86665471495808,137,50.649605929807834,5,1,140,3
797,51.420312720201125,49.89183946496503,137,50.65607609258308,5,1,140,3
798,51.40944388851862,49.91875651796412,136,50.66410020324137,5,1,140,3
799,51.39997767030218,49.94730333564365,136,50.673640502972916,5,1,140,3
800,51.39193107662845,49.977384584653855,137,50.68465783064116,5,1,140,3
801,51.38531008611082,50.00891188692538,137,50.6971109865181,5,1,140,3
802,51.380110843343815,50.04180296075388,138,50.71095690204885,5,1,140,3
803,51.37632210316419,50.07598034911544,139,50.72615122613982,5,1,140,3
804,51.373927652781894,50.11136973651455,140,50.742648694648224,5,1,140,3
805,51.37290715133486,50.14789814820119,140,50.760402649768025,5,1,140,3
806,51.373235777264746,50.185492618153404,140,50.77936419770907,5,1,140,3
807,51.37488502473792,50.22407991219648,140,50.799482468467204,5,1,140,3
808,51.3778254297903,50.26358789262232,139,50.82070666120631,5,1,140,3
809,51.38203044631092,50.3039480377544,140,50.84298924203266,5,1,140,3
810,51.387480301845656,50.3450975569695,139,50.866288929407574,5,1,140,3
811,51.39416427301718,50.38698051700651,139,50.890572395011844,5,1,140,3
812,51.40208167346722,50.42954837068432,139,50.915815022075776,5,1,140,3
813,51.41124370029794,50.47276047411595,139,50.942002087206944,5,1,140,3
814,51.42167662669537,50.51658537345907,139,50.969131000077226,5,1,140,3
815,51.433425170090764,50.56100237414068,141,50.99721377211572,5,1,140,3
816,51.446554377284826,50.606001637375016,140,51.02627800732992,5,1,140,3
817,51.46114787999012,50.65158182893168,141,51.0563648544609,5,1,140,3
818,51.47730339762722,50.69774512525397,141,51.08752426144059,5,1,140,3
819,51.49512938761103,50.74449123511833,139,51.11981031136468,5,1,140,3
820,51.514743524394305,50.791813948181456,138,51.15327873628788,5,1,140,3
821,51.53627046961164,50.83970108827596,138,51.1879857789438,5,1,140,3
822,51.55983737090625,50.88813611587783,137,51.22398674339204,5,1,140,3
823,51.585566502306804,50.937099429180904,136,51.261332965743854,5,1,140,3
824,51.613566507286805,50.98656721821625,135,51.30006686275153,5,1,140,3
825,51.64392575400797,51.03650836002151,136,51.34021705701474,5,1,140,3
826,51.67670887401259,51.08688247644651,136,51.381795675229554,5,1,140,3
827,51.71195511748926,51.13763974031822,137,51.424797428903744,5,1,140,3
828,51.74967706105665,51.18872047985089,137,51.46919877045377,5,1,140,3
829,51.78985810686778,51.24005350916944,138,51.51495580801861,5,1,140,3
830,51.83244945561976,51.29155299081149,138,51.562001223215624,5,1,140,3
831,51.87736947987043,51.34311509932736,139,51.6102422895989,5,1,140,3
832,51.92450637626569,51.394617218391026,139,51.65956179732836,5,1,140,3
833,51.973722927485895,51.445920355810294,140,51.70982164164809,5,1,140,3
834,52.02486152240908,51.49687341280733,140,51.76086746760821,5,1,140,3
835,52.077746900617484,51.54731745649528,140,51.81253217855638,5,1,140,3
836,52.13218701383258,51.597087656978985,140,51.86463733540578,5,1,140,3
837,52.18797532327666,51.6460134767749,139,51.91699440002578,5,1,140,3
838,52.244895413777165,51.6939206264769,140,51.969408020127034,5,1,140,3
839,52.30272636720573,51.740635764683425,139,52.02168106594458,5,1,140,3
840,52.36124714291693,51.785992384251685,139,52.073619763584304,5,1,140,3
841,52.42023801785422,51.829835351566274,139,52.125036684710246,5,1,140,3
842,52.479479382376276,51.87202059005899,139,52.17574998621763,5,1,140,3
843,52.53875043121771,51.91241039809352,139,52.22558041465561,5,1,140,3
844,52.597829118541505,51.95086889020671,138,52.27434900437411,5,1,140,3
845,52.65649357559365,51.987260099859014,138,52.321876837726336,5,1,140,3
846,52.714524116573116,52.02144933105936,138,52.36798672381624,5,1,140,3
847,52.771703885418304,52.0533063954559,138,52.412505140437105,5,1,140,3
848,52.8278183420122,52.08270742069985,138,52.45526288135602,5,1,140,3
849,52.88265593209865,52.109534646870365,138,52.49609528948451,5,1,140,3
850,52.93601052947853,52.133676358705166,138,52.53484344409185,5,1,140,3
851,52.98768448331632,52.15502832100268,138,52.5713564021595,5,1,140,3
852,53.03749129837712,52.17349730417242,137,52.605494301274774,5,1,140,3
853,53.085257170963864,52.189005726159884,137,52.637131448561874,5,1,140,3
854,53.13082138344943,52.201494876174124,137,52.66615812981178,5,1,140,3
855,53.17403634039939,52.210925550951664,137,52.69248094567553,5,1,140,3
856,53.21476783401564,52.21727629955449,136,52.716022066785065,5,1,140,3
857,53.252895931360165,52.22054044777954,136,52.73671818956986,5,1,140,3
858,53.28831590022808,52.22072404835532,135,52.754519974291696,5,1,140,3
859,53.32093761493897,52.21784485458154,135,52.769391234760256,5,1,140,3
860,53.35068324861046,52.21193036657943,135,52.781306807594945,5,1,140,3
861,53.3774844237829,52.20301426712908,135,52.79024934545599,5,1,140,3
862,53.401279602926095,52.191131831914774,135,52.796205717420435,5,1,140,3
863,53.4220121100585,52.1763155816763,135,52.7991638458674,5,1,140,3
864,53.43962868692275,52.15859312650297,135,52.79911090671286,5,1,140,3
865,53.45407799940586,52.137987689462356,135,52.79603284443411,5,1,140,3
866,53.46530860736036,52.11452033374108,135,52.78991447055073,5,1,140,3
867,53.47326600847788,52.08821242985828,135,52.78073921916808,5,1,140,3
868,53.477889537330995,52.05908641187287,135,52.76848797460193,5,1,140,3
869,53.47911107120429,52.02716491978468,135,52.753137995494484,5,1,140,3
870,53.47685564121443,51.99247047359618,134,52.7346630574053,5,1,140,3
871,53.4710421941184,51.955026361445675,135,52.713034277782036,5,1,140,3
872,53.46158353060461,51.91485796116738,136,52.68822074588599,5,1,140,3
873,53.448385226253194,51.87199351953142,136,52.660189372892305,5,1,140,3
874,53.43134451190403,51.82646321830242,137,52.628903865103226,5,1,140,3
875,53.4103512607323,51.77829681929039,137,52.594324040011344,5,1,140,3
876,53.3852913762388,51.7275216436156,137,52.5564065099272,5,1,140,3
877,53.35605102225203,51.67416195765139,137,52.51510648995171,5,1,140,3
878,53.322520136094425,51.61824015537368,136,52.470380145734055,5,1,140,3
879,53.284593666066435,51.559778858896166,136,52.422186262481304,5,1,140,3
880,53.2421713152543,51.49880179100762,136,52.37048655313096,5,1,140,3
881,53.19515891449326,51.43533283412543,136,52.31524587430935,5,1,140,3
882,53.143472108802534,51.36939425066817,136,52.25643317973535,5,1,140,3
883,53.0870406030661,51.30100552754767,137,52.19402306530689,5,1,140,3
884,53.02581140764361,51.23018479519554,137,52.12799810141958,5,1,140,3
885,52.95974971945213,51.156952430662066,137,52.0583510750571,5,1,140,3
886,52.88883802456096,51.08133411342913,137,51.985086068995045,5,1,140,3
887,52.8130759588254,51.00336206561125,137,51.908219012218325,5,1,140,3
888,52.732481707138874,50.92307467121333,137,51.8277781891761,5,1,140,3
889,52.647093965932676,50.84051554685402,137,51.743804756393345,5,1,140,3
890,52.5569734932476,50.75573401410138,137,51.65635375367449,5,1,140,3
891,52.46220327037351,50.6687876554945,137,51.565495462934,5,1,140,3
892,52.36288756671876,50.57974636823929,138,51.47131696747903,5,1,140,3
893,52.25915146723166,50.48869645158862,137,51.37392395941014,5,1,140,3
894,52.151140958290014,50.39574238588755,137,51.27344167208878,5,1,140,3
895,52.03902220457509,50.301006106851375,137,51.17001415571323,5,1,140,3
896,51.92297972204232,50.20462572420506,137,51.063802723123686,5,1,140,3
897,51.80321422471138,50.10675456062817,137,50.95498439266977,5,1,140,3
898,51.679941020249814,50.00756031377848,137,50.84375066701415,5,1,140,3
899,51.55338992660351,49.907224143928914,137,50.73030703526621,5,1,140,3
900,51.42380651123927,49.80593948952892,138,50.614873000384094,5,1,175,4
901,51.29145328387949,49.70391021772521,138,50.49768175080235,5,1,175,4
902,51.15661005858985,49.601347521622934,138,50.37897879010639,5,1,175,4
903,51.019573286048825,49.49846614635564,138,50.25901971620223,5,1,175,4
904,50.88065483932393,49.39548169636468,138,50.138068267844304,5,1,175,4
905,50.7401814189823,49.292609508240446,138,50.016395463611374,5,1,175,4
906,50.59849476774857,49.19006430546812,138,49.894279536608344,5,1,175,4
907,50.455951909315914,49.088059851422585,138,49.77200588036925,5,1,175,4
908,50.31292462567769,48.98680781697024,139,49.64986622132396,5,1,175,4
909,50.16979738711054,48.88651576181488,139,49.52815657446271,5,1,175,4
910,50.02696324133303,48.78738481152219,139,49.40717402642761,5,1,175,4
911,49.88481746079273,48.689607709760075,139,49.28721258527641,5,1,175,4
912,49.74374981983465,48.59336802292503,140,49.16855892137984,5,1,175,4
913,49.60413744639592,48.49884000647006,141,49.05148872643299,5,1,175,4
914,49.46633941265179,48.406187374411154,141,48.936263393531476,5,1,175,4
915,49.33069344892035,48.31556057915545,141,48.8231270140379,5,1,175,4
916,49.19751370233168,48.227093574482936,142,48.712303638407306,5,1,175,4
917,49.067086999025314,48.14090132733564,142,48.603994163180474,5,1,175,4
918,48.939667702542124,48.05707963693104,143,48.49837366973658,5,1,175,4
919,48.815473895036725,47.975707552021824,143,48.395590723529274,5,1,175,4
920,48.69468673058056,47.89685140942995,143,48.29576907000525,5,1,175,4
921,48.57745393251551,47.82056941968494,143,48.19901167610023,5,1,175,4
922,48.463895968940534,47.746915628243244,142,48.10540579859189,5,1,175,4
923,48.3541110024933,47.67594276365927,142,48.01502688307629,5,1,175,4
924,48.2481769543772,47.60770416691393,143,47.92794056064557,5,1,175,4
925,48.14615126630808,47.5422548985986,142,47.84420308245334,5,1,175,4
926,48.04807011483686,47.47965202311346,142,47.76386106897516,5,1,175,4
927,47.95395000327682,47.41995406902241,141,47.68695203614962,5,1,175,4
928,47.86379173065844,47.36321966468565,141,47.613505697672046,5,1,175,4
929,47.77758381130444,47.30950554333886,141,47.54354467732165,5,1,175,4
930,47.69530397946223,47.258864306855244,141,47.477084143158734,5,1,175,4
931,47.616918974232995,47.21134214239806,141,47.41413055831553,5,1,175,4
932,47.542383775594665,47.16697649117516,141,47.35468013338492,5,1,175,4
933,47.47164243786893,47.12579396120435,141,47.29871819953664,5,1,175,4
934,47.40463100901851,47.08780906872872,141,47.246220038873616,5,1,175,4
935,47.34128136618037,47.053023905412495,141,47.19715263579643,5,1,175,4
936,47.28152431026836,47.02142834095763,141,47.15147632561299,5,1,175,4
937,47.22528977485915,46.993000566038894,141,47.109145170449025,5,1,175,4
938,47.1725047356584,46.96770797571157,142,47.070106355684985,5,1,175,4
939,47.123092137918974,46.94550810100639,142,47.034300119462685,5,1,175,4
940,47.076971818332126,46.926349003976284,143,47.001660411154205,5,1,175,4
941,47.034062057070905,46.910169331929836,143,46.972115694500374,5,1,175,4
942,46.99428059078368,46.89689900704951,143,46.9455897989166,5,1,175,4
943,46.9575441124398,46.886460844961505,144,46.92200247870065,5,1,175,4
944,46.923766649462,46.87877271318017,144,46.90126968132108,5,1,175,4
945,46.89285857711778,46.87374945031336,144,46.88330401371557,5,1,175,4
946,46.86472704881285,46.871303376850925,144,46.86801521283189,5,1,175,4
947,46.83927764961061,46.871343203789685,145,46.85531042670014,5,1,175,4
948,46.81641600643306,46.87377212077325,145,46.845094063603156,5,1,175,4
949,46.7960470155152,46.87848623563438,146,46.837266625574784,5,1,175,4
950,46.77807178612723,46.88537492745809,146,46.83172335679266,5,1,175,4
951,46.762384838033555,46.894323114780626,146,46.82835397640709,5,1,175,4
952,46.74887291977353,46.90521388002992,146,46.827043399901726,5,1,175,4
953,46.73741564449841,46.91793047661028,146,46.827673060554346,5,1,175,4
954,46.727886969757634,46.932357330297044,146,46.830122150027336,5,1,175,4
955,46.72015537728416,46.948380524445376,146,46.83426795086477,5,1,175,4
956,46.71408207198277,46.965889136336884,146,46.83998560415983,5,1,175,4
957,46.709517982481565,46.98477742642746,147,46.847147704454514,5,1,175,4
958,46.7063009309561,47.00494651667949,146,46.85562372381779,5,1,175,4
959,46.704254925320576,47.02630448670654,147,46.86527970601356,5,1,175,4
960,46.703191771397826,47.04876410898662,147,46.87597794019222,5,1,175,4
961,46.70291344720677,47.07223871228241,146,46.88757607974459,5,1,175,4
962,46.70321407184135,47.09663793032169,146,46.899926001081525,5,1,175,4
963,46.70388069172186,47.12186421495689,147,46.912872453339375,5,1,175,4
964,46.70469347264782,47.14781011524885,147,46.92625179394834,5,1,175,4
965,46.70542725171281,47.174356226486275,147,46.939891739099544,5,1,175,4
966,46.705855232793645,47.20136961576193,147,46.953612424277786,5,1,175,4
967,46.7057544389483,47.22870311612853,147,46.96722877753841,5,1,175,4
968,46.70491175477862,47.25619646677967,147,46.980554110779146,5,1,175,4
969,46.703128611459384,47.28367959415109,147,46.993404102805236,5,1,175,4
970,46.7002240251082,47.310977646267006,147,47.0056008356876,5,1,175,4
971,46.69603735707258,47.33791680757723,147,47.01697708232491,5,1,175,4
972,46.69043167677071,47.364329336380486,147,47.0273805065756,5,1,175,4
973,46.68329811973188,47.390057339824615,147,47.03667772977825,5,1,175,4
974,46.67456026757054,47.4149558742941,147,47.04475807093232,5,1,175,4
975,46.66417621065453,47.438895568696516,148,47.05153588967552,5,1,175,4
976,46.652138099568724,47.46176457781028,148,47.0569513386895,5,1,175,4
977,46.63847113678497,47.48347006276915,148,47.060970599777065,5,1,175,4
978,46.623233471728106,47.503939785639524,148,47.063586628683815,5,1,175,4
979,46.606517974211066,47.52312401460233,148,47.0648209944067,5,1,175,4
980,46.58845461732997,47.540997545780414,148,47.06472608155519,5,1,175,4
981,46.56920995701011,47.55756106217777,148,47.06338550959394,5,1,175,4
982,46.548982925880914,47.57284046459724,148,47.06091169523908,5,1,175,4
983,46.527998889659436,47.5868839794522,148,47.05744143455582,5,1,175,4
984,46.50650381619793,47.59975801844858,148,47.05313091732326,5,1,175,4
985,46.48476030940569,47.611543350012184,149,47.048151829708935,5,1,175,4
986,46.463045016547426,47.6223337272872,149,47.04268937191731,5,1,175,4
987,46.441644673778015,47.6322362887017,150,47.03694048123985,5,1,175,4
988,46.42084951763932,47.64137021829279,150,47.03110986796605,5,1,175,4
989,46.40094425318226,47.64986210353094,151,47.0254031783566,5,1,175,4
990,46.382198525004775,47.65783837896291,151,47.020018451983844,5,1,175,4
991,46.36486059324962,47.66541709711008,152,47.01513884517985,5,1,175,4
992,46.349154893165185,47.67270312127667,153,47.01092900722092,5,1,175,4
993,46.335281133484884,47.67978800645081,153,47.007534569967845,5,1,175,4
994,46.32341346707014,47.68675300607518,153,47.00508323657266,5,1,175,4
995,46.313699145477116,47.693672667266625,154,47.00368590637187,5,1,175,4
996,46.30625723995843,47.70061550184031,154,47.003436370899365,5,1,175,4
997,46.30117918227864,47.70764153689425,154,47.004410359586444,5,1,175,4
998,46.298531123484835,47.714799865102144,154,47.006665494293486,5,1,175,4
999,46.29835635352761,47.72212833961431,154,47.01024234657096,5,1,175,4
1000,46.30067690284766,47.729656583240214,153,47.015166743043935,5,1,175,4
1001,46.30549432523278,47.73741123838939,153,47.021452781811085,5,1,175,4
1002,46.312790051741906,47.745420141013085,152,47.02910509637749,5,1,175,4
1003,46.32252609597088,47.75371385750293,152,47.03811997673691,5,1,175,4
1004,46.33464601340442,47.76232477916441,151,47.04848539628441,5,1,175,4
1005,46.3490751400594,47.771285236854624,151,47.06018018845701,5,1,175,4
1006,46.36571991622679,47.780627366348305,151,47.073173641287546,5,1,175,4
1007,46.384466881719874,47.79038472392839,150,47.08742580282413,5,1,175,4
1008,46.40518241700921,47.80059292063259,150,47.1028876688209,5,1,175,4
1009,46.427714792604725,47.81128829925424,150,47.11950154592948,5,1,175,4
1010,46.451898333675246,47.82250543386077,150,47.13720188376801,5,1,175,4
1011,46.47755775149483,47.834274524191024,150,47.15591613784292,5,1,175,4
1012,46.50451176643066,47.84662004992078,151,47.17556590817572,5,1,175,4
1013,46.53257622025119,47.859561172022275,151,47.196068696136734,5,1,175,4
1014,46.56156716824964,47.87311349069672,151,47.217340329473174,5,1,175,4
1015,46.591304734341385,47.88729137926946,151,47.239298056805424,5,1,175,4
1016,46.62161743936471,47.90210972332671,151,47.26186358134571,5,1,175,4
1017,46.652345639827175,47.917584869780555,152,47.284965254803865,5,1,175,4
1018,46.683343494520855,47.933735565931364,152,47.30853953022611,5,1,175,4
1019,46.71447965656166,47.95058398580471,152,47.33253182118318,5,1,175,4
1020,46.7456374734245,47.96815625823244,152,47.356896865828475,5,1,175,4
1021,46.776716062546285,47.98648230124868,151,47.381599181897485,5,1,175,4
1022,46.80763177661859,48.005595157466026,150,47.406613467042305,5,1,175,4
1023,46.83831771922892,48.02552973243794,150,47.43192372583343,5,1,175,4
1024,46.868721117088114,48.04632054536587,149,47.457520831226994,5,1,175,4
1025,46.89880050066918,48.067998491623904,149,47.483399496146546,5,1,175,4
1026,46.928523962087255,48.09058700672325,149,47.509555484405254,5,1,175,4
1027,46.957869076088805,48.11409860663357,148,47.53598384136119,5,1,175,4
1028,46.98682370434736,48.13853336472513,148,47.562678534536246,5,1,175,4
1029,47.01538553759932,48.16387952022366,149,47.589632528911494,5,1,175,4
1030,47.04356027827712,48.19011504771999,149,47.616837662998556,5,1,175,4
1031,47.071360414428334,48.2172092125328,149,47.64428481348057,5,1,175,4
1032,47.09880517006368,48.24512333196223,149,47.67196425101295,5,1,175,4
1033,47.12592085144545,48.27381074290805,149,47.69986579717675,5,1,175,4
1034,47.152741003795114,48.30321675675011,149,47.727978880272616,5,1,175,4
1035,47.17930598786516,48.33327928498166,149,47.75629263642341,5,1,175,4
1036,47.20566226846602,48.36393072167364,149,47.78479649506983,5,1,175,4
1037,47.23186238968934,48.395100400966214,149,47.81348139532778,5,1,175,4
1038,47.257965441023615,48.42671567987755,149,47.84234056045058,5,1,175,4
1039,47.28403664801488,48.45870125736976,149,47.87136895269232,5,1,175,4
1040,47.31014530625591,48.49097790124813,149,47.900561603752024,5,1,175,4
1041,47.33636086263051,48.523461559455384,150,47.92991121104295,5,1,175,4
1042,47.36274821567458,48.55606363732065,150,47.95940592649761,5,1,175,4
1043,47.38936457490338,48.588692442072606,150,47.98902850848799,5,1,175,4
1044,47.41625817072777,48.62125501567203,150,48.018756593199896,5,1,175,4
1045,47.44346705840253,48.653658674614796,150,48.04856286650866,5,1,175,4
1046,47.47101752757685,48.685811672929205,150,48.078414600253026,5,1,175,4
1047,47.498922897166814,48.71762328242372,150,48.10827308979527,5,1,175,4
1048,47.52718328037513,48.749004462060824,150,48.138093871217976,5,1,175,4
1049,47.55578670980258,48.7798696055542,150,48.167828157678386,5,1,175,4
1050,47.58471142756552,48.810139173493525,150,48.197425300529524,5,1,175,4
1051,47.613928560286794,48.839742138403565,151,48.22683534934518,5,1,175,4
1052,47.64340439897752,48.86861629321382,151,48.25601034609567,5,1,175,4
1053,47.6731015039412,48.89670642424114,151,48.28490396409117,5,1,175,4
1054,47.702979025364456,48.923962300408775,151,48.313470662886616,5,1,175,4
1055,47.7329938007716,48.95033784510283,151,48.341665822937216,5,1,175,4
1056,47.76310232751497,48.975792271765286,151,48.36944729964013,5,1,175,4
1057,47.793262245450684,49.00029279379055,150,48.39677751962061,5,1,175,4
1058,47.82343303785225,49.02381734874569,150,48.42362519329897,5,1,175,4
1059,47.85357673149656,49.046356069413214,150,48.44996640045488,5,1,175,4
1060,47.883658499013414,49.06791052660145,150,48.47578451280744,5,1,175,4
1061,47.913646188735775,49.08849152417987,150,48.50106885645782,5,1,175,4
1062,47.943509075209114,49.10811798231533,150,48.52581352876222,5,1,175,4
1063,47.97321739144426,49.12681720136408,151,48.550017296404164,5,1,175,4
1064,48.00274283846851,49.14462455536884,151,48.57368369691868,5,1,175,4
1065,48.03205890220588,49.161581834436085,150,48.596820368320984,5,1,175,4
1066,48.06114049044669,49.17773462560493,150,48.61943755802581,5,1,175,4
1067,48.08996308539453,49.19312960941686,150,48.64154634740569,5,1,175,4
1068,48.11850170479647,49.20781313702701,150,48.663157420911745,5,1,175,4
1069,48.14673006219029,49.221831282211156,150,48.68428067220072,5,1,175,4
1070,48.174620121736794,49.23523039215687,149,48.70492525694684,5,1,175,4
1071,48.20214204805105,49.24805716094262,149,48.72509960449683,5,1,175,4
1072,48.22926425886282,49.26035724962277,149,48.74481075424279,5,1,175,4
1073,48.25595299575674,49.27217293988709,149,48.764062967821914,5,1,175,4
1074,48.28217170609951,49.283541771331464,150,48.78285673871549,5,1,175,4
1075,48.30788140712288,49.294496649373386,150,48.80118902824813,5,1,175,4
1076,48.333041642579396,49.305066447860085,150,48.819054045219744,5,1,175,4
1077,48.35761008183337,49.31527632556077,149,48.83644320369707,5,1,175,4
1078,48.38154056694982,49.32514717087514,149,48.85334386891248,5,1,175,4
1079,48.404781169052605,49.33469436944153,149,48.86973776924707,5,1,175,4
1080,48.427273230056414,49.34392686968629,149,48.88560004987136,5,1,175,4
1081,48.44895178073376,49.352847228836055,149,48.9008995047849,5,1,175,4
1082,48.46974655573143,49.361453029403464,149,48.91559979256745,5,1,175,4
1083,48.48958165580404,49.36973937348804,148,48.92966051464604,5,1,175,4
1084,48.50837356575263,49.377701479544875,148,48.94303752264875,5,1,175,4
1085,48.52602889478455,49.385336406308255,148,48.95568265054641,5,1,175,4
1086,48.542442815988444,49.39264292855817,148,48.967542872273306,5,1,175,4
1087,48.557498791623665,49.39961956477685,147,48.97855917820026,5,1,175,4
1088,48.5710690981759,49.40626173210263,147,48.988665415139266,5,1,175,4
1089,48.5830145923907,49.41255900399568,147,48.99778679819319,5,1,175,4
1090,48.59318401289127,49.41849344607416,147,49.00583872948272,5,1,175,4
1091,48.60141496538234,49.42403893275683,147,49.01272694906959,5,1,175,4
1092,48.60753708147944,49.42916027455292,147,49.01834867801618,5,1,175,4
1093,48.61137618322141,49.43381176626664,147,49.02259397474403,5,1,175,4
1094,48.612758285447605,49.43793554682768,148,49.02534691613764,5,1,175,4
1095,48.61151226828986,49.44146035669962,148,49.02648631249474,5,1,175,4
1096,48.60747161262041,49.44430147408043,148,49.025886543350424,5,1,175,4
1097,48.60047715184379,49.4463619285433,148,49.023419540193544,5,1,175,4
1098,48.59038113522104,49.44753440820077,148,49.0189577717109,5,1,175,4
1099,48.57705123966971,49.447703374204266,148,49.01237730693698,5,1,175,4
1100,48.56037326433014,49.44674699409383,148,49.003560129211984,5,1,175,4
1101,48.540251339482445,49.444538798250385,149,48.992395068866415,5,1,175,4
1102,48.51660643189254,49.44094925641052,149,48.97877784415153,5,1,175,4
1103,48.48937587914956,49.435847763887836,150,48.9626118215187,5,1,175,4
1104,48.45851424684671,49.429105819800796,149,48.94381003332376,5,1,175,4
1105,48.42399336375162,49.42060052148702,149,48.92229694261932,5,1,175,4
1106,48.385800755373864,49.410215841121406,149,48.89800829824763,5,1,175,4
1107,48.34393706160356,49.397841588910374,149,48.87088932525697,5,1,175,4
1108,48.29841341400897,49.38337240557007,149,48.84089290978952,5,1,175,4
1109,48.24925013832719,49.36670785872485,149,48.807978998526025,5,1,175,4
1110,48.196476391833635,49.347753449797885,149,48.77211492081576,5,1,175,4
1111,48.14012858945097,49.32642175265203,150,48.7332751710515,5,1,175,4
1112,48.080247130472,49.302632319915844,150,48.69143972519392,5,1,175,4
1113,48.016872595813304,49.27630987067692,150,48.64659123324511,5,1,175,4
1114,47.950042585646905,49.24738115097783,150,48.598711868312364,5,1,175,4
1115,47.879790367238705,49.21577183383761,150,48.54778110053816,5,1,175,4
1116,47.8061449422629,49.18140580084779,150,48.493775371555344,5,1,175,4
1117,47.72913058232679,49.14420680650492,151,48.43666869441586,5,1,175,4
1118,47.6487656371855,49.104100185565215,151,48.37643291137536,5,1,175,4
1119,47.56506217587965,49.061013531689305,152,48.31303785378448,5,1,175,4
1120,47.478027338349754,49.014876543608466,152,48.246451940979114,5,1,175,4
1121,47.38766659239982,48.965620820244936,152,48.17664370632238,5,1,175,4
1122,47.29398821311172,48.913180971416104,153,48.103584592263914,5,1,175,4
1123,47.197007423994705,48.85749724025291,153,48.02725233212381,5,1,175,4
1124,47.096749809557934,48.79851866294472,153,47.94763423625133,5,1,175,4
1125,46.99325477933577,48.736206083952986,152,47.864730431644375,5,1,175,4
1126,46.886579668165474,48.670534637322284,152,47.77855715274388,5,1,175,4
1127,46.77680486222847,48.60149598729909,152,47.68915042476378,5,1,175,4
1128,46.664038974543665,48.52910130400916,152,47.59657013927641,5,1,175,4
1129,46.54842172770655,48.45338487676092,151,47.50090330223374,5,1,175,4
1130,46.430124249545344,48.37440719431283,152,47.40226572192908,5,1,175,4
1131,46.30934853520068,48.29225690631966,152,47.30080272076017,5,1,175,4
1132,46.18632704833891,48.20705166500577,152,47.19668935667234,5,1,175,4
1133,46.06132265341419,48.11893823582979,152,47.09013044462199,5,1,175,4
1134,45.934628485201166,48.028092655605,152,46.98136057040308,5,1,175,4
1135,45.806566776131724,47.93472063085554,152,46.87064370349363,5,1,175,4
1136,45.67748634425896,47.83905778349985,152,46.7582720638794,5,1,175,4
1137,45.54775912698262,47.74136905788743,152,46.644564092435026,5,1,175,4
1138,45.41777682802435,47.64194631015099,152,46.52986156908767,5,1,175,4
1139,45.287949427541356,47.541104856059235,153,46.41452714180029,5,1,175,4
1140,45.15870515913397,47.43918150881097,153,46.298943333972474,5,1,175,4
1141,45.03048941139584,47.336534492008035,154,46.18351195170194,5,1,175,4
1142,44.90376176703098,47.23354346686984,154,46.06865261695041,5,1,175,4
1143,44.77899214796072,47.130608790265384,154,45.95480046911305,5,1,175,4
1144,44.65665693711178,47.028149997658524,154,45.842403467385154,5,1,175,4
1145,44.537235849898366,46.92660340719817,154,45.73191962854827,5,1,175,4
1146,44.42120925538469,46.82641864334592,153,45.6238139493653,5,1,175,4
1147,44.3090545741386,46.728054268330595,152,45.5185544212346,5,1,175,4
1148,44.201240672391755,46.631973099669295,150,45.41660688603052,5,1,175,4
1149,44.09821946479057,46.53863720663521,149,45.31842833571289,5,1,175,4
1150,44.00041579139524,46.44850199326613,149,45.22445889233069,5,1,175,4
1151,43.908218488079484,46.36200916566988,148,45.13511382687469,5,1,175,4
1152,43.82197352160773,46.279578771638604,148,45.050776146623164,5,1,175,4
1153,43.7419780129233,46.2016005983556,148,44.97178930563945,5,1,175,4
1154,43.66847426546151,46.12842531187227,148,44.898449788666895,5,1,175,4
1155,43.601643208682674,46.060355820031376,148,44.830999514357025,5,1,175,4
1156,43.54159803339231,45.99763943864639,149,44.76961873601935,5,1,175,4
1157,43.48838016188489,45.94046163656481,149,44.71442089922485,5,1,175,4
1158,43.44195852654887,45.88894233117765,149,44.66545042886327,5,1,175,4
1159,43.40223196122815,45.84313492658848,150,44.622683443908315,5,1,175,4
1160,43.3690340230443,45.80302750736346,150,44.58603076520388,5,1,175,4
1161,43.34213907576122,45.76854569932925,149,44.55534238754524,5,1,175,4
1162,43.32126924709175,45.739556807417024,148,44.53041302725438,5,1,175,4
1163,43.306102653571166,45.71587523167717,148,44.51098894262417,5,1,175,4
1164,43.29628260465875,45.697269553651324,147,44.49677607915504,5,1,175,4
1165,43.2914268156386,45.68347071072828,146,44.48744876318344,5,1,175,4
1166,43.2911361471277,45.67417970144336,145,44.48265792428553,5,1,175,4
1167,43.29500287709654,45.66907375294427,145,44.482038315020404,5,1,175,4
1168,43.30261812141966,45.66781036999664,145,44.48521424570815,5,1,175,4
1169,43.31357762895981,45.67002985575729,146,44.491803742358556,5,1,175,4
1170,43.32748546983507,45.67535806532962,147,44.50142176758234,5,1,175,4
1171,43.3439554280772,45.68340998292272,147,44.51368270549996,5,1,175,4
1172,43.3626109826828,45.69379354319564,148,44.52820226293922,5,1,175,4
1173,43.38308583382298,45.70611311753933,148,44.54459947568115,5,1,175,4
1174,43.40502527269463,45.71997208616549,148,44.562498679430064,5,1,175,4
1175,43.42808703520297,45.734974989842804,148,44.58153101252289,5,1,175,4
1176,43.4519408647065,45.750730828048646,148,44.60133584637757,5,1,175,4
1177,43.47626659409022,45.76685789982904,147,44.62156224695963,5,1,175,4
1178,43.50075163017313,45.7829894131297,147,44.64187052165141,5,1,175,4
1179,43.525089796219504,45.79877840545167,146,44.66193410083559,5,1,175,4
1180,43.54898192759202,45.81389983570001,146,44.68144088164601,5,1,175,4
1181,43.572137054868115,45.82804985262732,147,44.70009345374772,5,1,175,4
1182,43.594272813552024,45.840944390775604,147,44.717608602163814,5,1,175,4
1183,43.615113524317174,45.85231826911376,147,44.733715896715466,5,1,175,4
1184,43.634387021113184,45.86192499187506,146,44.74815600649412,5,1,175,4
1185,43.65182393789205,45.86953676804804,146,44.76068035297004,5,1,175,4
1186,43.66716004343607,45.87494358293045,146,44.77105181318326,5,1,175,4
1187,43.680139092505144,45.87795152038731,146,44.77904530644623,5,1,175,4
1188,43.69051473433752,45.87838189969902,146,44.784448317018274,5,1,175,4
1189,43.69805109232284,45.87607191278682,147,44.787061502554835,5,1,175,4
1190,43.702522701449105,45.8708765695126,147,44.78669963548086,5,1,175,4
1191,43.70371556289437,45.86267107574522,146,44.78319331931979,5,1,175,4
1192,43.70142961188842,45.85135208585717,147,44.77639084887279,5,1,175,4
1193,43.69548143170539,45.83683734390669,146,44.76615938780604,5,1,175,4
1194,43.685706143975736,45.81906430033552,146,44.752385222155624,5,1,175,4
1195,43.67195750279997,45.79798838823142,147,44.73497294551569,5,1,175,4
1196,43.65410697553381,45.77358174043879,147,44.713844357986304,5,1,175,4
1197,43.63204434849522,45.745832445762474,148,44.68893839712885,5,1,175,4
1198,43.605680249745014,45.71474375949057,148,44.66021200461779,5,1,175,4
1199,43.574948834981996,45.68033317089629,149,44.62764100293914,5,1,175,4
1200,43.539809565017634,45.64263171782596,149,44.5912206414218,5,1,210,5
1201,43.500247685685835,45.601683743177155,150,44.5509657144315,5,1,210,5
1202,43.45627409357852,45.55754709277713,150,44.50691059317782,5,1,210,5
1203,43.40792634352013,45.510293949039465,151,44.4591101462798,5,1,210,5
1204,43.35527021237707,45.4600126896406,151,44.407641451008836,5,1,210,5
1205,43.29839889247002,45.40680998978108,152,44.35260444112555,5,1,210,5
1206,43.23742903326768,45.35081121589765,153,44.29412012458266,5,1,210,5
1207,43.1724949954695,45.2921589140792,153,44.23232695477435,5,1,210,5
1208,43.10374346152666,45.23101095182226,153,44.16737720667446,5,1,210,5
1209,43.03133132666554,45.16753889614204,154,44.09943511140379,5,1,210,5
1210,42.955426477990216,45.101926235459466,154,44.028676356724844,5,1,210,5
1211,42.87620775278931,45.03436663767625,154,43.955287195232785,5,1,210,5
1212,42.793862707903756,44.96506302186679,154,43.87946286488527,5,1,210,5
1213,42.708584172754975,44.894227440571946,155,43.80140580666346,5,1,210,5
1214,42.62056743634345,44.82208098924978,154,43.72132421279662,5,1,210,5
1215,42.53001079627758,44.748853446963565,154,43.63943212162057,5,1,210,5
1216,42.43711927170553,44.67478283991623,154,43.55595105581088,5,1,210,5
1217,42.34210835582851,44.60011511931647,154,43.471111737572485,5,1,210,5
1218,42.245205756485134,44.525104144943626,153,43.38515495071438,5,1,210,5
1219,42.14665014606458,44.45001167796938,153,43.29833091201698,5,1,210,5
1220,42.04668799011732,44.37510659878814,152,43.210897294452735,5,1,210,5
1221,41.94557157215389,44.30066295562654,152,43.123117263890215,5,1,210,5
1222,41.84355879601934,44.22695683973618,152,43.03525781787776,5,1,210,5
1223,41.74091281115441,44.15426227798897,152,42.94758754457169,5,1,210,5
1224,41.6378999936621,44.0828465287564,152,42.86037326120925,5,1,210,5
1225,41.534785303723254,44.012965069447965,152,42.77387518658561,5,1,210,5
1226,41.431825795541464,43.94485646664858,153,42.68834113109502,5,1,210,5
1227,41.32926481170145,43.87873741751548,154,42.604001114608465,5,1,210,5
1228,41.22732802842262,43.81479834889351,154,42.52106318865806,5,1,210,5
1229,41.126221152869725,43.75320015602729,155,42.439710654448504,5,1,210,5
1230,41.02612839117932,43.69407285823275,155,42.360100624706035,5,1,210,5
1231,40.927210123401224,43.6375161690313,155,42.28236314621626,5,1,210,5
1232,40.82959988003781,43.58360119841178,156,42.206600539224794,5,1,210,5
1233,40.73340237338358,43.53237299303589,156,42.13288768320974,5,1,210,5
1234,40.638693654505396,43.48385410832923,156,42.061273881417314,5,1,210,5
1235,40.545523784363596,43.43804882157629,156,41.99178630296994,5,1,210,5
1236,40.453920944950276,43.39494701026167,156,41.92443397760597,5,1,210,5
1237,40.363894453663086,43.35452730541354,157,41.85921087953831,5,1,210,5
1238,40.275435900157426,43.31675971516173,157,41.79609780765958,5,1,210,5
1239,40.1885193809031,43.28160742621233,158,41.73506340355772,5,1,210,5
1240,40.103102294637985,43.24902700339154,158,41.67606464901476,5,1,210,5
1241,40.01912864986271,43.21896737797848,158,41.61904801392059,5,1,210,5
1242,39.93653429978933,43.19136918610818,159,41.56395174294876,5,1,210,5
1243,39.85525098437906,43.16616523834432,159,41.510708111361694,5,1,210,5
1244,39.775208205065596,43.143282121344505,160,41.459245163205054,5,1,210,5
1245,39.696334103666764,43.12264234743199,160,41.40948822554938,5,1,210,5
1246,39.61855651702233,43.104165882758046,159,41.36136119989018,5,1,210,5
1247,39.541805378908244,43.08777056756587,159,41.31478797323706,5,1,210,5
1248,39.46601608018799,43.07337162487346,159,41.26969385253072,5,1,210,5
1249,39.39113183753699,43.06088074654789,159,41.22600629204244,5,1,210,5
1250,39.317104096360794,43.050205538402444,159,41.18365481738162,5,1,210,5
1251,39.243890968782694,43.041249423238675,159,41.14257019601068,5,1,210,5
1252,39.17145487791132,43.03391141805371,159,41.10268314798252,5,1,210,5
1253,39.099761749949685,43.02808549430689,160,41.063923622128286,5,1,210,5
1254,39.02878224242462,43.02365952281921,160,41.026220882621914,5,1,210,5
1255,38.95849364354282,43.02051419511542,160,40.989503919329124,5,1,210,5
1256,38.888881370211486,43.018522703268445,160,40.95370203673997,5,1,210,5
1257,38.81993928477224,43.017551765340286,161,40.918745525056266,5,1,210,5
1258,38.75166931836027,43.01746438854838,161,40.88456685345433,5,1,210,5
1259,38.68408215665391,43.01812378698996,160,40.85110297182193,5,1,210,5
1260,38.61719957320164,43.019396895421544,161,40.81829823431159,5,1,210,5
1261,38.55105782491926,43.021156895973654,161,40.78610736044646,5,1,210,5
1262,38.485711231553715,43.023285345087324,161,40.75449828832052,5,1,210,5
1263,38.42123476806786,43.025674585397965,161,40.72345467673291,5,1,210,5
1264,38.35772469370158,43.02823044439623,161,40.69297756904891,5,1,210,5
1265,38.29529643623287,43.03087434369145,161,40.66308538996216,5,1,210,5
1266,38.234080510258366,43.03354423510863,161,40.633812372683494,5,1,210,5
1267,38.17421880863509,43.036194754986084,162,40.60520678181059,5,1,210,5
1268,38.11586224044867,43.038797182863156,162,40.57732971165591,5,1,210,5
1269,38.05916932314644,43.04133920526882,162,40.55025426420763,5,1,210,5
1270,38.00430475111462,43.04382409491788,162,40.52406442301625,5,1,210,5
1271,37.95143637764921,43.046269207970155,163,40.498852792809686,5,1,210,5
1272,37.900730412702316,43.04870399437007,163,40.474717203536194,5,1,210,5
1273,37.852346004266394,43.05116732593962,164,40.451756665103005,5,1,210,5
1274,37.806430858975844,43.05370355658605,164,40.43006720778095,5,1,210,5
1275,37.76312004529407,43.05635780173483,164,40.40973892351445,5,1,210,5
1276,37.72253739176789,43.059171996905505,164,40.390854694336696,5,1,210,5
1277,37.6847961619684,43.062182319979314,164,40.37348924097385,5,1,210,5
1278,37.6499976386571,43.06541758639603,164,40.35770761252657,5,1,210,5
1279,37.61822820063533,43.068898421656165,164,40.34356331114574,5,1,210,5
1280,37.589555963631966,43.0726372106706,164,40.33109658715128,5,1,210,5
1281,37.56402854451746,43.07663853102114,165,40.3203335377693,5,1,210,5
1282,37.541672045338295,43.08089948472067,164,40.31128576502948,5,1,210,5
1283,37.522489890905575,43.08540983086655,164,40.303949860886064,5,1,210,5
1284,37.506460544159125,43.0901523093824,165,40.298306426770765,5,1,210,5
1285,37.49353351404169,43.09510296092623,165,40.294318237483964,5,1,210,5
1286,37.48362482670254,43.100230662923295,165,40.29192774481292,5,1,210,5
1287,37.476614886987534,43.105495687025524,165,40.29105528700653,5,1,210,5
1288,37.472349024157616,43.11084766865291,165,40.291598346405266,5,1,210,5
1289,37.47063838279396,43.11622347693899,166,40.293430929866474,5,1,210,5
1290,37.471260868681625,43.12154557109796,166,40.2964032198898,5,1,210,5
1291,37.47396390828605,43.12672142943738,167,40.30034266886172,5,1,210,5
1292,37.47846951295317,43.13164463746825,167,40.30505707521071,5,1,210,5
1293,37.48448087143405,43.136197734087375,167,40.31033930276071,5,1,210,5
1294,37.491689792259045,43.14025642731244,167,40.315973109785745,5,1,210,5
1295,37.49978441531316,43.14369459614012,168,40.32173950572664,5,1,210,5
1296,37.50845670967557,43.14638930012681,167,40.32742300490119,5,1,210,5
1297,37.51740937238106,43.14822540847391,167,40.332817390427486,5,1,210,5
1298,37.526361840245414,43.14909985050775,167,40.33773084537658,5,1,210,5
1299,37.53505522427609,43.148925489321456,167,40.341990356798775,5,1,210,5
1300,37.543255975936376,43.14763462015687,167,40.34544529804663,5,1,210,5
1301,37.55075809420308,43.14518170470494,167,40.347969899454014,5,1,210,5
1302,37.557384462263975,43.141544562050846,166,40.34946451215741,5,1,210,5
1303,37.56298868256784,43.136724016969126,166,40.34985634976849,5,1,210,5
1304,37.56745712036602,43.13074278623375,166,40.349099953299884,5,1,210,5
1305,37.570709207283066,43.12364418816146,166,40.34717669772226,5,1,210,5
1306,37.57269610422703,43.11549106517199,166,40.34409358469951,5,1,210,5
1307,37.57339987071724,43.10636501623371,166,40.339882443475474,5,1,210,5
1308,37.5728334340094,43.0963657431629,166,40.334599588586144,5,1,210,5
1309,37.571039797710434,43.08561031443687,165,40.32832505607365,5,1,210,5
1310,37.56808961185408,43.0742321498843,165,40.321160880869186,5,1,210,5
1311,37.564076908705985,43.062379821969365,164,40.31322836533768,5,1,210,5
1312,37.55911368598717,43.050216061755144,164,40.30466487387116,5,1,210,5
1313,37.553324896685844,43.03791657708471,164,40.295620736885276,5,1,210,5
1314,37.54684452651072,43.02566750999004,164,40.286256018250384,5,1,210,5
1315,37.53981256199466,43.01366143307088,163,40.276736997532765,5,1,210,5
1316,37.53237216441972,43.00209285735742,163,40.26723251088857,5,1,210,5
1317,37.52466587694888,42.991153833912854,163,40.25790985543087,5,1,210,5
1318,37.516831350446346,42.981029841238566,163,40.24893059584245,5,1,210,5
1319,37.50899873162029,42.971896443199775,163,40.24044758741003,5,1,210,5
1320,37.50129010151091,42.96391749490438,162,40.23260379820765,5,1,210,5
1321,37.4938195967734,42.957244308586986,162,40.22553195268019,5,1,210,5
1322,37.48669284632617,42.95201382620149,162,40.21935333626383,5,1,210,5
1323,37.480004356063844,42.94834530868877,163,40.21417483237631,5,1,210,5
1324,37.47383332769344,42.946336515181,163,40.21008492143722,5,1,210,5
1325,37.46824025114821,42.946060150608936,163,40.20715020087857,5,1,210,5
1326,37.46326495213501,42.947561165436525,163,40.205413058785766,5,1,210,5
1327,37.45892511852116,42.950855003948824,163,40.20489006123499,5,1,210,5
1328,37.455215207407335,42.95592641026212,163,40.20557080883473,5,1,210,5
1329,37.45210651289817,42.96272849920976,163,40.207417506053964,5,1,210,5
1330,37.44954868726751,42.97118189726242,164,40.21036529226497,5,1,210,5
1331,37.44747252089782,42.981174441907804,164,40.214323481402815,5,1,210,5
1332,37.44579359161453,42.99256261119018,163,40.219178101402356,5,1,210,5
1333,37.44441619923714,43.005174977763886,163,40.22479558850051,5,1,210,5
1334,37.44323690387215,43.01881710444397,163,40.23102700415806,5,1,210,5
1335,37.44214688911974,43.033277396204475,163,40.237712142662104,5,1,210,5
1336,37.441033639472856,43.04833352147004,164,40.244683580471445,5,1,210,5
1337,37.43978368925312,43.06375862565499,164,40.25177115745406,5,1,210,5
1338,37.43828615220693,43.07932616991938,164,40.258806161063156,5,1,210,5
1339,37.43643469262334,43.09481300848996,164,40.26562385055665,5,1,210,5
1340,37.434127354466376,43.110001098200634,164,40.272064226333505,5,1,210,5
1341,37.43126542061989,43.12467852648349,164,40.277971973551686,5,1,210,5
1342,37.427752571828876,43.13864083658527,164,40.28319670420707,5,1,210,5
1343,37.42349571241571,43.15169304346056,165,40.287594377938134,5,1,210,5
1344,37.418407659343075,43.16365214844523,165,40.291029903894156,5,1,210,5
1345,37.412410720675275,43.174349765582484,165,40.29338024312888,5,1,210,5
1346,37.40544009185793,43.183634277207375,166,40.29453718453266,5,1,210,5
1347,37.397445900557635,43.19137232632173,166,40.294409113439684,5,1,210,5
1348,37.388394291207376,43.1974498431855,166,40.29292206719644,5,1,210,5
1349,37.3782695007738,43.20177309588792,166,40.290021298330856,5,1,210,5
1350,37.36707682871857,43.20427054697933,166,40.28567368784895,5,1,210,5
1351,37.35484435555199,43.20489532253641,166,40.279869839044196,5,1,210,5
1352,37.34162272712454,43.20362712429872,166,40.272624925711625,5,1,210,5
1353,37.32748378452858,43.20047290283122,166,40.2639783436799,5,1,210,5
1354,37.31251842898124,43.19546609696017,166,40.253992262970705,5,1,210,5
1355,37.296833720576494,43.188664244308214,166,40.24274898244235,5,1,210,5
1356,37.2805490144315,43.18014476734644,166,40.23034689088897,5,1,210,5
1357,37.263790742435866,43.169999714392254,166,40.21689522841406,5,1,210,5
1358,37.24668642400785,43.15833121005263,166,40.202508817030235,5,1,210,5
1359,37.22935946453388,43.14524810139835,166,40.18730378296611,5,1,210,5
1360,37.2119254223075,43.13086301800756,165,40.17139422015753,5,1,210,5
1361,37.19448954699926,43.115289356520364,165,40.154889451759814,5,1,210,5
1362,37.17714500264366,43.09863799289857,165,40.137891497771115,5,1,210,5
1363,37.15997079812684,43.081013818186065,165,40.12049230815646,5,1,210,5
1364,37.143029521272815,43.06251248621734,165,40.102771003745076,5,1,210,5
1365,37.12636604577247,43.04321815195635,165,40.08479209886441,5,1,210,5
1366,37.11000779521846,43.02320336942783,165,40.06660558232315,5,1,210,5
1367,37.09396656354354,43.00253085531357,165,40.048248709428556,5,1,210,5
1368,37.07824120865469,42.981255361400905,165,40.02974828502779,5,1,210,5
1369,37.06281985352684,42.95942467952442,165,40.01112226652563,5,1,210,5
1370,37.04768139968157,42.937079583074464,165,39.992380491378015,5,1,210,5
1371,37.032797328604715,42.914253094474034,165,39.973525211539375,5,1,210,5
1372,37.01813427910824,42.89097005335149,165,39.95455216622986,5,1,210,5
1373,37.003657401061304,42.867247667651476,165,39.935452534356386,5,1,210,5
1374,36.98933380322331,42.84309743744284,165,39.91621562033308,5,1,210,5
1375,36.97513473017211,42.818528158532516,165,39.896831444352316,5,1,210,5
1376,36.9610364688238,42.79354903031688,165,39.877292749570344,5,1,210,5
1377,36.94702135050936,42.76817228249073,165,39.85759681650005,5,1,210,5
1378,36.933078946506186,42.742415125377946,165,39.837747035942066,5,1,210,5
1379,36.91920628683896,42.71630102367419,164,39.817753655256574,5,1,210,5
1380,36.90540680989971,42.689860488387296,165,39.797633649143506,5,1,210,5
1381,36.891688628171345,42.663131776749864,164,39.7774102024606,5,1,210,5
1382,36.878062500165214,42.63616208485218,164,39.757112292508694,5,1,210,5
1383,36.86453970353352,42.60900893977805,164,39.73677432165579,5,1,210,5
1384,36.85113010181271,42.581740620044016,164,39.71643536092836,5,1,210,5
1385,36.83784079478018,42.55443511575454,164,39.69613795526736,5,1,210,5
1386,36.824675352284544,42.527177822494735,164,39.67592658738964,5,1,210,5
1387,36.811633241308954,42.50005865052325,164,39.6558459459161,5,1,210,5
1388,36.79870954375566,42.47316971839994,164,39.635939631077804,5,1,210,5
1389,36.78589555017728,42.44660421488526,163,39.61624988253127,5,1,210,5
1390,36.77318022952305,42.42045642768284,163,39.59681832860295,5,1,210,5
1391,36.76055198980239,42.39482215727667,163,39.57768707353953,5,1,210,5
1392,36.74800033967335,42.36979795380051,163,39.55889914673693,5,1,210,5
1393,36.735517256044936,42.34547898037509,163,39.54049811821001,5,1,210,5
1394,36.72309835538588,42.321956671860114,163,39.522527513623,5,1,210,5
1395,36.710744259013985,42.2993166752332,163,39.50503046712359,5,1,210,5
1396,36.69846185981271,42.27763687510595,164,39.488049367459325,5,1,210,5
1397,36.686264514975036,42.256985405523835,163,39.471624960249436,5,1,210,5
1398,36.67417087205057,42.23741864686476,163,39.45579475945766,5,1,210,5
1399,36.66220271824743,42.21897920679245,163,39.440590962519934,5,1,210,5
1400,36.65038263301588,42.20169388439304,164,39.42603825870446,5,1,210,5
1401,36.63873261404409,42.18557190945327,163,39.41215226174868,5,1,210,5
1402,36.62727387139964,42.17060404169811,163,39.398938956548875,5,1,210,5
1403,36.616027009173884,42.15676301753716,163,39.386395013355525,5,1,210,5
1404,36.60501200907432,42.14400573461137,163,39.37450887184285,5,1,210,5
1405,36.59424762550039,42.132277077012574,163,39.36326235125648,5,1,210,5
1406,36.58375077701407,42.12151479659647,163,39.35263278680527,5,1,210,5
1407,36.57353749449787,42.11165447583804,164,39.342595985167954,5,1,210,5
1408,36.563625230653294,42.10263320763853,163,39.33312921914592,5,1,210,5
1409,36.55403457984057,42.094392090596536,163,39.32421333521855,5,1,210,5
1410,36.54478972521956,42.086879101300404,163,39.31583441325998,5,1,210,5
1411,36.535918198089234,42.08005253961058,163,39.307985368849906,5,1,210,5
1412,36.5274504367329,42.073883877264784,162,39.30066715699884,5,1,210,5
1413,36.51941953448622,42.06835913260499,162,39.29388933354561,5,1,210,5
1414,36.51186117655126,42.06347818665308,163,39.28766968160217,5,1,210,5
1415,36.50481337488993,42.059252138294696,162,39.282032756592315,5,1,210,5
1416,36.498315805574045,42.05569947887271,163,39.27700764222338,5,1,210,5
1417,36.492408748018995,42.05284215895575,163,39.27262545348737,5,1,210,5
1418,36.48713201563686,42.05070291256233,163,39.268917464099594,5,1,210,5
1419,36.482524657567865,42.04930393605857,164,39.26591429681322,5,1,210,5
1420,36.478625333331614,42.04866575092544,164,39.26364554212853,5,1,210,5
1421,36.47547238442772,42.048805957443136,164,39.26213917093543,5,1,210,5
1422,36.47310340721032,42.04973846421198,164,39.26142093571114,5,1,210,5
1423,36.471554911656284,42.05147348585577,164,39.26151419875603,5,1,210,5
1424,36.47086235805054,42.05401830869083,165,39.262440333370684,5,1,210,5
1425,36.47106057101834,42.05737843404436,164,39.26421950253135,5,1,210,5
1426,36.47218433527636,42.06155831879851,165,39.266871327037435,5,1,210,5
1427,36.47426878241119,42.06656161552871,165,39.27041519896995,5,1,210,5
1428,36.47734976321471,42.07239149738723,165,39.27487063030097,5,1,210,5
1429,36.48146498531913,42.07905097014038,165,39.280257977729754,5,1,210,5
1430,36.48665542787671,42.0865423910209,165,39.286598909448806,5,1,210,5
1431,36.49296527701805,42.09486609681283,165,39.29391568691544,5,1,210,5
1432,36.50044008883857,42.10401872635021,165,39.302229407594396,5,1,210,5
1433,36.50912434968258,42.113991920195566,165,39.31155813493908,5,1,210,5
1434,36.51905921332699,42.12477217786947,165,39.32191569559823,5,1,210,5
1435,36.53028080453123,42.13634158015173,165,39.33331119234148,5,1,210,5
1436,36.54281889325275,42.14867801112808,165,39.34574845219041,5,1,210,5
1437,36.556695158688264,42.16175429503805,165,39.35922472686316,5,1,210,5
1438,36.57192035993162,42.17553644336242,165,39.373728401647014,5,1,210,5
1439,36.588489827702254,42.189981305202835,165,39.38923556645254,5,1,210,5
1440,36.60637825238081,42.20503401164568,165,39.40570613201324,5,1,210,5
1441,36.625536304433574,42.22062570248613,165,39.423081003459856,5,1,210,5
1442,36.645889575333605,42.236672121408915,166,39.441280848371264,5,1,210,5
1443,36.66733827916144,42.25307288563584,166,39.46020558239864,5,1,210,5
1444,36.68975713082655,42.26971045598786,166,39.479733793407206,5,1,210,5
1445,36.7129957926185,42.286449199086945,167,39.49972249585272,5,1,210,5
1446,36.7368801836507,42.303136299213534,167,39.520008241432116,5,1,210,5
1447,36.76121484960411,42.319604814540554,167,39.54040983207233,5,1,210,5
1448,36.78578668808057,42.335677709652714,168,39.560732198866646,5,1,210,5
1449,36.810370422737314,42.35117237924233,168,39.58077140098982,5,1,210,5
1450,36.83473563441041,42.36590586079558,168,39.60032074760299,5,1,210,5
1451,36.85865457238657,42.37970044646345,168,39.619177509425015,5,1,210,5
1452,36.88190938383849,42.39238891661263,168,39.63714915022556,5,1,210,5
1453,36.9042968141829,42.40381881256282,168,39.65405781337286,5,1,210,5
1454,36.92563008911353,42.41385536095099,168,39.669742725032265,5,1,210,5
1455,36.94573934698233,42.42238305208274,169,39.684061199532536,5,1,210,5
1456,36.964471404738006,42.429306264504895,168,39.69688883462145,5,1,210,5
1457,36.981689055153694,42.434548937593426,167,39.70811899637356,5,1,210,5
1458,36.99726980020019,42.43805290350087,167,39.71766135185053,5,1,210,5
1459,37.01110363255781,42.43977517227805,166,39.72543940241793,5,1,210,5
1460,37.02308986719588,42.43968514647954,166,39.731387506837706,5,1,210,5
1461,37.03313341491945,42.437762156096085,166,39.735447785507766,5,1,210,5
1462,37.041141474860346,42.433993119231666,166,39.737567297046006,5,1,210,5
1463,37.04702220801745,42.428369938711754,166,39.7376960733646,5,1,210,5
1464,37.05068500315415,42.420886049617366,166,39.735785526385754,5,1,210,5
1465,37.052039995587634,42.41153241051313,166,39.73178620305038,5,1,210,5
1466,37.05099645013715,42.40029410896266,166,39.72564527954991,5,1,210,5
1467,37.04746157024146,42.38714826426413,166,39.71730491725279,5,1,210,5
1468,37.04134051496846,42.372063422726924,167,39.706701968847696,5,1,210,5
1469,37.03253762536503,42.35499966554606,167,39.69376864545555,5,1,210,5
1470,37.02095837393108,42.33590767408263,167,39.67843302400685,5,1,210,5
1471,37.00651106332257,42.31472675318061,167,39.66061890825159,5,1,210,5
1472,36.98910778806258,42.291383568986795,167,39.64024567852469,5,1,210,5
1473,36.96866466069153,42.265792577607534,167,39.61722861914953,5,1,210,5
1474,36.945101596337615,42.23785834081514,168,39.59147996857638,5,1,210,5
1475,36.918342242233294,42.20747904735893,167,39.56291064479611,5,1,210,5
1476,36.888314150960134,42.17454968074771,167,39.53143191585392,5,1,210,5
1477,36.8549488084616,42.13896454245286,167,39.49695667545723,5,1,210,5
1478,36.81818132288631,42.10062010751687,167,39.45940071520159,5,1,210,5
1479,36.777949775348254,42.059418896959976,168,39.418684336154115,5,1,210,5
1480,36.734194721304526,42.015274758735956,168,39.374734740020244,5,1,210,5
1481,36.686859818871376,41.968118583344065,168,39.327489201107724,5,1,210,5
1482,36.6358936825372,41.91790211448564,168,39.27689789851142,5,1,210,5
1483,36.58125218285822,41.86459966073129,168,39.222925921794754,5,1,210,5
1484,36.52290109538876,41.80820965968438,168,39.16555537753657,5,1,210,5
1485,36.46081968472901,41.74875687533463,167,39.10478828003182,5,1,210,5
1486,36.3950050291173,41.68629483847315,167,39.04064993379522,5,1,210,5
1487,36.32547611048381,41.620907359318956,167,38.973191734901384,5,1,210,5
1488,36.252277572443646,41.55270716075634,166,38.902492366599994,5,1,210,5
1489,36.17548392620492,41.48183172841803,166,38.828657827311474,5,1,210,5
1490,36.09520361844023,41.408438521704696,167,38.75182107007247,5,1,210,5
1491,36.01158100918088,41.33270081162059,166,38.672140910400735,5,1,210,5
1492,35.924795867875474,41.25480453315844,167,38.58980020051696,5,1,210,5
1493,35.835061555808394,41.174945466792394,167,38.505003511300394,5,1,210,5
1494,35.74262276992407,41.09332499051749,167,38.41797388022078,5,1,210,5
1495,35.64775342997465,41.01014459448516,166,38.328949012229906,5,1,210,5
1496,35.55075421749868,40.925601300959826,167,38.23817775922925,5,1,210,5
1497,35.45194820176491,40.839884961860676,167,38.14591658181279,5,1,210,5
1498,35.3516744504874,40.753177235756134,166,38.05242584312177,5,1,210,5
1499,35.25028098585828,40.665651656133804,166,37.95796632099604,5,1,210,5
1500,35.14811815357415,40.57747381274484,166,37.8627959831595,5,1,245,6
1501,35.0455331797632,40.48880144824166,167,37.76716731400243,5,1,245,6
1502,34.942866007923655,40.39978505274628,167,37.67132553033497,5,1,245,6
1503,34.84044582527265,40.31056885634711,167,37.57550734080988,5,1,245,6
1504,34.73858778554073,40.22129143687402,168,37.47993961120737,5,1,245,6
1505,34.63758953294239,40.132085843152836,168,37.38483768804761,5,1,245,6
1506,34.53772810765366,40.0430798167831,169,37.29040396221838,5,1,245,6
1507,34.4392587887785,39.95439669558321,170,37.19682774218086,5,1,245,6
1508,34.34241567541807,39.86615758193963,169,37.10428662867885,5,1,245,6
1509,34.24741205110846,39.77848438397512,170,37.01294821754179,5,1,245,6
1510,34.154440235355864,39.69150236209874,170,36.922971298727305,5,1,245,6
1511,34.063672284457965,39.6053412036424,170,36.83450674405019,5,1,245,6
1512,33.97526153860493,39.52013403839835,170,36.74769778850164,5,1,245,6
1513,33.88934364704641,39.436015075799546,170,36.662679361422974,5,1,245,6
1514,33.806036971391606,39.35311781242218,171,36.579577391906895,5,1,245,6
1515,33.725443535374275,39.27157458802749,170,36.49850906170089,5,1,245,6
1516,33.64765081183552,39.191517097919785,170,36.41958395487765,5,1,245,6
1517,33.57273376008111,39.11307688418206,170,36.342905322131585,5,1,245,6
1518,33.50075633193093,39.036384243135004,170,36.26857028753297,5,1,245,6
1519,33.43177146991364,38.961565254360245,170,36.19666836213695,5,1,245,6
1520,33.36581959661575,38.88873790464299,169,36.12727875062937,5,1,245,6
1521,33.302926569751214,38.81800857288094,169,36.06046757131608,5,1,245,6
1522,33.24310207770593,38.749470434748226,170,35.99628625622708,5,1,245,6
1523,33.18633945052406,38.68320388300615,170,35.9347716667651,5,1,245,6
1524,33.13261630096058,38.61927759647985,170,35.87594694872021,5,1,245,6
1525,33.08189384988897,38.55774947614017,170,35.819821663014565,5,1,245,6
1526,33.034114741349015,38.49866725214024,170,35.766390996744626,5,1,245,6
1527,32.989201103527456,38.442068760894436,171,35.715634932210946,5,1,245,6
1528,32.94705402702631,38.3879820865171,171,35.667518056771705,5,1,245,6
1529,32.90755504685676,38.336425566029256,171,35.62199030644301,5,1,245,6
1530,32.87056904446459,38.287407462830984,172,35.578988253647786,5,1,245,6
1531,32.835946815942805,38.240925503234756,172,35.538436159588784,5,1,245,6
1532,32.80352672330136,38.19696686115675,172,35.500246792229056,5,1,245,6
1533,32.77313601634311,38.15550878607707,173,35.46432240121009,5,1,245,6
1534,32.74459241287861,38.11651967939248,173,35.43055604613555,5,1,245,6
1535,32.71770652517074,38.07995993674286,173,35.3988332309568,5,1,245,6
1536,32.69228474528424,38.04578138633837,174,35.36903306581131,5,1,245,6
1537,32.66813122676451,38.01392561652102,174,35.34102842164276,5,1,245,6
1538,32.64504857550838,37.98432294900708,174,35.31468576225773,5,1,245,6
1539,32.622837838100224,37.95689293657092,174,35.28986538733557,5,1,245,6
1540,32.60129857098771,37.931546386253636,174,35.26642247862067,5,1,245,6
1541,32.58022996896729,37.90818851918188,174,35.24420924407458,5,1,245,6
1542,32.559432763487386,37.886722488055284,174,35.22307762577134,5,1,245,6
1543,32.53871033330054,37.86705247345666,174,35.2028814033786,5,1,245,6
1544,32.51786873795445,37.849085580185644,174,35.18347715907005,5,1,245,6
1545,32.49671665255561,37.8327326326396,174,35.164724642597605,5,1,245,6
1546,32.47506579205502,37.81790884605834,174,35.146487319056675,5,1,245,6
1547,32.45273202311742,37.80453476516223,174,35.128633394139825,5,1,245,6
1548,32.42953736157923,37.79253727641303,174,35.111037318996125,5,1,245,6
1549,32.405313053424635,37.7818503049789,174,35.09358167920177,5,1,245,6
1550,32.379903449418634,37.772414612324326,174,35.07615903087148,5,1,245,6
1551,32.35316989569902,37.76417630531435,174,35.05867310050668,5,1,245,6
1552,32.324994252579046,37.757083862697776,174,35.041039057638415,5,1,245,6
1553,32.29528204370458,37.75108446013108,174,35.02318325191783,5,1,245,6
1554,32.26396484724166,37.74612135024268,174,35.00504309874217,5,1,245,6
1555,32.23100115025623,37.742132688725576,174,34.986566919490905,5,1,245,6
1556,32.19637566733984,37.73905083197269,174,34.96771324965626,5,1,245,6
1557,32.16009790441335,37.736801424467515,174,34.94844966444043,5,1,245,6
1558,32.1222003581092,37.73530188685697,174,34.928751122483085,5,1,245,6
1559,32.08273635062018,37.73445989110475,174,34.908598120862464,5,1,245,6
1560,32.041777206917054,37.73417338461345,175,34.88797529576525,5,1,245,6
1561,31.999408188287752,37.7343327499786,175,34.866870469133175,5,1,245,6
1562,31.95572347372049,37.73482471180697,175,34.84527409276373,5,1,245,6
1563,31.910821358283943,37.73553682183126,175,34.8231790900576,5,1,245,6
1564,31.864800447375348,37.73636057330041,175,34.80058051033788,5,1,245,6
1565,31.81775723549412,37.73719236607865,175,34.777474800786386,5,1,245,6
1566,31.769784677874096,37.737932714297116,177,34.75385869608561,5,1,245,6
1567,31.720970583023885,37.73848467355768,176,34.72972762829078,5,1,245,6
1568,31.671395629658214,37.738753049849116,176,34.705074339753665,5,1,245,6
1569,31.621131786962984,37.738644489226715,176,34.67988813809485,5,1,245,6
1570,31.570241624635642,37.73806708420924,176,34.654154354422445,5,1,245,6
1571,31.518778706662165,37.736929205738264,176,34.62785395620021,5,1,245,6
1572,31.466788872777645,37.735138342444635,176,34.60096360761114,5,1,245,6
1573,31.414311821538544,37.73260053389091,176,34.573456177714725,5,1,245,6
1574,31.361382604128245,37.72922078939589,176,34.54530169676207,5,1,245,6
1575,31.30803283318935,37.724904591443924,176,34.51646871231664,5,1,245,6
1576,31.254291411050986,37.719560290070646,176,34.486925850560816,5,1,245,6
1577,31.2001845817767,37.71310180445171,176,34.4566431931142,5,1,245,6
1578,31.145735696732235,37.70545065772336,176,34.425593177227796,5,1,245,6
1579,31.090965668642028,37.69653715129074,176,34.393751409966384,5,1,245,6
1580,31.035894308841897,37.686301265076615,175,34.361097786959256,5,1,245,6
1581,30.98054196216505,37.67469357740241,175,34.32761776978373,5,1,245,6
1582,30.924930951451152,37.66167620541605,175,34.2933035784336,5,1,245,6
1583,30.86908644119908,37.647223376680024,175,34.25815490893955,5,1,245,6
1584,30.813036915083494,37.631320852219794,174,34.222178883651644,5,1,245,6
1585,30.75681504724017,37.61396410390357,174,34.18538957557187,5,1,245,6
1586,30.700459259479924,37.595155831604686,174,34.14780754554231,5,1,245,6
1587,30.644015768829995,37.5749034054589,173,34.10945958714444,5,1,245,6
1588,30.587540344489693,37.55321681842414,173,34.070378581456914,5,1,245,6
1589,30.531098407949163,37.53010695397207,173,34.03060268096062,5,1,245,6
1590,30.47476328032667,37.50558319339615,173,33.99017323686141,5,1,245,6
1591,30.418613551286352,37.47965016750947,173,33.94913185939791,5,1,245,6
1592,30.362730153635006,37.45230423783388,173,33.90751719573444,5,1,245,6
1593,30.307193337469606,37.42353087768365,173,33.86536210757663,5,1,245,6
1594,30.252079835249102,37.393304708895286,173,33.822692272072196,5,1,245,6
1595,30.19746060671095,37.361592291965685,173,33.77952644933832,5,1,245,6
1596,30.14339925998827,37.328356109370226,173,33.73587768467925,5,1,245,6
1597,30.089950952753494,37.293558572103294,173,33.691754762428396,5,1,245,6
1598,30.0371618699421,37.25716526970166,173,33.64716356982188,5,1,245,6
1599,29.985069667354097,37.21914736677597,173,33.602108517065034,5,1,245,6
1600,29.933704587797887,37.17948373179115,174,33.55659415979452,5,1,245,6
1601,29.883090273803504,37.13816270098939,174,33.51062648739645,5,1,245,6
1602,29.83324427642685,37.0951826974706,174,33.46421348694872,5,1,245,6
1603,29.784179235148745,37.05055160807151,174,33.41736542161013,5,1,245,6
1604,29.735905118734472,37.004285503302796,174,33.37009531101863,5,1,245,6
1605,29.688432331759966,36.95640728545326,175,33.32241980860661,5,1,245,6
1606,29.641775003863085,36.906945849835765,175,33.27436042684943,5,1,245,6
1607,29.595953291087365,36.855936051438896,175,33.22594467126313,5,1,245,6
1608,29.55099439646859,36.80341947654853,175,33.177206936508554,5,1,245,6
1609,29.506932894764027,36.74944601878934,175,33.12818945677668,5,1,245,6
1610,29.46381094612133,36.694076258910144,175,33.078943602515736,5,1,245,6
1611,29.42167898337191,36.63738454997245,175,33.02953176667218,5,1,245,6
1612,29.380597067358938,36.579462611901384,175,32.98002983963016,5,1,245,6
1613,29.340636714423297,36.52042314653124,175,32.93052993047727,5,1,245,6
1614,29.3018823172606,36.46040269139986,175,32.88114250433023,5,1,245,6
1615,29.264430597430618,36.39956322282414,174,32.83199691012738,5,1,245,6
1616,29.22838818574591,36.33809231102701,174,32.78324024838646,5,1,245,6
1617,29.193869084719637,36.27620241000517,173,32.7350357473624,5,1,245,6
1618,29.16099259665054,36.21413064473981,172,32.68756162069518,5,1,245,6
1619,29.12988113035622,36.15213928751166,171,32.64101020893394,5,1,245,6
1620,29.100657397021553,36.09051594424303,170,32.595586670632294,5,1,245,6
1621,29.07344060312324,36.029572471399604,169,32.551506537261425,5,1,245,6
1622,29.048342358821714,35.969641643598955,169,32.50899200121033,5,1,245,6
1623,29.02546407067291,35.91107156708881,169,32.46826781888086,5,1,245,6
1624,29.004895989505748,35.85421880932571,169,32.42955739941573,5,1,245,6
1625,28.986716666412313,35.79944101957276,170,32.39307884299254,5,1,245,6
1626,28.97099231275343,35.747089620224386,170,32.359040966488905,5,1,245,6
1627,28.95777612298164,35.697502563329785,171,32.32763934315571,5,1,245,6
1628,28.947107559253574,35.65099656166519,171,32.29905206045938,5,1,245,6
1629,28.939011597007145,35.60785888668092,172,32.273435241844034,5,1,245,6
1630,28.933497930893644,35.56833950874604,173,32.25091871981984,5,1,245,6
1631,28.93056014068111,35.53264474571695,175,32.23160244319903,5,1,245,6
1632,28.93017481698421,35.50093397657382,174,32.21555439677901,5,1,245,6
1633,28.932300646927683,35.47331951446648,174,32.202810080697084,5,1,245,6
1634,28.93687746011575,35.449868271159794,175,32.19337286563777,5,1,245,6
1635,28.94382529558256,35.430604333279476,175,32.187214814431016,5,1,245,6
1636,28.953044451036355,35.4155120591507,175,32.18427825509353,5,1,245,6
1637,28.964418196285735,35.404539500754176,175,32.18447884851996,5,1,245,6
1638,28.9778178372636,35.39760215100958,175,32.18770999413659,5,1,245,6
1639,28.9931080016201,35.394586822088854,176,32.19384741185448,5,1,245,6
1640,29.010151014918197,35.395355265897145,176,32.20275314040767,5,1,245,6
1641,29.028810174431253,35.3997475384633,176,32.21427885644728,5,1,245,6
1642,29.0489522152787,35.407585500529315,176,32.228268857904006,5,1,245,6
1643,29.070449751318876,35.41867645681111,176,32.244563104064994,5,1,245,6
1644,29.093183400246833,35.43281654653179,176,32.26299997338931,5,1,245,6
1645,29.117042229337358,35.44979369312885,176,32.283417961233106,5,1,245,6
1646,29.14192252369099,35.46939011628649,177,32.30565631998874,5,1,245,6
1647,29.16772624425121,35.491384214507654,177,32.32955522937943,5,1,245,6
1648,29.19435985998703,35.515551431466605,177,32.35495564572682,5,1,245,6
1649,29.221733555780144,35.54166449974428,177,32.38169902776221,5,1,245,6
1650,29.24976071994473,35.56949423589337,178,32.40962747791905,5,1,245,6
1651,29.2783575177103,35.598810987913375,178,32.438584252811836,5,1,245,6
1652,29.30744235694719,35.62938576333525,178,32.46841406014122,5,1,245,6
1653,29.33693505237184,35.660990651340306,178,32.49896285185607,5,1,245,6
1654,29.366756079662466,35.693398737547746,179,32.53007740860511,5,1,245,6
1655,29.396826896118856,35.72638410024688,179,32.56160549818287,5,1,245,6
1656,29.427071426640758,35.759722866988305,179,32.59339714681453,5,1,245,6
1657,29.457417935933886,35.79319562766992,179,32.6253067818019,5,1,245,6
1658,29.487800605354366,35.82659081745708,180,32.65719571140572,5,1,245,6
1659,29.51816023028025,35.85970809756165,180,32.68893416392095,5,1,245,6
1660,29.54844413657137,35.892360176545,179,32.72040215655818,5,1,245,6
1661,29.57860609733968,35.924373367864675,179,32.75148973260218,5,1,245,6
1662,29.608606543464017,35.95558903240837,179,32.782097787936195,5,1,245,6
1663,29.638412873493607,35.985866201329124,180,32.81213953741137,5,1,245,6
1664,29.66799976601781,36.0150838210419,179,32.841541793529856,5,1,245,6
1665,29.697349495008442,36.04314193980213,178,32.87024571740529,5,1,245,6
1666,29.72645205345201,36.06996203281777,178,32.89820704313489,5,1,245,6
1667,29.7553046953969,36.09548646744844,177,32.92539558142267,5,1,245,6
1668,29.783910994112883,36.11967691464214,177,32.951793954377514,5,1,245,6
1669,29.812280001639177,36.14251219521173,177,32.97739609842545,5,1,245,6
1670,29.840425509671874,36.16398673202537,177,33.002206120848626,5,1,245,6
1671,29.868364826429165,36.18410931584629,176,33.02623707113773,5,1,245,6
1672,29.896116679139922,36.202900429244124,176,33.04950855419202,5,1,245,6
1673,29.92369804683029,36.22038812845787,176,33.072043087644076,5,1,245,6
1674,29.951120313291366,36.23660423858979,176,33.09386227594058,5,1,245,6
1675,29.97838571536598,36.25158164201595,176,33.11498367869096,5,1,245,6
1676,30.00548437901392,36.265352464458886,176,33.135418421736404,5,1,245,6
1677,30.032391552989456,36.27794696315176,176,33.15516925807061,5,1,245,6
1678,30.059064942770963,36.289392921537164,176,33.174228932154065,5,1,245,6
1679,30.085442340232614,36.2997152574256,177,33.19257879882911,5,1,245,6
1680,30.11144013496066,36.308935454032635,177,33.21018779449665,5,1,245,6
1681,30.136953683562403,36.31707100858168,178,33.227012346072044,5,1,245,6
1682,30.16185944073018,36.32413567843551,178,33.24299755958285,5,1,245,6
1683,30.186017683232233,36.330140719553064,178,33.25807920139265,5,1,245,6
1684,30.209275341052685,36.33509672689649,178,33.272186033974585,5,1,245,6
1685,30.23146913291433,36.33901539384036,179,33.28524226337735,5,1,245,6
1686,30.25242939869741,36.341910215038524,179,33.29716980686797,5,1,245,6
1687,30.27198521649491,36.343796035020944,179,33.30789062575793,5,1,245,6
1688,30.289970514301054,36.34468822260007,179,33.31732936845056,5,1,245,6
1689,30.306230008508045,36.34460234869857,179,33.325416178603305,5,1,245,6
1690,30.320624191457085,36.34355534274893,180,33.33208976710301,5,1,245,6
1691,30.333032980273614,36.34156802987711,180,33.33730050507536,5,1,245,6
1692,30.34335822420896,36.33866787812689,180,33.34101305116793,5,1,245,6
1693,30.35152585264417,36.33489098000159,180,33.34320841632288,5,1,245,6
1694,30.357487665274775,36.33028248758536,180,33.34388507643007,5,1,245,6
1695,30.361221985324477,36.32489589083167,180,33.34305893807807,5,1,245,6
1696,30.36273307899539,36.31879269892271,180,33.34076288895905,5,1,245,6
1697,30.362049926712537,36.31204281647475,180,33.337046371593644,5,1,245,6
1698,30.35922512640315,36.30472463823893,180,33.33197488232104,5,1,245,6
1699,30.3543349037475,36.29692427598336,180,33.32562958986543,5,1,245,6
1700,30.347479643358046,36.28873372128257,180,33.318106682320305,5,1,245,6
1701,30.338782793868226,36.280248137960015,180,33.30951546591412,5,1,245,6
1702,30.328387950297497,36.271562867976556,179,33.299975409137026,5,1,245,6
1703,30.316455867463148,36.262770441910625,179,33.28961315468689,5,1,245,6
1704,30.303162475130012,36.25395759257292,179,33.27856003385146,5,1,245,6
1705,30.288698282548037,36.24520256295343,179,33.26695042275073,5,1,245,6
1706,30.273268389339222,36.236573292398056,179,33.254920840868635,5,1,245,6
1707,30.257091149022273,36.228127162565954,179,33.24260915579411,5,1,245,6
1708,30.24039499430186,36.219913082395806,180,33.23015403834883,5,1,245,6
1709,30.223414396112616,36.21197522840743,179,33.21769481226002,5,1,245,6
1710,30.206386025791375,36.204356293736204,179,33.205371159763786,5,1,245,6
1711,30.18954628718929,36.19709926981628,178,33.19332277850278,5,1,245,6
1712,30.17312972736128,36.19024795510409,178,33.181688841232685,5,1,245,6
1713,30.157366176338353,36.18384667785,178,33.17060642709418,5,1,245,6
1714,30.142476124662068,36.17794001253051,178,33.16020806859629,5,1,245,6
1715,30.128665505582482,36.17257268432329,179,33.15061909495289,5,1,245,6
1716,30.116120853890404,36.16778927077927,179,33.14195506233484,5,1,245,6
1717,30.105005618498133,36.16363340738884,179,33.13431951294349,5,1,245,6
1718,30.095457918497527,36.16014630128855,179,33.12780210989304,5,1,245,6
1719,30.08758954509426,36.15736455244242,179,33.12247704876834,5,1,245,6
1720,30.081485622050156,36.15531747674371,179,33.118401549396935,5,1,245,6
1721,30.077203947518612,36.15402480831639,179,33.1156143779175,5,1,245,6
1722,30.074774503632685,36.15349634116445,179,33.11413542239857,5,1,245,6
1723,30.074201083686052,36.15373350986412,179,33.11396729677509,5,1,245,6
1724,30.075464646277432,36.15473134854577,180,33.1150979974116,5,1,245,6
1725,30.078525665297086,36.15648004783043,180,33.11750285656376,5,1,245,6
1726,30.083325085889065,36.158966109778554,180,33.12114559783381,5,1,245,6
1727,30.08978583774452,36.16217280838435,180,33.125979323064435,5,1,245,6
1728,30.097815394318655,36.16607937060746,179,33.13194738246306,5,1,245,6
1729,30.10730840377363,36.170659463435804,179,33.13898393360472,5,1,245,6
1730,30.118149197995645,36.17588074298206,179,33.147014970488854,5,1,245,6
1731,30.130214766540355,36.18170585617178,179,33.15596031135607,5,1,245,6
1732,30.143377709603968,36.18809392013954,179,33.16573581487175,5,1,245,6
1733,30.157507611317705,36.19500169961063,179,33.17625465546416,5,1,245,6
1734,30.17247132302959,36.202383897689685,179,33.187427610359634,5,1,245,6
1735,30.188134694578537,36.21019275580421,179,33.19916372519137,5,1,245,6
1736,30.204365658087443,36.21837793887083,179,33.211371798479135,5,1,245,6
1737,30.22103593529754,36.226886999041874,179,33.22396146716971,5,1,245,6
1738,30.23802078526761,36.235666028678224,179,33.236843406972916,5,1,245,6
1739,30.25519835504087,36.24466030828668,179,33.24992933166378,5,1,245,6
1740,30.272449415530772,36.253814950242976,179,33.26313218288688,5,1,245,6
1741,30.289657484529428,36.263075441610006,179,33.27636646306972,5,1,245,6
1742,30.306709436234183,36.27238789183938,179,33.28954866403678,5,1,245,6
1743,30.323496794176997,36.28169937635949,179,33.302598085268244,5,1,245,6
1744,30.3399172216274,36.29095935226136,179,33.31543828694438,5,1,245,6
1745,30.355875040709382,36.30012175674279,179,33.32799839872609,5,1,245,6
1746,30.371281074436464,36.30914603340146,179,33.340213553918964,5,1,245,6
1747,30.386053568822305,36.31799669694091,180,33.35202513288161,5,1,245,6
1748,30.400120391523117,36.32664241231352,179,33.36338140191832,5,1,245,6
1749,30.413421142750565,36.33505488147635,180,33.37423801211346,5,1,245,6
1750,30.425908009119873,36.34320714809942,180,33.384557578609645,5,1,245,6
1751,30.437544385999804,36.35107112560218,180,33.394307755800995,5,1,245,6
1752,30.448301659272158,36.35861434895822,180,33.40345800411519,5,1,245,6
1753,30.458155902767658,36.36579604826759,180,33.41197597551762,5,1,245,6
1754,30.467085369684003,36.37256273970576,180,33.41982405469488,5,1,245,6
1755,30.475068778375313,36.37884421236058,180,33.426956495367946,5,1,245,6
1756,30.482083905179287,36.38455147243352,180,33.433317688806405,5,1,245,6
1757,30.48810550925589,36.3895770360637,180,33.43884127265979,5,1,245,6
1758,30.493102297189484,36.39379679184517,180,33.44344954451733,5,1,245,6
1759,30.497033317918902,36.39707284947429,180,33.447053083696595,5,1,245,6
1760,30.49984486142077,36.399256986306,180,33.449550923863384,5,1,245,6
1761,30.50146961747989,36.400194206264985,180,33.45083191187244,5,1,245,6
1762,30.501827900317988,36.399725828174915,180,33.45077686424645,5,1,245,6
1763,30.500828794304145,36.39769220343252,180,33.449260498868334,5,1,245,6
1764,30.498370734297026,36.39393584576816,180,33.4461532900326,5,1,245,6
1765,30.494342692481414,36.388304878016726,180,33.44132378524907,5,1,245,6
1766,30.488626070810625,36.38065582295664,180,33.43464094688363,5,1,245,6
1767,30.481096325396088,36.37085535042229,180,33.42597583790919,5,1,245,6
1768,30.47162422714273,36.35878117800176,179,33.415202702572245,5,1,245,6
1769,30.46007754086153,36.344322322472664,179,33.4021999316671,5,1,245,6
1770,30.44632341747592,36.32737889895402,179,33.38685115821497,5,1,245,6
1771,30.43023130629543,36.30786195719059,179,33.36904663174301,5,1,245,6
1772,30.411675804184732,36.285694136823615,179,33.34868497050417,5,1,245,6
1773,30.39053846827038,36.260810850416014,179,33.32567465934319,5,1,245,6
1774,30.366708203979215,36.23316062990669,179,33.29993441694295,5,1,245,6
1775,30.340080425329273,36.20270434488784,179,33.271392385108555,5,1,245,6
1776,30.31055576951098,36.169414073816064,179,33.23998492166352,5,1,245,6
1777,30.27803973292084,36.13327192139154,179,33.20565582715619,5,1,245,6
1778,30.242443327736847,36.09426858747864,179,33.168355957607744,5,1,245,6
1779,30.203683590057064,36.052401785394245,179,33.12804268772565,5,1,245,6
1780,30.161683648374968,36.00767489986441,179,33.084679274119694,5,1,245,6
1781,30.11637293891182,35.960095884695626,179,33.03823441180372,5,1,245,6
1782,30.06768805669045,35.90967600997313,179,32.98868203333179,5,1,245,6
1783,30.015574633592013,35.8564287512832,180,32.93600169243761,5,1,245,6
1784,29.9599900492971,35.800369796157526,180,32.880179922727315,5,1,245,6
1785,29.900906195644552,35.74151826506902,179,32.821212230356785,5,1,245,6
1786,29.83831180736515,35.67989836643818,179,32.75910508690167,5,1,245,6
1787,29.772214164531526,35.615541095188036,179,32.693877629859784,5,1,245,6
1788,29.702640264422673,35.548485974441725,179,32.6255631194322,5,1,245,6
1789,29.629637852830925,35.478782254639476,178,32.554210053735204,5,1,245,6
1790,29.5532758266956,35.40648839901166,179,32.47988211285363,5,1,245,6
1791,29.473642641791386,35.331669952186544,179,32.402656296988965,5,1,245,6
1792,29.390843114559416,35.254397156560735,178,32.32262013556007,5,1,245,6
1793,29.30499576255044,35.17474329079708,179,32.23986952667376,5,1,245,6
1794,29.216231754775777,35.09278431458186,179,32.15450803467882,5,1,245,6
1795,29.124695470120844,35.0085996234212,179,32.06664754677102,5,1,245,6
1796,29.030545979006313,34.92227293691253,179,31.97640945795942,5,1,245,6
1797,28.93395808050846,34.833893026637696,179,31.88392555357308,5,1,245,6
1798,28.835122794912422,34.74355467252359,179,31.789338733718004,5,1,245,6
1799,28.734248479418568,34.6513603339677,179,31.692804406693135,5,1,245,6
1800,28.63156305169873,34.55742311945873,179,31.594493085578733,5,1,280,7
1801,28.527317122954262,34.46187076045515,179,31.494593941704707,5,1,280,7
1802,28.421787061521645,34.36484941727359,179,31.393318239397615,5,1,280,7
1803,28.315276227423876,34.2665263395874,179,31.29090128350564,5,1,280,7
1804,28.208113788322684,34.167090598932134,179,31.18760219362741,5,1,280,7
1805,28.100651697368956,34.066751890606014,179,31.083701793987487,5,1,280,7
1806,27.993260803208965,33.96573818233274,179,30.979499492770856,5,1,280,7
1807,27.886327452204135,33.86429279165495,179,30.87531012192954,5,1,280,7
1808,27.78025086971457,33.76267127865902,179,30.771461074186796,5,1,280,7
1809,27.675440534139803,33.66113854040922,179,30.66828953727451,5,1,280,7
1810,27.572312269522865,33.559966493290844,179,30.566139381406856,5,1,280,7
1811,27.471281294687355,33.45943214407141,178,30.46535671937938,5,1,280,7
1812,27.37275222247234,33.35981526513496,178,30.36628374380365,5,1,280,7
1813,27.277107758333834,33.2613950843589,178,30.269251421346368,5,1,280,7
1814,27.184698140372088,33.164445595157076,177,30.174571867764584,5,1,280,7
1815,27.09583365579489,33.06922987252262,177,30.082531764158755,5,1,280,7
1816,27.01078013086994,32.97599456128346,178,29.993387346076698,5,1,280,7
1817,26.929754853579787,32.88496531280376,178,29.907360083191772,5,1,280,7
1818,26.85292224210095,32.796343556464635,178,29.82463289928279,5,1,280,7
1819,26.780390426205603,32.71030469996379,179,29.7453475630847,5,1,280,7
1820,26.712210007034557,32.62699756022909,179,29.669603783631825,5,1,280,7
1821,26.648376359083564,32.54654472960213,179,29.597460544342848,5,1,280,7
1822,26.588835668666945,32.469043484819466,180,29.528939576743205,5,1,280,7
1823,26.5334937335069,32.394567139335464,180,29.464030436421183,5,1,280,7
1824,26.482225573473823,32.323167032533476,180,29.40269630300365,5,1,280,7
1825,26.434882927757517,32.25487515466378,181,29.344879041210646,5,1,280,7
1826,26.391299347752078,32.18970721160758,181,29.290503279679832,5,1,280,7
1827,26.351295228824913,32.12766593386861,182,29.23948058134676,5,1,280,7
1828,26.31468346628827,32.0687444344497,182,29.191713950368985,5,1,280,7
1829,26.281274762955306,32.012929030325196,182,29.14710189664025,5,1,280,7
1830,26.25088181085982,31.960200552225416,183,29.10554118154262,5,1,280,7
1831,26.223321764838815,31.910534240472163,183,29.066928002655487,5,1,280,7
1832,26.198417108419484,31.863899397606286,183,29.031158253012883,5,1,280,7
1833,26.175995695154853,31.820259188343254,183,28.998127441749055,5,1,280,7
1834,26.15589084601345,31.77957019719038,184,28.967730521601915,5,1,280,7
1835,26.137942480881605,31.74178184184361,184,28.93986216136261,5,1,280,7
1836,26.121998994161572,31.706836228271918,184,28.914417611216745,5,1,280,7
1837,26.107918316357424,31.674668253206423,184,28.891293284781923,5,1,280,7
1838,26.09556767631811,31.64520497956394,184,28.870386327941027,5,1,280,7
1839,26.08482265157151,31.618363895675127,184,28.85159327362332,5,1,280,7
1840,26.075566094051162,31.594050254540747,184,28.834808174295954,5,1,280,7
1841,26.067687518395548,31.572154372259728,184,28.819920945327638,5,1,280,7
1842,26.061083052192398,31.552550447727675,184,28.806816749960035,5,1,280,7
1843,26.055655559741997,31.535097588088586,184,28.79537657391529,5,1,280,7
1844,26.05131494095956,31.519642846819675,183,28.785478893889618,5,1,280,7
1845,26.047978997080875,31.506025496324913,183,28.777002246702892,5,1,280,7
1846,26.045574376882257,31.494081171867155,183,28.769827774374704,5,1,280,7
1847,26.044036239162885,31.483645304090732,183,28.76384077162681,5,1,280,7
1848,26.043306632636828,31.47455603774812,183,28.75893133519247,5,1,280,7
1849,26.04333295978669,31.4666570293287,183,28.754994994557695,5,1,280,7
1850,26.044066915747774,31.459800711323403,183,28.751933813535587,5,1,280,7
1851,26.045463317829565,31.453851830460607,184,28.749657574145086,5,1,280,7
1852,26.047478826435693,31.448690286800783,184,28.748084556618238,5,1,280,7
1853,26.050071143316018,31.444212788093896,184,28.747141965704955,5,1,280,7
1854,26.053198395220416,31.44033332127949,184,28.74676585824995,5,1,280,7
1855,26.056817533174698,31.43698283289032,184,28.74690018303251,5,1,280,7
1856,26.060881748044537,31.434108899990783,184,28.74749532401766,5,1,280,7
1857,26.065338073523993,31.43167558780197,184,28.748506830662983,5,1,280,7
1858,26.07012595759733,31.429663104689336,184,28.749894531143333,5,1,280,7
1859,26.075177193466242,31.42806706000115,184,28.751622126733697,5,1,280,7
1860,26.080417015812635,31.42689732506495,185,28.753657170438792,5,1,280,7
1861,26.08576558314784,31.426176594955162,185,28.7559710890515,5,1,280,7
1862,26.09113916464163,31.425938845968226,185,28.758539005304925,5,1,280,7
1863,26.096450447449225,31.426227786002446,185,28.761339116725836,5,1,280,7
1864,26.101608258455467,31.4270952973246,185,28.764351777890035,5,1,280,7
1865,26.106517872249213,31.428599773517423,185,28.767558822883316,5,1,280,7
1866,26.11108229689532,31.43080415473972,186,28.77094322581752,5,1,280,7
1867,26.115204148818083,31.433773660403094,186,28.77448890461059,5,1,280,7
1868,26.118787435535275,31.43757341337242,186,28.778180424453847,5,1,280,7
1869,26.121738272382977,31.442266149762368,186,28.782002211072673,5,1,280,7
1870,26.123964534723836,31.447910208403158,186,28.7859373715635,5,1,280,7
1871,26.125375422472,31.454557799012154,186,28.789966610742077,5,1,280,7
1872,26.12588142605867,31.462253353102817,186,28.794067389580743,5,1,280,7
1873,26.125394695255476,31.471031956832775,186,28.798213326044127,5,1,280,7
1874,26.123829617178174,31.480918060188912,186,28.802373838683543,5,1,280,7
1875,26.121103214693786,31.49192475458129,186,28.80651398463754,5,1,280,7
1876,26.117135464103775,31.50405400860947,186,28.81059473635662,5,1,280,7
1877,26.111850118617962,31.51729776425738,186,28.814573941437672,5,1,280,7
1878,26.105176038859714,31.531639308262708,186,28.81840767356121,5,1,280,7
1879,26.097048446356,31.54705443109118,186,28.82205143872359,5,1,280,7
1880,26.087410101110788,31.56351198361313,185,28.825461042361958,5,1,280,7
1881,26.07621298948589,31.580974026927453,186,28.828593508206673,5,1,280,7
1882,26.063420620808788,31.59939635611554,186,28.831408488462166,5,1,280,7
1883,26.049010543295736,31.618729203441475,186,28.833869873368606,5,1,280,7
1884,26.03297659215335,31.638916951242113,186,28.83594677169773,5,1,280,7
1885,26.015330284961944,31.65989685528593,186,28.837613570123935,5,1,280,7
1886,25.996101169348627,31.681597949919357,186,28.838849559633992,5,1,280,7
1887,25.975336317843094,31.70394062367306,186,28.839638470758075,5,1,280,7
1888,25.953099554684947,31.726836671367217,186,28.83996811302608,5,1,280,7
1889,25.929471389230578,31.750189726420235,186,28.839830557825408,5,1,280,7
1890,25.904549752501826,31.773896074730295,186,28.839222913616062,5,1,280,7
1891,25.878450755312876,31.797845949164927,186,28.838148352238903,5,1,280,7
1892,25.851308588604017,31.821925501346165,186,28.836617044975092,5,1,280,7
1893,25.82327358879807,31.84601935489494,187,28.834646471846504,5,1,280,7
1894,25.794508758713416,31.870013351744554,186,28.832261055228983,5,1,280,7
1895,25.76518630231358,31.89379700561221,186,28.829491653962897,5,1,280,7
1896,25.735484658463044,31.917265079157488,186,28.826374868810266,5,1,280,7
1897,25.705585445799063,31.940318091466313,186,28.822951768632688,5,1,280,7
1898,25.67566982827023,31.962861952585197,186,28.819265890427715,5,1,280,7
1899,25.645913908385186,31.984807116811837,186,28.81536051259851,5,1,280,7
1900,25.616483340457354,32.00606784143187,186,28.81127559094461,5,1,280,7
1901,25.58752794144454,32.02656145476358,186,28.80704469810406,5,1,280,7
1902,25.55917717467558,32.046206854556814,186,28.8026920146162,5,1,280,7
1903,25.531537479526634,32.06492243312515,187,28.79822995632589,5,1,280,7
1904,25.5046916401212,32.08262460094523,186,28.793658120533216,5,1,280,7
1905,25.478699606178996,32.09922720262128,186,28.788963404400135,5,1,280,7
1906,25.453600277028908,32.11464124129793,186,28.78412075916342,5,1,280,7
1907,25.429413857682214,32.128774912868025,186,28.77909438527512,5,1,280,7
1908,25.406144883878227,32.141534536589944,186,28.773839710234085,5,1,280,7
1909,25.383786500993175,32.15282618846284,187,28.768306344728007,5,1,280,7
1910,25.36232531394631,32.16255706342846,187,28.762441188687383,5,1,280,7
1911,25.341744857419112,32.17063647031715,187,28.756190663868132,5,1,280,7
1912,25.322027589033645,32.17697724128358,188,28.749502415158613,5,1,280,7
1913,25.303157161413292,32.18149736206682,187,28.74232726174006,5,1,280,7
1914,25.285121168457174,32.18412065397776,187,28.734620911217466,5,1,280,7
1915,25.267913000530882,32.18477650888477,187,28.726344754707824,5,1,280,7
1916,25.25153271121134,32.18339984882565,187,28.717466280018495,5,1,280,7
1917,25.235988066130354,32.17993179903458,187,28.707959932582465,5,1,280,7
1918,25.221296261598148,32.174320880330136,187,28.697808570964142,5,1,280,7
1919,25.207486117804294,32.16652442916666,187,28.687005273485475,5,1,280,7
1920,25.194600356159935,32.156509855990365,187,28.67555510607515,5,1,280,7
1921,25.18269737508032,32.144255547477336,186,28.663476461278826,5,1,280,7
1922,25.171852523527054,32.129751413147375,186,28.650801968337213,5,1,280,7
1923,25.162159456622273,32.1129993692942,186,28.63757941295824,5,1,280,7
1924,25.153731767225384,32.094014345608,185,28.62387305641669,5,1,280,7
1925,25.14670469691907,32.07282610707115,185,28.609765401995112,5,1,280,7
1926,25.141236046779444,32.04948189089471,183,28.595358968837076,5,1,280,7
1927,25.137504725213716,32.024049077713116,183,28.580776901463416,5,1,280,7
1928,25.135705955041136,31.996616335668794,182,28.566161145354965,5,1,280,7
1929,25.136042746915617,31.967293041247263,182,28.55166789408144,5,1,280,7
1930,25.138715001633543,31.936208145935485,182,28.537461573784512,5,1,280,7
1931,25.143909359437806,31.903509169770874,182,28.523709264604342,5,1,280,7
1932,25.151790476039448,31.869361514855502,182,28.510575995447475,5,1,280,7
1933,25.162491966841706,31.83394790146328,182,28.498219934152495,5,1,280,7
1934,25.176107407014463,31.797467338933604,183,28.486787372974035,5,1,280,7
1935,25.192683921368587,31.76013323835353,183,28.476408579861058,5,1,280,7
1936,25.21221904538169,31.722170468858387,183,28.46719475712004,5,1,280,7
1937,25.23465968622347,31.68381174439781,184,28.45923571531064,5,1,280,7
1938,25.25990308629144,31.645294312873784,184,28.452598699582612,5,1,280,7
1939,25.287800765447315,31.606857139120226,184,28.44732895228377,5,1,280,7
1940,25.318164760765093,31.56873799280645,185,28.443451376785774,5,1,280,7
1941,25.350773825166524,31.53117024247884,185,28.440972033822682,5,1,280,7
1942,25.38537919767821,31.494379547134223,185,28.439879372406217,5,1,280,7
1943,25.421711509309613,31.45858073432181,186,28.44014612181571,5,1,280,7
1944,25.459488438231478,31.42397525142338,186,28.44173184482743,5,1,280,7
1945,25.498420777509516,31.390749186780862,186,28.444584982145187,5,1,280,7
1946,25.538216529604973,31.359071467399755,186,28.448643998502362,5,1,280,7
1947,25.578584592718776,31.32909203526301,186,28.453838313990893,5,1,280,7
1948,25.619238628729562,31.300939999625918,187,28.46008931417774,5,1,280,7
1949,25.6599007270878,31.274721860504094,187,28.467311293795944,5,1,280,7
1950,25.700304869105885,31.25051999643628,187,28.475412432771083,5,1,280,7
1951,25.740200587105,31.228391609947156,187,28.48429609852608,5,1,280,7
1952,25.77935652992858,31.208368324500555,187,28.493862427214566,5,1,280,7
1953,25.81756296332674,31.19045652958761,187,28.504009746457175,5,1,280,7
1954,25.85463330634213,31.174638473453506,187,28.514635889897818,5,1,280,7
1955,25.890405877414043,31.160874200894213,187,28.525640039154126,5,1,280,7
1956,25.92474575556128,31.149104531464108,187,28.536925143512693,5,1,280,7
1957,25.957545393621363,31.139254688547883,187,28.548400041084623,5,1,280,7
1958,25.98872379056972,31.131237604819002,188,28.55998069769436,5,1,280,7
1959,26.01822519998031,31.124956905224046,188,28.57159105260218,5,1,280,7
1960,26.046017863590244,31.120310544197633,188,28.583164203893936,5,1,280,7
1961,26.07209277084821,31.117195098581742,188,28.594643934714977,5,1,280,7
1962,26.096462249878602,31.11550974243549,188,28.605985996157045,5,1,280,7
1963,26.119157999865916,31.115159222558397,188,28.617158611212155,5,1,280,7
1964,26.140228174531813,31.116055446130503,189,28.628141810331158,5,1,280,7
1965,26.15973312607843,31.118117389332273,188,28.638925257705353,5,1,280,7
1966,26.177740686714987,31.1212691332445,188,28.649504909979743,5,1,280,7
1967,26.19432313268765,31.125437101216704,188,28.659880116952177,5,1,280,7
1968,26.209556219928327,31.13054883980322,188,28.670052529865774,5,1,280,7
1969,26.22351892467844,31.136533539501965,188,28.680026232090203,5,1,280,7
1970,26.23629261992148,31.143322345683977,188,28.689807482802728,5,1,280,7
1971,26.24795851594996,31.150847680516968,188,28.699403098233464,5,1,280,7
1972,26.258594046578708,31.159041967102187,188,28.708818006840445,5,1,280,7
1973,26.268270735737115,31.167836049498455,188,28.718053392617783,5,1,280,7
1974,26.27705432354819,31.17715750477933,188,28.727105914163758,5,1,280,7
1975,26.285006175404146,31.18692923836839,188,28.735967706886267,5,1,280,7
1976,26.29218470501387,31.19706894901981,188,28.744626827016837,5,1,280,7
1977,26.298645249850782,31.20748946465154,187,28.75306735725116,5,1,280,7
1978,26.30443849562814,31.21809936508685,187,28.761268930357495,5,1,280,7
1979,26.309609204628472,31.228803795520268,187,28.769206500074368,5,1,280,7
1980,26.314196027407426,31.239505862275198,187,28.776850944841314,5,1,280,7
1981,26.318232202099598,31.25010851478685,187,28.784170358443223,5,1,280,7
1982,26.321746457954063,31.260516330089317,187,28.79113139402169,5,1,280,7
1983,26.324762952121777,31.27063710376979,187,28.797700027945783,5,1,280,7
1984,26.327300239247037,31.280383639009912,187,28.803841939128475,5,1,280,7
1985,26.329370443946072,31.28967583267504,187,28.809523138310556,5,1,280,7
1986,26.330978928502592,31.298442864724304,187,28.814710896613448,5,1,280,7
1987,26.33212387036775,31.306624906954045,187,28.819374388660897,5,1,280,7
1988,26.332795651846396,31.31417337679732,187,28.82348451432186,5,1,280,7
1989,26.33297645215353,31.3210495420358,187,28.827012997094666,5,1,280,7
1990,26.332640334607223,31.32722206241169,187,28.829931198509456,5,1,280,7
1991,26.331754024310783,31.3326641515214,187,28.83220908791609,5,1,280,7
1992,26.33027827918517,31.33735113979986,187,28.833814709492515,5,1,280,7
1993,26.328169464709596,31.34125902425846,187,28.834714244484026,5,1,280,7
1994,26.325381332968597,31.344364395527357,187,28.834872864247977,5,1,280,7
1995,26.321867396819563,31.34664544996617,187,28.834256423392866,5,1,280,7
1996,26.317583704808623,31.348083111823787,187,28.832833408316205,5,1,280,7
1997,26.31249123724109,31.34866197316396,187,28.830576605202523,5,1,280,7
1998,26.306557592449366,31.348371441994008,187,28.827464517221685,5,1,280,7
1999,26.299758139425514,31.347207293903413,187,28.823482716664465,5,1,280,7
2000,26.29207694943583,31.34517362736927,187,28.81862528840255,5,1,280,7
2001,26.283507780096162,31.342284832632288,187,28.812896306364223,5,1,280,7
2002,26.274055131654627,31.338566793766383,187,28.806310962710505,5,1,280,7
2003,26.26373525852567,31.334056933559168,186,28.79889609604242,5,1,280,7
2004,26.252576667816562,31.328803100798954,187,28.79068988430776,5,1,280,7
2005,26.24061940231756,31.322861494466455,187,28.781740448392007,5,1,280,7
2006,26.22791332210116,31.316294014247628,187,28.772103668174395,5,1,280,7
2007,26.214516339991842,31.309165524197724,186,28.761840932094785,5,1,280,7
2008,26.200492766202192,31.301541613837884,187,28.751017190020036,5,1,280,7
2009,26.185911176014823,31.29348705076303,187,28.739699113388927,5,1,280,7
2010,26.17084199459474,31.28506472867042,187,28.72795336163258,5,1,280,7
2011,26.155355773253696,31.276335012268635,187,28.715845392761167,5,1,280,7
2012,26.13952215608106,31.267355478094377,187,28.70343881708772,5,1,280,7
2013,26.123408560475152,31.25818095276122,187,28.690794756618185,5,1,280,7
2014,26.107078180351603,31.248863652666092,187,28.677970916508848,5,1,280,7
2015,26.09058750607129,31.23945332675918,187,28.665020416415235,5,1,280,7
2016,26.07398394534505,31.229997401561224,187,28.651990673453135,5,1,280,7
2017,26.057304519621443,31.22054083503769,187,28.638922677329568,5,1,280,7
2018,26.0405757327637,31.21112509336479,187,28.625850413064242,5,1,280,7
2019,26.023813831141478,31.20178654250681,187,28.612800186824145,5,1,280,7
2020,26.007025064573003,31.192555424422075,187,28.59979024449754,5,1,280,7
2021,25.990205947861977,31.18345580748878,187,28.58683087767538,5,1,280,7
2022,25.97334381544271,31.174506120528356,187,28.573924967985533,5,1,280,7
2023,25.956418254409556,31.16571958728487,187,28.561068920847212,5,1,280,7
2024,25.939403416115216,31.15710358569646,187,28.548253500905837,5,1,280,7
2025,25.92227062140876,31.148658321904414,187,28.53546447165659,5,1,280,7
2026,25.9049908697476,31.14037657456192,187,28.52268372215476,5,1,280,7
2027,25.88753705754351,31.13224499712965,187,28.50989102733658,5,1,280,7
2028,25.86988590617799,31.12424619797045,187,28.49706605207422,5,1,280,7
2029,25.852019795162736,31.116361110748826,188,28.48419045295578,5,1,280,7
2030,25.833928305718953,31.108571460305278,188,28.471249883012113,5,1,280,7
2031,25.81560888981982,31.100861836595495,188,28.458235363207656,5,1,280,7
2032,25.79706676239303,31.09322059666952,187,28.445143679531277,5,1,280,7
2033,25.778314797021633,31.085639692463886,187,28.43197724474276,5,1,280,7
2034,25.759373522600278,31.078114399962672,187,28.418743961281475,5,1,280,7
2035,25.74027063552368,31.070643144930568,187,28.40545689022712,5,1,280,7
2036,25.721039636940098,31.063226840070726,188,28.392133238505412,5,1,280,7
2037,25.701717399569176,31.05586783117298,188,28.378792615371076,5,1,280,7
2038,25.682340956191393,31.048569232540224,187,28.365455094365807,5,1,280,7
2039,25.662944289560194,31.041334554122113,187,28.35213942184115,5,1,280,7
2040,25.643555610870283,31.034166644937343,187,28.33886112790381,5,1,280,7
2041,25.624195321344683,31.027066050277583,187,28.325630685811134,5,1,280,7
2042,25.60487465651612,31.020029953113347,187,28.312452304814734,5,1,280,7
2043,25.585594817823427,31.01305208985231,187,28.299323453837868,5,1,280,7
2044,25.566346396280803,31.00612325034394,187,28.28623482331237,5,1,280,7
2045,25.547108893130428,30.999232167149017,187,28.273170530139723,5,1,280,7
2046,25.52785063024199,30.992366794210795,187,28.26010871222639,5,1,280,7
2047,25.508529830881038,30.98551568248068,187,28.24702275668086,5,1,280,7
2048,25.489096871330286,30.978668867449706,187,28.233882869389994,5,1,280,7
2049,25.46949692369313,30.9718179761445,187,28.220657449918814,5,1,280,7
2050,25.449672405409128,30.964955553742456,187,28.207313979575794,5,1,280,7
2051,25.42956484617469,30.958073902555014,186,28.19381937436485,5,1,280,7
2052,25.409116173154903,30.951164018730466,186,28.180140095942683,5,1,280,7
2053,25.38826980553595,30.944214724344214,186,28.16624226494008,5,1,280,7
2054,25.366972047000367,30.93721160487684,186,28.152091825938605,5,1,280,7
2055,25.3451743622197,30.930135654723223,186,28.137655008471462,5,1,280,7
2056,25.322835757887034,30.922961826036033,185,28.122898791961532,5,1,280,7
2057,25.299923123210814,30.915657773822765,185,28.107790448516788,5,1,280,7
2058,25.276409530507053,30.90818318785132,186,28.092296359179187,5,1,280,7
2059,25.25227264223735,30.90048990695134,185,28.076381274594347,5,1,280,7
2060,25.227493907685403,30.892522816339486,186,28.060008362012447,5,1,280,7
2061,25.202057769329247,30.8842211385626,186,28.043139453945926,5,1,280,7
2062,25.175950293982616,30.875519338607454,186,28.025734816295035,5,1,280,7
2063,25.149156838811965,30.86634774165427,186,28.007752290233118,5,1,280,7
2064,25.121659142615474,30.856633839864994,187,27.989146491240234,5,1,280,7
2065,25.093433013063528,30.846304289285218,187,27.969868651174373,5,1,280,7
2066,25.064447585574786,30.835286622606546,187,27.949867104090664,5,1,280,7
2067,25.034666934505076,30.823510191234153,187,27.929088562869616,5,1,280,7
2068,25.0040530617434,30.810906337779407,188,27.907479699761403,5,1,280,7
2069,24.972567532208856,30.797408092689878,188,27.884987812449367,5,1,280,7
2070,24.940171269144127,30.782949981316534,188,27.861560625230332,5,1,280,7
2071,24.906824265481184,30.767468137540163,188,27.837146201510674,5,1,280,7
2072,24.872486382339613,30.75090052990251,189,27.811693456121063,5,1,280,7
2073,24.83711982049799,30.733187008625993,188,27.78515341456199,5,1,280,7
2074,24.80069238761006,30.7142687843427,188,27.75748058597638,5,1,280,7
2075,24.76317922083736,30.69408733947356,189,27.728633280155456,5,1,280,7
2076,24.724562770309976,30.672583163326923,189,27.69857296681845,5,1,280,7
2077,24.684832994542074,30.64969489706374,189,27.667263945802908,5,1,280,7
2078,24.64398864591167,30.625359669769814,189,27.634674157840742,5,1,280,7
2079,24.602039451287197,30.59951462659006,189,27.60077703893863,5,1,280,7
2080,24.559008505043305,30.572098869588952,189,27.56555368731613,5,1,280,7
2081,24.514933703839738,30.54305561722757,189,27.528994660533655,5,1,280,7
2082,24.469868222789863,30.512334973545236,189,27.49110159816755,5,1,280,7
2083,24.423881202875606,30.479897112838525,189,27.451889157857067,5,1,280,7
2084,24.377058941386746,30.445715100293963,189,27.411387020840355,5,1,280,7
2085,24.329505999070093,30.40977725163435,189,27.369641625352223,5,1,280,7
2086,24.281346027557966,30.372089617399183,189,27.326717822478575,5,1,280,7
2087,24.232722510512993,30.332678494484533,189,27.282700502498763,5,1,280,7
2088,24.183799319016124,30.291592184534384,189,27.237695751775256,5,1,280,7
2089,24.13476068880362,30.248901608612424,189,27.191831148708022,5,1,280,7
2090,24.08581051926002,30.20469977739572,189,27.14525514832787,5,1,280,7
2091,24.037171186376494,30.159100213323327,189,27.098135699849912,5,1,280,7
2092,23.98908186650173,30.112234518332357,189,27.050658192417046,5,1,280,7
2093,23.941796172348994,30.064249670651066,189,27.00302292150003,5,1,280,7
2094,23.895578902468092,30.01530602398924,189,26.955442463228664,5,1,280,7
2095,23.85070170517434,29.965575519163153,189,26.90813861216875,5,1,280,7
2096,23.807437262688985,29.915238154924392,188,26.861337708806687,5,1,280,7
2097,23.7660514060786,29.86447671533678,188,26.81526406070769,5,1,280,7
2098,23.726793742023627,29.813471701675667,188,26.77013272184965,5,1,280,7
2099,23.689888543007537,29.762396953723083,187,26.726142748365312,5,1,280,7
2100,23.655527165086344,29.711414982306813,187,26.68347107369658,5,1,315,8
2101,23.623862770099105,29.660672400555647,187,26.642267585327374,5,1,315,8
2102,23.595007251838396,29.610297207037206,187,26.6026522294378,5,1,315,8
2103,23.569029388441578,29.560398308660293,187,26.564713848550937,5,1,315,8
2104,23.545954414342685,29.511066305978716,188,26.528510360160702,5,1,315,8
2105,23.52576637623113,29.462375344117365,188,26.494070860174247,5,1,315,8
2106,23.50841327260495,29.41438661311453,188,26.461399942859742,5,1,315,8
2107,23.4938136116114,29.367152813734183,188,26.43048321267279,5,1,315,8
2108,23.48186321749057,29.320721637012536,189,26.401292427251555,5,1,315,8
2109,23.472441311467808,29.275137964076333,189,26.37378963777207,5,1,315,8
2110,23.46541547852255,29.23044615099129,189,26.34793081475692,5,1,315,8
2111,23.460645716951344,29.18669230038668,190,26.323669008669015,5,1,315,8
2112,23.457987670297484,29.143924958554546,190,26.300956314426017,5,1,315,8
2113,23.457295043810756,29.102193847149884,190,26.27974444548032,5,1,315,8
2114,23.45842111013351,29.06154740903793,190,26.25998425958572,5,1,315,8
2115,23.461219111405338,29.022029850289854,190,26.241624480847598,5,1,315,8
2116,23.465541950221876,28.983678262816216,191,26.224610106519044,5,1,315,8
2117,23.471242147117078,28.946520314660994,191,26.208881230889034,5,1,315,8
2118,23.478172457015592,28.91057289755339,191,26.19437267728449,5,1,315,8
2119,23.486186951876622,28.875842023907385,191,26.181014487892003,5,1,315,8
2120,23.495142376741565,28.842324168070366,191,26.168733272405966,5,1,315,8
2121,23.50489958637312,28.810008564028212,191,26.15745407520067,5,1,315,8
2122,23.515324772099156,28.778879289163118,192,26.14710203063114,5,1,315,8
2123,23.526290090879996,28.748916548993545,192,26.137603319936773,5,1,315,8
2124,23.53767379622202,28.720097163131143,192,26.128885479676583,5,1,315,8
2125,23.549360458153917,28.69239464290849,192,26.120877550531205,5,1,315,8
2126,23.56124137169965,28.665779641340155,192,26.1135105065199,5,1,315,8
2127,23.5732147654957,28.64022106843816,192,26.10671791696693,5,1,315,8
2128,23.58518581224734,28.615687677251938,192,26.100436744749636,5,1,315,8
2129,23.597066832762884,28.592149535883493,192,26.09460818432319,5,1,315,8
2130,23.60877769504407,28.569578410588203,192,26.089178052816138,5,1,315,8
2131,23.620246019647173,28.54794706042558,192,26.084096540036377,5,1,315,8
2132,23.631407095026127,28.52722841927152,192,26.07931775714882,5,1,315,8
2133,23.642203699063163,28.507395348383465,192,26.074799523723314,5,1,315,8
2134,23.65258592533594,28.488421350097287,193,26.070503637716612,5,1,315,8
2135,23.66251101501553,28.47028185292498,192,26.066396433970255,5,1,315,8
2136,23.67194329271301,28.45295489800465,193,26.06244909535883,5,1,315,8
2137,23.680854402017925,28.436420837130253,193,26.05863761957409,5,1,315,8
2138,23.689223743745703,28.4206614328568,193,26.05494258830125,5,1,315,8
2139,23.69703872718261,28.405658946220655,193,26.05134883670163,5,1,315,8
2140,23.70429473710996,28.391395992668045,193,26.047845364889003,5,1,315,8
2141,23.710995011879785,28.377855971394354,193,26.04442549163707,5,1,315,8
2142,23.717150530152477,28.365022897910176,193,26.041086714031326,5,1,315,8
2143,23.722779906246878,28.352880249945684,193,26.03783007809628,5,1,315,8
2144,23.727908903781547,28.341409217106186,193,26.034659060443865,5,1,315,8
2145,23.732568787019176,28.330586939774488,193,26.031577863396834,5,1,315,8
2146,23.736793704602206,28.320385517861254,193,26.02858961123173,5,1,315,8
2147,23.740618275667792,28.31077178976602,193,26.025695032716904,5,1,315,8
2148,23.744075670439234,28.301707101688326,193,26.02289138606378,5,1,315,8
2149,23.74719559953513,28.29314658012373,193,26.02017108982943,5,1,315,8
2150,23.750002295096383,28.28503771308193,193,26.017520004089157,5,1,315,8
2151,23.75251322178717,28.277318728424905,193,26.014915975106035,5,1,315,8
2152,23.754738586973883,28.269917940601715,193,26.0123282637878,5,1,315,8
2153,23.756681092454777,28.262754456896108,193,26.009717774675444,5,1,315,8
2154,23.75833567677091,28.255739854149404,193,26.007037765460154,5,1,315,8
2155,23.759689261991966,28.24878053459687,193,26.00423489829442,5,1,315,8
2156,23.760720505057957,28.241780567107522,193,26.00125053608274,5,1,315,8
2157,23.761399567816422,28.234644917730048,193,25.998022242773235,5,1,315,8
2158,23.761688435577636,28.22728307101676,193,25.994485753297198,5,1,315,8
2159,23.76154278789129,28.219612555893914,193,25.990577671892602,5,1,315,8
2160,23.760915199180562,28.211561402090545,193,25.986238300635556,5,1,315,8
2161,23.759758262575613,28.20306952839367,193,25.981413895484643,5,1,315,8
2162,23.75802694096861,28.194090039215155,193,25.97605849009188,5,1,315,8
2163,23.755680146015514,28.18459052793354,193,25.97013533697453,5,1,315,8
2164,23.752681740850452,28.174553607431182,193,25.963617674140817,5,1,315,8
2165,23.749001357293018,28.163976375715322,193,25.95648886650417,5,1,315,8
2166,23.744614833028933,28.152869011973923,193,25.948741922501426,5,1,315,8
2167,23.739503488933188,28.14125240558854,193,25.940377947260863,5,1,315,8
2168,23.73365205184492,28.129154427820662,193,25.93140323983279,5,1,315,8
2169,23.72704561325617,28.11660572370993,193,25.921825668483052,5,1,315,8
2170,23.719666697089018,28.103637169595846,193,25.911651933342434,5,1,315,8
2171,23.71149419248725,28.0902792884139,193,25.900886740450574,5,1,315,8
2172,23.702504542050548,28.076562061693554,193,25.88953330187205,5,1,315,8
2173,23.69267421045472,28.062514650098645,193,25.87759443027668,5,1,315,8
2174,23.68198245843338,28.048165607270406,193,25.865074032851894,5,1,315,8
2175,23.67041344709752,28.033543488978783,193,25.85197846803815,5,1,315,8
2176,23.657957575362495,28.01867707683031,193,25.8383173260964,5,1,315,8
2177,23.64461283101315,28.00359531362283,193,25.82410407231799,5,1,315,8
2178,23.63038644815926,27.988327925275055,193,25.809357186717158,5,1,315,8
2179,23.615296676031978,27.972906631336787,193,25.794101653684383,5,1,315,8
2180,23.59937446392105,27.957365773154446,193,25.778370118537747,5,1,315,8
2181,23.582664866875785,27.941741871503634,193,25.76220336918971,5,1,315,8
2182,23.56522768398758,27.92607230823163,193,25.745649996109606,5,1,315,8
2183,23.547136548248137,27.910393619040295,194,25.728765083644216,5,1,315,8
2184,23.528476564593177,27.894740177144463,194,25.71160837086882,5,1,315,8
2185,23.50934147037012,27.879143754930446,193,25.694242612650285,5,1,315,8
2186,23.489830804612122,27.86363415814591,193,25.676732481379016,5,1,315,8
2187,23.47004708468512,27.848240639507235,194,25.65914386209618,5,1,315,8
2188,23.45009328138953,27.83299331095809,193,25.64154329617381,5,1,315,8
2189,23.430071176154925,27.817924163964697,193,25.62399767005981,5,1,315,8
2190,23.41008030612064,27.803067697366174,194,25.606574001743407,5,1,315,8
2191,23.39021632507749,27.788461054736285,194,25.58933868990689,5,1,315,8
2192,23.370568876267722,27.774143475641825,193,25.572356175954774,5,1,315,8
2193,23.351220341086957,27.7601551577617,193,25.55568774942433,5,1,315,8
2194,23.33224555983651,27.746535919417745,193,25.53939073962713,5,1,315,8
2195,23.31371135279814,27.733323856973712,193,25.523517604885924,5,1,315,8
2196,23.295675547853925,27.72055399648417,193,25.508114772169048,5,1,315,8
2197,23.278186098834738,27.708257134082736,193,25.493221616458737,5,1,315,8
2198,23.261280781386205,27.696459254726438,193,25.47887001805632,5,1,315,8
2199,23.244987855756957,27.68518143128442,193,25.46508464352069,5,1,315,8
2200,23.229327305769306,27.67443961834012,194,25.451883462054713,5,1,315,8
2201,23.214311483080845,27.664244340379813,193,25.43927791173033,5,1,315,8
2202,23.199944766269404,27.654600859346868,193,25.427272812808134,5,1,315,8
2203,23.186222624690753,27.645510016471512,193,25.41586632058113,5,1,315,8
2204,23.17313106241912,27.63696955321214,193,25.40505030781563,5,1,315,8
2205,23.160648002948257,27.62897561867167,193,25.394811810809962,5,1,315,8
2206,23.14874641978907,27.62152407336178,193,25.385135246575423,5,1,315,8
2207,23.13739726253793,27.61461129675197,193,25.376004279644953,5,1,315,8
2208,23.126571105902233,27.60823430358637,193,25.3674027047443,5,1,315,8
2209,23.116238327044588,27.60239026656161,193,25.3593142968031,5,1,315,8
2210,23.10636839692759,27.597075835566677,193,25.35172211624713,5,1,315,8
2211,23.096929651654374,27.592286546147253,193,25.344608098900814,5,1,315,8
2212,23.087890129507326,27.588016512326703,193,25.337953320917016,5,1,315,8
2213,23.07921927909343,27.58425840385585,193,25.33173884147464,5,1,315,8
2214,23.070889953857698,27.581003512908147,193,25.32594673338292,5,1,315,8
2215,23.062879718056532,27.5782417152589,193,25.320560716657717,5,1,315,8
2216,23.055171074457647,27.575961131009315,193,25.31556610273348,5,1,315,8
2217,23.047750809190187,27.574147582553717,193,25.310949195871952,5,1,315,8
2218,23.040608844170155,27.572784240130236,193,25.306696542150195,5,1,315,8
2219,23.033737182534907,27.571851552716634,193,25.302794367625772,5,1,315,8
2220,23.027129044788,27.57132726945913,193,25.299228157123565,5,1,315,8
2221,23.020777805639042,27.571186259328055,193,25.29598203248355,5,1,315,8
2222,23.014675439043256,27.571399739201993,194,25.293037589122626,5,1,315,8
2223,23.00881027648479,27.571934105852137,194,25.290372191168466,5,1,315,8
2224,23.00316456633291,27.572750152579022,194,25.287957359455966,5,1,315,8
2225,22.997713004916807,27.573802866105698,194,25.285757935511253,5,1,315,8
2226,22.99242292236749,27.575041414193738,194,25.283732168280615,5,1,315,8
2227,22.987256318695486,27.576409324684775,194,25.28183282169013,5,1,315,8
2228,22.98217316537421,27.57784524690629,194,25.28000920614025,5,1,315,8
2229,22.97713460747262,27.579284393856604,194,25.278209500664612,5,1,315,8
2230,22.97210557925225,27.580660471047366,194,25.27638302514981,5,1,315,8
2231,22.967057223968958,27.58190789792419,194,25.274482560946574,5,1,315,8
2232,22.961969313481237,27.58296412779993,194,25.272466720640583,5,1,315,8
2233,22.956832668089103,27.583771872230614,194,25.27030227015986,5,1,315,8
2234,22.95165089413852,27.584281035724878,194,25.267965964931697,5,1,315,8
2235,22.94644007400491,27.58445016659238,194,25.265445120298644,5,1,315,8
2236,22.941226213328406,27.584247229622566,194,25.262736721475484,5,1,315,8
2237,22.936041420639004,27.58364940861989,194,25.259845414629446,5,1,315,8
2238,22.93091969683092,27.582641549146185,194,25.25678062298855,5,1,315,8
2239,22.925893114319145,27.58121353445334,194,25.253553324386242,5,1,315,8
2240,22.920988385377534,27.579357570243626,194,25.25017297781058,5,1,315,8
2241,22.91622303888324,27.577065963660868,194,25.24664450127205,5,1,315,8
2242,22.911601302618166,27.574329591719373,194,25.24296544716877,5,1,315,8
2243,22.9071106662627,27.57113715683838,194,25.23912391155054,5,1,315,8
2244,22.902720100415447,27.567475229633924,193,25.235097665024686,5,1,315,8
2245,22.898380907217458,27.56332888407069,194,25.23085489564407,5,1,315,8
2246,22.89402961783239,27.558682535027703,194,25.226356076430047,5,1,315,8
2247,22.889590791698883,27.553520978502508,193,25.221555885100695,5,1,315,8
2248,22.88497893822794,27.54783102483579,193,25.216404981531866,5,1,315,8
2249,22.880100147337416,27.54160353010758,194,25.210851838722498,5,1,315,8
2250,22.87485391783154,27.534835045601035,194,25.204844481716286,5,1,315,8
2251,22.869135575219914,27.527528695314942,194,25.198332135267428,5,1,315,8
2252,22.86283937806146,27.51969428156806,194,25.191266829814758,5,1,315,8
2253,22.85586211937089,27.5113477161835,194,25.183604917777195,5,1,315,8
2254,22.84810654194996,27.502509972183592,194,25.175308257066774,5,1,315,8
2255,22.839483398779127,27.493205653290957,194,25.16634452603504,5,1,315,8
2256,22.829912257509044,27.48346118091217,194,25.156686719210605,5,1,315,8
2257,22.819322415961995,27.47330279330953,195,25.14631260463576,5,1,315,8
2258,22.807654222502507,27.46275474672233,195,25.135204484612416,5,1,315,8
2259,22.79486002206886,27.451838108191012,195,25.123349065129936,5,1,315,8
2260,22.780904923862543,27.440570529854593,195,25.110737726858567,5,1,315,8
2261,22.7657685618816,27.42896671178318,195,25.097367636832388,5,1,315,8
2262,22.749447458679864,27.417038577704723,195,25.08324301819229,5,1,315,8
2263,22.73195604190556,27.404794870784084,195,25.06837545634482,5,1,315,8
2264,22.713326021056314,27.392240559410993,195,25.052783290233656,5,1,315,8
2265,22.693605489757665,27.379376443012017,195,25.03649096638484,5,1,315,8
2266,22.67285853337288,27.366199347966482,195,25.01952894066968,5,1,315,8
2267,22.65116553626089,27.35270310868772,195,25.001934322474305,5,1,315,8
2268,22.628623895068582,27.338880333907692,195,24.983752114488137,5,1,315,8
2269,22.60534835651103,27.32472456809875,195,24.965036462304887,5,1,315,8
2270,22.58147029535706,27.310232067836967,195,24.945851181597014,5,1,315,8
2271,22.557135345601626,27.295402998120615,194,24.926269171861122,5,1,315,8
2272,22.5324997729402,27.280242438839675,194,24.90637110588994,5,1,315,8
2273,22.507726951828065,27.26476129892185,194,24.886244125374958,5,1,315,8
2274,22.482984237326306,27.248976942993313,195,24.865980590159808,5,1,315,8
2275,22.458439448907978,27.23291343284135,195,24.845676440874662,5,1,315,8
2276,22.43425637841598,27.216601383406108,195,24.825428880911044,5,1,315,8
2277,22.410588929441793,27.200077530464625,195,24.80533322995321,5,1,315,8
2278,22.38757466591411,27.183384204608167,195,24.785479435261138,5,1,315,8
2279,22.365329718291836,27.166568418332478,195,24.765949068312157,5,1,315,8
2280,22.343945825551966,27.149679785289866,195,24.746812805420916,5,1,315,8
2281,22.323489121032424,27.132767466061026,195,24.728128293546725,5,1,315,8
2282,22.304000270557037,27.11587731014443,195,24.709938790350733,5,1,315,8
2283,22.28549557165876,27.099049778640666,195,24.692272675149713,5,1,315,8
2284,22.267968720648728,27.082318646928705,195,24.67514368378872,5,1,315,8
2285,22.251393052195056,27.065710291637455,195,24.658551671916257,5,1,315,8
2286,22.235724056417002,27.049243171244093,195,24.64248361383055,5,1,315,8
2287,22.22090197880819,27.032927304818156,195,24.626914641813173,5,1,315,8
2288,22.206854406123682,27.01676374862736,195,24.61180907737552,5,1,315,8
2289,22.19349883914701,27.000744363065877,195,24.597121601106444,5,1,315,8
2290,22.18074544852435,26.984852455116492,195,24.582798951820422,5,1,315,8
2291,22.16850040508244,26.969064394004295,195,24.568782399543366,5,1,315,8
2292,22.15666949339508,26.953351810135608,195,24.555010651765343,5,1,315,8
2293,22.145161034661243,26.9376839875248,195,24.54142251109302,5,1,315,8
2294,22.133887925267114,26.92203005998995,195,24.527958992628534,5,1,315,8
2295,22.122769377669044,26.906360816506034,195,24.51456509708754,5,1,315,8
2296,22.111732852627853,26.890650116179543,195,24.501191484403698,5,1,315,8
2297,22.100716574187125,26.874875913287482,195,24.487796243737304,5,1,315,8
2298,22.08967253097021,26.859020892780766,195,24.474346711875487,5,1,315,8
2299,22.07856937951433,26.843072716590996,195,24.460821048052665,5,1,315,8
2300,22.06739437253499,26.827023881009,195,24.447209126771995,5,1,315,8
2301,22.056153142150176,26.810871380404112,195,24.433512261277144,5,1,315,8
2302,22.04486763087616,26.794616567554527,195,24.41974209921534,5,1,315,8
2303,22.033573925989995,26.778265210636835,195,24.405919568313415,5,1,315,8
2304,22.022320679694957,26.761827356702405,195,24.39207401819868,5,1,315,8
2305,22.011167724394856,26.74531690401407,196,24.378242314204464,5,1,315,8
2306,22.00018488232879,26.728751078164933,195,24.36446798024686,5,1,315,8
2307,21.98945135878508,26.712149909304213,195,24.350800634044646,5,1,315,8
2308,21.97905523012115,26.695535710205352,195,24.33729547016325,5,1,315,8
2309,21.969091659837396,26.678932652405532,195,24.324012156121462,5,1,315,8
2310,21.95966003641974,26.662366635147034,195,24.311013335783386,5,1,315,8
2311,21.9508617871587,26.64586534920846,195,24.298363568183582,5,1,315,8
2312,21.942799159023913,26.62945814507416,195,24.286128652049037,5,1,315,8
2313,21.935573794576282,26.61317550993354,195,24.274374652254913,5,1,315,8
2314,21.92928471118245,26.59704815304893,195,24.26316643211569,5,1,315,8
2315,21.924026072104404,26.581105796559054,195,24.252565934331727,5,1,315,8
2316,21.919884650398657,26.565375866327454,195,24.242630258363057,5,1,315,8
2317,21.91693639895673,26.549882374997043,196,24.233409386976888,5,1,315,8
2318,21.915242691078358,26.53464538698216,195,24.22494403903026,5,1,315,8
2319,21.91484792757054,26.51968106502759,195,24.217264496299066,5,1,315,8
2320,21.91577876303013,26.505001907870398,195,24.210390335450263,5,1,315,8
2321,21.918043819189062,26.490617081212754,196,24.204330450200906,5,1,315,8
2322,21.92163335820593,26.47653303688357,195,24.199083197544752,5,1,315,8
2323,21.92651895478617,26.46275442004093,196,24.19463668741355,5,1,315,8
2324,21.932653518417975,26.449285069232328,195,24.19096929382515,5,1,315,8
2325,21.939972290404047,26.436129109232354,195,24.1880506998182,5,1,315,8
2326,21.94839507001494,26.42329233166477,195,24.185843700839854,5,1,315,8
2327,21.957829612239486,26.41078357072078,195,24.184306591480134,5,1,315,8
2328,21.968175983774902,26.39861529357114,196,24.18339563867302,5,1,315,8
2329,21.97933148850777,26.386803210254154,195,24.183067349380963,5,1,315,8
2330,21.991195578784755,26.37536529299883,196,24.183280435891792,5,1,315,8
2331,22.0036739737472,26.36432059489627,195,24.183997284321734,5,1,315,8
2332,22.016681303504836,26.353688257798783,195,24.18518478065181,5,1,315,8
2333,22.030141695365806,26.34348670915889,195,24.186814202262347,5,1,315,8
2334,22.043987693597767,26.33373265736887,195,24.18886017548332,5,1,315,8
2335,22.05815887943979,26.324439690243917,195,24.191299284841854,5,1,315,8
2336,22.072600875192276,26.31561647639162,195,24.19410867579195,5,1,315,8
2337,22.087264733335527,26.307264861882786,195,24.197264797609158,5,1,315,8
2338,22.10210632138157,26.29937844733656,195,24.200742384359067,5,1,315,8
2339,22.117084922930264,26.29194184047757,195,24.20451338170392,5,1,315,8
2340,22.132160958089848,26.284930389187906,194,24.208545673638877,5,1,315,8
2341,22.147293409133606,26.27831039529261,195,24.21280190221311,5,1,315,8
2342,22.162437634792358,26.27204000453699,194,24.217238819664672,5,1,315,8
2343,22.177544354144935,26.26607057820312,195,24.221807466174027,5,1,315,8
2344,22.192559800813076,26.26034796178946,195,24.226453881301268,5,1,315,8
2345,22.207426267927342,26.254813553966887,195,24.231119910947115,5,1,315,8
2346,22.22208294715932,26.249405566794945,195,24.23574425697713,5,1,315,8
2347,22.2364676479364,26.244060478099232,195,24.24026406301782,5,1,315,8
2348,22.250519202701263,26.238714286808502,195,24.244616744754882,5,1,315,8
2349,22.26417958379853,26.23330337715952,195,24.248741480479026,5,1,315,8
2350,22.277395245240317,26.227764992769156,195,24.252580119004737,5,1,315,8
2351,22.29011769024189,26.222037419102378,195,24.25607755467213,5,1,315,8
2352,22.30230385058106,26.216060070385634,195,24.259181960483346,5,1,315,8
2353,22.313917448983414,26.209773579463935,195,24.261845514223673,5,1,315,8
2354,22.324931345196767,26.203119891546407,195,24.264025618371587,5,1,315,8
2355,22.335329695858057,26.196042460303733,195,24.265686078080897,5,1,315,8
2356,22.34510875811114,26.188486742297282,195,24.266797750204212,5,1,315,8
2357,22.354275166764445,26.180400990618555,196,24.267338078691502,5,1,315,8
2358,22.362841977671465,26.171737153508566,195,24.267289565590016,5,1,315,8
2359,22.370824232935767,26.162451781220103,195,24.266638007077937,5,1,315,8
2360,22.37823551083071,26.15250694186568,195,24.265371226348194,5,1,315,8
2361,22.38508663067068,26.141870854309065,195,24.263478742489873,5,1,315,8
2362,22.39138573213441,26.130517653461425,196,24.260951692797917,5,1,315,8
2363,22.397136997831087,26.118426288481785,196,24.257781643156434,5,1,315,8
2364,22.402337433769976,26.10557913952372,196,24.25395828664685,5,1,315,8
2365,22.406973268288564,26.091960743516456,196,24.24946700590251,5,1,315,8
2366,22.411017042422888,26.07755682433314,196,24.244286933378014,5,1,315,8
2367,22.414425977179864,26.06235353005567,195,24.238389753617767,5,1,315,8
2368,22.41714200830176,26.046336487417875,196,24.231739247859817,5,1,315,8
2369,22.41909368426544,26.029489771190097,195,24.224291727727767,5,1,315,8
2370,22.420199343185473,26.011795373963565,195,24.21599735857452,5,1,315,8
2371,22.420370204191443,25.993233274124876,195,24.20680173915816,5,1,315,8
2372,22.41951298437912,25.973781712150394,195,24.196647348264758,5,1,315,8
2373,22.417532627919147,25.95341748045557,195,24.185475054187357,5,1,315,8
2374,22.414335343831137,25.932116227136476,195,24.173225785483808,5,1,315,8
2375,22.409831758811393,25.90985267642568,195,24.159842217618536,5,1,315,8
2376,22.403939991479778,25.886600571165445,195,24.14527028132261,5,1,315,8
2377,22.39658845434124,25.862332337695086,195,24.129460396018164,5,1,315,8
2378,22.387718092106798,25.837018668643793,195,24.112368380375294,5,1,315,8
2379,22.377283667326733,25.810628121598405,195,24.093955894462567,5,1,315,8
2380,22.365254191785326,25.783126734099156,195,24.07419046294224,5,1,315,8
2381,22.351613089581942,25.75447775299288,195,24.05304542128741,5,1,315,8
2382,22.33635818991849,25.724641673754874,195,24.03049993183668,5,1,315,8
2383,22.31950115970506,25.69357678542802,195,24.00653897256654,5,1,315,8
2384,22.301066376020184,25.661240416863034,195,23.98115339644161,5,1,315,8
2385,22.28108962839565,25.62759059228988,195,23.954340110342766,5,1,315,8
2386,22.25961694316671,25.592587316579525,195,23.926102129873115,5,1,315,8
2387,22.2367037244174,25.55619349084289,195,23.896448607630145,5,1,315,8
2388,22.212414210813105,25.51837623928163,195,23.865395225047365,5,1,315,8
2389,22.18682105238835,25.479108550319868,195,23.83296480135411,5,1,315,8
2390,22.16000451860229,25.43837025714042,195,23.799187387871356,5,1,315,8
2391,22.13205055622922,25.396148162964064,195,23.764099359596642,5,1,315,8
2392,22.103047890918234,25.352435896611674,195,23.727741893764954,5,1,315,8
2393,22.073085341551586,25.30723388870686,195,23.690159615129225,5,1,315,8
2394,22.042250126339493,25.260549663694157,195,23.651399895016823,5,1,315,8
2395,22.010627549432783,25.21239844766367,195,23.61151299854823,5,1,315,8
2396,21.978301481472496,25.162803896784773,195,23.570552689128633,5,1,315,8
2397,21.945354072142443,25.111798555956668,195,23.528576314049555,5,1,315,8
2398,21.911864595878566,25.059423462080815,196,23.485644028979692,5,1,315,8
2399,21.877908794981984,25.005727086523873,196,23.441817940752927,5,1,315,8
2400,21.843559109052517,24.950764591508253,196,23.397161850280384,5,1,350,9
2401,21.808885204336544,24.89459769229076,195,23.351741448313653,5,1,350,9
2402,21.77395431416814,24.837294734122562,196,23.30562452414535,5,1,350,9
2403,21.738830999262948,24.77893069041757,196,23.25888084484026,5,1,350,9
2404,21.703576131743905,24.71958688599092,196,23.21158150886741,5,1,350,9
2405,21.668245101903008,24.65935044419791,196,23.163797773050458,5,1,350,9
2406,21.632885734449548,24.598313651776397,196,23.115599693112973,5,1,350,9
2407,21.597536888765934,24.53657333757571,196,23.067055113170824,5,1,350,9
2408,21.56222803504679,24.474230263744,196,23.018229149395395,5,1,350,9
2409,21.526979415571258,24.411388527867825,196,22.96918397171954,5,1,350,9
2410,21.491802498036197,24.348154974488597,196,22.919978736262397,5,1,350,9
2411,21.456700525555487,24.28463880944949,196,22.87066966750249,5,1,350,9
2412,21.42166906560456,24.220951805562695,196,22.821310435583626,5,1,350,9
2413,21.38669655785521,24.157208902817814,196,22.771952730336512,5,1,350,9
2414,21.351765153576753,24.093528421080922,197,22.722646787328838,5,1,350,9
2415,21.31685243199969,24.030031688415495,197,22.67344206020759,5,1,350,9
2416,21.281933993908826,23.96684247333597,197,22.624388233622398,5,1,350,9
2417,21.24698634757705,23.904086804327207,197,22.57553657595213,5,1,350,9
2418,21.211989599711412,23.8418939549899,197,22.526941777350658,5,1,350,9
2419,21.176929561602893,23.780398495299806,197,22.478664028451348,5,1,350,9
2420,21.141799368307673,23.719742431581846,197,22.43077089994476,5,1,350,9
2421,21.106601196291066,23.660076750324144,197,22.383338973307605,5,1,350,9
2422,21.071348177167373,23.601561973453215,197,22.336455075310294,5,1,350,9
2423,21.036066117343488,23.544367820243544,197,22.290216968793516,5,1,350,9
2424,21.000794828274472,23.488672558577743,197,22.244733693426106,5,1,350,9
2425,20.965589066914237,23.434662628137804,197,22.20012584752602,5,1,350,9
2426,20.930519183268533,23.382533117978056,197,22.156526150623293,5,1,350,9
2427,20.89567166926596,23.33248899803077,197,22.114080333648364,5,1,350,9
2428,20.861149705382534,23.284746321188855,197,22.072948013285696,5,1,350,9
2429,20.82707370366574,23.2395331001446,197,22.033303401905172,5,1,350,9
2430,20.7935817480059,23.197090050681126,197,21.995335899343512,5,1,350,9
2431,20.76082973469702,23.15767139292779,197,21.959250563812404,5,1,350,9
2432,20.7289913086687,23.12154590189202,197,21.92526860528036,5,1,350,9
2433,20.698257983107357,23.088998203290178,197,21.893628093198767,5,1,350,9
2434,20.668839439755946,23.060330115393718,197,21.864584777574834,5,1,350,9
2435,20.640963616750412,23.03586183736496,197,21.838412727057687,5,1,350,9
2436,20.614876483184133,23.01593278429502,197,21.815404633739576,5,1,350,9
2437,20.590841691923888,23.00090196640654,198,21.795871829165215,5,1,350,9
2438,20.56914010683968,22.99114790712122,198,21.78014400698045,5,1,350,9
2439,20.550069005254787,22.987068094386512,198,21.76856854982065,5,1,350,9
2440,20.53394085370136,22.989077959350976,197,21.761509406526166,5,1,350,9
2441,20.521081652359346,22.997609668804294,198,21.759345660581822,5,1,350,9
2442,20.511829135928274,23.01311131013787,198,21.76247022303307,5,1,350,9
2443,20.506531411076946,23.036046559627465,198,21.771288985352207,5,1,350,9
2444,20.505546122746846,23.06689443689707,198,21.786220279821958,5,1,350,9
2445,20.5092397537362,23.106148943254343,198,21.80769434849527,5,1,350,9
2446,20.517987149528366,23.154318576424988,198,21.836152862976675,5,1,350,9
2447,20.53217184787491,23.211925713980396,198,21.872048780927653,5,1,350,9
2448,20.552186817130305,23.279505857527823,198,21.915846337329064,5,1,350,9
2449,20.578434231819653,23.35760672951681,198,21.96802048066823,5,1,350,9
2450,20.611323986695577,23.44678721431178,198,22.02905560050368,5,1,350,9
2451,20.65127172332085,23.547616037453757,198,22.099443880387305,5,1,350,9
2452,20.69869655787256,23.66066997932425,198,22.179683268598403,5,1,350,9
2453,20.754018113552117,23.786531516813834,198,22.270274815182976,5,1,350,9
2454,20.817653241232353,23.925785884016427,198,22.371719562624392,5,1,350,9
2455,20.890013592263212,24.0790177379555,198,22.484515665109356,5,1,350,9
2456,20.97150403694964,24.24680781037838,198,22.609155923664012,5,1,350,9
2457,21.062520751845234,24.42972953651869,198,22.74612514418196,5,1,350,9
2458,21.163448872018648,24.62834526164347,198,22.89589706683106,5,1,350,9
2459,21.274660677493845,24.84320211400509,198,23.058931395749468,5,1,350,9
2460,21.39651469801863,25.074828120680163,198,23.235671409349397,5,1,350,9
2461,21.52935553529451,25.323728655325052,199,23.42654209530978,5,1,350,9
2462,21.673514104462853,25.590382819484564,199,23.631948461973707,5,1,350,9
2463,21.829307899309605,25.87523955451995,199,23.852273726914778,5,1,350,9
2464,21.99704088587149,26.1787134767097,199,24.087877181290594,5,1,350,9
2465,22.177002629346546,26.50118033101173,199,24.33909148017914,5,1,350,9
2466,22.369466454498657,26.84297186197674,199,24.6062191582377,5,1,350,9
2467,22.574686635047716,27.20437019352643,199,24.88952841428707,5,1,350,9
2468,22.792894900413057,27.585602102614015,199,25.189248501513536,5,1,350,9
2469,23.024296841095204,27.986833377484167,199,25.505565109289684,5,1,350,9
2470,23.26906840418295,28.40816325703737,199,25.83861583061016,5,1,350,9
2471,23.527352280729332,28.84961855860596,199,26.188485419667646,5,1,350,9
2472,23.799253987203578,29.31114671234138,199,26.555200349772477,5,1,350,9
2473,24.084837443747364,29.79260770184656,199,26.938722572796962,5,1,350,9
2474,24.384119852549816,30.293765692230664,199,27.33894277239024,5,1,350,9
2475,24.697065680311958,30.814280933058892,199,27.755673306685424,5,1,NA,NA
2476,25.02358071995217,31.353702330091604,199,28.188641525021886,5,1,NA,NA
2477,25.36350837797097,31.91146137393655,198,28.63748487595376,5,1,NA,NA
2478,25.716628091434735,32.48686840807801,198,29.101748249756373,5,1,NA,NA
2479,26.08265353613802,33.079111050110605,198,29.58088229312431,5,1,NA,NA
2480,26.461229946640522,33.687253411429275,197,30.0742416790349,5,1,NA,NA
2481,26.851931528044698,34.310236225595304,197,30.581083876820003,5,1,NA,NA
2482,27.254260135518937,34.9468794605781,196,31.100569798048518,5,1,NA,NA
2483,27.66764659374143,35.595887821531996,196,31.631767207636713,5,1,NA,NA
2484,28.091454859103862,36.25585838218304,196,32.173656620643456,5,1,NA,NA
2485,28.524988058155653,36.92529016990537,196,32.72513911403051,5,1,NA,NA
2486,28.96749553433067,37.60259611645306,195,33.28504582539186,5,1,NA,NA
2487,29.41818013347166,38.28611730014474,195,33.8521487168082,5,1,NA,NA
2488,29.876205642272694,38.974138918942394,194,34.42517228060754,5,1,NA,NA
2489,30.340704977251544,39.664907825111854,194,35.0028064011817,5,1,NA,NA
2490,30.81078903970238,40.35665184314962,193,35.583720441426,5,1,NA,NA
2491,31.28555546978986,41.0476003129607,192,36.166577891375276,5,1,NA,NA
2492,31.76409663082795,41.736004520275024,192,36.750050575551484,5,1,NA,NA
2493,32.24550625253744,42.42015745655351,191,37.332831854545475,5,1,NA,NA
2494,32.72888474739658,43.098413130584206,190,37.91364893899039,5,1,NA,NA
2495,33.21334379941641,43.7692049705671,190,38.491274384991755,5,1,NA,NA
2496,33.69801053195876,44.43106217178675,189,39.06453635187275,5,1,NA,NA
2497,34.18203126842739,45.082623038823805,189,39.632327153625596,5,1,NA,NA
2498,34.66457499696081,45.72264456486078,188,40.19360978091079,5,1,NA,NA
2499,35.14483674749392,46.35000797664669,188,40.7474223620703,5,1,NA,NA
2500,35.62204108920228,46.96372045954727,187,41.29288077437477,5,1,NA,NA
2501,36.09544595593585,47.562913762888684,187,41.829179859412264,5,1,NA,NA
2502,36.564346519098784,48.14684087155138,186,42.355593695325084,5,1,NA,NA
2503,37.02807833922426,48.71487183029881,186,42.871475084761535,5,1,NA,NA
2504,37.486019222000955,49.26648970789685,185,43.3762544649489,5,1,NA,NA
2505,37.93758939896992,49.80128680841873,184,43.86943810369432,5,1,NA,NA
2506,38.38224974999303,50.318960357530756,184,44.350605053761896,5,1,NA,NA
2507,38.819497881475726,50.81930679232543,183,44.81940233690058,5,1,NA,NA
2508,39.24886333676472,51.3022136841134,183,45.27553851043906,5,1,NA,NA
2509,39.66990467763076,51.767649785100616,182,45.71877723136569,5,1,NA,NA
2510,40.08220883435184,52.21565515151391,182,46.14893199293287,5,1,NA,NA
2511,40.4853907805599,52.64633222156939,182,46.565861501064646,5,1,NA,NA
2512,40.879092856541966,53.05983765265667,181,46.969465254599314,5,1,NA,NA
2513,41.262984332224434,53.45637442852473,181,47.35967938037459,5,1,NA,NA
2514,41.63676160557249,53.836183453800004,180,47.736472529686246,5,1,NA,NA
2515,42.00014923664363,54.19953473027006,180,48.09984198345684,5,1,NA,NA
2516,42.35290182202884,54.546719086600525,179,48.44981045431469,5,1,NA,NA
2517,42.69480651889372,54.878041432705125,178,48.78642397579942,5,1,NA,NA
2518,43.02568534458878,55.193816509663385,177,49.109750927126086,5,1,NA,NA
2519,43.345395694522466,55.494367032924814,177,49.41988136372364,5,1,NA,NA
2520,43.653828983534616,55.78002305345031,175,49.71692601849246,5,1,NA,NA
2521,43.95090877854498,56.0511215563902,175,50.001015167467585,5,1,NA,NA
2522,44.236588911876126,56.30800551186485,174,50.27229721187049,5,1,NA,NA
2523,44.51085118630016,56.55102237259248,173,50.53093677944632,5,1,NA,NA
2524,44.77370296515505,56.780522793302694,173,50.77711287922887,5,1,NA,NA
2525,45.02517562320641,56.99685976159485,172,51.01101769240063,5,1,NA,NA
2526,45.26532424829863,57.200388329866,171,51.23285628908232,5,1,NA,NA
2527,45.494228398229296,57.391466723110625,170,51.44284756066996,5,1,NA,NA
2528,45.711993326762475,57.57045803674112,170,51.6412256817518,5,1,NA,NA
2529,45.918750702171806,57.73773066560797,169,51.82824068388989,5,1,NA,NA
2530,46.11465842651819,57.893657848692825,168,52.00415813760551,5,1,NA,NA
2531,46.299899748672885,58.03861817693549,168,52.16925896280419,5,1,NA,NA
2532,46.47468176616075,58.17299686329427,168,52.32383931472751,5,1,NA,NA
2533,46.63923331297561,58.29718581838318,168,52.468209565679395,5,1,NA,NA
2534,46.79380242522759,58.41158213552675,168,52.60269228037717,5,1,NA,NA
2535,46.9386537712216,58.51658614957278,168,52.72761996039719,5,1,NA,NA
2536,47.074066237191715,58.61259964850337,168,52.84333294284754,5,1,NA,NA
2537,47.200330664579575,58.70002423161054,168,52.95017744809506,5,1,NA,NA
2538,47.31774773452253,58.77925980797906,168,53.04850377125079,5,1,NA,NA
2539,47.42662599502887,58.85070322902078,168,53.138664612024826,5,1,NA,NA
2540,47.52728002616333,58.91474704883021,168,53.22101353749677,5,1,NA,NA
2541,47.62002873844182,58.97177840617771,168,53.29590357230977,5,1,NA,NA
2542,47.70519379953946,59.022178022022985,168,53.36368591078122,5,1,NA,NA
2543,47.78309818434728,59.066319306514714,168,53.424708745431,5,1,NA,NA
2544,47.854064843368896,59.10456756954216,168,53.47931620645553,5,1,NA,NA
2545,47.91841548442724,59.13727932901721,168,53.52784740672223,5,1,NA,NA
2546,47.97646946265096,59.16480171119132,168,53.57063558692114,5,1,NA,NA
2547,48.02854277372845,59.187471937448265,168,53.608007355588356,5,1,NA,NA
2548,48.0749471454537,59.20561689215942,168,53.64028201880656,5,1,NA,NA
2549,48.115989222639506,59.219552766342254,168,53.66777099449088,5,1,NA,NA
2550,48.15196984053961,59.229584772023536,168,53.690777306281575,5,1,NA,NA
2551,48.18318338199994,59.236006922374976,168,53.70959515218746,5,1,NA,NA
2552,48.20991721364926,59.23910187285991,168,53.724509543254584,5,1,NA,NA
2553,48.23245119653934,59.23914081880385,168,53.735796007671595,5,1,NA,NA
2554,48.25105726675387,59.236383444978664,168,53.743720355866266,5,1,NA,NA
2555,48.26599908162197,59.231077922968495,168,53.74853850229523,5,1,NA,NA
2556,48.27753172729518,59.22346095226474,168,53.75049633977996,5,1,NA,NA
2557,48.285901483575486,59.21375784121688,168,53.74982966239618,5,1,NA,NA
2558,48.29134564201559,59.20218262414465,168,53.74676413308012,5,1,NA,NA
2559,48.29409237344914,59.18893821109428,168,53.741515292271714,5,1,NA,NA
2560,48.29436064124897,59.174216566897734,168,53.734288604073356,5,1,NA,NA
2561,48.29236015675311,59.15819891636665,168,53.72527953655988,5,1,NA,NA
2562,48.28829137344188,59.14105597262373,168,53.714673673032806,5,1,NA,NA
2563,48.28234551659321,59.12294818574163,168,53.702646851167415,5,1,NA,NA
2564,48.27470464528785,59.10402600902317,168,53.689365327155514,5,1,NA,NA
2565,48.265541743779565,59.084430180416874,168,53.67498596209822,5,1,NA,NA
2566,48.25502083938855,59.064292016717665,168,53.65965642805311,5,1,NA,NA
2567,48.243297144217486,59.04373371835408,168,53.643515431285785,5,1,NA,NA
2568,48.23051721812931,59.022868682710246,168,53.62669295041978,5,1,NA,NA
2569,48.21681915056315,59.00180182407317,168,53.609310487318155,5,1,NA,NA
2570,48.202332758900006,58.98062989843315,168,53.591481328666575,5,1,NA,NA
2571,48.187179801221355,58.959441831497536,168,53.573310816359445,5,1,NA,NA
2572,48.171474201433206,58.93831904840518,168,53.554896624919195,5,1,NA,NA
2573,48.155322284853725,58.91733580375134,168,53.53632904430253,5,1,NA,NA
2574,48.13882302248465,58.896559510649816,168,53.51769126656723,5,1,NA,NA
2575,48.122068282305335,58.87605106767065,168,53.49905967498799,5,1,NA,NA
2576,48.105143086042816,58.85586518259916,168,53.48050413432099,5,1,NA,NA
2577,48.08812586998233,58.836050692063104,168,53.462088281022716,5,1,NA,NA
2578,48.07108874848932,58.816650876171884,168,53.443869812330604,5,1,NA,NA
2579,48.054097779016885,58.79770376740313,168,53.42590077321,5,1,NA,NA
2580,48.037213227471035,58.7792424530588,168,53.408227840264914,5,1,NA,NA
2581,48.02048983290099,58.76129537069499,168,53.39089260179799,5,1,NA,NA
2582,48.0039770705718,58.743886596006675,168,53.373931833289234,5,1,NA,NA
2583,47.98771941256305,58.72703612272144,168,53.35737776764225,5,1,NA,NA
2584,47.971756585119444,58.710760134124236,168,53.34125835962184,5,1,NA,NA
2585,47.95612382205732,58.69507126589903,168,53.325597543978176,5,1,NA,NA
2586,47.94085211360508,58.679978860032755,168,53.31041548681892,5,1,NA,NA
2587,47.92596845012576,58.66548920958238,168,53.29572882985407,5,1,NA,NA
2588,47.911496060236196,58.65160579415741,168,53.281550927196804,5,1,NA,NA
2589,47.89745464289975,58.63832950601769,168,53.26789207445872,5,1,NA,NA
2590,47.88386059312826,58.625658866730625,168,53.25475972992945,5,1,NA,NA
2591,47.87072722098395,58.61359023437203,168,53.24215872767799,5,1,NA,NA
2592,47.85806496362393,58.60211800129212,168,53.23009148245802,5,1,NA,NA
2593,47.8458815901777,58.591234782501914,168,53.218558186339806,5,1,NA,NA
2594,47.83418239929329,58.5809315947662,168,53.20755699702974,5,1,NA,NA
2595,47.82297040922928,58.571198026516775,168,53.19708421787303,5,1,NA,NA
2596,47.81224654040839,58.56202239872488,168,53.18713446956663,5,1,NA,NA
2597,47.80200979038427,58.553391916894086,168,53.17770085363918,5,1,NA,NA
2598,47.792257401205674,58.5452928143547,168,53.16877510778019,5,1,NA,NA
2599,47.78298501919235,58.53771048705816,168,53.16034775312526,5,1,NA,NA
2600,47.774186847164515,58.53062962008536,168,53.15240823362494,5,1,NA,NA
2601,47.7658557891925,58.52403430609566,168,53.14494504764408,5,1,NA,NA
2602,47.7579835879562,58.51790815595482,168,53.13794587195551,5,1,NA,NA
2603,47.75056095482365,58.51223440178912,168,53.131397678306385,5,1,NA,NA
2604,47.74357769277686,58.506995992720725,168,53.12528684274879,5,1,NA,NA
2605,47.737022812328746,58.50217568354511,168,53.11959924793693,5,1,NA,NA
2606,47.73088464058942,58.49775611661612,168,53.11432037860277,5,1,NA,NA
2607,47.72515092365253,58.493719897206944,168,53.10943541042974,5,1,NA,NA
2608,47.719808922482976,58.49004966261751,168,53.10492929255024,5,1,NA,NA
2609,47.714845502496544,58.48672814529903,168,53.10078682389779,5,1,NA,NA
2610,47.71024721702947,58.48373823026633,168,53.0969927236479,5,1,NA,NA
2611,47.70600038490233,58.48106300706687,168,53.0935316959846,5,1,NA,NA
2612,47.70209116228749,58.47868581657324,168,53.09038848943037,5,1,NA,NA
2613,47.69850560909303,58.47659029286255,168,53.08754795097779,5,1,NA,NA
2614,47.695229750078774,58.47476040044253,168,53.08499507526065,5,1,NA,NA
2615,47.6922496309213,58.473180467079324,168,53.08271504900031,5,1,NA,NA
2616,47.68955136944582,58.471835212477004,168,53.08069329096141,5,1,NA,NA
2617,47.68712120224212,58.470709773053194,168,53.078915487647656,5,1,NA,NA
2618,47.68494552688094,58.46978972304907,168,53.07736762496501,5,1,NA,NA
2619,47.68301093994523,58.46906109220544,168,53.076036016075335,5,1,NA,NA
2620,47.68130427108824,58.46851038023013,168,53.07490732565918,5,1,NA,NA
2621,47.67981261332741,58.46812456827418,168,53.07396859080079,5,1,NA,NA
2622,47.67852334977931,58.46789112762793,168,53.07320723870362,5,1,NA,NA
2623,47.6774241770368,58.46779802583972,168,53.072611101438255,5,1,NA,NA
2624,47.67650312538529,58.46783373045282,168,53.07216842791905,5,1,NA,NA
2625,47.67574857604978,58.46798721054835,168,53.071867893299064,5,1,NA,NA
2626,47.6751492756594,58.468247936274224,168,53.071698605966816,5,1,NA,NA
2627,47.6746943481107,58.468605876532045,168,53.07165011232137,5,1,NA,NA
2628,47.6743733040052,58.46905149498653,168,53.071712399495865,5,1,NA,NA
2629,47.67417604783081,58.46957574455388,168,53.071875896192346,5,1,NA,NA
2630,47.67409288305082,58.4701700605181,168,53.07213147178446,5,1,NA,NA
2631,47.6741145152579,58.470826352416424,168,53.07247043383716,5,1,NA,NA
2632,47.67423205354452,58.47153699482753,168,53.07288452418602,5,1,NA,NA
2633,47.674437010234755,58.472294817188995,168,53.073365913711875,5,1,NA,NA
2634,47.67472129911616,58.47309309276296,168,53.073907195939555,5,1,NA,NA
2635,47.675077232304346,58.4739255268621,168,53.074501379583225,5,1,NA,NA
2636,47.67549751586639,58.47478624444085,168,53.07514188015362,5,1,NA,NA
2637,47.67597524432304,58.47566977715034,168,53.075822510736685,5,1,NA,NA
2638,47.676503894143664,58.47657104994869,168,53.076537472046176,5,1,NA,NA
2639,47.67707731634174,58.47748536735229,168,53.07728134184701,5,1,NA,NA
2640,47.67768972827277,58.47840839940715,168,53.078049063839956,5,1,NA,NA
2641,47.67833570473058,58.4793361674539,168,53.07883593609224,5,1,NA,NA
2642,47.67901016843235,58.480265029754015,168,53.07963759909318,5,1,NA,NA
2643,47.67970837997716,58.481191667039546,168,53.08045002350835,5,1,NA,NA
2644,47.680425927357334,58.48211306804319,168,53.08126949770026,5,1,NA,NA
2645,47.68115871509657,58.48302651506074,168,53.08209261507866,5,1,NA,NA
2646,47.6819029530839,58.48392956959293,168,53.08291626133841,5,1,NA,NA
2647,47.682655145167374,58.484820058109214,168,53.08373760163829,5,1,NA,NA
2648,47.683412077566814,58.48569605797172,168,53.08455406776927,5,1,NA,NA
2649,47.68417080716019,58.486555883553315,168,53.085363345356754,5,1,NA,NA
2650,47.68492864969395,58.48739807257992,168,53.08616336113694,5,1,NA,NA
2651,47.6856831679632,58.488221372723515,168,53.08695227034336,5,1,NA,NA
2652,47.68643216000391,58.48902472846871,168,53.08772844423631,5,1,NA,NA
2653,47.68717364733509,58.489807268272656,168,53.08849045780387,5,1,NA,NA
2654,47.687905863285465,58.49056829203462,168,53.089237077660044,5,1,NA,NA
2655,47.68862724143566,58.49130725888921,168,53.08996725016243,5,1,NA,NA
2656,47.68933640420347,58.49202377533408,168,53.09068008976878,5,1,NA,NA
2657,47.69003215159684,58.4927175837007,168,53.09137486764877,5,1,NA,NA
2658,47.690713450155975,58.493388550974394,168,53.092051000565185,5,1,NA,NA
2659,47.69137942210369,58.494036657967904,168,53.092708040035795,5,1,NA,NA
2660,47.69202933471987,58.49466198885038,168,53.09334566178512,5,1,NA,NA
2661,47.6926625899541,58.495264721032434,168,53.09396365549327,5,1,NA,NA
2662,47.69327871428774,58.495845115405835,168,53.09456191484679,5,1,NA,NA
2663,47.69387734885516,58.496403506935266,168,53.09514042789522,5,1,NA,NA
2664,47.69445823983124,58.49694029559808,168,53.095699267714664,5,1,NA,NA
2665,47.69502122909113,58.49745593766695,168,53.09623858337904,5,1,NA,NA
2666,47.69556624514609,58.49795093732921,168,53.096758591237645,5,1,NA,NA
2667,47.69609329435808,58.49842583863582,168,53.097259566496945,5,1,NA,NA
2668,47.696602452434185,58.49888121777217,168,53.09774183510318,5,1,NA,NA
2669,47.697093856200915,58.4993176756423,168,53.098205765921605,5,1,NA,NA
2670,47.697567695657256,58.499735830757565,168,53.098651763207414,5,1,NA,NA
2671,47.69802420630432,58.50013631242045,168,53.09908025936238,5,1,NA,NA
2672,47.69846366174881,58.500519754193995,168,53.0994917079714,5,1,NA,NA
2673,47.698886366576595,58.50088678764688,168,53.09988657711173,5,1,NA,NA
2674,47.6992926494922,58.501238036364576,168,53.10026534292839,5,1,NA,NA
2675,47.699682856719505,58.501574110216545,168,53.10062848346803,5,1,NA,NA
2676,47.70005734565866,58.501895599869876,168,53.100976472764266,5,1,NA,NA
2677,47.70041647879364,58.502203071539974,168,53.10130977516681,5,1,NA,NA
2678,47.70076061784527,58.50249706196894,168,53.10162883990711,5,1,NA,NA
2679,47.7010901181637,58.50277807362302,168,53.101934095893355,5,1,NA,NA
2680,47.70140532335504,58.50304657010066,168,53.10222594672785,5,1,NA,NA
2681,47.7017065601365,58.503302971743416,168,53.102504765939955,5,1,NA,NA
2682,47.701994133414765,58.50354765144259,168,53.10277089242868,5,1,NA,NA
2683,47.702268321582515,58.50378093063484,168,53.10302462610868,5,1,NA,NA
2684,47.702529372028415,58.50400307548127,168,53.103266223754844,5,1,NA,NA
2685,47.70277749685618,58.50421429322479,168,53.10349589504048,5,1,NA,NA
2686,47.70301286880898,58.5044147287217,168,53.10371379876534,5,1,NA,NA
2687,47.703235617395926,58.50460446114431,168,53.10392003927012,5,1,NA,NA
2688,47.70344582521774,58.50478350085235,168,53.10411466303505,5,1,NA,NA
2689,47.70364352449002,58.50495178643189,168,53.104297655460954,5,1,NA,NA
2690,47.7038286937624,58.50510918190177,168,53.10446893783208,5,1,NA,NA
2691,47.704001254833486,58.50525547408841,168,53.10462836446095,5,1,NA,NA
2692,47.70416106986171,58.5053903701711,168,53.104775720016406,5,1,NA,NA
2693,47.704307938673416,58.50551349540133,168,53.10491071703737,5,1,NA,NA
2694,47.704441596270335,58.505624391000495,168,53.10503299363542,5,1,NA,NA
2695,47.704561710539664,58.50572251224197,168,53.10514211139082,5,1,NA,NA
2696,47.704667880170774,58.50580722672475,168,53.105237553447765,5,1,NA,NA
2697,47.704759632783826,58.50587781284713,168,53.10531872281548,5,1,NA,NA
2698,47.70483642327662,58.50593345849023,168,53.105384940883425,5,1,NA,NA
2699,47.70489763239692,58.50597325992281,168,53.105435446159866,5,1,NA,NA
2700,47.70494256554893,58.5059962209399,168,53.10546939324442,5,1,NA,NA
2701,47.70497045184347,58.50600125224944,168,53.105485852046456,5,1,NA,NA
2702,47.704980443402775,58.50598717112245,168,53.105483807262615,5,1,NA,NA
2703,47.70497161493189,58.50595270132372,168,53.10546215812781,5,1,NA,NA
2704,47.70494296356999,58.50589647334155,168,53.10541971845577,5,1,NA,NA
2705,47.70489340903598,58.50581702493636,168,53.10535521698617,5,1,NA,NA
2706,47.70482179408404,58.50571280202959,168,53.105267298056816,5,1,NA,NA
2707,47.70472688528603,58.505582159955694,168,53.105154522620865,5,1,NA,NA
2708,47.7046073741587,58.50542336510145,168,53.105015369630074,5,1,NA,NA
2709,47.70446187865507,58.505234596958346,168,53.104848237806706,5,1,NA,NA
2710,47.70428894504029,58.505013950614874,168,53.10465144782758,5,1,NA,NA
2711,47.70408705017359,58.50475943971731,168,53.10442324494545,5,1,NA,NA
2712,47.70385460421893,58.504468999928655,168,53.10416180207379,5,1,NA,NA
2713,47.703589953808226,58.50414049291658,168,53.103865223362405,5,1,NA,NA
2714,47.70329138568175,58.503771710902726,168,53.10353154829224,5,1,NA,NA
2715,47.70295713083165,58.50336038180662,168,53.10315875631913,5,1,NA,NA
2716,47.70258536917517,58.502904175018564,168,53.10274477209687,5,1,NA,NA
2717,47.702174234785254,58.50240070783705,168,53.10228747131115,5,1,NA,NA
2718,47.701721821706784,58.50184755260686,168,53.10178468715682,5,1,NA,NA
2719,47.7012261903876,58.50124224459516,168,53.10123421749138,5,1,NA,NA
2720,47.70068537475398,58.50058229064318,168,53.10063383269858,5,1,NA,NA
2721,47.700097389960824,58.499865178632135,168,53.099981284296476,5,1,NA,NA
2722,47.69946024084703,58.49908838780204,168,53.09927431432453,5,1,NA,NA
2723,47.69877193112719,58.49824939996261,168,53.0985106655449,5,1,NA,NA
2724,47.69803047335046,58.497345711635454,168,53.09768809249296,5,1,NA,NA
2725,47.69723389965781,58.496374847166855,168,53.09680437341233,5,1,NA,NA
2726,47.69638027336858,58.49533437285001,168,53.0958573231093,5,1,NA,NA
2727,47.69546770142685,58.4942219120953,168,53.094844806761074,5,1,NA,NA
2728,47.694494347737894,58.4930351616864,168,53.09376475471215,5,1,NA,NA
2729,47.69345844742408,58.49177190915936,168,53.09261517829172,5,1,NA,NA
2730,47.69235832202875,58.49043005134021,168,53.09139418668448,5,1,NA,NA
2731,47.69119239569557,58.48900761407563,168,53.0901000048856,5,1,NA,NA
2732,47.689959212349336,58.487502773189384,168,53.08873099276936,5,1,NA,NA
2733,47.688657453902714,58.48591387669504,168,53.08728566529888,5,1,NA,NA
2734,47.687285959511584,58.484239468293346,168,53.08576271390247,5,1,NA,NA
2735,47.685843745899284,58.4824783121799,168,53.08416102903959,5,1,NA,NA
2736,47.68433002876777,58.48062941918552,168,53.08247972397665,5,1,NA,NA
2737,47.68274424531089,58.47869207426852,168,53.08071815978971,5,1,NA,NA
2738,47.68108607784181,58.47666586537406,168,53.078875971607935,5,1,NA,NA
2739,47.679355478543116,58.47455071367147,168,53.07695309610729,5,1,NA,NA
2740,47.677552695344545,58.47234690517587,168,53.07494980026021,5,1,NA,NA
2741,47.67567829892872,58.470055123754875,168,53.0728667113418,5,1,NA,NA
2742,47.67373321086089,58.46767648551587,168,53.07070484818838,5,1,NA,NA
2743,47.67171873283343,58.4652125745627,168,53.06846565369807,5,1,NA,NA
2744,47.66963657701078,58.46266548010433,168,53.066151028557556,5,1,NA,NA
2745,47.66748889745385,58.4600378348902,168,53.063763366172026,5,1,NA,NA
2746,47.66527832259736,58.457332854939594,168,53.06130558876848,5,1,NA,NA
2747,47.663007988745896,58.45455438052347,168,53.05878118463468,5,1,NA,NA
2748,47.6606815745476,58.451706918348336,168,53.05619424644797,5,1,NA,NA
2749,47.65830333639626,58.44879568488186,168,53.05354951063906,5,1,NA,NA
2750,47.65587814470397,58.445826650749545,168,53.05085239772676,5,1,NA,NA
2751,47.65341152097788,58.44280658612081,168,53.04810905354935,5,1,NA,NA
2752,47.650909675624604,58.43974310699075,168,53.045326391307675,5,1,NA,NA
2753,47.64837954639573,58.43664472225177,168,53.04251213432375,5,1,NA,NA
2754,47.645828837377465,58.43352088143575,168,53.0396748594066,5,1,NA,NA
2755,47.643266058415605,58.43038202299358,168,53.03682404070459,5,1,NA,NA
2756,47.64070056485542,58.427239622964265,168,53.03397009390984,5,1,NA,NA
2757,47.638142597463315,58.42410624387033,168,53.03112442066682,5,1,NA,NA
2758,47.6356033223839,58.42099558365995,168,53.02829945302193,5,1,NA,NA
2759,47.63309487097243,58.417922524499524,168,53.02550869773597,5,1,NA,NA
2760,47.63063037932799,58.41490318120235,168,53.02276678026517,5,1,NA,NA
2761,47.62822402733781,58.41195494906099,168,53.0200894881994,5,1,NA,NA
2762,47.62589107702739,58.4090965508313,168,53.01749381392935,5,1,NA,NA
2763,47.623647909994865,58.40634808259632,168,53.01499799629559,5,1,NA,NA
2764,47.6215120636911,58.40373105821755,168,53.01262156095433,5,1,NA,NA
2765,47.619502266289686,58.40126845205963,168,53.01038535917466,5,1,NA,NA
2766,47.61763846987269,58.398984739652185,168,53.00831160476244,5,1,NA,NA
2767,47.615941881639856,58.396905935930235,168,53.006423908785045,5,1,NA,NA
2768,47.614434992829466,58.395059630670765,168,53.004747311750116,5,1,NA,NA
2769,47.61314160501969,58.393475020719166,168,53.00330831286943,5,1,NA,NA
2770,47.61208685345939,58.39218293857476,168,53.002134896017076,5,1,NA,NA
