time,smo2_dom,smo2_ndom,heart_rate,smo2_avg,participant_id,session,power,lap
0,76.42813659135574,70.80101205088451,77,73.61457432112013,6,1,70,1
1,76.43183341944051,70.80733907294538,80,73.61958624619294,6,1,70,1
2,76.4361285287175,70.8169444037508,82,73.62653646623414,6,1,70,1
3,76.44098789745016,70.82980311997513,84,73.63539550871263,6,1,70,1
4,76.4463702056124,70.8458900084907,84,73.64613010705155,6,1,70,1
5,76.45222714951919,70.86518248709716,86,73.65870481830817,6,1,70,1
6,76.45850404096541,70.88766318223671,87,73.67308361160106,6,1,70,1
7,76.46514205713842,70.91332157879779,89,73.6892318179681,6,1,70,1
8,76.47208204460452,70.94215464472964,90,73.70711834466708,6,1,70,1
9,76.47926831766961,70.97416682078514,92,73.72671756922738,6,1,70,1
10,76.48665147663475,71.00936957051819,93,73.74801052357647,6,1,70,1
11,76.4941898566356,71.04778049047007,94,73.77098517355284,6,1,70,1
12,76.50184990043269,71.08942159021474,96,73.79563574532372,6,1,70,1
13,76.50960643117274,71.13431596168527,97,73.82196119642902,6,1,70,1
14,76.5174431182576,71.18248283747188,100,73.84996297786475,6,1,70,1
15,76.52535245395926,71.23393181810043,100,73.87964213602984,6,1,70,1
16,76.53333416813486,71.28865675573059,102,73.91099546193271,6,1,70,1
17,76.54139178854878,71.34662948922791,102,73.94401063888834,6,1,70,1
18,76.54952841972671,71.40779362581166,101,73.97866102276919,6,1,70,1
19,76.55774242308532,71.47205856482306,102,74.01490049395419,6,1,70,1
20,76.56602290079411,71.53929415469864,102,74.05265852774637,6,1,70,1
21,76.57434527603803,71.60932656986398,103,74.091835922951,6,1,70,1
22,76.58266716495675,71.6819360923765,104,74.13230162866662,6,1,70,1
23,76.59092434560483,71.756857581319,104,74.17389096346191,6,1,70,1
24,76.59902750738391,71.83378363336178,104,74.21640557037284,6,1,70,1
25,76.60686134256198,71.91236965831992,104,74.25961550044096,6,1,70,1
26,76.61428627389584,71.99224028924867,104,74.30326328157226,6,1,70,1
27,76.62114184478443,72.0729967422613,104,74.34706929352286,6,1,70,1
28,76.62725118889007,72.15422483924773,103,74.3907380140689,6,1,70,1
29,76.63242638662524,72.23550350455336,103,74.43396494558931,6,1,70,1
30,76.63647441860833,72.31641335186463,103,74.47644388523648,6,1,70,1
31,76.63920332881648,72.39654478260577,103,74.51787405571113,6,1,70,1
32,76.64042830777741,72.47550540726446,103,74.55796685752094,6,1,70,1
33,76.63997750366191,72.55292699105185,103,74.59645224735688,6,1,70,1
34,76.63769727150834,72.62847114966553,103,74.63308421058693,6,1,70,1
35,76.63345647309183,72.70183272794854,104,74.66764460052019,6,1,70,1
36,76.62714963473059,72.7727425248375,104,74.69994607978404,6,1,70,1
37,76.6186989650367,72.84097102746445,105,74.72983499625057,6,1,70,1
38,76.60805533177707,72.90633120782356,105,74.75719326980031,6,1,70,1
39,76.59519839413764,72.96867892251076,105,74.78193865832421,6,1,70,1
40,76.58013608622831,73.02791179630377,105,74.80402394126604,6,1,70,1
41,76.56290364720643,73.08396707953494,104,74.82343536337069,6,1,70,1
42,76.54356229544624,73.13681848086358,104,74.84019038815491,6,1,70,1
43,76.52219754624412,73.18647217150854,104,74.85433485887633,6,1,70,1
44,76.49891707458178,73.23296225399021,104,74.865939664286,6,1,70,1
45,76.473847926528,73.27634608547865,104,74.87509700600333,6,1,70,1
46,76.4471332726847,73.31669984540315,105,74.88191655904393,6,1,70,1
47,76.41892928694953,73.35411473660581,105,74.88652201177767,6,1,70,1
48,76.38940244099986,73.38869391642316,105,74.8890481787115,6,1,70,1
49,76.35872721208216,73.42054996123981,105,74.889638586661,6,1,70,1
50,76.32708420153408,73.44980266784484,106,74.88844343468946,6,1,70,1
51,76.29465866134599,73.47657699474993,105,74.88561782804797,6,1,70,1
52,76.2616392308758,73.50100114161589,105,74.88132018624584,6,1,70,1
53,76.22821649066304,73.52320495995343,105,74.87571072530824,6,1,70,1
54,76.19458142794537,73.54331869311795,105,74.86895006053166,6,1,70,1
55,76.16092439615969,73.56147184849469,105,74.86119812232718,6,1,70,1
56,76.12743446792753,73.57779219984323,105,74.85261333388539,6,1,70,1
57,76.09429839825727,73.59240511285972,106,74.8433517555585,6,1,70,1
58,76.06169880486277,73.60543328950386,106,74.83356604718333,6,1,70,1
59,76.0298115626833,73.61699692913594,106,74.82340424590961,6,1,70,1
60,75.99880299498992,73.62721420701234,106,74.81300860100113,6,1,70,1
61,75.96882802879983,73.6362018731881,106,74.80251495099397,6,1,70,1
62,75.94002960464042,73.64407587244176,106,74.79205273854109,6,1,70,1
63,75.91253875304909,73.65095198339603,106,74.78174536822256,6,1,70,1
64,75.88647465282754,73.6569462799477,105,74.77171046638762,6,1,70,1
65,75.86194388870338,73.66217502305363,105,74.7620594558785,6,1,70,1
66,75.83903919914523,73.66675398106197,106,74.7528965901036,6,1,70,1
67,75.81783907817902,73.67079756692267,106,74.74431832255084,6,1,70,1
68,75.79840871744753,73.67441788801342,107,74.73641330273048,6,1,70,1
69,75.78080189715276,73.6777235117312,107,74.72926270444198,6,1,70,1
70,75.76506323962671,73.68081794510191,107,74.72294059236431,6,1,70,1
71,75.7512300443573,73.6837980217826,107,74.71751403306995,6,1,70,1
72,75.73933311852909,73.68675229239663,107,74.71304270546287,6,1,70,1
73,75.72939621234713,73.6897594167332,107,74.70957781454015,6,1,70,1
74,75.72143464389707,73.69288684905621,106,74.70716074647663,6,1,70,1
75,75.71545467378449,73.69619040050574,106,74.70582253714511,6,1,70,1
76,75.71145372686232,73.69971467753497,107,74.70558420219865,6,1,70,1
77,75.709420095431,73.70349381029338,107,74.7064569528622,6,1,70,1
78,75.70933192887459,73.70755227519042,106,74.7084421020325,6,1,70,1
79,75.71115648528153,73.71190600618702,105,74.71153124573428,6,1,70,1
80,75.71485003554035,73.7165640870315,105,74.71570706128593,6,1,70,1
81,75.72035822535008,73.72153141430664,105,74.72094481982836,6,1,70,1
82,75.72761699336846,73.7268121360388,104,74.72721456470363,6,1,70,1
83,75.73655443649707,73.73241308546439,105,74.73448376098074,6,1,70,1
84,75.74709352575286,73.73834652711159,104,74.74272002643222,6,1,70,1
85,75.75915508859703,73.74463162986937,104,74.75189335923321,6,1,70,1
86,75.77266066874226,73.75129466684825,104,74.76197766779526,6,1,70,1
87,75.78753506956492,73.75836852694688,104,74.7729517982559,6,1,70,1
88,75.80370828971935,73.7658919278617,103,74.78480010879053,6,1,70,1
89,75.8211164619843,73.77390852510392,103,74.7975124935441,6,1,70,1
90,75.8397018939701,73.7824657213476,103,74.81108380765886,6,1,70,1
91,75.85941279689735,73.79161259020715,103,74.82551269355224,6,1,70,1
92,75.8802026058142,73.80139710879956,103,74.84079985730688,6,1,70,1
93,75.90202811177907,73.81186367373532,102,74.8569458927572,6,1,70,1
94,75.9248467968934,73.8230514850304,102,74.87394914096191,6,1,70,1
95,75.94861493345236,73.83499399231647,102,74.89180446288441,6,1,70,1
96,75.97328654542025,73.84771930519797,103,74.91050292530912,6,1,70,1
97,75.99881186740518,73.86125117708814,103,74.93003152224665,6,1,70,1
98,76.02513520433374,73.87561007439828,103,74.95037263936601,6,1,70,1
99,76.05219336307884,73.89081374548661,103,74.97150355428272,6,1,70,1
100,76.07991504707262,73.9068772890502,103,74.99339616806141,6,1,70,1
101,76.10822082473724,73.92381330691207,102,75.01601706582466,6,1,70,1
102,76.13702367284655,73.94163223849526,102,75.0393279556709,6,1,70,1
103,76.16623048621192,73.96034248661144,101,75.06328648641167,6,1,70,1
104,76.1957441648881,73.97995023685691,101,75.0878472008725,6,1,70,1
105,76.22546510987627,74.00045916557279,101,75.11296213772454,6,1,70,1
106,76.25529212882782,74.02187013381842,101,75.13858113132312,6,1,70,1
107,76.28512392375579,74.04418086730306,101,75.16465239552943,6,1,70,1
108,76.31486125985724,74.06738581733624,102,75.19112353859674,6,1,70,1
109,76.34440884162264,74.09147659297714,102,75.21794271729989,6,1,70,1
110,76.37367660515908,74.11644286692966,101,75.24505973604437,6,1,70,1
111,76.40258081837703,74.14227317009292,101,75.27242699423498,6,1,70,1
112,76.43104518550955,74.16895537985017,100,75.30000028267986,6,1,70,1
113,76.45900195723208,74.19647709734292,99,75.32773952728749,6,1,70,1
114,76.48639285248582,74.22482601145994,99,75.35560943197288,6,1,70,1
115,76.51316940292651,74.25399024974655,99,75.38357982633653,6,1,70,1
116,76.53929281844862,74.28395861888023,99,75.41162571866442,6,1,70,1
117,76.56473395975732,74.31472053979493,99,75.43972724977613,6,1,70,1
118,76.58947341859367,74.34626558007811,99,75.46786949933589,6,1,70,1
119,76.6135011208525,74.37858258380975,100,75.49604185233113,6,1,70,1
120,76.6368152578272,74.41165849656315,101,75.52423687719516,6,1,70,1
121,76.65942074081848,74.44547708085251,101,75.5524489108355,6,1,70,1
122,76.6813275692911,74.48001761978408,101,75.58067259453759,6,1,70,1
123,76.70254950264976,74.51525360915969,101,75.60890155590472,6,1,70,1
124,76.72310274286671,74.55115192604505,100,75.63712733445588,6,1,70,1
125,76.74300443269223,74.58767344959595,100,75.66533894114409,6,1,70,1
126,76.7622715544514,74.62477474450377,100,75.69352314947758,6,1,70,1
127,76.78092042424741,74.6624090519834,99,75.72166473811541,6,1,70,1
128,76.79896629361642,74.70052610128718,99,75.7497461974518,6,1,70,1
129,76.81642266823161,74.73907152277735,99,75.77774709550448,6,1,70,1
130,76.83330053849559,74.77798625349693,100,75.80564339599627,6,1,70,1
131,76.84960810703097,74.81720593609192,100,75.83340702156144,6,1,70,1
132,76.86535111044317,74.85666060461897,100,75.86100585753107,6,1,70,1
133,76.88053334509652,74.89627524345988,100,75.8884042942782,6,1,70,1
134,76.89515720173091,74.9359710253665,100,75.9155641135487,6,1,70,1
135,76.90922420882592,74.97566625445367,99,75.9424452316398,6,1,70,1
136,76.92273558466336,75.01527691782003,99,75.9690062512417,6,1,70,1
137,76.93569279807494,75.0547176273237,98,75.99520521269932,6,1,70,1
138,76.94809813785922,75.09390324542437,98,76.0210006916418,6,1,70,1
139,76.95995529084031,75.13275100136956,98,76.04635314610493,6,1,70,1
140,76.97126983099248,75.17118251382236,99,76.07122617240742,6,1,70,1
141,76.98204942449746,75.20912474581901,99,76.09558708515823,6,1,70,1
142,76.99230365311038,75.24650960065688,98,76.11940662688363,6,1,70,1
143,77.00204345571574,75.28327255001415,97,76.14265800286495,6,1,70,1
144,77.01128028546424,75.3193508805968,97,76.16531558303052,6,1,70,1
145,77.02002517739795,75.35468234062022,97,76.18735375900908,6,1,70,1
146,77.02828801899975,75.38920438218601,97,76.20874620059288,6,1,70,1
147,77.03607741364353,75.42285361038844,97,76.22946551201599,6,1,70,1
148,77.04340103925662,75.45556524505933,98,76.24948314215797,6,1,70,1
149,77.05026591684198,75.4872725961447,98,76.26876925649334,6,1,70,1
150,77.05667858873855,75.51790694387174,99,76.28729276630514,6,1,70,1
151,77.06264579172367,75.54739860503399,98,76.30502219837882,6,1,70,1
152,77.06817562485749,75.57567908893077,98,76.32192735689412,6,1,70,1
153,77.07327862675518,75.60268336868799,99,76.33798099772159,6,1,70,1
154,77.07796856707327,75.62835168378952,99,76.3531601254314,6,1,70,1
155,77.08226314708112,75.65263067971817,99,76.36744691339965,6,1,70,1
156,77.08618451155407,75.67547388562296,98,76.38082919858851,6,1,70,1
157,77.0897591815795,75.69684172592764,99,76.39330045375357,6,1,70,1
158,77.09301740793097,75.71670126168505,99,76.40485933480801,6,1,70,1
159,77.09599233472979,75.73502585736824,99,76.41550909604902,6,1,70,1
160,77.0987191680074,75.751794968687,99,76.42525706834721,6,1,70,1
161,77.101234348688,75.76699424691819,99,76.43411429780309,6,1,70,1
162,77.10357472945527,75.78061596007768,99,76.44209534476647,6,1,70,1
163,77.1057767549267,75.79265953609747,100,76.44921814551208,6,1,70,1
164,77.1078758396303,75.80313203304543,101,76.45550393633786,6,1,70,1
165,77.10990633336361,75.8120483412915,101,76.46097733732756,6,1,70,1
166,77.11190207338224,75.81943121503721,100,76.46566664420973,6,1,70,1
167,77.11389713273452,75.82531152313369,100,76.4696043279341,6,1,70,1
168,77.11592656914402,75.82972832868809,99,76.47282744891606,6,1,70,1
169,77.11802717391737,75.83272762653145,97,76.4753774002244,6,1,70,1
170,77.120238220317,75.83435964041242,97,76.47729893036471,6,1,70,1
171,77.12260221078897,75.83467565459298,97,76.47863893269098,6,1,70,1
172,77.12516542734801,75.83372515938876,96,76.47944529336839,6,1,70,1
173,77.12797789432409,75.83155389510515,96,76.47976589471462,6,1,70,1
174,77.1310927527483,75.82820279361249,96,76.4796477731804,6,1,70,1
175,77.13456543573072,75.823707231625,97,76.47913633367786,6,1,70,1
176,77.13845264401473,75.81809630243534,97,76.47827447322504,6,1,70,1
177,77.14281073073738,75.81139210555878,98,76.47710141814808,6,1,70,1
178,77.14769368960243,75.80360944398153,98,76.47565156679198,6,1,70,1
179,77.153151525874,75.79475670895714,98,76.47395411741556,6,1,70,1
180,77.1592292044175,75.78483804965636,98,76.47203362703692,6,1,70,1
181,77.16596578385777,75.77385624232262,98,76.4699110130902,6,1,70,1
182,77.17339373617426,75.76181547855215,98,76.4676046073632,6,1,70,1
183,77.18153884131671,75.74872309724552,98,76.46513096928112,6,1,70,1
184,77.19042055879996,75.73459016260888,99,76.46250536070443,6,1,70,1
185,77.20005229061279,75.71943166838697,99,76.45974197949988,6,1,70,1
186,77.21044153512044,75.70326685583994,100,76.45685419548019,6,1,70,1
187,77.22159051698003,75.68611984029944,100,76.45385517863974,6,1,70,1
188,77.2334972929545,75.66802044846285,100,76.45075887070868,6,1,70,1
189,77.24615674836684,75.64900487589951,100,76.44758081213317,6,1,70,1
190,77.25956119160968,75.62911567661187,99,76.44433843411078,6,1,70,1
191,77.27370054678543,75.60840049885735,99,76.4410505228214,6,1,70,1
192,77.28856233966731,75.58690985919091,99,76.43773609942912,6,1,70,1
193,77.30413186728153,75.56469512446226,98,76.4344134958719,6,1,70,1
194,77.32039255130424,75.54180728621685,99,76.43109991876054,6,1,70,1
195,77.33732608535657,75.51829652669393,99,76.42781130602525,6,1,70,1
196,77.35491227891957,75.49421247808613,98,76.42456237850286,6,1,70,1
197,77.37312879322761,75.46960497920342,98,76.42136688621551,6,1,70,1
198,77.39195106207212,75.44452503615405,98,76.41823804911309,6,1,70,1
199,77.41135278802324,75.41902559611351,98,76.41518919206837,6,1,70,1
200,77.43130681936961,75.39316242599472,98,76.41223462268216,6,1,70,1
201,77.45178562786377,75.36699607055886,98,76.40939084921132,6,1,70,1
202,77.47276129014986,75.34059479153842,97,76.40667804084414,6,1,70,1
203,77.4942055585331,75.314037316345,97,76.40412143743904,6,1,70,1
204,77.51609021660536,75.28741441990951,96,76.40175231825744,6,1,70,1
205,77.53838752509327,75.26082855814263,96,76.39960804161795,6,1,70,1
206,77.56107046575823,75.23439174667288,96,76.39773110621556,6,1,70,1
207,77.58411239363615,75.20822285369506,96,76.3961676236656,6,1,70,1
208,77.6074860980413,75.18244489041692,96,76.39496549422911,6,1,70,1
209,77.63116266290069,75.15718229728476,96,76.39417248009272,6,1,70,1
210,77.65511041945963,75.13255822409718,97,76.3938343217784,6,1,70,1
211,77.67929418689005,75.10869180208593,96,76.39399299448799,6,1,70,1
212,77.70367480130125,75.08569550360674,96,76.394685152454,6,1,70,1
213,77.72820873863445,75.063672782688,95,76.39594076066123,6,1,70,1
214,77.75284783205508,75.04271628730771,95,76.39778205968139,6,1,70,1
215,77.77753927959611,75.02290703192676,96,76.40022315576144,6,1,70,1
216,77.80222613788283,75.00431443129577,95,76.4032702845893,6,1,70,1
217,77.82684849784593,74.98699660905604,96,76.40692255345098,6,1,70,1
218,77.8513451482233,74.97100068744146,96,76.41117291783237,6,1,70,1
219,77.87565514252779,74.95636305717221,96,76.41600909985,6,1,70,1
220,77.89971917288824,74.94311001694592,97,76.42141459491708,6,1,70,1
221,77.92348114187723,74.93125956223963,97,76.42737035205843,6,1,70,1
222,77.9468898357029,74.92082393285536,97,76.43385688427912,6,1,70,1
223,77.96990011438272,74.91181135833524,97,76.44085573635898,6,1,70,1
224,77.99247342461015,74.9042265133629,97,76.44834996898652,6,1,70,1
225,78.01457783110102,74.89807026823358,97,76.4563240496673,6,1,70,1
226,78.03618776210023,74.89333912446564,97,76.46476344328293,6,1,70,1
227,78.05728366462054,74.8900245306155,97,76.47365409761802,6,1,70,1
228,78.07785156981558,74.88811227342786,97,76.48298192162173,6,1,70,1
229,78.09788237372362,74.88758213953075,97,76.49273225662719,6,1,70,1
230,78.11737093114166,74.88840765282848,97,76.50288929198507,6,1,70,1
231,78.13631535292232,74.89055530269505,97,76.51343532780868,6,1,70,1
232,78.15471660431501,74.89398375106624,97,76.52435017769062,6,1,70,1
233,78.17257820931235,74.89864457953246,97,76.5356113944224,6,1,70,1
234,78.18990606098914,74.90448477215071,97,76.54719541656993,6,1,70,1
235,78.20670853285199,74.91144976429712,97,76.55907914857455,6,1,70,1
236,78.22299679357094,74.91948627807722,98,76.57124153582407,6,1,70,1
237,78.23878493481678,74.92854455496501,98,76.5836647448909,6,1,70,1
238,78.2540898144927,74.93858018154195,98,76.59633499801733,6,1,70,1
239,78.26893081021363,74.94955628936944,97,76.60924354979153,6,1,70,1
240,78.28332958030755,74.96144583706351,96,76.62238770868552,6,1,70,1
241,78.29730983203842,74.97423260964267,95,76.63577122084055,6,1,70,1
242,78.31089699917865,74.98791054542754,95,76.64940377230309,6,1,70,1
243,78.32411763349205,75.00248197596525,96,76.66329980472865,6,1,70,1
244,78.33699850972768,75.01795526675868,96,76.67747688824318,6,1,70,1
245,78.34956563877391,75.03434224891079,96,76.69195394384235,6,1,70,1
246,78.36184328610584,75.05165592926004,96,76.70674960768294,6,1,70,1
247,78.37385299515753,75.06990906408464,97,76.72188102962109,6,1,70,1
248,78.38561271279124,75.08911330357674,97,76.73736300818399,6,1,70,1
249,78.39713621159103,75.10927773643415,96,76.75320697401258,6,1,70,1
250,78.40843280869773,75.13040673686373,96,76.76941977278074,6,1,70,1
251,78.4195071859009,75.15249808925907,95,76.78600263757998,6,1,70,1
252,78.43035931084377,75.17554168311382,95,76.8029504969788,6,1,70,1
253,78.44098465434035,75.19951838805721,95,76.82025152119878,6,1,70,1
254,78.4513748013468,75.224398914099325,96,76.83788685772306,6,1,70,1
255,78.46151845566769,75.25014265739341,97,76.85583055653055,6,1,70,1
256,78.47140274097768,75.27669692212496,97,76.87404983155132,6,1,70,1
257,78.48101460322312,75.30399729945324,98,76.89250595133818,6,1,70,1
258,78.49034211951457,75.33196939940413,99,76.91115575945935,6,1,70,1
259,78.49937551864717,75.36053154657732,98,76.92995353261225,6,1,70,1
260,78.50810791344162,75.3895979531289,98,76.94885293328525,6,1,70,1
261,78.51653594013929,75.41908178504946,97,76.96780886259438,6,1,70,1
262,78.52466040248201,75.44889792797333,97,76.98677916522767,6,1,70,1
263,78.53248692049458,75.4789656489245,97,77.00572628470954,6,1,70,1
264,78.54002629132981,75.50921125284202,97,77.02461877208592,6,1,70,1
265,78.54729397687092,75.53957073512461,97,77.04343235599777,6,1,70,1
266,78.5543088154774,75.56999174855804,97,77.06215028201771,6,1,70,1
267,78.56109173795926,75.60043352007763,97,77.08076262901844,6,1,70,1
268,78.56766478011068,75.63086462064796,98,77.09926470037931,6,1,70,1
269,78.57405019639758,75.66125975937265,98,77.11765497788511,6,1,70,1
270,78.58026957691882,75.69159638265877,98,77.1359329797888,6,1,70,1
271,78.58634296730067,75.72185146901478,98,77.15409721815772,6,1,70,1
272,78.59228808873024,75.75199871492369,98,77.17214340182696,6,1,70,1
273,78.59811985289295,75.78200611214243,98,77.19006298251769,6,1,70,1
274,78.60385026907674,75.81183381932138,98,77.20784204419905,6,1,70,1
275,78.60948874321129,75.84143213341811,99,77.2254604383147,6,1,70,1
276,78.61504257358078,75.87073995170108,100,77.24289126264094,6,1,70,1
277,78.62051725291631,75.89968470048913,100,77.26010097670272,6,1,70,1
278,78.62591638168017,75.92818382910168,100,77.27705010539093,6,1,70,1
279,78.63124119245683,75.9561470898245,100,77.29369414114066,6,1,70,1
280,78.63648997800568,75.98347921501804,100,77.30998459651187,6,1,70,1
281,78.64165800817553,76.01008299278594,100,77.32587050048073,6,1,70,1
282,78.64673793570812,76.03586235253049,100,77.3413001441193,6,1,70,1
283,78.65172010578664,76.06072468158659,101,77.35622239368661,6,1,70,1
284,78.6565925743697,76.0845823744009,101,77.3705874743853,6,1,70,1
285,78.66134103053288,76.10735439596057,101,77.38434771324673,6,1,70,1
286,78.66594872054087,76.12896795837005,100,77.39745833945545,6,1,70,1
287,78.67039637387388,76.1493597266423,100,77.4098780502581,6,1,70,1
288,78.67466213147061,76.16847635975932,100,77.42156924561496,6,1,70,1
289,78.67872147648887,76.18627458302814,100,77.4324980297585,6,1,70,1
290,78.68254726546142,76.20272069501327,100,77.44263398023735,6,1,70,1
291,78.686110055301,76.2177891195818,99,77.45194958744139,6,1,70,1
292,78.68937862903975,76.23145990606979,99,77.46041926755477,6,1,70,1
293,78.69232033061526,76.24371537307532,99,77.46801785184529,6,1,70,1
294,78.69490101411607,76.25453638390195,98,77.474718699009,6,1,70,1
295,78.69708460799689,76.26389903424435,98,77.48049182112061,6,1,70,1
296,78.69883258740693,76.27177214259099,97,77.48530236499896,6,1,70,1
297,78.70010394041337,76.2781155437516,97,77.48910974208249,6,1,70,1
298,78.70085562872157,76.28287908847336,97,77.49186735859746,6,1,70,1
299,78.70104295831338,76.28600215469413,97,77.49352255650376,6,1,70,1
300,78.70061976313667,76.28741396382635,97,77.4940168634815,6,1,105,2
301,78.69953879268536,76.2870354833168,98,77.49328713800108,6,1,105,2
302,78.69775249926637,76.2847829165718,98,77.49126770791909,6,1,105,2
303,78.69521422569967,76.28057200115263,98,77.48789311342615,6,1,105,2
304,78.69187969664097,76.27432233622156,99,77.48310101643126,6,1,105,2
305,78.68770861914199,76.26596096023317,99,77.47683478968759,6,1,105,2
306,78.68266629559132,76.25542488748304,98,77.46904559153718,6,1,105,2
307,78.67672524968147,76.24266279968923,98,77.45969402468535,6,1,105,2
308,78.66986676839537,76.22763608864797,98,77.44875142852166,6,1,105,2
309,78.66208216532765,76.21031944584297,98,77.43620080558532,6,1,105,2
310,78.65337366807945,76.19070109714922,98,77.42203738261433,6,1,105,2
311,78.64375492987061,76.16878268302456,97,77.406268806447585,6,1,105,2
312,78.63325106779433,76.14457868683058,98,77.38891487731246,6,1,105,2
313,78.62189803241478,76.11811521617487,98,77.37000662429483,6,1,105,2
314,78.60974140586347,76.08942862475243,98,77.34958501530795,6,1,105,2
315,78.59683501805607,76.05856514476349,98,77.32770008140977,6,1,105,2
316,78.58323957540783,76.02558172441536,99,77.3044106499116,6,1,105,2
317,78.56902130120379,75.99054728944864,99,77.27978429532621,6,1,105,2
318,78.55425048913582,75.95354384255987,100,77.25389716584785,6,1,105,2
319,78.53899977389817,75.91466700950791,101,77.22683339170304,6,1,105,2
320,78.52334221530108,75.8740258355485,101,77.1986840254248,6,1,105,2
321,78.50734958495701,75.83174183069119,102,77.1695457078241,6,1,105,2
322,78.49109095194834,75.78794726208464,102,77.1395191070165,6,1,105,2
323,78.47463137126616,75.742782691662,102,77.10870703146408,6,1,105,2
324,78.45803057641686,75.69639395208048,103,77.07721226424867,6,1,105,2
325,78.44134167522101,75.64892894892844,103,77.04513531207473,6,1,105,2
326,78.42460994542586,75.60053448202062,104,77.01257221372325,6,1,105,2
327,78.40787192436879,75.55135308349819,105,76.97961250393348,6,1,105,2
328,78.39115498705644,75.50151996800298,106,76.94633747752971,6,1,105,2
329,78.37447760716405,75.45116028779717,107,76.91281894748062,6,1,105,2
330,78.35785010545436,75.40038678828272,108,76.87911844686855,6,1,105,2
331,78.34127539764276,75.34929786200087,108,76.84528662982181,6,1,105,2
332,78.32474974154177,75.29797668212522,107,76.8113632118335,6,1,105,2
333,78.30826358096947,75.24649277942102,106,76.77737818019524,6,1,105,2
334,78.29180229140194,75.19490586627387,105,76.74335407883791,6,1,105,2
335,78.27534692504888,75.14327015099883,105,76.70930853802386,6,1,105,2
336,78.2588750531107,75.09163836117754,104,76.67525670714411,6,1,105,2
337,78.24236141289857,75.04006567024767,105,76.64121354157312,6,1,105,2
338,78.22577816509113,74.98861323388364,105,76.60719569948739,6,1,105,2
339,78.20909476151974,74.93735055496387,106,76.5732226582418,6,1,105,2
340,78.1922778140613,74.8863566761441,106,76.5393172451027,6,1,105,2
341,78.17529174540259,74.83572097924433,107,76.50550636232346,6,1,105,2
342,78.15810051480726,74.78554359020947,108,76.47182205250837,6,1,105,2
343,78.14067022437013,74.73593460794449,108,76.43830241615731,6,1,105,2
344,78.12297221615798,74.68701196039565,109,76.40499208827681,6,1,105,2
345,78.10498607551182,74.63889827633466,109,76.37194217592324,6,1,105,2
346,78.08670215077642,74.59171716118043,110,76.33920965597842,6,1,105,2
347,78.06812339466933,74.54558926511687,109,76.3068563298931,6,1,105,2
348,78.04926642989011,74.50062872683085,110,76.27494757836048,6,1,105,2
349,78.03016183893013,74.45694077131638,110,76.24355130512325,6,1,105,2
350,78.01085358028534,74.41462055751104,111,76.21273706889819,6,1,105,2
351,77.991397335513,74.37375268888681,111,76.1825750121999,6,1,105,2
352,77.97185778645914,74.33441099537085,112,76.153134390915,6,1,105,2
353,77.95230501689556,74.29665839023578,112,76.12448170356566,6,1,105,2
354,77.93281052527158,74.26054689835176,113,76.09667871181168,6,1,105,2
355,77.9134436278041,74.22611824494642,112,76.06978093637525,6,1,105,2
356,77.89426873850508,74.19340500405626,112,76.04383687128066,6,1,105,2
357,77.87534372017215,74.16243191588119,112,76.01888781802667,6,1,105,2
358,77.85671920781441,74.13321707990852,112,75.99496814386146,6,1,105,2
359,77.83843851345716,74.10577282830974,112,75.97210567088345,6,1,105,2
360,77.82053791645754,74.08010608423422,112,75.95032200034588,6,1,105,2
361,77.80304733865258,74.0562180097331,112,75.92963267419285,6,1,105,2
362,77.7859913062325,74.03410304075867,112,75.91004717349558,6,1,105,2
363,77.76939000279319,74.01374769940148,112,75.89156885109733,6,1,105,2
364,77.75326031564097,73.99512967114825,112,75.87419499339461,6,1,105,2
365,77.7376168750268,73.97821773257745,112,75.85791730380213,6,1,105,2
366,77.72247308604528,73.96297243229847,112,75.84272275917188,6,1,105,2
367,77.7078421529773,73.94934674532993,113,75.82859444915363,6,1,105,2
368,77.69373819338746,73.9372865064558,113,75.81551234992163,6,1,105,2
369,77.68017763680314,73.92673101343341,113,75.80345432511828,6,1,105,2
370,77.66718081020105,73.91761428857998,113,75.79239754939051,6,1,105,2
371,77.65477331990381,73.90986758490537,113,75.78232045240459,6,1,105,2
372,77.64298693695896,73.9034226501142,113,75.77320479353658,6,1,105,2
373,77.63185979052182,73.8982141889224,112,75.7650369897221,6,1,105,2
374,77.6214356736662,73.89418103704747,112,75.75780835535684,6,1,105,2
375,77.61176226594675,73.89126663311204,112,75.7515144495294,6,1,105,2
376,77.60288856465797,73.88941908202641,112,75.74615382334218,6,1,105,2
377,77.59486230438252,73.8885908107324,112,75.74172655755746,6,1,105,2
378,77.58772765669131,73.88873781712093,112,75.73823273690613,6,1,105,2
379,77.58152301416737,73.88981851287163,112,75.7356707635195,6,1,105,2
380,77.57627915068844,73.89179196583125,112,75.73403555825985,6,1,105,2
381,77.57201853770007,73.89461515243532,112,75.73331684506769,6,1,105,2
382,77.56875581601177,73.89823990359169,112,75.73349785980173,6,1,105,2
383,77.56649864246005,73.90261130039505,111,75.73455497142754,6,1,105,2
384,77.56524852106057,73.90766771551613,112,75.73645811828834,6,1,105,2
385,77.56500161853803,73.91334113560586,113,75.73917137707195,6,1,105,2
386,77.56574956419645,73.91955737552335,113,75.7426534698599,6,1,105,2
387,77.56748023415392,73.92623677066194,113,75.74685850240793,6,1,105,2
388,77.57017852005866,73.93329583621981,113,75.75173717813924,6,1,105,2
389,77.57382708248463,73.94065028481836,113,75.7572386836515,6,1,105,2
390,77.57840689417225,73.94821891605363,113,75.76331290511294,6,1,105,2
391,77.58389718323754,73.95592701370532,112,75.76991209847142,6,1,105,2
392,77.590274776647007,73.96370847154238,112,75.77699162409469,6,1,105,2
393,77.59751323443069,73.97150645383297,113,75.78450984413183,6,1,105,2
394,77.6055819700661,73.97927307927918,113,75.79242752467263,6,1,105,2
395,77.61444535743748,73.98696929969552,113,75.80070732856649,6,1,105,2
396,77.62406201994138,73.9945651692512,113,75.80931359459629,6,1,105,2
397,77.63438469248774,74.00203972459688,112,75.81821220854232,6,1,105,2
398,77.64536075457929,74.00937989112174,112,75.82737032285051,6,1,105,2
399,77.65693324008623,74.01657802551877,111,75.8367556328025,6,1,105,2
400,77.66904193437168,74.0236287776393,111,75.84633535600548,6,1,105,2
401,77.6816239744481,74.03052702745507,110,75.85607550095159,6,1,105,2
402,77.69461405064318,74.0372676775285,110,75.86594086408584,6,1,105,2
403,77.70794499104099,74.04384710600135,110,75.87589604852117,6,1,105,2
404,77.7215490223279,74.05026589001908,111,75.8859074561735,6,1,105,2
405,77.73535951302524,74.05653221439648,111,75.89594586371086,6,1,105,2
406,77.74931281000164,74.06266528272377,111,75.9059890463627,6,1,105,2
407,77.76334958404631,74.06869795045694,111,75.91602376725163,6,1,105,2
408,77.7774155879429,74.07467828706511,111,75.926046937504,6,1,105,2
409,77.79146221812171,74.0806702617963,111,75.936066239959,6,1,105,2
410,77.8054468807402,74.0867535523135,111,75.94610021652684,6,1,105,2
411,77.81933277280419,74.09302228013274,111,75.95617752646847,6,1,105,2
412,77.83308837161073,74.09958257407877,110,75.96633547284475,6,1,105,2
413,77.84668760846442,74.10654896027872,110,75.97661828437157,6,1,105,2
414,77.8601106296066,74.11403986968085,109,75.98707524964372,6,1,105,2
415,77.87334397428425,74.12217284660508,109,75.99775841044467,6,1,105,2
416,77.8863798776596,74.13105994420891,109,76.00871991093426,6,1,105,2
417,77.89921528403531,74.14080369519817,109,76.02000948961674,6,1,105,2
418,77.91185076561071,74.15149404620907,109,76.03167240590989,6,1,105,2
419,77.92428915173879,74.1632066444429,110,76.04374789809084,6,1,105,2
420,77.93653406374973,74.17600228009188,110,76.0562681719208,6,1,105,2
421,77.94858894052307,74.18992670307837,110,76.06925782180072,6,1,105,2
422,77.96045655475979,74.20501071562448,109,76.08273363519214,6,1,105,2
423,77.97213843468948,74.22127112516702,109,76.09670477992825,6,1,105,2
424,77.98363409363789,74.23871236205083,109,76.11117322784436,6,1,105,2
425,77.99494045758051,74.2573277863374,109,76.12613412195896,6,1,105,2
426,78.00605188083738,74.27710058611389,109,76.14157623347563,6,1,105,2
427,78.01696114009988,74.29800504771528,110,76.15748309390759,6,1,105,2
428,78.02766111426311,74.320008295648,111,76.17383470495555,6,1,105,2
429,78.03814617480474,74.34307191735788,111,76.1906090460813,6,1,105,2
430,78.04841289666773,74.3671530831926,110,76.20778298993017,6,1,105,2
431,78.05846028480079,74.39220496709218,110,76.22533262594649,6,1,105,2
432,78.06828980902309,74.41817666375181,110,76.24323323638745,6,1,105,2
433,78.07790563738656,74.44501318820355,110,76.26145941279506,6,1,105,2
434,78.08731506800362,74.47265585122568,111,76.27998545961465,6,1,105,2
435,78.09652876909888,74.50104301145032,110,76.2987858902746,6,1,105,2
436,78.10556072962595,74.53011091246398,111,76.31783582104497,6,1,105,2
437,78.11442811536956,74.55979402061217,111,76.33711106799086,6,1,105,2
438,78.12315122539493,74.59002476695719,112,76.35658799617606,6,1,105,2
439,78.13175374364846,74.6207330845716,112,76.37624341411004,6,1,105,2
440,78.1402633829268,74.65184603484087,113,76.39605470888384,6,1,105,2
441,78.14871292083973,74.68328771894274,114,76.416000319891225,6,1,105,2
442,78.15714126969478,74.7149793781065,114,76.43606032390065,6,1,105,2
443,78.16559379949753,74.746839293693,114,76.45621654659527,6,1,105,2
444,78.17412168587408,74.77878229325322,115,76.47645198956366,6,1,105,2
445,78.18278086742765,74.81071886384488,115,76.496749865636275,6,1,105,2
446,78.19163100187447,74.8425541665505,115,76.51709258421249,6,1,105,2
447,78.20073422500786,74.87418753881629,115,76.53746088191207,6,1,105,2
448,78.21015377660027,74.90551287624665,115,76.55783332642346,6,1,105,2
449,78.21995307752894,74.93642009050868,115,76.57818658401881,6,1,105,2
450,78.23019519212924,74.96679754745527,115,76.59849636979226,6,1,105,2
451,78.2409418944885,74.99653509700777,115,76.61873849574813,6,1,105,2
452,78.25225224016037,75.02552720882281,115,76.63888972449159,6,1,105,2
453,78.26418122756169,75.05367563020822,114,76.65892842888496,6,1,105,2
454,78.27677893828377,75.08089156792127,114,76.67883525310252,6,1,105,2
455,78.29009035053826,75.10709798061063,113,76.69859416557445,6,1,105,2
456,78.30415572742154,75.13223208081276,112,76.71819390411716,6,1,105,2
457,78.31901118914958,75.15624765752754,110,76.73762942333856,6,1,105,2
458,78.33468927355864,75.17911653756191,109,76.75690290556028,6,1,105,2
459,78.35121948430408,75.20082821096335,109,76.77602384763372,6,1,105,2
460,78.36862872870908,75.22138762098595,110,76.79500817484751,6,1,105,2
461,78.386941449728,75.24081209415809,110,76.81387677194304,6,1,105,2
462,78.40617935406752,75.2591281907072,111,76.83265377238736,6,1,105,2
463,78.42636073608632,75.27636906032576,111,76.85136489820604,6,1,105,2
464,78.44749978729052,75.29257259549185,111,76.8700361913912,6,1,105,2
465,78.46960667144586,75.30778038182657,111,76.88869352663622,6,1,105,2
466,78.49268836507737,75.32203715229033,110,76.90736275868386,6,1,105,2
467,78.51674948287517,75.33539015935831,110,76.92606982111674,6,1,105,2
468,78.54179269774009,75.34788865955363,110,76.94484067864687,6,1,105,2
469,78.56781875540909,75.35958448496291,110,76.963701620186,6,1,105,2
470,78.5948262786975,75.37053350588934,109,76.98267989229342,6,1,105,2
471,78.62281175149106,75.3807966183217,109,77.00180418490638,6,1,105,2
472,78.65176958497399,75.39043967012498,109,77.02110462754948,6,1,105,2
473,78.68169168093222,75.39953252007435,109,77.04061210050328,6,1,105,2
474,78.71256649222245,75.40814722870465,108,77.06035686046354,6,1,105,2
475,78.74437816575589,75.41635518481311,108,77.0803666752845,6,1,105,2
476,78.7771062558622,75.42422384927094,108,77.10066505256657,6,1,105,2
477,78.81072639842682,75.43181428550733,107,77.12127034196708,6,1,105,2
478,78.84521155597213,75.4391785977949,107,77.14219507688352,6,1,105,2
479,78.88053266362317,75.44635591088048,107,77.16344428725182,6,1,105,2
480,78.91665848131093,75.45336864586075,108,77.18501356358584,6,1,105,2
481,78.95355543296903,75.46022162770443,108,77.20688853033673,6,1,105,2
482,78.99118782334854,75.46690373146332,108,77.22904577740593,6,1,105,2
483,79.02951843294332,75.47339050647386,108,77.25145446970859,6,1,105,2
484,79.06850919896344,75.47964729100832,108,77.27407824498587,6,1,105,2
485,79.10812139773255,75.48563301280468,108,77.29687720526861,6,1,105,2
486,79.14831523157292,75.49130399322837,108,77.31980961240065,6,1,105,2
487,79.18904921092935,75.49661678031143,108,77.3428329956204,6,1,105,2
488,79.23027962496506,75.50153147438834,108,77.36590554967671,6,1,105,2
489,79.27196029635286,75.50601710757586,108,77.38898870196437,6,1,105,2
490,79.31404262094554,75.51005673678813,107,77.41204967886684,6,1,105,2
491,79.35647569797455,75.51364951969134,106,77.43506260883294,6,1,105,2
492,79.39920655154137,75.51681045660372,106,77.45800850407255,6,1,105,2
493,79.44218063928118,75.51956955402325,105,77.48087509665221,6,1,105,2
494,79.48534264901389,75.52197089723425,106,77.50365677312408,6,1,105,2
495,79.52863738912622,75.52407143644565,107,77.52635441278593,6,1,105,2
496,79.57201057846198,75.52593929071789,108,77.54897493458994,6,1,105,2
497,79.61540934151903,75.52765137376134,109,77.57153035764019,6,1,105,2
498,79.65878231226768,75.52929043809743,109,77.59403637518255,6,1,105,2
499,79.70207934741515,75.5309419265186,109,77.61651063696686,6,1,105,2
500,79.74525114253447,75.53269111725929,109,77.63897112989687,6,1,105,2
501,79.78824933707338,75.53462114681163,109,77.66143524194251,6,1,105,2
502,79.83102691393253,75.53681181153435,109,77.68391936273343,6,1,105,2
503,79.87353791897692,75.53933836645065,109,77.70643814271378,6,1,105,2
504,79.91573650120912,75.54226992985602,109,77.72900321553257,6,1,105,2
505,79.95757624970163,75.54566749260368,108,77.75162187115265,6,1,105,2
506,79.99900992555253,75.54958192115527,109,77.77429592335389,6,1,105,2
507,80.03998880930443,75.55405273373184,109,77.79702077151813,6,1,105,2
508,80.08046176210458,75.55910813645299,109,77.81978494927878,6,1,105,2
509,80.12037497673195,75.56476651391831,109,77.84257074532513,6,1,105,2
510,80.15967241929154,75.57103898364367,108,77.8653557014676,6,1,105,2
511,80.1982959870536,75.57793203870241,108,77.888114012878,6,1,105,2
512,80.23618518823987,75.58544959561907,108,77.91081739192947,6,1,105,2
513,80.27327692988077,75.5935940572255,108,77.93343549355313,6,1,105,2
514,80.30950599991127,75.60236678055317,108,77.95593639023221,6,1,105,2
515,80.34480682971642,75.61176912017967,108,77.97828797494805,6,1,105,2
516,80.37911634305864,75.6218040470006,108,78.00046019502962,6,1,105,2
517,80.41237691701492,75.63247717193316,108,78.02242704447404,6,1,105,2
518,80.4445386755837,75.64379649173192,109,78.04416758365781,6,1,105,2
519,80.47556053161337,75.65577066175922,109,78.0656655966863,6,1,105,2
520,80.50540997782241,75.66840628328563,110,78.08690813055402,6,1,105,2
521,80.5340622127837,75.68170537565112,110,78.1078837942174,6,1,105,2
522,80.56149918760948,75.6956636184331,110,78.12858140302129,6,1,105,2
523,80.58770915894647,75.71026965623368,110,78.14898940759008,6,1,105,2
524,80.61268665103007,75.72550614893157,109,78.16909639998082,6,1,105,2
525,80.63643204669528,75.74135247002474,109,78.18889225836,6,1,105,2
526,80.65895070989663,75.75778759023127,108,78.20836915006396,6,1,105,2
527,80.68025222495332,75.77479207371721,108,78.22752214933527,6,1,105,2
528,80.70035004504882,75.79234947987828,108,78.24634976246355,6,1,105,2
529,80.71926154983846,75.81044765866973,108,78.2648546042541,6,1,105,2
530,80.73700851195436,75.82907984220212,108,78.28304417707824,6,1,105,2
531,80.7536179721328,75.84824514264102,108,78.30093155738692,6,1,105,2
532,80.76912323001028,75.86794806636908,109,78.31853564818968,6,1,105,2
533,80.7835643649434,75.88819665428487,109,78.33588050961413,6,1,105,2
534,80.79698789618581,75.90899954078274,109,78.35299371848427,6,1,105,2
535,80.80944538672763,75.93036290665438,109,78.369904146691,6,1,105,2
536,80.82099128268237,75.95228810609468,109,78.38663969438852,6,1,105,2
537,80.831680767705,75.9747705529791,109,78.403225660342045,6,1,105,2
538,80.84156811929466,75.9977999639502,109,78.41968404162243,6,1,105,2
539,80.85070576123528,76.02136156824041,108,78.43603366473783,6,1,105,2
540,80.85914391380565,76.04543779668751,107,78.45229085524659,6,1,105,2
541,80.86693045078592,76.07000986491605,106,78.46847015785099,6,1,105,2
542,80.87411106001323,76.09505925094625,106,78.48458515547975,6,1,105,2
543,80.88073029196842,76.12056965275688,106,78.50064997236265,6,1,105,2
544,80.88683339812863,76.14652952361877,107,78.5166814608737,6,1,105,2
545,80.89246817806072,76.17293479527575,108,78.53270148666823,6,1,105,2
546,80.89768644439118,76.19979091128735,109,78.54873867783927,6,1,105,2
547,80.90254510492505,76.2271128050498,110,78.56482895498743,6,1,105,2
548,80.90710686109692,76.25492282241783,110,78.58101484175737,6,1,105,2
549,80.91144052183058,76.28324795425661,110,78.5973442380436,6,1,105,2
550,80.91562063920402,76.31211706135475,110,78.61386885027939,6,1,105,2
551,80.9197258796341,76.34155809126885,110,78.63064198545148,6,1,105,2
552,80.9238360319016,76.37159538420681,109,78.647715708054207,6,1,105,2
553,80.92802804097067,76.40224726263637,109,78.66513765180352,6,1,105,2
554,80.93237174914623,76.43352400179326,108,78.68294787546975,6,1,105,2
555,80.93692631876004,76.46542618078946,108,78.70117624977476,6,1,105,2
556,80.9417379205457,76.49794370678858,108,78.71984081366713,6,1,105,2
557,80.94683888188369,76.53105609750668,108,78.73894748969519,6,1,105,2
558,80.95224770898778,76.56473402220136,108,78.75849086559458,6,1,105,2
559,80.95796861701193,76.59894151621184,108,78.77845506661188,6,1,105,2
560,80.963990665321,76.63363838178917,108,78.79881452355508,6,1,105,2
561,80.97028805843908,76.66878238560135,109,78.81953522202022,6,1,105,2
562,80.97682200299435,76.70433066830826,109,78.8405763356513,6,1,105,2
563,80.98354334077735,76.74023958658317,109,78.86189146368025,6,1,105,2
564,80.99039537328223,76.77646337840147,109,78.88342937584184,6,1,105,2
565,80.9973164883184,76.81295321286112,109,78.90513485058976,6,1,105,2
566,81.00424229693432,76.8496570153996,109,78.92694965616695,6,1,105,2
567,81.01110708651181,76.88651938642019,110,78.94881323646601,6,1,105,2
568,81.0178446885605,76.92348161414806,111,78.97066315135427,6,1,105,2
569,81.02438915238885,76.96048207520339,112,78.99243561379612,6,1,105,2
570,81.03067551830166,76.99745673118937,113,79.01406612474551,6,1,105,2
571,81.03664088643377,77.03433942961603,113,79.0354901580249,6,1,105,2
572,81.04222578221771,77.07106240029972,112,79.05664409125872,6,1,105,2
573,81.0473756243552,77.10755763104784,112,79.07746662770151,6,1,105,2
574,81.05204210112979,77.14375883106759,112,79.09790046609868,6,1,105,2
575,81.05618426084538,77.17960281268574,113,79.11789353676556,6,1,105,2
576,81.05976921960723,77.21502980471672,113,79.13739951216198,6,1,105,2
577,81.0627724870794,77.24998289354899,113,79.1563776903142,6,1,105,2
578,81.0651781058007,77.28440698303756,114,79.17479254441912,6,1,105,2
579,81.06697899458358,77.31824785931397,114,79.19261342694878,6,1,105,2
580,81.06817720363478,77.35145175152398,114,79.20981447757939,6,1,105,2
581,81.06878310614825,77.38396558441387,114,79.22637434528106,6,1,105,2
582,81.06881352633725,77.41573772853128,114,79.24227562743427,6,1,105,2
583,81.06828977910145,77.44671866364797,114,79.25750422137472,6,1,105,2
584,81.06723610876831,77.47686136113337,113,79.27204873495084,6,1,105,2
585,81.06567852661807,77.50612158112065,112,79.28590005386937,6,1,105,2
586,81.06364385175883,77.53445828027556,112,79.2990510660172,6,1,105,2
587,81.0611585647951,77.56183432594217,111,79.31149644536863,6,1,105,2
588,81.05824757140888,77.58821741975699,111,79.32323249558294,6,1,105,2
589,81.05493346066406,77.61358084113066,111,79.33425715089736,6,1,105,2
590,81.05123635518743,77.63790371848097,112,79.3445700368342,6,1,105,2
591,81.04717396273159,77.66117063357493,112,79.35417229815326,6,1,105,2
592,81.04276153619789,77.68337065685218,112,79.36306609652503,6,1,105,2
593,81.03801154677173,77.70449620412121,111,79.37125387544647,6,1,105,2
594,81.0329331674706,77.72454200741497,112,79.37873758744279,6,1,105,2
595,81.02753195705743,77.74350439520413,112,79.38551817613077,6,1,105,2
596,81.02180984171447,77.76138088205589,111,79.39159536188518,6,1,105,2
597,81.01576519931933,77.77816987272686,111,79.3969675360231,6,1,105,2
598,81.00939304629262,77.7938704807315,111,79.40163176351206,6,1,105,2
599,81.00268552211251,77.80848265648376,111,79.40558408929815,6,1,105,2
600,80.99563286664204,77.82200772256087,110,79.40882029460145,6,1,140,3
601,80.98822508545545,77.83444931608545,110,79.41133720077045,6,1,140,3
602,80.98045410823917,77.84581454312675,111,79.41313432568296,6,1,140,3
603,80.97231585520622,77.85611495491175,111,79.41421540505898,6,1,140,3
604,80.96381182148349,77.86536715065614,113,79.41458948606981,6,1,140,3
605,80.95494998442149,77.87359300683015,113,79.41427149562583,6,1,140,3
606,80.9457450337891,77.88081972767739,112,79.41328238073325,6,1,140,3
607,80.93621811981325,77.88708010680314,112,79.41164911330819,6,1,140,3
608,80.92639611883632,77.89241290185478,112,79.40940451034555,6,1,140,3
609,80.91631022118045,77.89686273652009,112,79.40658647885027,6,1,140,3
610,80.90599413342527,77.9004793341677,112,79.40323673379649,6,1,140,3
611,80.8954826749423,77.90331627755573,112,79.39939947624902,6,1,140,3
612,80.88481096325037,77.90542948892866,113,79.39512022608952,6,1,140,3
613,80.87401379749654,77.90687562473477,114,79.39044471111566,6,1,140,3
614,80.86312504443309,77.9077105791608,115,79.38541781179694,6,1,140,3
615,80.85217702633724,77.90798829066807,116,79.38008265850266,6,1,140,3
616,80.84120000789319,77.90775985067432,116,79.37447992928375,6,1,140,3
617,80.83022197663736,77.90707271850498,116,79.36864734757117,6,1,140,3
618,80.81926881404702,77.9059699442939,116,79.36261937917047,6,1,140,3
619,80.80836485683409,77.90448939908435,116,79.35642712795922,6,1,140,3
620,80.79753355540622,77.90266330406436,116,79.35009842973528,6,1,140,3
621,80.78679764385053,77.90051864356386,116,79.34365814370719,6,1,140,3
622,80.77617882107305,77.89807836377922,116,79.33712859242613,6,1,140,3
623,80.76569752800052,77.89536257652315,116,79.33053005226184,6,1,140,3
624,80.75537291805898,77.89238937748179,117,79.32388114777038,6,1,140,3
625,80.74522263045174,77.88917527862898,117,79.31719895454036,6,1,140,3
626,80.73526256101142,77.88573544957616,118,79.31049900529379,6,1,140,3
627,80.72550741065412,77.8820841577563,118,79.3037957842052,6,1,140,3
628,80.71597191363959,77.87823560228091,118,79.29710375796026,6,1,140,3
629,80.70667177001116,77.87420514124089,119,79.29043845562603,6,1,140,3
630,80.69762398936285,77.8700106196126,119,79.28381730448773,6,1,140,3
631,80.68884703584445,77.86567321230424,119,79.27726012407435,6,1,140,3
632,80.6803607741377,77.86121778205772,119,79.27078927809771,6,1,140,3
633,80.67218582595798,77.85667333708723,118,79.2644295815226,6,1,140,3
634,80.66434282447015,77.8520736855991,118,79.25820825503462,6,1,140,3
635,80.65685293184886,77.84745789659159,118,79.25215541422023,6,1,140,3
636,80.64973942458529,77.84287027379634,118,79.2463048491908,6,1,140,3
637,80.6430285905088,77.83835964708003,118,79.24069411879441,6,1,140,3
638,80.63674944945171,77.83397837076375,118,79.23536391010774,6,1,140,3
639,80.63093307743569,77.82978200346398,118,79.23035754044983,6,1,140,3
640,80.62561221670514,77.8258295711047,118,79.22572089390492,6,1,140,3
641,80.62082175638503,77.82218324180202,118,79.22150249909353,6,1,140,3
642,80.61659979064109,77.81890721663085,118,79.21775350363598,6,1,140,3
643,80.61298808331534,77.81606661559879,118,79.21452734945706,6,1,140,3
644,80.61003145073742,77.8137267479771,117,79.21187909935726,6,1,140,3
645,80.6077762571364,77.81195276597819,118,79.2098645115573,6,1,140,3
646,80.60626841212348,77.81080950568405,118,79.20853895890377,6,1,140,3
647,80.60555145478241,77.81036112405211,118,79.20795628941727,6,1,140,3
648,80.60566491873749,77.8106702383893,118,79.2081675785634,6,1,140,3
649,80.6066427824312,77.8117963722583,119,79.20921957734475,6,1,140,3
650,80.60851208380869,77.8137940970012,119,79.21115309040495,6,1,140,3
651,80.61129203586114,77.81671184330969,120,79.21400193958542,6,1,140,3
652,80.61499360715288,77.82059157706321,120,79.21779259210805,6,1,140,3
653,80.61961921234526,77.82546875346729,121,79.22254398290627,6,1,140,3
654,80.62516237067065,77.83137225622987,121,79.22826731345026,6,1,140,3
655,80.63160735005546,77.83832432122288,121,79.23496583563917,6,1,140,3
656,80.63892879699605,77.84634034664306,120,79.24263457181956,6,1,140,3
657,80.6470913524358,77.8554283942549,120,79.25125987334535,6,1,140,3
658,80.65604925404227,77.86558867408662,120,79.26081896406444,6,1,140,3
659,80.66574592543928,77.87681379274406,120,79.27127985909166,6,1,140,3
660,80.67611355311098,77.88908976533698,121,79.28260165922399,6,1,140,3
661,80.68707266959841,77.90239701083908,121,79.29473484021875,6,1,140,3
662,80.69853228493753,77.91671094094882,121,79.30762161294317,6,1,140,3
663,80.71039157841858,77.93200214275207,121,79.32119686058533,6,1,140,3
664,80.72254282399116,77.94823625310468,121,79.33538953854793,6,1,140,3
665,80.73487393706142,77.96537372026661,121,79.35012382866401,6,1,140,3
666,80.74727023646564,77.98336984347648,121,79.36532003997107,6,1,140,3
667,80.75961620367208,78.00217567631299,120,79.38089593999254,6,1,140,3
668,80.7717974360586,78.02173930684012,120,79.39676837144935,6,1,140,3
669,80.78370240588042,78.04200595467218,120,79.4128541802763,6,1,140,3
670,80.79522363654915,78.062916593160807,120,79.42907011485498,6,1,140,3
671,80.80625790782618,78.08440607297229,121,79.44533199039924,6,1,140,3
672,80.81670558914904,78.10640152829215,121,79.4615535587206,6,1,140,3
673,80.82646968792191,78.12882165188641,121,79.47764566990416,6,1,140,3
674,80.8354550044757,78.15157684015476,121,79.49351592231523,6,1,140,3
675,80.84356759028937,78.17456962422845,121,79.50906860725891,6,1,140,3
676,80.85071460849846,78.19769509590799,121,79.52420485220323,6,1,140,3
677,80.85680459815809,78.2208413299733,122,79.5388229640657,6,1,140,3
678,80.86174794863514,78.24389009710032,121,79.55281902286774,6,1,140,3
679,80.86545719541068,78.26671845431002,121,79.56608782486035,6,1,140,3
680,80.86784743130315,78.28920121478278,122,79.57852432304296,6,1,140,3
681,80.8688378098471,78.31121371375207,122,79.59002576179958,6,1,140,3
682,80.8683541421336,78.33263428719513,122,79.60049421466437,6,1,140,3
683,80.86633161296562,78.3533458800019,122,79.60983874648376,6,1,140,3
684,80.86271673963557,78.37323668796499,122,79.61797671380029,6,1,140,3
685,80.85746779404921,78.39220022557103,121,79.62483400981012,6,1,140,3
686,80.85055359149202,78.41013540656692,121,79.63034449902946,6,1,140,3
687,80.84195123189829,78.42694741926367,121,79.63444932558099,6,1,140,3
688,80.8316437694928,78.44254930060534,121,79.63709653504907,6,1,140,3
689,80.81961917671168,78.45686323508258,121,79.63824120589713,6,1,140,3
690,80.80587070021839,78.46982109215129,121,79.63784589618484,6,1,140,3
691,80.79039743875508,78.48136420338143,121,79.63588082106826,6,1,140,3
692,80.77320475278688,78.49144277055167,121,79.63232376166928,6,1,140,3
693,80.75430489610835,78.50001568589661,121,79.62716029100248,6,1,140,3
694,80.73371816192324,78.50705105789976,121,79.6203846099115,6,1,140,3
695,80.71147473823932,78.51252724821326,122,79.61200099322629,6,1,140,3
696,80.68761717471142,78.51643393249984,122,79.60202555360563,6,1,140,3
697,80.66220307032864,78.51877240519529,122,79.59048773776198,6,1,140,3
698,80.63530710343123,78.51955503081459,122,79.57743106712292,6,1,140,3
699,80.60702103759625,78.51880442704508,122,79.56291273232067,6,1,140,3
700,80.57745179975515,78.5165529646773,121,79.54700238221622,6,1,140,3
701,80.54671918972875,78.51284316923926,121,79.529781179484,6,1,140,3
702,80.51495380476588,78.50772892627526,120,79.51134136552056,6,1,140,3
703,80.48229478710412,78.50127670927972,119,79.49178574819192,6,1,140,3
704,80.4488876851394,78.49356634174939,119,79.47122701344439,6,1,140,3
705,80.41488330384963,78.48469109725349,119,79.44978720055155,6,1,140,3
706,80.38043734711619,78.47475723381145,119,79.42759729046381,6,1,140,3
707,80.3457099717774,78.46388335125424,120,79.40479666151582,6,1,140,3
708,80.3108656411684,78.45219996007448,120,79.38153280062144,6,1,140,3
709,80.2760743485651,78.43984965010551,121,79.35796199933532,6,1,140,3
710,80.24151362271147,78.42698727176919,120,79.33425044724032,6,1,140,3
711,80.20736945952932,78.41377856703319,119,79.31057401328125,6,1,140,3
712,80.17383549447453,78.40039705258549,119,79.28711627353002,6,1,140,3
713,80.14111080281678,78.38702032312325,119,79.26406556297002,6,1,140,3
714,80.10939661746009,78.37382645484249,118,79.24161153615128,6,1,140,3
715,80.07889215629476,78.36099070145683,118,79.21994142887579,6,1,140,3
716,80.04978994611618,78.34868257752773,119,79.19923626182195,6,1,140,3
717,80.02227122525264,78.33706332639393,119,79.17966727582328,6,1,140,3
718,79.9965018120769,78.32628396515368,120,79.1613928886153,6,1,140,3
719,79.97262863167664,78.31648409928489,120,79.14455636548077,6,1,140,3
720,79.95077728827425,78.30779101687686,121,79.12928415257556,6,1,140,3
721,79.93105126635132,78.30031867014375,120,79.11568496824754,6,1,140,3
722,79.91353246591665,78.29416702991291,119,79.10384974791478,6,1,140,3
723,79.89828189985413,78.28942200638643,119,79.09385195312028,6,1,140,3
724,79.88533986930861,78.28615554447302,120,79.08574770689081,6,1,140,3
725,79.87472542108483,78.28442569727737,120,79.07957555918111,6,1,140,3
726,79.86643546574132,78.28427657908767,120,79.0753560224145,6,1,140,3
727,79.86044459647349,78.28573800188398,120,79.07309129917874,6,1,140,3
728,79.85670597730544,78.28882479467478,120,79.07276538599011,6,1,140,3
729,79.85515273743866,78.29353600025803,121,79.07434436884834,6,1,140,3
730,79.85569941730769,78.29985424180425,121,79.07777682955597,6,1,140,3
731,79.85824338067593,78.30774564946921,121,79.08299451507257,6,1,140,3
732,79.86266619409416,78.31716054237953,121,79.08991336823684,6,1,140,3
733,79.86883497531285,78.32803486647005,122,79.09843492089145,6,1,140,3
734,79.8766037124859,78.34029219385775,122,79.10844795317183,6,1,140,3
735,79.88581446953002,78.35384589462282,122,79.11983018207641,6,1,140,3
736,79.89629880504063,78.36860128710131,122,79.13245004607097,6,1,140,3
737,79.90788040427901,78.38445776799438,121,79.1461690861367,6,1,140,3
738,79.92037910022981,78.40131092375535,120,79.16084501199258,6,1,140,3
739,79.93361537607282,78.41905462483794,120,79.17633500045538,6,1,140,3
740,79.94741465824362,78.43758300688273,120,79.19249883256317,6,1,140,3
741,79.96161101272268,78.45679214538153,119,79.2092015790521,6,1,140,3
742,79.97604966202627,78.47658123037952,119,79.2263154462029,6,1,140,3
743,79.99058754515276,78.49685304777114,120,79.24372029646196,6,1,140,3
744,80.00509241058195,78.51751406138146,120,79.2613032359817,6,1,140,3
745,80.0194422002564,78.53847487765098,120,79.2789585389537,6,1,140,3
746,80.03352531185031,78.55965119190827,120,79.29658825187929,6,1,140,3
747,80.04724115601428,78.58096463237334,119,79.31410289419381,6,1,140,3
748,80.06050052263173,78.6023432105862,119,79.33142186660896,6,1,140,3
749,80.0732253674659,78.62372137949502,118,79.34847337348046,6,1,140,3
750,80.08534821567066,78.64503989540577,117,79.36519405553821,6,1,140,3
751,80.09681196373346,78.66624587496077,117,79.38152891934712,6,1,140,3
752,80.10757017844837,78.68729314560586,116,79.39743166202712,6,1,140,3
753,80.11758730854858,78.7081426952974,116,79.412865001923,6,1,140,3
754,80.12683832201978,78.7287629295584,115,79.42780062578909,6,1,140,3
755,80.13530737950909,78.74912934634774,114,79.44221836292841,6,1,140,3
756,80.14298603192422,78.76922372677362,114,79.45610487934891,6,1,140,3
757,80.14987230801539,78.78903342725482,114,79.46945286763511,6,1,140,3
758,80.15597078962206,78.80855096849135,115,79.4822608790567,6,1,140,3
759,80.16129250417018,78.82777372637325,115,79.49453311527171,6,1,140,3
760,80.1658543417344,78.84670352987517,115,79.50627893580479,6,1,140,3
761,80.16967858171263,78.86534597090912,116,79.51751227631087,6,1,140,3
762,80.17279262638854,78.88370942611229,116,79.52825102625042,6,1,140,3
763,80.17522855089366,78.90180398556197,116,79.53851626822782,6,1,140,3
764,80.17702237160871,78.91964048336662,117,79.54833142748767,6,1,140,3
765,80.17821322758124,78.93722982505504,117,79.55772152631815,6,1,140,3
766,80.17884247439613,78.95458251406386,118,79.56671249422999,6,1,140,3
767,80.17895249480905,78.97170798701364,118,79.57533024091134,6,1,140,3
768,80.17858522551396,78.98861356253589,118,79.58359939402493,6,1,140,3
769,80.17778059449621,79.00530300349688,119,79.59154179899654,6,1,140,3
770,80.17657486832903,79.02177508266612,119,79.59917497549758,6,1,140,3
771,80.1749987137016,79.03802293209817,119,79.60651082289988,6,1,140,3
772,80.17307575292207,79.05403427380233,119,79.6135550133622,6,1,140,3
773,80.1708233686171,79.06979194659144,118,79.62030765760427,6,1,140,3
774,80.1682554646456,79.08527443667437,118,79.62676495065998,6,1,140,3
775,80.16538484203005,79.10045641222636,118,79.63292062712821,6,1,140,3
776,80.16222450691164,79.11530935979722,118,79.63876693335443,6,1,140,3
777,80.15878888570701,79.12980251803394,118,79.64429570187048,6,1,140,3
778,80.15509523986177,79.1439041091708,118,79.64949967451628,6,1,140,3
779,80.15116488979139,79.15758267370022,118,79.6543737817458,6,1,140,3
780,80.14702405265174,79.17080821609517,118,79.65891613437346,6,1,140,3
781,80.14270429361456,79.18355277189224,118,79.6631285327534,6,1,140,3
782,80.13824229762811,79.19579049412731,118,79.66701639587771,6,1,140,3
783,80.1336783759423,79.20749784478936,119,79.67058811036583,6,1,140,3
784,80.12905409698801,79.21865408677331,119,79.67385409188066,6,1,140,3
785,80.12441040653131,79.22924188162372,118,79.67682614407752,6,1,140,3
786,80.11978662661889,79.23924789585263,118,79.67951726123576,6,1,140,3
787,80.11521974745419,79.24866341609723,118,79.6819415817757,6,1,140,3
788,80.11074362143754,79.25748468071336,119,79.68411415107545,6,1,140,3
789,80.10638786371311,79.26571234272339,119,79.68605010321825,6,1,140,3
790,80.10217684886113,79.273350161717,119,79.68776350528907,6,1,140,3
791,80.09812977868339,79.28040370499158,120,79.68926674183749,6,1,140,3
792,80.09426162562985,79.28687935048353,120,79.6905704880567,6,1,140,3
793,80.09058358601332,79.29278339632491,120,79.69168349116912,6,1,140,3
794,80.08710284768831,79.29812127694025,120,79.69261206231428,6,1,140,3
795,80.08382264739437,79.30289708069289,120,79.69335986404363,6,1,140,3
796,80.0807429102659,79.30711336900696,120,79.69392813963643,6,1,140,3
797,80.07786108130995,79.31077110181641,120,79.69431609156318,6,1,140,3
798,80.07517305131067,79.31386986437307,120,79.69452145784187,6,1,140,3
799,80.07267437226477,79.31640898062696,120,79.69454167644587,6,1,140,3
800,80.07036137225944,79.31838941563302,120,79.69437539394623,6,1,140,3
801,80.06823119449527,79.31981568666426,120,79.69402344057977,6,1,140,3
802,80.06628095558285,79.3206972953144,120,79.69348912544862,6,1,140,3
803,80.06450738866565,79.32104948545185,120,79.69277843705875,6,1,140,3
804,80.06290726402395,79.32089352195725,120,79.69190039299059,6,1,140,3
805,80.06147780692164,79.32025707523421,120,79.69086744107793,6,1,140,3
806,80.06021672259926,79.31917480868701,120,79.68969576564314,6,1,140,3
807,80.0591218284568,79.31768877855534,120,79.68840530350607,6,1,140,3
808,80.05819039100045,79.31584825540436,119,79.6870193232024,6,1,140,3
809,80.05741836266445,79.31370857647184,119,79.68556346956814,6,1,140,3
810,80.05679971362794,79.31132922319858,120,79.68406446841325,6,1,140,3
811,80.05632605376708,79.30877190341022,120,79.68254897858864,6,1,140,3
812,80.0559866423751,79.30609912492325,120,79.68104288364918,6,1,140,3
813,80.0557687857813,79.3033734546803,121,79.6795711202308,6,1,140,3
814,80.0556586230333,79.30065716982253,122,79.6781578964279,6,1,140,3
815,80.05564229983486,79.29801151942421,122,79.67682690962954,6,1,140,3
816,80.05570723833861,79.29549540085907,122,79.67560131959884,6,1,140,3
817,80.05584291778538,79.29316384002598,122,79.67450337890568,6,1,140,3
818,80.05604126372351,79.291066859749,121,79.67355406173625,6,1,140,3
819,80.05629742627075,79.28924951577321,121,79.67277347102197,6,1,140,3
820,80.05661075245195,79.28775290449668,121,79.67218182847432,6,1,140,3
821,80.05698478220644,79.28661497129771,120,79.67179987675208,6,1,140,3
822,80.0574262680755,79.28587063113045,120,79.67164844960297,6,1,140,3
823,80.05794438899625,79.28555139586791,119,79.67174789243208,6,1,140,3
824,80.05855035318952,79.28568509307225,120,79.67211772313088,6,1,140,3
825,80.05925660970031,79.28629665107574,120,79.67277663038803,6,1,140,3
826,80.06007576594997,79.28740985238906,120,79.67374280916951,6,1,140,3
827,80.06102018647285,79.28904888457434,120,79.6750345355236,6,1,140,3
828,80.06210207757185,79.29123900543456,120,79.6766705415032,6,1,140,3
829,80.06333269219819,79.29400612706479,120,79.67866940963148,6,1,140,3
830,80.0647206548709,79.29737561099665,120,79.68104813293377,6,1,140,3
831,80.06627077197491,79.30137105435742,120,79.68382091316616,6,1,140,3
832,80.06798381499145,79.30601335927209,120,79.68699858713177,6,1,140,3
833,80.06985688644414,79.31131989006109,120,79.69058838825262,6,1,140,3
834,80.0718839784028,79.3173034252917,120,79.69459370184725,6,1,140,3
835,80.07405613836332,79.323970514262,120,79.69901332631267,6,1,140,3
836,80.0763607549025,79.33131953034597,120,79.70384014262423,6,1,140,3
837,80.07878035340336,79.33933939650036,120,79.70905987495186,6,1,140,3
838,80.08129207252445,79.34800947066265,120,79.71465077159354,6,1,140,3
839,80.08386860199838,79.35730059121379,120,79.72058459660607,6,1,140,3
840,80.08648019195118,79.36717689266165,120,79.72682854230641,6,1,140,3
841,80.0890969538441,79.3775976116698,120,79.73334728275695,6,1,140,3
842,80.09169096579029,79.38851859137002,120,79.74010477858016,6,1,140,3
843,80.09423779253822,79.39989367968407,120,79.74706573611115,6,1,140,3
844,80.09671732301,79.41167602233314,120,79.75419667267157,6,1,140,3
845,80.09911412085587,79.42381905614366,120,79.76146658849976,6,1,140,3
846,80.10141748341496,79.43627710582962,120,79.76884729462229,6,1,140,3
847,80.10362140439442,79.44900558498851,120,79.77631349469146,6,1,140,3
848,80.10572463550594,79.46196080202921,121,79.78384271876757,6,1,140,3
849,80.10773094468858,79.4750993717295,121,79.79141515820905,6,1,140,3
850,80.10964918079225,79.4883775257169,121,79.79901335325457,6,1,140,3
851,80.11149265698332,79.50175090777009,122,79.80662178237671,6,1,140,3
852,80.11327785273198,79.51517504969718,121,79.81422645121458,6,1,140,3
853,80.11502233663269,79.52860633340786,121,79.82181433502028,6,1,140,3
854,80.11674249503918,79.54200304972251,121,79.82937277238085,6,1,140,3
855,80.118452724396,79.55532596937593,121,79.83688934688595,6,1,140,3
856,80.12016608702467,79.56853842686964,121,79.84435225694716,6,1,140,3
857,80.1218946744752,79.58160650301387,121,79.85175058874454,6,1,140,3
858,80.12364919054981,79.5944994042586,121,79.8590742974042,6,1,140,3
859,80.1254385340999,79.60718964916674,121,79.86631409163331,6,1,140,3
860,80.1272696740399,79.61965286742253,120,79.87346127073121,6,1,140,3
861,80.12914762136842,79.6318672118051,120,79.88050741658677,6,1,140,3
862,80.13107540055255,79.6438125785988,120,79.88744398957567,6,1,140,3
863,80.13305402019695,79.65547002696053,121,79.89426202357873,6,1,140,3
864,80.13508263802281,79.66682149510525,121,79.90095206656403,6,1,140,3
865,80.13715931028254,79.6778498136002,122,79.90750456194138,6,1,140,3
866,80.13928213054614,79.68853930866449,122,79.91391071960531,6,1,140,3
867,80.14144997759402,79.69887680065807,122,79.92016338912605,6,1,140,3
868,80.14366257983288,79.70885221768097,123,79.92625739875692,6,1,140,3
869,80.14592009132326,79.71845862940432,123,79.9321893603638,6,1,140,3
870,80.1482223744979,79.7276919939127,122,79.9379571842053,6,1,140,3
871,80.15056818464572,79.73655061767496,122,79.94355940116034,6,1,140,3
872,80.15295445124151,79.74503413363223,123,79.94899429243688,6,1,140,3
873,80.15537585121807,79.75314180235068,123,79.95425882678438,6,1,140,3
874,80.15782447916024,79.76087047764103,122,79.95934747840064,6,1,140,3
875,80.16028902929193,79.768213065756,122,79.96425104752396,6,1,140,3
876,80.16275368445717,79.77515757577046,122,79.96895563011381,6,1,140,3
877,80.16519768763871,79.7816862735683,122,79.9734419806035,6,1,140,3
878,80.16759579133566,79.78777503715797,122,79.97768541424682,6,1,140,3
879,80.16991899990583,79.7933934988137,121,79.98165624935976,6,1,140,3
880,80.17213531265386,79.7985060719531,121,79.98532069230347,6,1,140,3
881,80.17421046811138,79.803073375538375,121,79.98864192182488,6,1,140,3
882,80.17610869000303,79.80705371517729,120,79.99158120259017,6,1,140,3
883,80.17779343542742,79.81040457277398,120,79.99409900410069,6,1,140,3
884,80.17922834088408,79.81308400782544,120,79.99615617435475,6,1,140,3
885,80.18037875686785,79.81505177591488,120,79.99771526639137,6,1,140,3
886,80.18121357897112,79.8162699699686,119,79.99874177446986,6,1,140,3
887,80.18170640063263,79.81670298984291,119,79.99920469523778,6,1,140,3
888,80.1818357929302,79.81631703591177,119,79.99907641442098,6,1,140,3
889,80.18158529705688,79.81507971242962,118,79.99833250474325,6,1,140,3
890,80.18094342243025,79.81296013134315,118,79.9969517768867,6,1,140,3
891,80.17990365069116,79.80992971212837,118,79.99491668140976,6,1,140,3
892,80.178464348236,79.80596328798566,118,79.99221381811083,6,1,140,3
893,80.17662839231276,79.80103954347197,118,79.98883396789236,6,1,140,3
894,80.17440241316638,79.79514058888799,119,79.98477150102718,6,1,140,3
895,80.1717956521795,79.78825125697105,119,79.98002345457527,6,1,140,3
896,80.16881863099293,79.78035870739345,120,79.9745886691932,6,1,140,3
897,80.16548202164519,79.77145292452042,120,79.9684674730828,6,1,140,3
898,80.16179591265453,79.76152791355311,120,79.96166191310382,6,1,140,3
899,80.15776947086806,79.75058261984516,120,79.9541760453566,6,1,140,3
900,80.15341080384391,79.7386210838003,119,79.9460159438221,6,1,175,4
901,80.1487266324812,79.72565183136628,119,79.93718923192374,6,1,175,4
902,80.14372177377406,79.71168698774584,119,79.92770438075995,6,1,175,4
903,80.13839882373178,79.69674208955652,120,79.91757045664414,6,1,175,4
904,80.13275823546421,79.68083679032343,120,79.90679751289382,6,1,175,4
905,80.12679879239127,79.66399587384188,121,79.89539733311658,6,1,175,4
906,80.12051837902993,79.64625008741646,122,79.8833842332232,6,1,175,4
907,80.11391485430002,79.62763640443987,122,79.87077562936994,6,1,175,4
908,80.10698683230348,79.60819771582976,122,79.85759227406662,6,1,175,4
909,80.09973417553286,79.58798233989214,122,79.8438582577125,6,1,175,4
910,80.09215820052663,79.56704344747416,123,79.8296008240004,6,1,175,4
911,80.08426179104366,79.54543820657031,123,79.81484999880698,6,1,175,4
912,80.07604951627113,79.52322654803035,123,79.79963803215074,6,1,175,4
913,80.06752775401998,79.50046955151655,123,79.78399865276826,6,1,175,4
914,80.05870481883562,79.47722784093784,123,79.76796632988673,6,1,175,4
915,80.04959109492344,79.45356067115637,123,79.7515758830399,6,1,175,4
916,80.04019897868655,79.42952560748367,123,79.73486229308511,6,1,175,4
917,80.0305422405711,79.40517830936584,124,79.71786027496847,6,1,175,4
918,80.020635098638,79.38057231981733,124,79.70060370922766,6,1,175,4
919,80.01049197901152,79.35575856711431,125,79.68312527306291,6,1,175,4
920,80.00012786544885,79.33078438285145,125,79.66545612415015,6,1,175,4
921,79.98955806737312,79.30569232821269,125,79.6476251977929,6,1,175,4
922,79.97879711352309,79.2805192178766,125,79.62965816569985,6,1,175,4
923,79.96785735618892,79.2552957310285,125,79.6115765436087,6,1,175,4
924,79.95674767596925,79.2300469015076,126,79.59339728873843,6,1,175,4
925,79.94547248196795,79.20479368167825,126,79.57513308182311,6,1,175,4
926,79.93403129992208,79.17955489687174,127,79.55679309839691,6,1,175,4
927,79.92241933833895,79.15434802948354,128,79.53838368391125,6,1,175,4
928,79.91062864247952,79.12918873489039,128,79.51990868868495,6,1,175,4
929,79.8986486657795,79.1040904544191,129,79.5013695600993,6,1,175,4
930,79.886466551443,79.07906490542005,130,79.48276572843153,6,1,175,4
931,79.87406888007482,79.05412364331823,130,79.46409626169653,6,1,175,4
932,79.86144498108935,79.0292802077601,131,79.44536259442472,6,1,175,4
933,79.84859024747678,79.00455168219986,131,79.42657096483832,6,1,175,4
934,79.83550857622289,78.97995927654372,131,79.40773392638332,6,1,175,4
935,79.82221373934867,78.95552832272386,131,79.38887103103627,6,1,175,4
936,79.80872949041908,78.93128797549377,131,79.37000873295642,6,1,175,4
937,79.79508821123392,78.9072708131532,130,79.35117951219357,6,1,175,4
938,79.78132868357,78.88351243529416,130,79.33242055943208,6,1,175,4
939,79.76749435101803,78.86005105704767,129,79.31377270403286,6,1,175,4
940,79.75363207032242,78.8369270017358,129,79.29527953602911,6,1,175,4
941,79.7397899860246,78.81418189626486,129,79.27698594114473,6,1,175,4
942,79.72601443015209,78.79185756862928,129,79.25893599939069,6,1,175,4
943,79.71234701667088,78.76999484194198,129,79.24117092930643,6,1,175,4
944,79.69882271030906,78.74863232189085,129,79.22372751609996,6,1,175,4
945,79.68546925929078,78.72780517702398,129,79.20663721815738,6,1,175,4
946,79.67230769882431,78.70754410634919,129,79.18992590258675,6,1,175,4
947,79.6593529495043,78.68787488383583,130,79.17361391667006,6,1,175,4
948,79.64661421767337,78.66881847933566,130,79.15771634850452,6,1,175,4
949,79.63409558766492,78.6503913653764,131,79.14224347652066,6,1,175,4
950,79.62179690332201,78.6326060094985,131,79.12720145641026,6,1,175,4
951,79.60971474365049,78.61547194201728,132,79.11259334283389,6,1,175,4
952,79.59784339506496,78.59899739901486,132,79.09842039703992,6,1,175,4
953,79.58617582027355,78.58319115027236,132,79.08468348527296,6,1,175,4
954,79.57470452634746,78.56806392676948,132,79.07138422655848,6,1,175,4
955,79.5634221370064,78.55362866727262,132,79.05852540213951,6,1,175,4
956,79.55232166923255,78.53989968137776,132,79.04611067530516,6,1,175,4
957,79.54139670939767,78.52689170421554,132,79.03414420680662,6,1,175,4
958,79.5306414890109,78.5146191352249,132,79.02263031211791,6,1,175,4
959,79.5200506651151,78.50309507061304,132,79.01157286786406,6,1,175,4
960,79.50961890295926,78.49233012926986,132,79.00097451611455,6,1,175,4
961,79.49934065117705,78.48233146206984,132,78.99083605662344,6,1,175,4
962,79.489210207092,78.47310204194663,132,78.98115612451932,6,1,175,4
963,79.47922187716408,78.46464003959251,132,78.9719309583783,6,1,175,4
964,79.4693702326653,78.45693831726052,132,78.9631542749629,6,1,175,4
965,79.45965065574283,78.44998433329438,132,78.95481749451861,6,1,175,4
966,79.4500600784144,78.4437605225146,131,78.9469103004645,6,1,175,4
967,79.44059752441873,78.43824486004634,131,78.93942119223254,6,1,175,4
968,79.4312641613577,78.43341131625115,132,78.93233773880442,6,1,175,4
969,79.42206266807304,78.42923010556697,131,78.92564638682,6,1,175,4
970,79.41299611231608,78.42566779468463,132,78.91933195350035,6,1,175,4
971,79.40406692389236,78.4226873680605,132,78.91337714597643,6,1,175,4
972,79.39527625584854,78.42024838134198,132,78.90776231859526,6,1,175,4
973,79.38662373366893,78.41830739836848,132,78.9024655660187,6,1,175,4
974,79.37810739738603,78.41681890744,132,78.89746315241302,6,1,175,4
975,79.36972344645402,78.41573691256583,132,78.89273017950993,6,1,175,4
976,79.36146588496766,78.41501681024064,132,78.88824134760415,6,1,175,4
977,79.35332665254886,78.41461657710767,132,78.88397161482825,6,1,175,4
978,79.34529633852884,78.41449697659618,133,78.87989665756251,6,1,175,4
979,79.33736508935834,78.41462117533051,133,78.87599313234443,6,1,175,4
980,79.3295234167634,78.414954160069,132,78.8722387884162,6,1,175,4
981,79.32176271173743,78.4154623458958,132,78.86861252881661,6,1,175,4
982,79.31407556205703,78.41611357128639,132,78.8650945666717,6,1,175,4
983,79.30645626359616,78.41687748057095,132,78.86166687208356,6,1,175,4
984,79.29890142801521,78.41772600168734,132,78.85831371485128,6,1,175,4
985,79.2914101016939,78.4186333344786,131,78.85502171808625,6,1,175,4
986,79.28398349349605,78.41957544997317,131,78.8517794717346,6,1,175,4
987,79.27662509166956,78.4205296862694,131,78.84857738896949,6,1,175,4
988,79.26934116986176,78.421474636474,131,78.84540790316788,6,1,175,4
989,79.26214090190552,78.42239013397722,131,78.84226551794137,6,1,175,4
990,79.25503589020538,78.42325714032756,132,78.83914651526646,6,1,175,4
991,79.24803949772773,78.42405734094991,132,78.83604841933882,6,1,175,4
992,79.24116608094748,78.42477254654314,132,78.83296931374531,6,1,175,4
993,79.23442992846199,78.42538429059083,132,78.8299071095264,6,1,175,4
994,79.2278440026,78.42587381834396,132,78.82685891047197,6,1,175,4
995,79.22141887398512,78.42622246756362,132,78.82382067077437,6,1,175,4
996,79.21516204393932,78.42641224624187,132,78.82078714509059,6,1,175,4
997,79.20907765455146,78.42642621744439,132,78.81775193599793,6,1,175,4
998,79.20316648875306,78.42624849648097,132,78.814707492617,6,1,175,4
999,79.19742606526489,78.42586386066814,132,78.81164496296651,6,1,175,4
1000,79.19185082840173,78.42525726454248,132,78.8085540464721,6,1,175,4
1001,79.18643262784369,78.42441384598062,133,78.80542323691216,6,1,175,4
1002,79.18116148845748,78.42331942346075,133,78.80224045595912,6,1,175,4
1003,79.17602647521699,78.42196089947888,134,78.79899368734793,6,1,175,4
1004,79.17101665337948,78.4203261801947,134,78.79567141678709,6,1,175,4
1005,79.16612233916725,78.41840341644073,134,78.79226287780398,6,1,175,4
1006,79.1613363485006,78.41617995643206,134,78.78875815246633,6,1,175,4
1007,79.15665446360741,78.41364198572863,135,78.78514822466802,6,1,175,4
1008,79.15207521514614,78.410775147257,134,78.78142518120157,6,1,175,4
1009,79.14759995528252,78.40756575145954,134,78.77758285337103,6,1,175,4
1010,79.14323331928595,78.40400208910661,134,78.77361770419628,6,1,175,4
1011,79.13898329533401,78.40007526176,134,78.769529278547,6,1,175,4
1012,79.1348608049167,78.39577953006422,133,78.76532016749046,6,1,175,4
1013,79.1308793789337,78.39111276521656,133,78.76099607207513,6,1,175,4
1014,79.12705492930941,78.38607690616583,133,78.75656591773762,6,1,175,4
1015,79.1234050306866,78.38067764228342,133,78.75204133648501,6,1,175,4
1016,79.11994761442749,78.37492332147866,132,78.74743546795307,6,1,175,4
1017,79.11669946483141,78.36882386396485,132,78.74276166439813,6,1,175,4
1018,79.11367480991561,78.36239016923278,133,78.7380324895742,6,1,175,4
1019,79.11088420156504,78.35563421115374,133,78.73325920635939,6,1,175,4
1020,79.1083338799021,78.3485696259691,133,78.7284517529356,6,1,175,4
1021,79.106025816788,78.3412122077604,133,78.72361901227421,6,1,175,4
1022,79.1039583408225,78.33357992104,133,78.71876913093125,6,1,175,4
1023,79.102126953663,78.32569223514405,133,78.71390959440353,6,1,175,4
1024,79.10052504507519,78.31756926783176,133,78.70904715645347,6,1,175,4
1025,79.09914431170841,78.30923190822332,133,78.70418810996587,6,1,175,4
1026,79.09797507476732,78.30070291876186,133,78.6993389967646,6,1,175,4
1027,79.09700708192139,78.2920078454347,133,78.69450746367804,6,1,175,4
1028,79.09623069606174,78.2831751506772,134,78.68970292336947,6,1,175,4
1029,79.09563769076928,78.27423556855928,134,78.68493662966428,6,1,175,4
1030,79.09522136003089,78.26522097441539,134,78.68022116722314,6,1,175,4
1031,79.094976137403,78.25616335364717,134,78.67556974552508,6,1,175,4
1032,79.09489701733739,78.24709416182425,134,78.67099558958083,6,1,175,4
1033,79.09497916890396,78.23804407561866,133,78.66651162226131,6,1,175,4
1034,79.0952178395274,78.22904293902,133,78.6621303892737,6,1,175,4
1035,79.0956083537422,78.22011951419468,133,78.65786393396843,6,1,175,4
1036,79.09614610950445,78.21130113405384,133,78.65372362177914,6,1,175,4
1037,79.0968265721334,78.2026138412988,132,78.6497202067161,6,1,175,4
1038,79.0976453634904,78.1940830135162,132,78.64586418850331,6,1,175,4
1039,79.09859864153708,78.1857338886969,131,78.642166265117,6,1,175,4
1040,79.0996838678812,78.17759169817074,130,78.63863778302597,6,1,175,4
1041,79.10090096337898,78.1696814065627,130,78.63529118497084,6,1,175,4
1042,79.10225355920996,78.16202735098575,129,78.63214045509785,6,1,175,4
1043,79.10374975817088,78.15465336429877,129,78.62920156123482,6,1,175,4
1044,79.10540221104716,78.14758338204848,129,78.62649279654782,6,1,175,4
1045,79.10722770302131,78.14084194750416,129,78.62403482526273,6,1,175,4
1046,79.1092462499241,78.13445422426422,129,78.62185023709415,6,1,175,4
1047,79.1114795089872,78.12844532097999,129,78.6199624149836,6,1,175,4
1048,79.11394879641196,78.12283912288095,129,78.61839395964645,6,1,175,4
1049,79.11667349174829,78.11765721493333,130,78.61716535334081,6,1,175,4
1050,79.11967012137809,78.1129182864113,130,78.6162942038947,6,1,175,4
1051,79.12295192572161,78.10863821161975,131,78.61579506867068,6,1,175,4
1052,79.12652871483293,78.10483051386922,131,78.61567961435108,6,1,175,4
1053,79.13040681710777,78.1015064321651,131,78.61595662463642,6,1,175,4
1054,79.13458921848644,78.09867449286367,131,78.61663185567505,6,1,175,4
1055,79.13907628219545,78.09634017133787,131,78.61770822676667,6,1,175,4
1056,79.1438671465188,78.09450583859396,130,78.61918649255638,6,1,175,4
1057,79.14896160552567,78.0931707976823,131,78.62106620160398,6,1,175,4
1058,79.15436188753088,78.09233140986521,130,78.62334664869805,6,1,175,4
1059,79.16007335588982,78.0919815056231,131,78.62602743075647,6,1,175,4
1060,79.16610393700087,78.0921128854812,130,78.62910841124103,6,1,175,4
1061,79.1724628606512,78.09271532553404,130,78.63258909309262,6,1,175,4
1062,79.17915920028565,78.09377618533179,130,78.63646769280872,6,1,175,4
1063,79.18620060323944,78.0952803985771,130,78.64074050090827,6,1,175,4
1064,79.19359230834587,78.09721094436611,131,78.64540162635599,6,1,175,4
1065,79.20133625572109,78.09954921398969,131,78.65044273485539,6,1,175,4
1066,79.20943028864365,78.10227517602225,131,78.65585273233295,6,1,175,4
1067,79.21786764257625,78.10536773013027,131,78.66161768635325,6,1,175,4
1068,79.22663681890336,78.10880534744639,131,78.66772108317488,6,1,175,4
1069,79.23572184349109,78.1125668027615,132,78.6741443231263,6,1,175,4
1070,79.24510261763939,78.1166318037937,132,78.68086721071654,6,1,175,4
1071,79.25475477645827,78.12098132278871,133,78.68786804962349,6,1,175,4
1072,79.26464925005443,78.12559753323004,133,78.69512339164223,6,1,175,4
1073,79.27475250327011,78.13046335195645,133,78.70260792761329,6,1,175,4
1074,79.28502745442573,78.13556178204,134,78.71029461823287,6,1,175,4
1075,79.2954340982247,78.14087544683957,134,78.71815477253213,6,1,175,4
1076,79.30592963832248,78.14638660811381,134,78.72615812321814,6,1,175,4
1077,79.3164687153979,78.1520778635509,134,78.7342732894744,6,1,175,4
1078,79.32700392647223,78.15793323137162,134,78.74246857892192,6,1,175,4
1079,79.33748644112276,78.16393884195278,134,78.75071264153777,6,1,175,4
1080,79.3478667153186,78.17008294409261,135,78.75897482970561,6,1,175,4
1081,79.35809549867692,78.17635542120601,135,78.76722545994147,6,1,175,4
1082,79.3681250383617,78.18274711025936,135,78.77543607431053,6,1,175,4
1083,79.3779100902561,78.18924931378102,134,78.78357970201856,6,1,175,4
1084,79.38740864061697,78.19585370018063,134,78.7916311703988,6,1,175,4
1085,79.39658253398403,78.20255259251401,134,78.79956756324901,6,1,175,4
1086,79.40539810553737,78.20933945073463,134,78.80736877813601,6,1,175,4
1087,79.41382681850891,78.21620915737499,134,78.81501798794196,6,1,175,4
1088,79.42184571208153,78.22315791167107,133,78.8225018118763,6,1,175,4
1089,79.42943727003014,78.23018273221057,133,78.82981000112035,6,1,175,4
1090,79.4365887104636,78.23728076325465,133,78.83693473685912,6,1,175,4
1091,79.44329108713471,78.24444877495814,133,78.84386993104643,6,1,175,4
1092,79.44953839761091,78.25168305262305,132,78.85061072511698,6,1,175,4
1093,79.45532669843767,78.25897967503676,132,78.85715318673721,6,1,175,4
1094,79.46065332492324,78.26633479178523,132,78.86349405835423,6,1,175,4
1095,79.46551641068415,78.27374411926894,132,78.86963026497654,6,1,175,4
1096,79.46991470699689,78.28120165548575,132,78.87555818124132,6,1,175,4
1097,79.47384750691447,78.28869839398845,132,78.88127295045146,6,1,175,4
1098,79.47731457663225,78.29622152481502,132,78.88676805072365,6,1,175,4
1099,79.48031609411461,78.30375431759467,133,78.89203520585464,6,1,175,4
1100,79.48285279005822,78.31127678456652,133,78.89706478731236,6,1,175,4
1101,79.48492668133123,78.3187671237818,133,78.90184690255651,6,1,175,4
1102,79.48654220179957,78.32620345510347,133,78.90637282845151,6,1,175,4
1103,79.48770695021372,78.33356487394248,133,78.9106359120781,6,1,175,4
1104,79.48843186000934,78.3408317255204,133,78.91463179276488,6,1,175,4
1105,79.48873118104486,78.347985880284,133,78.91835853066442,6,1,175,4
1106,79.48862246817745,78.35501130339102,133,78.92181688578424,6,1,175,4
1107,79.48812657645477,78.3618947234743,133,78.92501064996453,6,1,175,4
1108,79.48726756511302,78.36862620585742,132,78.92794688548523,6,1,175,4
1109,79.48607231498485,78.37519943535308,133,78.93063587516897,6,1,175,4
1110,79.48456976140889,78.38161151372522,133,78.93309063756706,6,1,175,4
1111,79.48278974222731,78.38786207684365,133,78.93532590953548,6,1,175,4
1112,79.48076175303628,78.3939520241904,132,78.93735688861334,6,1,175,4
1113,79.47851419444827,78.3998826410203,133,78.93919841773427,6,1,175,4
1114,79.47607420844761,78.4056552107039,133,78.94086470957575,6,1,175,4
1115,79.47346771325405,78.41127053202133,133,78.9423691226377,6,1,175,4
1116,79.47071934366295,78.41672824385459,133,78.94372379375878,6,1,175,4
1117,79.46785210138678,78.42202634741469,133,78.94493922440074,6,1,175,4
1118,79.4648869100876,78.42716112108428,133,78.94602401558595,6,1,175,4
1119,79.46184265995977,78.43212742790804,133,78.9469850439339,6,1,175,4
1120,79.4587368390722,78.43691922071439,133,78.94782802989329,6,1,175,4
1121,79.45558636102672,78.44152985480187,132,78.9485581079143,6,1,175,4
1122,79.45240829604612,78.44595211074626,131,78.9491802033962,6,1,175,4
1123,79.44922031015047,78.45017812250354,131,78.949699216327,6,1,175,4
1124,79.44604081215181,78.45419960106504,131,78.95012020660843,6,1,175,4
1125,79.44288900326211,78.45800893900089,131,78.9504489711315,6,1,175,4
1126,79.43978492656261,78.461601000948,131,78.9506929637553,6,1,175,4
1127,79.43674951603442,78.46497462480441,131,78.95086207041942,6,1,175,4
1128,79.43380454730156,78.46813324846873,131,78.95096889788515,6,1,175,4
1129,79.4309722946882,78.47108446702127,132,78.95102838085474,6,1,175,4
1130,79.42827499178924,78.4738388129046,132,78.95105690234692,6,1,175,4
1131,79.42573448535353,78.47640853932526,132,78.9510715123394,6,1,175,4
1132,79.4233720821359,78.47880689441584,132,78.95108948827587,6,1,175,4
1133,79.42120819823465,78.48104808102855,133,78.9511281396316,6,1,175,4
1134,79.41926171304179,78.48314760933896,133,78.95120466119037,6,1,175,4
1135,79.41754922254898,78.4851222617491,134,78.95133574214904,6,1,175,4
1136,79.41608438679957,78.48698937724069,134,78.95153688202012,6,1,175,4
1137,79.41487756633401,78.48876564999375,134,78.95182160816388,6,1,175,4
1138,79.41393564989022,78.49046583215275,134,78.95220074102149,6,1,175,4
1139,79.4132616830401,78.49210192570463,135,78.95268180437236,6,1,175,4
1140,79.41285420011478,78.4936831558521,135,78.95326867798343,6,1,175,4
1141,79.41270645444735,78.49521672569529,135,78.95396159007132,6,1,175,4
1142,79.41280583956991,78.49670886439286,135,78.95475735198139,6,1,175,4
1143,79.41313389161772,78.49816519332369,135,78.9556495424707,6,1,175,4
1144,79.41366697068021,78.49959031261355,135,78.95662864164689,6,1,175,4
1145,79.41437742632544,78.50098738822864,135,78.95768240727705,6,1,175,4
1146,79.41523485750676,78.50235803217456,135,78.95879644484066,6,1,175,4
1147,79.41620688202885,78.50370228068113,134,78.95995458135499,6,1,175,4
1148,79.41725951357002,78.50501867034767,134,78.96113909195884,6,1,175,4
1149,79.41835792706455,78.50630460731932,134,78.96233126719193,6,1,175,4
1150,79.4194677105125,78.50755693197866,134,78.96351232124559,6,1,175,4
1151,79.42055601853619,78.50877228904515,134,78.96466415379066,6,1,175,4
1152,79.4215922380678,78.50994710805776,134,78.96576967306278,6,1,175,4
1153,79.42254797160426,78.51107719429264,133,78.96681258294845,6,1,175,4
1154,79.42339653357848,78.51215712524686,133,78.96777682941267,6,1,175,4
1155,79.42411254550925,78.51317984290144,133,78.96864619420535,6,1,175,4
1156,79.42467182542084,78.51413663692301,133,78.96940423117192,6,1,175,4
1157,79.42505137685764,78.51501751891458,132,78.9700344478861,6,1,175,4
1158,79.42522928279963,78.51581169524071,132,78.97052048902017,6,1,175,4
1159,79.42518430976702,78.51650755336485,132,78.97084593156593,6,1,175,4
1160,79.42489541753038,78.51709206433108,133,78.97099374093074,6,1,175,4
1161,79.42434175997673,78.51754999171989,133,78.97094587584832,6,1,175,4
1162,79.42350337253126,78.51786329743028,133,78.97068333498078,6,1,175,4
1163,79.4223623513832,78.51801113467418,133,78.97018674302869,6,1,175,4
1164,79.42090403713904,78.51797042846452,134,78.96943723280178,6,1,175,4
1165,79.41911742288683,78.51771665377454,134,78.96841703833068,6,1,175,4
1166,79.41699478689732,78.51722442157929,134,78.9671096042383,6,1,175,4
1167,79.41453133042278,78.5164674830142,134,78.9654994067185,6,1,175,4
1168,79.41172521086025,78.5154183471183,134,78.96357177898928,6,1,175,4
1169,79.4085779703538,78.5140482928616,134,78.96131313160771,6,1,175,4
1170,79.40509506725363,78.51232816603584,134,78.95871161664473,6,1,175,4
1171,79.40128592518931,78.51022996146568,135,78.9557579433275,6,1,175,4
1172,79.39716340213548,78.50772870329645,135,78.95244605271597,6,1,175,4
1173,79.39274306947033,78.50480364839295,135,78.94877335893165,6,1,175,4
1174,79.38804249590368,78.50143861815077,135,78.94474055702722,6,1,175,4
1175,79.383080536037,78.49762204427086,135,78.94035129015393,6,1,175,4
1176,79.37787681835843,78.49334702136424,135,78.93561191986134,6,1,175,4
1177,79.37245182252578,78.48861136656737,135,78.93053159454658,6,1,175,4
1178,79.36682725302319,78.48341749119587,135,78.92512237210953,6,1,175,4
1179,79.36102573351087,78.47777169431404,135,78.91939871391246,6,1,175,4
1180,79.3550697239883,78.47168297573096,136,78.91337634985962,6,1,175,4
1181,79.34898044069783,78.46516195357893,136,78.90707119713838,6,1,175,4
1182,79.34277716857738,78.45822017895712,136,78.90049867376726,6,1,175,4
1183,79.33647696596606,78.45086984746504,136,78.89367340671555,6,1,175,4
1184,79.33009466373588,78.44312361483308,137,78.88660913928447,6,1,175,4
1185,79.32364296349675,78.43499393124632,137,78.87931844737153,6,1,175,4
1186,79.31713253709945,78.4264919917051,137,78.87181226440228,6,1,175,4
1187,79.31057212723736,78.4176270825229,137,78.86409960488012,6,1,175,4
1188,79.30396864897969,78.40840661639898,137,78.85618763268934,6,1,175,4
1189,79.29732729209913,78.39883666084931,137,78.84808197647422,6,1,175,4
1190,79.29065172162818,78.38892256973249,137,78.83978714568033,6,1,175,4
1191,79.28394457164843,78.37866913255638,137,78.83130685210241,6,1,175,4
1192,79.27720813470819,78.36808014393749,138,78.82264413932285,6,1,175,4
1193,79.27044485664914,78.3571577832699,138,78.81380131995951,6,1,175,4
1194,79.2636574417159,78.34590219470763,138,78.80477981821177,6,1,175,4
1195,79.25684856790942,78.33431165761755,138,78.79558011276347,6,1,175,4
1196,79.25002040763073,78.32238315242012,138,78.78620178002542,6,1,175,4
1197,79.2431743437501,78.31011254149445,138,78.77664344262227,6,1,175,4
1198,79.23631088107722,78.2974942676503,138,78.76690257436375,6,1,175,4
1199,79.2294293630535,78.2845211554931,138,78.7569752592733,6,1,175,4
1200,79.22252749365335,78.2711846084004,138,78.74685605102687,6,1,210,5
1201,79.2156010546515,78.25747520121983,138,78.73653812793566,6,1,210,5
1202,79.20864401336642,78.24338347373188,138,78.72601374354915,6,1,210,5
1203,79.20164902094429,78.2289005348453,137,78.71527477789479,6,1,210,5
1204,79.19460800866675,78.21401828258145,137,78.7043131456241,6,1,210,5
1205,79.18751229717752,78.19872923998487,137,78.6931207685812,6,1,210,5
1206,79.18035221875289,78.18302629971728,136,78.68168925923509,6,1,210,5
1207,79.17311683796933,78.16690296271331,136,78.67000990034131,6,1,210,5
1208,79.16579406352882,78.15035407100706,137,78.65807406726793,6,1,210,5
1209,79.1583711514115,78.13337644956563,137,78.64587380048857,6,1,210,5
1210,79.15083550201219,78.1159691645753,137,78.63340233329374,6,1,210,5
1211,79.14317555639666,78.09813339822807,137,78.62065447731237,6,1,210,5
1212,79.13538159678822,78.07987213511043,136,78.60762686594933,6,1,210,5
1213,79.12744625635739,78.06119005035153,136,78.59431815335446,6,1,210,5
1214,79.11936464091164,78.04209359949225,136,78.58072912020194,6,1,210,5
1215,79.11113406259929,78.02259091984362,136,78.56686249122146,6,1,210,5
1216,79.10275348325659,78.00269144569127,136,78.55272246447393,6,1,210,5
1217,79.09422286254573,77.98240543229352,136,78.53831414741963,6,1,210,5
1218,79.08554250844833,77.96174348606549,136,78.5236429972569,6,1,210,5
1219,79.07671243010513,77.94071610079271,136,78.50871426544893,6,1,210,5
1220,79.06773169299484,77.91933329724826,136,78.49353249512154,6,1,210,5
1221,79.05859777645685,77.89760456112401,136,78.47810116879043,6,1,210,5
1222,79.04930593357756,77.87553888404112,136,78.46242240880935,6,1,210,5
1223,79.03984855348452,77.85314432226156,137,78.44649643787304,6,1,210,5
1224,79.03021481873502,77.83042726805037,137,78.4303210433927,6,1,210,5
1225,79.02039124313531,77.80739240897145,137,78.41389182605337,6,1,210,5
1226,79.01036309015501,77.78404366762454,137,78.39720337888977,6,1,210,5
1227,79.0001160869215,77.76038573155537,137,78.38025090923844,6,1,210,5
1228,78.98963794633146,77.73642558803587,137,78.36303176718366,6,1,210,5
1229,78.97891930734774,77.71217328335787,138,78.3455462953528,6,1,210,5
1230,78.96795409366545,77.68764180899687,138,78.32779795133116,6,1,210,5
1231,78.9567396810342,77.6628466997049,139,78.30979319036955,6,1,210,5
1232,78.94527697086535,77.63780583101182,139,78.29154140093858,6,1,210,5
1233,78.93357017509372,77.61253980603756,139,78.27305499056564,6,1,210,5
1234,78.921626117209,77.58707273626148,140,78.25434942673525,6,1,210,5
1235,78.90945285432554,77.561432635635,140,78.23544274498028,6,1,210,5
1236,78.89705781525862,77.53565103750745,141,78.21635442638303,6,1,210,5
1237,78.88444603969619,77.50976183391583,141,78.197103936806,6,1,210,5
1238,78.87161900605014,77.48379982444217,141,78.17770941524616,6,1,210,5
1239,78.85857443809068,77.45779994950861,141,78.15818719379965,6,1,210,5
1240,78.84530709035728,77.43179750018795,142,78.13855229527262,6,1,210,5
1241,78.8318101222321,77.40582891382473,142,78.11881951802842,6,1,210,5
1242,78.81807667058912,77.37993256968748,142,78.0990046201383,6,1,210,5
1243,78.80410123094042,77.35414880379098,142,78.0791250173657,6,1,210,5
1244,78.78988074963256,77.32851904474602,142,78.05919989718929,6,1,210,5
1245,78.77541562225714,77.30308465521408,143,78.03925013873561,6,1,210,5
1246,78.7607106958586,77.2778860635591,142,78.01929837970886,6,1,210,5
1247,78.74577627492506,77.25296277031698,143,77.99936952262102,6,1,210,5
1248,78.7306288384716,77.22835393623721,143,77.97949138735441,6,1,210,5
1249,78.7152908828345,77.20409838078614,143,77.95969463181032,6,1,210,5
1250,78.69978979237739,77.18023369788597,143,77.94001174513167,6,1,210,5
1251,78.68415612789526,77.15679507355021,143,77.92047560072274,6,1,210,5
1252,78.66842172245316,77.13381429253182,143,77.9011180074925,6,1,210,5
1253,78.65261797437034,77.11131932357114,143,77.88196864897074,6,1,210,5
1254,78.6367746294813,77.08933458027914,143,77.86305460488022,6,1,210,5
1255,78.62091924725004,77.06788166214595,143,77.84440045469799,6,1,210,5
1256,78.60507715519833,77.0469800876087,142,77.82602862140351,6,1,210,5
1257,78.58927130600335,77.02664723854951,142,77.80795927227643,6,1,210,5
1258,78.57352193933498,77.00689761345531,142,77.79020977639514,6,1,210,5
1259,78.55784643822018,76.98774236433198,142,77.77279440127609,6,1,210,5
1260,78.54225947715565,76.9691896048294,142,77.75572454099253,6,1,210,5
1261,78.52677326662469,76.95124548940069,142,77.7390093780127,6,1,210,5
1262,78.51139779625154,76.93391567321773,142,77.72265673473464,6,1,210,5
1263,78.4961410764007,76.91720637244869,143,77.70667372442469,6,1,210,5
1264,78.48100918298447,76.90112453711485,143,77.69106686004966,6,1,210,5
1265,78.46600571519512,76.88567694134173,143,77.67584132826843,6,1,210,5
1266,78.45113086115047,76.87086858105381,144,77.66099972110214,6,1,210,5
1267,78.43638085171969,76.85670135440756,144,77.64654110306363,6,1,210,5
1268,78.42174799761015,76.84317361012481,144,77.63246080386747,6,1,210,5
1269,78.40722091961565,76.83028075877185,144,77.61875083919375,6,1,210,5
1270,78.39278458199341,76.81801636176827,144,77.60540047188084,6,1,210,5
1271,78.37841973900399,76.80637233264261,144,77.5923960358233,6,1,210,5
1272,78.36410218499647,76.79533805556211,144,77.57972012027929,6,1,210,5
1273,78.34980297877459,76.78489939667256,144,77.56735118772357,6,1,210,5
1274,78.33548983769893,76.7750382911867,144,77.55526406444281,6,1,210,5
1275,78.32112892169452,76.7657332965739,144,77.54343110913422,6,1,210,5
1276,78.30668651996695,76.75696091705665,144,77.53182371851179,6,1,210,5
1277,78.29213044584094,76.74869691946678,144,77.52041368265387,6,1,210,5
1278,78.27743104269294,76.74091715312392,144,77.50917409790843,6,1,210,5
1279,78.2625618014875,76.73359767899153,144,77.49807974023952,6,1,210,5
1280,78.24749998053305,76.72671450110155,144,77.4871072408173,6,1,210,5
1281,78.23222800816782,76.72024368096909,144,77.47623584456846,6,1,210,5
1282,78.21673547364031,76.7141620304499,144,77.4654487520451,6,1,210,5
1283,78.20102053598396,76.70844799322099,144,77.45473426460248,6,1,210,5
1284,78.18509045842225,76.70308232508108,143,77.44408639175167,6,1,210,5
1285,78.16896185355898,76.69804818327394,143,77.43350501841647,6,1,210,5
1286,78.15266073677373,76.69333072267712,143,77.42299572972541,6,1,210,5
1287,78.13622199740512,76.68891678433724,143,77.41256939087117,6,1,210,5
1288,78.11968838486322,76.68479496919326,143,77.40224167702824,6,1,210,5
1289,78.1031095943789,76.68095609719238,143,77.39203284578565,6,1,210,5
1290,78.08654125665873,76.6773938569014,143,77.38196755678007,6,1,210,5
1291,78.07004285528976,76.67410525560857,143,77.37207405544916,6,1,210,5
1292,78.05367466857082,76.6710906749391,143,77.36238267175496,6,1,210,5
1293,78.03749490531037,76.66835353203079,143,77.35292421867058,6,1,210,5
1294,78.0215575213664,76.66589964379472,143,77.34372858258055,6,1,210,5
1295,78.00591052098035,76.66373648926933,142,77.33482350512483,6,1,210,5
1296,77.99059493714788,76.66187256506218,142,77.32623375110504,6,1,210,5
1297,77.9756450754853,76.66031702886876,142,77.31798105217703,6,1,210,5
1298,77.96108963079868,76.65907953341018,142,77.31008458210442,6,1,210,5
1299,77.94695231031014,76.65816986049045,142,77.3025610854003,6,1,210,5
1300,77.93325167048147,76.65759725748168,142,77.29542446398158,6,1,210,5
1301,77.92000094735268,76.65736967116192,143,77.28868530925729,6,1,210,5
1302,77.90720797764297,76.65749297630259,142,77.28235047697278,6,1,210,5
1303,77.89487462519355,76.65797019888801,142,77.27642241204077,6,1,210,5
1304,77.88299590770589,76.65880083141676,143,77.27089836956132,6,1,210,5
1305,77.87155979911122,76.6599804353149,143,77.26577011721307,6,1,210,5
1306,77.86054770765067,76.66150072554366,143,77.26102421659716,6,1,210,5
1307,77.84993465449186,76.66335033254158,142,77.25664249351672,6,1,210,5
1308,77.83968915317082,76.66551585148157,142,77.2526025023262,6,1,210,5
1309,77.8297737656078,76.66798220365384,142,77.24887798463081,6,1,210,5
1310,77.82014692040644,76.67073221264525,142,77.24543956652585,6,1,210,5
1311,77.8107661890931,76.67374617584036,141,77.24225618246673,6,1,210,5
1312,77.8015923381684,76.67700182165859,141,77.2392970799135,6,1,210,5
1313,77.79259259701415,76.6804746528354,141,77.23653362492477,6,1,210,5
1314,77.7837421668618,76.68413857855666,141,77.23394037270923,6,1,210,5
1315,77.77502358114917,76.6879666407517,141,77.23149511095043,6,1,210,5
1316,77.76642450287967,76.69193144480366,141,77.22917797384167,6,1,210,5
1317,77.75793551989142,76.69600470987943,141,77.22697011488543,6,1,210,5
1318,77.74954862100401,76.70015613438179,141,77.2248523776929,6,1,210,5
1319,77.74125615810033,76.70435255233217,141,77.22280435521625,6,1,210,5
1320,77.73304980659768,76.70855796638574,142,77.22080388649171,6,1,210,5
1321,77.72491874417862,76.71273465308252,142,77.21882669863058,6,1,210,5
1322,77.71684753561254,76.71684495073718,142,77.21684624317487,6,1,210,5
1323,77.70881547948277,76.72085275515438,143,77.21483411731857,6,1,210,5
1324,77.70079790474415,76.72472433359502,143,77.21276111916958,6,1,210,5
1325,77.69276863715277,76.72842865263699,143,77.21059864489487,6,1,210,5
1326,77.68470285563937,76.73193751306923,143,77.2083201843543,6,1,210,5
1327,77.6765795586967,76.7352258824455,142,77.2059027205711,6,1,210,5
1328,77.66838334853382,76.73827252327122,143,77.20332793590252,6,1,210,5
1329,77.66010572839785,76.74106072213743,143,77.20058322526765,6,1,210,5
1330,77.65174591330076,76.74357872998445,143,77.19766232164261,6,1,210,5
1331,77.64331095920569,76.74581932853782,143,77.19456514387176,6,1,210,5
1332,77.63481511314846,76.74777852309579,143,77.19129681812213,6,1,210,5
1333,77.62627838418918,76.74945394699097,143,77.18786616559007,6,1,210,5
1334,77.61772492019733,76.75084346548788,143,77.1842841928426,6,1,210,5
1335,77.60918236060097,76.75194436933664,143,77.1805633649688,6,1,210,5
1336,77.60068216472766,76.75275335310945,144,77.17671775891856,6,1,210,5
1337,77.59225974487393,76.75326727836189,144,77.17276351161792,6,1,210,5
1338,77.58395372085302,76.75348423397091,144,77.16871897741197,6,1,210,5
1339,77.57580410038761,76.75340391830251,144,77.16460400934506,6,1,210,5
1340,77.56784987244562,76.753027148149215,144,77.16043851029741,6,1,210,5
1341,77.56012718337267,76.75235507966092,143,77.1562411315168,6,1,210,5
1342,77.55266848537808,76.7513886289636,144,77.15202855717084,6,1,210,5
1343,77.54550226665836,76.7501284826405,143,77.14781537464944,6,1,210,5
1344,77.53865307003936,76.74857569806127,143,77.14361438405032,6,1,210,5
1345,77.5321416046205,76.74673250335564,143,77.13943705398808,6,1,210,5
1346,77.52598455988667,76.74460280930785,143,77.13529368459726,6,1,210,5
1347,77.52019353673626,76.74219184791798,143,77.13119269232712,6,1,210,5
1348,77.51477358285972,76.73950523020167,143,77.12713940653069,6,1,210,5
1349,77.50972289290173,76.73654859362864,143,77.12313574326518,6,1,210,5
1350,77.50503396595279,76.73332813172215,143,77.11918104883748,6,1,210,5
1351,77.50069524503121,76.72985142046801,142,77.11527333274961,6,1,210,5
1352,77.49669255589463,76.72612795619303,142,77.11141025604383,6,1,210,5
1353,77.49300995517665,76.72216881957529,142,77.10758938737597,6,1,210,5
1354,77.48962969544135,76.7179854656558,143,77.10380758054858,6,1,210,5
1355,77.48653111233283,76.71358822493265,143,77.10005966863274,6,1,210,5
1356,77.48368921441441,76.70898510059273,143,77.09633715750357,6,1,210,5
1357,77.48107473171996,76.70418144692927,143,77.09262808932462,6,1,210,5
1358,77.47865572094298,76.69918052881528,143,77.08891812487913,6,1,210,5
1359,77.47639916709015,76.69398437693013,143,77.08519177201015,6,1,210,5
1360,77.47427199685535,76.68859445100284,143,77.0814332239291,6,1,210,5
1361,77.47224189437996,76.68301172089157,143,77.07762680763577,6,1,210,5
1362,77.47027801745217,76.67723636054784,143,77.073757189,6,1,210,5
1363,77.46835141957261,76.67126783513909,143,77.06980962735585,6,1,210,5
1364,77.4664352759,76.66510567394106,143,77.06577047492053,6,1,210,5
1365,77.46450530367014,76.65875073394548,143,77.06162801880781,6,1,210,5
1366,77.46254018243192,76.65220646649422,143,77.05737332446307,6,1,210,5
1367,77.4605211941895,76.64547940660029,142,77.0530003003949,6,1,210,5
1368,77.45843098625046,76.63857868981174,142,77.0485048380311,6,1,210,5
1369,77.45625204229665,76.63151498666308,143,77.04388351447986,6,1,210,5
1370,77.45396505702433,76.62429934227431,143,77.03913219964932,6,1,210,5
1371,77.45154701955356,76.61694250618443,142,77.034244762869,6,1,210,5
1372,77.44896949360904,76.60945484979557,143,77.02921217170231,6,1,210,5
1373,77.44619826530497,76.60184648110267,143,77.02402237320382,6,1,210,5
1374,77.44319416391572,76.5941272639309,142,77.01866071392331,6,1,210,5
1375,77.43991349557248,76.58630654645137,142,77.01311002101193,6,1,210,5
1376,77.43630789542185,76.57839259882344,143,77.00735024712264,6,1,210,5
1377,77.43232476937428,76.57039195489361,143,77.00135836213394,6,1,210,5
1378,77.42790891140831,76.56230895043444,143,76.99510893092138,6,1,210,5
1379,77.42300529722402,76.55414584796853,143,76.98857557259628,6,1,210,5
1380,77.41756227478405,76.54590345057305,143,76.98173286267854,6,1,210,5
1381,77.41153359198815,76.53758161940975,143,76.97455760569895,6,1,210,5
1382,77.40487896966415,76.52917949989246,143,76.96702923477831,6,1,210,5
1383,77.3975641959658,76.52069565156401,143,76.9591299237649,6,1,210,5
1384,77.38956142556302,76.51212827676639,142,76.9508448511647,6,1,210,5
1385,77.38085007429981,76.50347574319677,142,76.94216290874829,6,1,210,5
1386,77.3714180171398,76.49473740037297,142,76.93307770875639,6,1,210,5
1387,77.36126211435295,76.48591449495622,141,76.92358830465459,6,1,210,5
1388,77.35038748090693,76.47701059971907,141,76.91369904031299,6,1,210,5
1389,77.33880530403064,76.46803058077782,141,76.90341794240423,6,1,210,5
1390,77.32653008671728,76.4589782981059,141,76.89275419241159,6,1,210,5
1391,77.31357826775958,76.44985440475644,141,76.88171633625801,6,1,210,5
1392,77.29996841318071,76.44065502504505,141,76.87031171911288,6,1,210,5
1393,77.28572141821506,76.43137150679426,141,76.85854646250466,6,1,210,5
1394,77.27086013432535,76.42199095510206,141,76.8464255447137,6,1,210,5
1395,77.25540881107598,76.412496767464,141,76.83395278927,6,1,210,5
1396,77.23939254757461,76.40286878029536,141,76.82113066393498,6,1,210,5
1397,77.22283675309292,76.39308302711116,141,76.80795989010204,6,1,210,5
1398,77.20576671402237,76.3831116939031,141,76.79443920396274,6,1,210,5
1399,77.18820746187306,76.37292444253225,141,76.78056595220266,6,1,210,5
1400,77.17018374685803,76.36249090748197,141,76.76633732716999,6,1,210,5
1401,77.15171953144275,76.35178280582274,141,76.75175116863275,6,1,210,5
1402,77.13283710100607,76.34077507562371,141,76.73680608831489,6,1,210,5
1403,77.1135565715317,76.32944643340183,141,76.72150150246677,6,1,210,5
1404,77.09389579398668,76.31777944853836,142,76.70583762126252,6,1,210,5
1405,77.07386987478684,76.30575993992282,142,76.68981490735483,6,1,210,5
1406,77.05349040961069,76.29337598770864,142,76.67343319865967,6,1,210,5
1407,77.03276540568936,76.28061734069566,142,76.6566913731925,6,1,210,5
1408,77.01170018500036,76.26747551213792,142,76.63958784856914,6,1,210,5
1409,76.99029887808939,76.25394436906417,142,76.62212162357679,6,1,210,5
1410,76.96856602074675,76.24002082509566,142,76.6042934229212,6,1,210,5
1411,76.94650766824653,76.22570505163675,142,76.58610635994164,6,1,210,5
1412,76.92413183199739,76.21100001240599,142,76.56756592220168,6,1,210,5
1413,76.90144843357876,76.1959105163649,142,76.54867947497183,6,1,210,5
1414,76.87846916618099,76.18044217915673,142,76.52945567266886,6,1,210,5
1415,76.8552078485104,76.16460087823262,142,76.5099043633715,6,1,210,5
1416,76.83168107590262,76.148392799125,142,76.49003693751382,6,1,210,5
1417,76.80790819306523,76.13182468261819,142,76.46986643784172,6,1,210,5
1418,76.78391068572678,76.11490398010271,142,76.44940733291475,6,1,210,5
1419,76.75971216132473,76.09763872193547,142,76.4286754416301,6,1,210,5
1420,76.7353392110046,76.08003719622609,142,76.40768820361535,6,1,210,5
1421,76.71082256734036,76.06210782807008,142,76.38646519770522,6,1,210,5
1422,76.68619806967281,76.04385945417201,142,76.36502876192242,6,1,210,5
1423,76.66150704643599,76.0253019927248,141,76.34340451958039,6,1,210,5
1424,76.63679601637305,76.00644741087407,141,76.32162171362356,6,1,210,5
1425,76.61211590307096,75.98731079454802,141,76.29971334880949,6,1,210,5
1426,76.58752124977292,75.96791122783576,141,76.27771623880435,6,1,210,5
1427,76.56307021396668,75.94827209148383,141,76.25567115272526,6,1,210,5
1428,76.53882495074654,75.92842097528977,141,76.23362296301815,6,1,210,5
1429,76.51485082345103,75.9083899843745,141,76.21162040391276,6,1,210,5
1430,76.49121434308383,75.88821663397984,141,76.18971548853183,6,1,210,5
1431,76.46798120104509,75.8679449420949,141,76.16796307157,6,1,210,5
1432,76.44521497936543,75.84762632915951,141,76.14642065426247,6,1,210,5
1433,76.42297634232592,75.8273199340224,141,76.12514813817415,6,1,210,5
1434,76.40132261094266,75.80709234534903,141,76.10420747814584,6,1,210,5
1435,76.3803077194018,75.78701713768679,141,76.0836624285443,6,1,210,5
1436,76.35998225995137,75.76717421115913,141,76.06357823555524,6,1,210,5
1437,76.34039303017774,75.74764854353265,141,76.04402078685519,6,1,210,5
1438,76.32158227694498,75.72852825588345,141,76.02505526641421,6,1,210,5
1439,76.30358761163095,75.7099021855942,142,76.00674489861257,6,1,210,5
1440,76.28644279107274,75.69185696531781,142,75.98914987819528,6,1,210,5
1441,76.270178778414,75.67447341148745,142,75.97232609495073,6,1,210,5
1442,76.25482469317537,75.65782270873568,142,75.95632370095552,6,1,210,5
1443,76.24040845498621,75.64196355942073,141,75.94118600720347,6,1,210,5
1444,76.22695702298209,75.62694068732227,141,75.92694885515218,6,1,210,5
1445,76.21449623043054,75.6127843044735,142,75.91364026745202,6,1,210,5
1446,76.20305060431626,75.59951044290763,142,75.90128052361194,6,1,210,5
1447,76.19264394978552,75.5871223459164,142,75.88988314785095,6,1,210,5
1448,76.18330021136823,75.5756124308653,142,75.87945632111678,6,1,210,5
1449,76.17504285491066,75.56496365304044,142,75.87000325397554,6,1,210,5
1450,76.16789276984952,75.55515036817039,142,75.86152156900995,6,1,210,5
1451,76.16186644716726,75.54614005941355,142,75.8540032532904,6,1,210,5
1452,76.15697511548171,75.537896124269,142,75.84743561987536,6,1,210,5
1453,76.15322444486199,75.53038074650912,141,75.84180259568555,6,1,210,5
1454,76.15061442803902,75.52355717092442,141,75.83708579948171,6,1,210,5
1455,76.1491390487655,75.51739099132467,141,75.83326502004509,6,1,210,5
1456,76.14878563979946,75.51185054990347,141,75.83031809485146,6,1,210,5
1457,76.14953412571145,75.50690703371431,141,75.82822057971288,6,1,210,5
1458,76.15135654087759,75.50253485397428,141,75.82694569742594,6,1,210,5
1459,76.15421740818984,75.49871289387154,141,75.82646515103069,6,1,210,5
1460,76.15807497890242,75.49542604003643,141,75.82675050946943,6,1,210,5
1461,76.16288274891372,75.49266524230491,141,75.8277739956093,6,1,210,5
1462,76.1685907644367,75.49042580940186,141,75.82950828691928,6,1,210,5
1463,76.17514632764528,75.48870511117353,141,75.83192571940941,6,1,210,5
1464,76.18249410307806,75.48750066283303,141,75.83499738295555,6,1,210,5
1465,76.19057601576412,75.48680937154633,140,75.83869269365522,6,1,210,5
1466,76.19933133207877,75.4866278478605,140,75.84297958996964,6,1,210,5
1467,76.20869731437772,75.4869528066616,140,75.84782506051965,6,1,210,5
1468,76.21861054789606,75.48778077741832,140,75.85319566265719,6,1,210,5
1469,76.22900874582376,75.48910653853508,140,75.85905764217942,6,1,210,5
1470,76.23983244831106,75.49092066603168,140,75.86537655717137,6,1,210,5
1471,76.25102564097477,75.49320756218113,140,75.87211660157794,6,1,210,5
1472,76.26253529382093,75.49594445195467,140,75.87923987288781,6,1,210,5
1473,76.27431079683485,75.499100957367,140,75.88670587710092,6,1,210,5
1474,76.28630368322092,75.50263895746573,140,75.89447132034333,6,1,210,5
1475,76.29846744601267,75.50651253936844,141,75.90248999269056,6,1,210,5
1476,76.3107572537393,75.51066755325644,141,75.91071240349787,6,1,210,5
1477,76.32312937080496,75.51503999174363,141,75.9190846812743,6,1,210,5
1478,76.33554028327762,75.51955407231536,142,75.9275471777965,6,1,210,5
1479,76.3479457258335,75.52412255982688,142,75.93603414283018,6,1,210,5
1480,76.36030009823779,75.52864972039208,143,75.94447490931493,6,1,210,5
1481,76.37255705238793,75.5330351523267,143,75.95279610235733,6,1,210,5
1482,76.38467086048351,75.53717742270113,143,75.96092414159233,6,1,210,5
1483,76.3965970044176,75.5409771208984,143,75.96878706265801,6,1,210,5
1484,76.4082916944766,75.54433903812135,143,75.97631536629898,6,1,210,5
1485,76.41971129341955,75.54717327929706,143,75.9834422863583,6,1,210,5
1486,76.4308120367759,75.5493956989988,143,75.99010386788734,6,1,210,5
1487,76.44154985497319,75.550928638158,143,75.9962392465656,6,1,210,5
1488,76.45188010290718,75.55170196288107,143,76.00179103289412,6,1,210,5
1489,76.461757002573,75.55165343121689,143,76.00670521689494,6,1,210,5
1490,76.47113270191497,75.55072809635917,143,76.01093039913707,6,1,210,5
1491,76.47995595060195,75.54887713740284,144,76.01441654400239,6,1,210,5
1492,76.48817078363604,75.54605660620037,144,76.01711369491821,6,1,210,5
1493,76.49571599392097,75.54222667630414,145,76.01897133511255,6,1,210,5
1494,76.50252549221833,75.5373514922228,145,76.01993849222056,6,1,210,5
1495,76.5085289702291,75.53139922947072,145,76.01996409984991,6,1,210,5
1496,76.5136524776689,75.52434236596997,145,76.01899742181944,6,1,210,5
1497,76.5178187193278,75.51615855544227,146,76.01698863738504,6,1,210,5
1498,76.52094717079532,75.50683200567815,146,76.01388958823674,6,1,210,5
1499,76.52295440421366,75.49635477680597,146,76.00965459050983,6,1,210,5
1500,76.52375462532108,75.4847278047261,146,76.0042412150236,6,1,245,6
1501,76.52326003293972,75.47196184489728,146,75.9976109389185,6,1,245,6
1502,76.52138129485904,75.45807843399676,146,75.9897298644279,6,1,245,6
1503,76.51802911685404,75.44311086929369,146,75.98056999307386,6,1,245,6
1504,76.51311651606234,75.42710510784853,146,75.97011081195544,6,1,245,6
1505,76.50656004440663,75.41012038991086,146,75.95834021715874,6,1,245,6
1506,76.49827957326703,75.39222909809924,146,75.94525433568313,6,1,245,6
1507,76.48819761611017,75.37351507115349,146,75.93085634363183,6,1,245,6
1508,76.4762389706396,75.35407056622188,146,75.91515476843074,6,1,245,6
1509,76.4623312668942,75.33399303884312,146,75.89816215286865,6,1,245,6
1510,76.44640642244934,75.31338222689519,146,75.87989432467226,6,1,245,6
1511,76.42840242059388,75.29233734194082,146,75.86036988126736,6,1,245,6
1512,76.40826453469481,75.27095417136395,146,75.83960935302937,6,1,245,6
1513,76.38594482927789,75.24932189469946,146,75.81763336198867,6,1,245,6
1514,76.3614005239196,75.227519807758,146,75.7944601658388,6,1,245,6
1515,76.334593561615,75.20561453839449,146,75.77010405000473,6,1,245,6
1516,76.305491772436,75.18365853300588,145,75.74457515272094,6,1,245,6
1517,76.27407007244724,75.16169078811814,145,75.71788043028269,6,1,245,6
1518,76.24031111314238,75.13973924101569,145,75.69002517707904,6,1,245,6
1519,76.20420577194552,75.11782267295415,145,75.66101422244984,6,1,245,6
1520,76.16575367912355,75.09595124666778,145,75.63085246289566,6,1,245,6
1521,76.12496378124787,75.07412606803311,146,75.5995449246405,6,1,245,6
1522,76.08185464859176,75.05233874710599,146,75.56709669784888,6,1,245,6
1523,76.03645394109189,75.03057251910636,146,75.53351323009912,6,1,245,6
1524,75.98879693505235,75.00880502300102,146,75.49880097902668,6,1,245,6
1525,75.93892450032914,74.98701137239352,146,75.46296793636134,6,1,245,6
1526,75.886881307762,74.96516615353,146,75.426023730646,6,1,245,6
1527,75.83271543667387,74.94324298529217,146,75.38797921098302,6,1,245,6
1528,75.7764791866727,74.92121212927171,146,75.3488456579722,6,1,245,6
1529,75.71822953241096,74.89903849124543,146,75.30863401182819,6,1,245,6
1530,75.65802783033237,74.87668157511872,147,75.26735470272556,6,1,245,6
1531,75.59593955680577,74.85409817017175,147,75.22501886348877,6,1,245,6
1532,75.53203475944083,74.83124679685388,147,75.18164077814735,6,1,245,6
1533,75.46638980577558,74.8080911807485,148,75.13724049326204,6,1,245,6
1534,75.39909023316443,74.78460148734095,148,75.09184586025269,6,1,245,6
1535,75.33023372330965,74.76075351318721,148,75.04549361824843,6,1,245,6
1536,75.25993232224091,74.73652719947219,149,74.99822976085656,6,1,245,6
1537,75.18831312387027,74.71190700433692,149,74.9501100641036,6,1,245,6
1538,75.11551770797583,74.68688462197142,149,74.90120116497363,6,1,245,6
1539,75.04170169618116,74.66146248807709,149,74.85158209212912,6,1,245,6
1540,74.9670345212678,74.63565641366971,149,74.80134546746876,6,1,245,6
1541,74.8916982369342,74.60949559152004,149,74.75059691422712,6,1,245,6
1542,74.81588507275177,74.58301977992113,149,74.69945242633645,6,1,245,6
1543,74.73979431672542,74.55627502886475,149,74.64803467279509,6,1,245,6
1544,74.66362891263387,74.52930941109183,149,74.59646916186284,6,1,245,6
1545,74.58759196413763,74.50217031791954,149,74.54488114102858,6,1,245,6
1546,74.51188353265815,74.47490351418728,149,74.49339352342271,6,1,245,6
1547,74.43669831109831,74.44755278114495,148,74.44212554612163,6,1,245,6
1548,74.36222426784349,74.42015917119897,148,74.39119171952123,6,1,245,6
1549,74.28864186788697,74.39275909353758,148,74.34070048071227,6,1,245,6
1550,74.21612367307354,74.3653819127674,149,74.29075279292047,6,1,245,6
1551,74.14483431861804,74.33804920582956,149,74.2414417622238,6,1,245,6
1552,74.07493086320615,74.31077635950842,149,74.1928536113573,6,1,245,6
1553,74.00656351013531,74.28357572789717,149,74.14506961901624,6,1,245,6
1554,73.9398764044387,74.25646017911112,149,74.09816829177491,6,1,245,6
1555,73.87500791841283,74.22944547042525,149,74.05222669441903,6,1,245,6
1556,73.81209022820998,74.20255096393052,149,74.00732059607026,6,1,245,6
1557,73.75124837439644,74.17579926768707,150,73.96352382104175,6,1,245,6
1558,73.692598999500035,74.14921548483278,150,73.92090724216641,6,1,245,6
1559,73.63624895570678,74.12282685058712,150,73.87953790314694,6,1,245,6
1560,73.58229417104796,74.0966626592178,150,73.83947841513287,6,1,245,6
1561,73.53081935761887,74.0707535051729,150,73.80078643139589,6,1,245,6
1562,73.48189817017628,74.04512954531975,150,73.76351385774802,6,1,245,6
1563,73.43559244827534,74.019818171985,150,73.72770531013018,6,1,245,6
1564,73.39195054080967,73.99484187664437,150,73.69339620872702,6,1,245,6
1565,73.35100607753373,73.97021747429633,150,73.66061177591503,6,1,245,6
1566,73.31277757697328,73.94595659063832,150,73.62936708380579,6,1,245,6
1567,73.2772683049724,73.9220660462638,150,73.5996671756181,6,1,245,6
1568,73.2444661885101,73.89854774754443,150,73.57150696802726,6,1,245,6
1569,73.21434397980781,73.87539866930712,150,73.54487132455746,6,1,245,6
1570,73.18685947583585,73.85261141696247,150,73.51973544639915,6,1,245,6
1571,73.16195520841278,73.83017575828563,150,73.49606548334921,6,1,245,6
1572,73.1395578981808,73.80808063726666,150,73.47381926772373,6,1,245,6
1573,73.11957884383267,73.78631530464308,150,73.45294707423787,6,1,245,6
1574,73.1019153452667,73.76486927265641,150,73.43339230896156,6,1,245,6
1575,73.08645218663997,73.74373187448671,150,73.41509203056334,6,1,245,6
1576,73.07306298582473,73.72289201376994,150,73.39797749979734,6,1,245,6
1577,73.06161199728494,73.70233849455401,150,73.38197524591948,6,1,245,6
1578,73.0519562728105,73.6820606392496,151,73.36700845603005,6,1,245,6
1579,73.04394740193912,73.66204821932769,151,73.35299781063341,6,1,245,6
1580,73.03743312689049,73.64229050385231,151,73.33986181537139,6,1,245,6
1581,73.03226019980264,73.6227750112747,151,73.32751760553867,6,1,245,6
1582,73.02827828953777,73.60348664743191,151,73.31588246848483,6,1,245,6
1583,73.02534318475949,73.58440801022265,151,73.30487559749108,6,1,245,6
1584,73.0233190030023,73.56552066611476,151,73.29441983455854,6,1,245,6
1585,73.02208057842606,73.5468062283161,151,73.28444340337109,6,1,245,6
1586,73.02151583528604,73.52824684674484,151,73.27488134101543,6,1,245,6
1587,73.02152658845051,73.50982550022572,151,73.26567604433811,6,1,245,6
1588,73.02202757762215,73.49152628625994,151,73.25677693194105,6,1,245,6
1589,73.02294490723281,73.47333461109636,150,73.24813975916459,6,1,245,6
1590,73.0242141859693,73.45523708527914,150,73.23972563562421,6,1,245,6
1591,73.02577778189789,73.43722122243592,150,73.23149950216691,6,1,245,6
1592,73.02758148683618,73.4192754291974,151,73.2234284580168,6,1,245,6
1593,73.02957176134231,73.40138957905008,151,73.2154806701962,6,1,245,6
1594,73.03169375625315,73.38355587769158,151,73.20762481697236,6,1,245,6
1595,73.0338893313062,73.36576953236073,151,73.19982943183346,6,1,245,6
1596,73.03609546186738,73.34802912772291,151,73.19206229479514,6,1,245,6
1597,73.03824459530195,73.3303369034542,151,73.18429074937808,6,1,245,6
1598,73.04026695797687,73.3126992261591,151,73.17648309206798,6,1,245,6
1599,73.04209325332802,73.29512764574146,151,73.16861044953474,6,1,245,6
1600,73.04365677667982,73.27764024349833,152,73.16064851008908,6,1,245,6
1601,73.0448945577241,73.26026229634368,152,73.15257842703389,6,1,245,6
1602,73.04574801936927,73.2430259642669,152,73.1443869918181,6,1,245,6
1603,73.04616451945346,73.22596939082209,152,73.13606695513778,6,1,245,6
1604,73.04609997131051,73.20913570384714,152,73.12761783757882,6,1,245,6
1605,73.04552156864636,73.1925725010251,152,73.11904703483573,6,1,245,6
1606,73.04440973756323,73.17633162453222,151,73.11037068104773,6,1,245,6
1607,73.04275853591182,73.16046824865883,151,73.10161339228532,6,1,245,6
1608,73.04057479287408,73.14503918207258,151,73.09280698747332,6,1,245,6
1609,73.0378773543921,73.13010116419258,151,73.08398925929234,6,1,245,6
1610,73.03469672694973,73.11570964248763,151,73.07520318471867,6,1,245,6
1611,73.0310743391146,73.10191822487938,151,73.06649628199699,6,1,245,6
1612,73.02706083515483,73.0887783186953,151,73.05791957692506,6,1,245,6
1613,73.02271300996945,73.07633778489333,151,73.04952539743138,6,1,245,6
1614,73.01809006733134,73.06463870430947,151,73.0413643858204,6,1,245,6
1615,73.01325095624489,73.05371562073024,150,73.03348328848756,6,1,245,6
1616,73.00825327219431,73.04359474783291,150,73.02592401001361,6,1,245,6
1617,73.00315294207009,73.03429374930315,150,73.01872334568662,6,1,245,6
1618,72.99800381403979,73.02582170157152,150,73.01191275780565,6,1,245,6
1619,72.99285617612077,73.01817884875051,150,73.00551751243563,6,1,245,6
1620,72.98775459277674,73.01135614963235,150,72.99955537120454,6,1,245,6
1621,72.98273681444442,73.00533500689038,150,72.9940359106674,6,1,245,6
1622,72.97783405191831,73.00008747123478,150,72.98896076157655,6,1,245,6
1623,72.97307144455762,72.99557711588291,149,72.98432428022026,6,1,245,6
1624,72.968467941530875,72.99176028916612,149,72.9801141153485,6,1,245,6
1625,72.96403520556349,72.98858696554522,149,72.97631108555436,6,1,245,6
1626,72.95977553889362,72.98600090310191,149,72.97288822099776,6,1,245,6
1627,72.95567922139907,72.98393930335722,150,72.96980926237813,6,1,245,6
1628,72.95172223624529,72.98233236444051,150,72.96702730034289,6,1,245,6
1629,72.94786594382678,72.98110331380737,150,72.96448462881708,6,1,245,6
1630,72.9440588994657,72.98016911667457,150,72.96211400807013,6,1,245,6
1631,72.94023964502682,72.97944166630803,150,72.95984065566742,6,1,245,6
1632,72.93633969493601,72.97882926237102,150,72.95758447865352,6,1,245,6
1633,72.9322863273799,72.97823818359495,150,72.95526225548743,6,1,245,6
1634,72.92800508418304,72.97757416111249,150,72.95278962264777,6,1,245,6
1635,72.9234221755348,72.97674355884702,150,72.9500828671909,6,1,245,6
1636,72.91846679071644,72.97565416489256,151,72.9470604778045,6,1,245,6
1637,72.91307312092042,72.97421569287465,151,72.94364440689753,6,1,245,6
1638,72.9071819001791,72.97234038487818,151,72.93976114252864,6,1,245,6
1639,72.90074127031693,72.96994400996873,151,72.93534264014284,6,1,245,6
1640,72.89370697083646,72.96694686951854,151,72.93032692017749,6,1,245,6
1641,72.88604204963279,72.96327432293496,151,72.92465818628388,6,1,245,6
1642,72.87771638784412,72.95885683501614,151,72.91828661143012,6,1,245,6
1643,72.868706429562,72.95362964363422,151,72.9111680365981,6,1,245,6
1644,72.85899550701681,72.94753234146366,151,72.90326392424024,6,1,245,6
1645,72.8485751517466,72.94050895802792,151,72.89454205488727,6,1,245,6
1646,72.8374470993918,72.93250883561424,152,72.88497796750302,6,1,245,6
1647,72.82562501287431,72.92348829987819,151,72.87455665637626,6,1,245,6
1648,72.81313514363401,72.91341254068608,152,72.86327384216005,6,1,245,6
1649,72.80001534548926,72.90225653344733,152,72.85113593946829,6,1,245,6
1650,72.78631253824803,72.89000480640836,152,72.83815867232819,6,1,245,6
1651,72.77207940077011,72.87665083458718,152,72.82436511767864,6,1,245,6
1652,72.75737107306047,72.86219645073794,151,72.80978376189921,6,1,245,6
1653,72.74224264689877,72.84665127345174,151,72.79444696017526,6,1,245,6
1654,72.72674734663566,72.83003224990566,151,72.77838979827067,6,1,245,6
1655,72.71093442395232,72.81236350818475,151,72.76164896606853,6,1,245,6
1656,72.69484686331225,72.79367622629907,151,72.74426154480565,6,1,245,6
1657,72.67852006779907,72.77400773721874,151,72.7262639025089,6,1,245,6
1658,72.66198201236651,72.75339986945498,151,72.70769094091074,6,1,245,6
1659,72.64525466887491,72.73189730293363,151,72.68857598590427,6,1,245,6
1660,72.62835631231624,72.7095465247434,151,72.66895141852982,6,1,245,6
1661,72.61130412263674,72.68639577419835,151,72.64884994841753,6,1,245,6
1662,72.59411669169364,72.66249578141017,152,72.62830623655191,6,1,245,6
1663,72.57681623997202,72.63790051832545,152,72.60735837914874,6,1,245,6
1664,72.55943044521817,72.61266747374373,152,72.58604895948095,6,1,245,6
1665,72.54199388264362,72.5868572563856,152,72.56442556951461,6,1,245,6
1666,72.52454888119232,72.56053272019572,152,72.54254080069401,6,1,245,6
1667,72.50714540518155,72.53375819618635,152,72.52045180068396,6,1,245,6
1668,72.48984044833595,72.50659941507612,152,72.49821993170605,6,1,245,6
1669,72.4726983049408,72.47912470493573,152,72.47591150493827,6,1,245,6
1670,72.45579161968743,72.45140678003233,152,72.45359919985988,6,1,245,6
1671,72.43920165462606,72.42352316903155,152,72.43136241182881,6,1,245,6
1672,72.42301718686822,72.39555498881172,153,72.40928608783997,6,1,245,6
1673,72.40733242590724,72.36758542823567,153,72.38745892707146,6,1,245,6
1674,72.3922445344103,72.33969872092759,152,72.36597162766894,6,1,245,6
1675,72.3778515313469,72.31197980082128,152,72.34491566608409,6,1,245,6
1676,72.3642510636407,72.28451444408913,153,72.32438275386491,6,1,245,6
1677,72.35154023988096,72.2573893109101,153,72.30446477539553,6,1,245,6
1678,72.33981584180599,72.2306914955873,152,72.28525366869664,6,1,245,6
1679,72.32917335145308,72.20450738857956,152,72.26684037001633,6,1,245,6
1680,72.3197048900159,72.17892114171187,153,72.24931301586389,6,1,245,6
1681,72.31149782260933,72.15401351554434,153,72.23275566907682,6,1,245,6
1682,72.30463451520154,72.12986130267468,153,72.2172479089381,6,1,245,6
1683,72.2991924620506,72.10653693556014,153,72.20286469880537,6,1,245,6
1684,72.29524419713664,72.08410798504117,153,72.1896760910889,6,1,245,6
1685,72.29285659823803,72.06263635335412,153,72.17774647579608,6,1,245,6
1686,72.29208958251716,72.04217725812774,153,72.16713342032244,6,1,245,6
1687,72.29299458271115,72.02277839657837,153,72.15788648964477,6,1,245,6
1688,72.29561319315448,72.00447948412791,153,72.1500463386412,6,1,245,6
1689,72.29997637501491,71.9873121666887,154,72.14364427085181,6,1,245,6
1690,72.30610451272166,71.9713002084529,154,72.13870236058727,6,1,245,6
1691,72.31400851617421,71.95645975961979,155,72.135234137897,6,1,245,6
1692,72.32369138317493,71.94279950861595,155,72.13324544589544,6,1,245,6
1693,72.33514885637234,71.93032052348383,155,72.13273468992809,6,1,245,6
1694,72.34836888204065,71.91901587983999,155,72.13369238094032,6,1,245,6
1695,72.36333065105255,71.9088704655325,155,72.13610055829253,6,1,245,6
1696,72.38000380747826,71.89986115717889,155,72.13993248232858,6,1,245,6
1697,72.39834821532959,71.89195736881865,155,72.14515279207413,6,1,245,6
1698,72.41831418638856,71.88512168042996,156,72.15171793340926,6,1,245,6
1699,72.4398425844859,71.879309961568,155,72.15957627302694,6,1,245,6
1700,72.4628648069891,71.8744710882435,155,72.1686679476163,6,1,245,6
1701,72.48730322965262,71.87054703401921,155,72.17892513183591,6,1,245,6
1702,72.51307231098419,71.86747362872867,155,72.19027296985644,6,1,245,6
1703,72.54008016227284,71.86518179064517,155,72.202630976459,6,1,245,6
1704,72.56823019445117,71.8635990380288,155,72.21591461623998,6,1,245,6
1705,72.59742225796796,71.86265108606116,155,72.23003667201456,6,1,245,6
1706,72.6275531796268,71.86226323767129,155,72.24490820864904,6,1,245,6
1707,72.65851708810708,71.86236117922836,155,72.26043913366772,6,1,245,6
1708,72.69020572485445,71.8628712797893,154,72.27653850232187,6,1,245,6
1709,72.72250874199028,71.86372098028798,154,72.29311486113913,6,1,245,6
1710,72.75531379385572,71.8648397615063,154,72.31007677768102,6,1,245,6
1711,72.78850603376843,71.86616108211,154,72.32733355793921,6,1,245,6
1712,72.82196740790009,71.86762489768381,154,72.34479615279196,6,1,245,6
1713,72.85557691851673,71.86917959132543,154,72.36237825492108,6,1,245,6
1714,72.88921205348659,71.87078273149791,153,72.37999739249224,6,1,245,6
1715,72.9227506036162,71.87240065795497,153,72.39757563078558,6,1,245,6
1716,72.95607257710532,71.87400738409127,153,72.4150399805983,6,1,245,6
1717,72.98906240811404,71.87558379160944,153,72.43232309986175,6,1,245,6
1718,73.0216113637692,71.87711741052311,153,72.44936438714615,6,1,245,6
1719,73.0536197612367,71.87860239465283,153,72.46611107794476,6,1,245,6
1720,73.08499850883804,71.88003901005163,153,72.48251875944484,6,1,245,6
1721,73.11566938750987,71.88143166108244,153,72.49855052429615,6,1,245,6
1722,73.14556397646668,71.882785746766,153,72.51417486161634,6,1,245,6
1723,73.17462161448323,71.88410490794296,153,72.52936326121309,6,1,245,6
1724,73.20278727571777,71.88538934795285,153,72.54408831183531,6,1,245,6
1725,73.23001072652558,71.88663503172954,153,72.55832287912756,6,1,245,6
1726,73.2562469641209,71.8878337633235,153,72.57204036372221,6,1,245,6
1727,73.28145657236627,71.88897433698519,153,72.58521545467573,6,1,245,6
1728,73.30560580032456,71.89004437177007,153,72.59782508604732,6,1,245,6
1729,73.32866733956162,71.89103185443815,153,72.60984959699988,6,1,245,6
1730,73.350621898248,71.89192609821426,153,72.62127399823112,6,1,245,6
1731,73.37145979215778,71.89271850774729,153,72.63208914995253,6,1,245,6
1732,73.39118235778147,71.89340324797244,153,72.64229280287697,6,1,245,6
1733,73.40980357786589,71.89397762193359,153,72.65189059989973,6,1,245,6
1734,73.42735172427618,71.89444225518992,153,72.66089698973305,6,1,245,6
1735,73.44387023763255,71.89480147699062,153,72.66933585731158,6,1,245,6
1736,73.45941735557966,71.89506389820491,153,72.67724062689229,6,1,245,6
1737,73.47406429394212,71.89524260072042,153,72.68465344733127,6,1,245,6
1738,73.48789217495055,71.89535425542356,152,72.69162321518705,6,1,245,6
1739,73.50098828668027,71.89541716856439,152,72.69820272762233,6,1,245,6
1740,73.51344225768851,71.89544923161203,152,72.70444574465027,6,1,245,6
1741,73.52534273073208,71.89546655460212,152,72.7104046426671,6,1,245,6
1742,73.53677453420056,71.89548258764381,151,72.71612856092219,6,1,245,6
1743,73.54781576470369,71.89550734022824,151,72.72166155246596,6,1,245,6
1744,73.5585347795043,71.89554660060638,151,72.72704069005533,6,1,245,6
1745,73.56898768278676,71.89560115507109,151,72.73229441892892,6,1,245,6
1746,73.57921688993585,71.8956660070518,151,72.73744144849383,6,1,245,6
1747,73.58925135422145,71.89572959601576,151,72.7424904751186,6,1,245,6
1748,73.59910816261757,71.89577321133122,152,72.74744068697439,6,1,245,6
1749,73.60879432981747,71.89577099142117,152,72.75228266061933,6,1,245,6
1750,73.61830830247747,71.89569060603505,151,72.75699945425626,6,1,245,6
1751,73.62764136866976,71.89549442696534,151,72.76156789781754,6,1,245,6
1752,73.63677936270803,71.89514099264031,151,72.76596017767417,6,1,245,6
1753,73.64570525066858,71.89458657211163,151,72.7701459113901,6,1,245,6
1754,73.65440201157072,71.89378653645736,150,72.77409427401403,6,1,245,6
1755,73.66285405878533,71.8926961480986,150,72.77777510344197,6,1,245,6
1756,73.67104671425466,71.89127086624883,150,72.78115879025174,6,1,245,6
1757,73.67896451610187,71.8894667544212,150,72.78421563526155,6,1,245,6
1758,73.68658923770961,71.88724118576492,150,72.78691521173727,6,1,245,6
1759,73.69389859386753,71.88455365183925,150,72.78922612285339,6,1,245,6
1760,73.70086573181186,71.88136648041242,150,72.79111610611214,6,1,245,6
1761,73.70745872722209,71.87764526784032,150,72.7925519975312,6,1,245,6
1762,73.71363969544728,71.87335902660969,150,72.7934993610285,6,1,245,6
1763,73.7193635184522,71.86848024365301,151,72.7939218810526,6,1,245,6
1764,73.72457696838562,71.86298514253322,151,72.79378105545942,6,1,245,6
1765,73.72921978909964,71.85685454008356,151,72.7930371645916,6,1,245,6
1766,73.73322754137776,71.85007500524472,151,72.79165127331123,6,1,245,6
1767,73.73653426204405,71.84263934498684,152,72.78958680351545,6,1,245,6
1768,73.7390740600939,71.8345462224506,152,72.78681014127224,6,1,245,6
1769,73.74078184591978,71.8257994926821,152,72.78329066930094,6,1,245,6
1770,73.7415936823338,71.8164077436815,152,72.77900071300765,6,1,245,6
1771,73.74144753870144,71.80638443283722,152,72.77391598576932,6,1,245,6
1772,73.74028444918567,71.7957483259956,152,72.76801638759063,6,1,245,6
1773,73.73804929577433,71.78452326359475,152,72.76128627968454,6,1,245,6
1774,73.73469053424647,71.77273696095655,153,72.75371374760151,6,1,245,6
1775,73.73015827871035,71.76041923250241,153,72.74528875560638,6,1,245,6
1776,73.72440133075477,71.74760022469654,153,72.73600077772565,6,1,245,6
1777,73.71736490968966,71.73430943758126,153,72.72583717363545,6,1,245,6
1778,73.7089897674508,71.72057553444921,153,72.71478265095001,6,1,245,6
1779,73.69921229887225,71.70642615889203,153,72.70281922888213,6,1,245,6
1780,73.6879650630281,71.69188736862903,154,72.68992621582856,6,1,245,6
1781,73.67517693634558,71.67698268568894,154,72.67607981101726,6,1,245,6
1782,73.66077319115564,71.66173205515271,154,72.66125262315418,6,1,245,6
1783,73.6446768663066,71.64615129731341,154,72.64541408181,6,1,245,6
1784,73.62681143098887,71.63025234555367,154,72.62853188827127,6,1,245,6
1785,73.60710337741992,71.61404426969177,154,72.61057382355585,6,1,245,6
1786,73.58548425587729,71.59753469445911,154,72.59150947516821,6,1,245,6
1787,73.56189254336878,71.58073083266981,154,72.5713116880193,6,1,245,6
1788,73.5362753470012,71.56363993788398,155,72.54995764244259,6,1,245,6
1789,73.50858955285094,71.54626956659163,154,72.52742955972128,6,1,245,6
1790,73.47880232361736,71.52862803995272,155,72.50371518178504,6,1,245,6
1791,73.44689114079942,71.51072549512982,155,72.47880831796462,6,1,245,6
1792,73.41284348944343,71.49257533099654,154,72.45270941022,6,1,245,6
1793,73.37665618581589,71.47419526773564,154,72.42542572677576,6,1,245,6
1794,73.3383344457303,71.45560772748745,155,72.39697108660887,6,1,245,6
1795,73.29789088864173,71.43683973084062,154,72.36736530974117,6,1,245,6
1796,73.25534457497857,71.41792260143828,154,72.33663358820843,6,1,245,6
1797,73.21072007655191,71.3988918684534,154,72.30480597250266,6,1,245,6
1798,73.16404677483153,71.37978736645265,154,72.27191707064209,6,1,245,6
1799,73.1153587768386,71.3606531419352,153,72.2380059593869,6,1,245,6
1800,73.06469535065412,71.34153687331116,153,72.20311611198264,6,1,280,7
1801,73.01210129479263,71.32248860856457,153,72.1672949516786,6,1,280,7
1802,72.95762704575374,71.30355901493151,153,72.13059303034262,6,1,280,7
1803,72.90132871812325,71.28479772502527,153,72.09306322157425,6,1,280,7
1804,72.84326827150794,71.26625207124626,152,72.0547601713771,6,1,280,7
1805,72.78351399849873,71.24796620774126,152,72.01574010312,6,1,280,7
1806,72.7221410400767,71.22998032657297,153,71.97606068332485,6,1,280,7
1807,72.65923114709032,71.21232938217234,153,71.93578026463133,6,1,280,7
1808,72.59487149156226,71.19504151852787,153,71.89495650504506,6,1,280,7
1809,72.52915291671665,71.17813717396666,153,71.85364504534166,6,1,280,7
1810,72.46216801453875,71.1616290581739,153,71.81189853635632,6,1,280,7
1811,72.39400941962194,71.14552241590229,153,71.76976591776211,6,1,280,7
1812,72.32476870801393,71.1298152845563,153,71.72729199628512,6,1,280,7
1813,72.25453609467425,71.11449874556719,153,71.68451742012073,6,1,280,7
1814,72.18340014780746,71.09955716958753,154,71.6414786586975,6,1,280,7
1815,72.111446543316,71.08496845564261,154,71.59820749947932,6,1,280,7
1816,72.0387566383161,71.07070436202392,154,71.55473050017001,6,1,280,7
1817,71.96540722789985,71.05673112435342,155,71.51106917612663,6,1,280,7
1818,71.89147128878153,71.04301036124735,155,71.46724082501444,6,1,280,7
1819,71.81701873324377,71.02950007299779,155,71.42325940312078,6,1,280,7
1820,71.74211687963844,71.01615553878422,155,71.37913620921134,6,1,280,7
1821,71.6668308334494,71.0029299180069,156,71.33488037572815,6,1,280,7
1822,71.5912236803347,70.98977455644251,156,71.29049911838861,6,1,280,7
1823,71.51535609997318,70.97663919302235,156,71.24599764649776,6,1,280,7
1824,71.43928559478998,70.96347226306247,157,71.20137892892623,6,1,280,7
1825,71.3630661128923,70.95022149379945,157,71.15664380334587,6,1,280,7
1826,71.28674816186364,70.93683479303141,158,71.11179147744753,6,1,280,7
1827,71.21037882738898,70.92326123660217,158,71.06682003199558,6,1,280,7
1828,71.13400189100153,70.90945225307645,158,71.021727072039,6,1,280,7
1829,71.0576590215584,70.89536339655,157,70.9765112090542,6,1,280,7
1830,70.9813919422095,70.880956415724,158,70.93117417896676,6,1,280,7
1831,70.90524440176279,70.8662006445332,158,70.88572252314799,6,1,280,7
1832,70.82926365717923,70.85107361737072,158,70.84016863727497,6,1,280,7
1833,70.75350205173314,70.83556168968468,158,70.79453187070891,6,1,280,7
1834,70.67801878561617,70.81966076183556,158,70.74883977372588,6,1,280,7
1835,70.60288148798158,70.80337652120686,158,70.70312900459422,6,1,280,7
1836,70.52816710179842,70.78672420263104,158,70.65744565221473,6,1,280,7
1837,70.45396149523866,70.76972845225872,158,70.61184497374869,6,1,280,7
1838,70.380357798407,70.75242309955543,158,70.56639044898122,6,1,280,7
1839,70.30745404931584,70.73484986167011,158,70.52115195549297,6,1,280,7
1840,70.23535063535695,70.71705607720074,159,70.47620335627884,6,1,280,7
1841,70.16414791890313,70.69909263918316,159,70.43162027904314,6,1,280,7
1842,70.09394394795581,70.68101241918801,158,70.38747818357191,6,1,280,7
1843,70.02483166507545,70.66286859649907,158,70.34385013078726,6,1,280,7
1844,69.95689561308632,70.64471289156103,158,70.30080425232367,6,1,280,7
1845,69.89020872134579,70.62659428812513,158,70.25840150473546,6,1,280,7
1846,69.82483004911364,70.60855843837462,158,70.21669424374413,6,1,280,7
1847,69.76080465534514,70.59064755518358,158,70.17572610526436,6,1,280,7
1848,69.69816530138004,70.57290049818289,158,70.13553289978147,6,1,280,7
1849,69.6369342301517,70.55535266283033,158,70.09614344649101,6,1,280,7
1850,69.57712424109693,70.53803567187961,158,70.05757995648827,6,1,280,7
1851,69.518739255483,70.52097725884131,158,70.01985825716216,6,1,280,7
1852,69.46177476209081,70.5042012454,158,69.9829880037454,6,1,280,7
1853,69.40621872840423,70.48772702712519,159,69.94697287776471,6,1,280,7
1854,69.35205317244802,70.47156885973064,159,69.91181101608933,6,1,280,7
1855,69.2992562003933,70.4557361160592,159,69.87749615822625,6,1,280,7
1856,69.24780412004439,70.44023461110461,159,69.8440193655745,6,1,280,7
1857,69.19767304528776,70.42506801951082,160,69.81137053239928,6,1,280,7
1858,69.1488401869243,70.41023909282485,160,69.77953963987457,6,1,280,7
1859,69.10128580562079,70.39575106659431,160,69.74851843610756,6,1,280,7
1860,69.05499563225655,70.3816090621916,159,69.71830234722407,6,1,280,7
1861,69.00996239045345,70.36782070301675,159,69.6888915467351,6,1,280,7
1862,68.96618622642815,70.3543961400661,159,69.660291183247125,6,1,280,7
1863,68.92367502163503,70.3413486571769,159,69.63251183940596,6,1,280,7
1864,68.88244468572337,70.32869566071346,159,69.60557017321841,6,1,280,7
1865,68.84251864938227,70.31645849290669,159,69.57948857114448,6,1,280,7
1866,68.80392626422145,70.30466067842617,159,69.5542934713238,6,1,280,7
1867,68.76670030442125,70.29332538413722,159,69.53001284427924,6,1,280,7
1868,68.73087386232822,70.28247287198901,159,69.50667336715861,6,1,280,7
1869,68.69647702765224,70.27211872500895,159,69.4842978763306,6,1,280,7
1870,68.66353422761165,70.26227313871522,159,69.46290368316343,6,1,280,7
1871,68.63206359310895,70.25294108262372,159,69.44250233786633,6,1,280,7
1872,68.60207796040228,70.24412284400252,159,69.42310040220241,6,1,280,7
1873,68.57358536213499,70.23581417350523,159,69.40469976782012,6,1,280,7
1874,68.54658851983251,70.22800603267817,159,69.38729727625534,6,1,280,7
1875,68.52108450821945,70.22068472369568,159,69.37088461595756,6,1,280,7
1876,68.49706517655419,70.2138325965355,159,69.35544888654485,6,1,280,7
1877,68.47451832702353,70.207428943659,158,69.34097363534127,6,1,280,7
1878,68.45342926015711,70.20145069232166,158,69.32743997623939,6,1,280,7
1879,68.43378190712366,70.19587250468838,158,69.31482720590603,6,1,280,7
1880,68.41555896390017,70.19066638364849,158,69.30311267377434,6,1,280,7
1881,68.39874063742009,70.18580127240821,158,69.29227095491416,6,1,280,7
1882,68.38330229659556,70.1812428433721,158,69.28227256998383,6,1,280,7
1883,68.36921200391377,70.17695376940729,158,69.27308288666053,6,1,280,7
1884,68.35642861077662,70.17289457555997,159,69.26466159316828,6,1,280,7
1885,68.34490080725487,70.16902438904911,159,69.256962598152,6,1,280,7
1886,68.33456693183513,70.1653011980047,159,69.24993406491991,6,1,280,7
1887,68.32535476166032,70.16168191219354,159,69.24351833692694,6,1,280,7
1888,68.31718118668432,70.15812261653859,159,69.23765190161146,6,1,280,7
1889,68.3099523540852,70.15457940826026,159,69.23226588117274,6,1,280,7
1890,68.3035647719197,70.1510095256963,159,69.22728714880799,6,1,280,7
1891,68.29790776363282,70.14737179407392,159,69.22263977885336,6,1,280,7
1892,68.29286688487534,70.14362619382635,159,69.21824653935084,6,1,280,7
1893,68.28832713388519,70.13973313735912,159,69.21403013562215,6,1,280,7
1894,68.28417517689255,70.13565264998297,159,69.20991391343776,6,1,280,7
1895,68.28030020016753,70.13134326055113,160,69.20582173035933,6,1,280,7
1896,68.27659348800121,70.12676079749724,159,69.20167714274922,6,1,280,7
1897,68.27294731356713,70.12185757861005,160,69.19740244608859,6,1,280,7
1898,68.26925382714188,70.11658189770435,159,69.19291786242312,6,1,280,7
1899,68.26540472370559,70.11087751632908,160,69.18814112001733,6,1,280,7
1900,68.26129169160774,70.10468345393085,160,69.18298757276929,6,1,280,7
1901,68.25680686365442,70.09793436995962,160,69.17737061680702,6,1,280,7
1902,68.25184317475265,70.09056134379347,160,69.17120225927306,6,1,280,7
1903,68.24629521302235,70.0824927608888,160,69.16439398695557,6,1,280,7
1904,68.24006066358334,70.07365530622468,160,69.15685798490401,6,1,280,7
1905,68.23304195650789,70.06397526122262,160,69.14850860886526,6,1,280,7
1906,68.22514782792285,70.05338000774752,160,69.1392639178352,6,1,280,7
1907,68.21629460071489,70.0417993502003,160,69.12904697545758,6,1,280,7
1908,68.20640708870998,70.0291665592816,160,69.1177868239958,6,1,280,7
1909,68.19541912559633,70.01541933355622,160,69.10541922957628,6,1,280,7
1910,68.18327362220904,70.0005006798441,160,69.09188715102657,6,1,280,7
1911,68.16992195813711,69.9843595183471,160,69.07714073824211,6,1,280,7
1912,68.15532309870667,69.96695101340345,160,69.06113705605506,6,1,280,7
1913,68.13944341349381,69.9482368257359,160,69.04384011961486,6,1,280,7
1914,68.12225719701621,69.92818518934851,160,69.02522119318236,6,1,280,7
1915,68.10374691675167,69.90677042351126,160,69.00525867013147,6,1,280,7
1916,68.0839027987318,69.88397217295451,160,68.98393748584316,6,1,280,7
1917,68.06272194605938,69.85977535208275,160,68.96124864907107,6,1,280,7
1918,68.04020757572371,69.83417069598245,160,68.93718913585309,6,1,280,7
1919,68.01636934912332,69.80715474796592,160,68.91176204854463,6,1,280,7
1920,67.99122450363546,69.77872908871683,161,68.88497679617615,6,1,280,7
1921,67.96479822450021,69.74889958742838,161,68.8568489059643,6,1,280,7
1922,67.93712276906066,69.71767587000197,161,68.82739931953131,6,1,280,7
1923,67.90823592817299,69.68507061406058,161,68.79665327111678,6,1,280,7
1924,67.87817940951717,69.65109886569647,161,68.76463913760682,6,1,280,7
1925,67.84699772747607,69.61577815804715,161,68.73138794276161,6,1,280,7
1926,67.81473798909087,69.57912933392791,161,68.69693366150939,6,1,280,7
1927,67.78145077045717,69.54117709688306,161,68.66131393367012,6,1,280,7
1928,67.7471913025254,69.5019499977112,161,68.6245706501183,6,1,280,7
1929,67.71201920986255,69.46148024620757,161,68.58674972803506,6,1,280,7
1930,67.67599660643657,69.41980315260781,160,68.54789987952219,6,1,280,7
1931,67.63918591299377,69.37695541796315,160,68.50807066547846,6,1,280,7
1932,67.60164827290693,69.33297276060321,160,68.46731051675508,6,1,280,7
1933,67.5634429557053,69.28788863379185,160,68.42566579474857,6,1,280,7
1934,67.52462774734417,69.24173442417151,160,68.38318108575784,6,1,280,7
1935,67.48525993612817,69.19454015509963,160,68.3399000456139,6,1,280,7
1936,67.4453974056921,69.1463352066956,160,68.29586630619386,6,1,280,7
1937,67.40509924892211,69.09714905212365,161,68.25112415052288,6,1,280,7
1938,67.3644259019088,69.0470122047268,160,68.20571905331781,6,1,280,7
1939,67.32343938222425,68.99595776570243,160,68.15969857396334,6,1,280,7
1940,67.28220402072074,68.94402386443889,160,68.11311394257982,6,1,280,7
1941,67.24078788094954,68.89125718603393,160,68.06602253349173,6,1,280,7
1942,67.19926437750557,68.83771651245645,160,68.01849044498101,6,1,280,7
1943,67.15771292179349,68.78347393570613,161,67.97059342874981,6,1,280,7
1944,67.11621830144952,68.72861364451566,160,67.92241597298259,6,1,280,7
1945,67.07486937738466,68.67323042931261,160,67.87404990334863,6,1,280,7
1946,67.03375777989412,68.6174288795041,160,67.8255933296991,6,1,280,7
1947,66.99297738277286,68.56132307650992,160,67.77715022964139,6,1,280,7
1948,66.9526245540188,68.50503619569182,161,67.7288303748553,6,1,280,7
1949,66.91279840135496,68.44869904005887,160,67.68074872070692,6,1,280,7
1950,66.87360062091474,68.39244740630949,160,67.63302401361211,6,1,280,7
1951,66.83513494754433,68.3364190614758,160,67.58577700451006,6,1,280,7
1952,66.79750620513212,68.28075110836858,160,67.53912865675035,6,1,280,7
1953,66.76081895533895,68.22557851799493,160,67.49319873666694,6,1,280,7
1954,66.72517574310366,68.17103333913371,160,67.44810454111868,6,1,280,7
1955,66.69067493732088,68.11724282729443,160,67.40395888230765,6,1,280,7
1956,66.6574083601939,68.06432629593442,160,67.36086732806416,6,1,280,7
1957,66.62545909390433,68.01239205348895,160,67.31892557369665,6,1,280,7
1958,66.59489956071081,67.96153520467767,160,67.27821738269424,6,1,280,7
1959,66.56578968009406,67.91183650950072,160,67.2388130947974,6,1,280,7
1960,66.53817539443949,67.86336220091331,161,67.2007687976764,6,1,280,7
1961,66.51208834265049,67.81616436976196,161,67.16412635620622,6,1,280,7
1962,66.48754677852807,67.7702819159455,161,67.12891434723679,6,1,280,7
1963,66.46455714820168,67.72574245513883,161,67.09514980167026,6,1,280,7
1964,66.44311603369121,67.6825649853782,161,67.06284050953471,6,1,280,7
1965,66.42321246245506,67.64076253274038,162,67.03198749759773,6,1,280,7
1966,66.40483009527277,67.60034428811161,162,67.00258719169219,6,1,280,7
1967,66.38794831727355,67.56131703977013,161,66.97463267852184,6,1,280,7
1968,66.37254223236425,67.52368590163474,161,66.9481140669995,6,1,280,7
1969,66.35858253673692,67.48745453213968,161,66.9230185344383,6,1,280,7
1970,66.34603556445269,67.45262513626159,161,66.89933035035713,6,1,280,7
1971,66.33486311541581,67.41919864078453,161,66.87703087810017,6,1,280,7
1972,66.32502187119289,67.38717475015278,161,66.85609831067283,6,1,280,7
1973,66.3164623992781,67.3565509075232,161,66.83650665340065,6,1,280,7
1974,66.3091278440165,67.3273202585734,161,66.81822405129495,6,1,280,7
1975,66.30295250002385,67.29946978858072,160,66.80121114430229,6,1,280,7
1976,66.29786065915198,67.27297902303698,160,66.78541984109448,6,1,280,7
1977,66.29376631727878,67.24781890183908,160,66.77079260955892,6,1,280,7
1978,66.29057364457816,67.22395072984801,161,66.75726218721309,6,1,280,7
1979,66.28817744030721,67.20132539937936,161,66.74475141984328,6,1,280,7
1980,66.28646347606667,67.17988308031431,161,66.73317327819049,6,1,280,7
1981,66.28530931440363,67.15955357365672,161,66.72243144403018,6,1,280,7
1982,66.28458589713986,67.14025762207444,161,66.71242175960715,6,1,280,7
1983,66.28415990530965,67.12190956866858,161,66.70303473698911,6,1,280,7
1984,66.28389650254432,67.10442077996427,161,66.69415864125429,6,1,280,7
1985,66.28366168366159,67.08770227383056,161,66.68568197874608,6,1,280,7
1986,66.28332403547375,67.0716663586204,161,66.67749519704708,6,1,280,7
1987,66.28275630205059,67.05622845536598,162,66.66949237870828,6,1,280,7
1988,66.28183714663365,67.0413093969913,161,66.66157327181247,6,1,280,7
1989,66.28045350233222,67.02683762059914,161,66.65364556146568,6,1,280,7
1990,66.27850302578969,67.01275086390048,162,66.64562694484508,6,1,280,7
1991,66.27589529003465,66.99899717183274,162,66.6374462309337,6,1,280,7
1992,66.27255142548987,66.98553482418782,162,66.62904312483884,6,1,280,7
1993,66.26840299085416,66.97233059983142,162,66.62036679534279,6,1,280,7
1994,66.26339066031203,66.95935686586476,162,66.6113737630884,6,1,280,7
1995,66.25746311827743,66.94658905287253,162,66.60202608557498,6,1,280,7
1996,66.25057645522858,66.93400419946609,162,66.59229032734734,6,1,280,7
1997,66.24269426055565,66.92158037143025,161,66.58213731599295,6,1,280,7
1998,66.23378782788346,66.9092964681501,161,66.57154214801679,6,1,280,7
1999,66.22383510787508,66.89713163637492,162,66.56048337212499,6,1,280,7
2000,66.2128185065008,66.88506419411026,161,66.54894135030553,6,1,280,7
2001,66.20072308975134,66.87307065017154,162,66.53689686996144,6,1,280,7
2002,66.187536072921,66.8611251123605,161,66.52433059264075,6,1,280,7
2003,66.17324778975457,66.849199084665,161,66.5112234372098,6,1,280,7
2004,66.1578535564276,66.83726155635982,161,66.4975575563937,6,1,280,7
2005,66.14135506499511,66.82527918836581,161,66.48331712668046,6,1,280,7
2006,66.1237606236203,66.81321640227094,161,66.46848851294561,6,1,280,7
2007,66.10508424355496,66.8010351774611,161,66.45305971050803,6,1,280,7
2008,66.08534406042062,66.7886946544534,161,66.43701935743701,6,1,280,7
2009,66.0645610649274,66.77615093517153,161,66.42035600004947,6,1,280,7
2010,66.04275843537206,66.76335727587417,161,66.40305785562312,6,1,280,7
2011,66.01996108147976,66.75026467341976,161,66.38511287744976,6,1,280,7
2012,65.99619520416684,66.73682284560023,161,66.36650902488353,6,1,280,7
2013,65.97148787082472,66.72298160631546,162,66.34723473857008,6,1,280,7
2014,65.94586689831914,66.7086927338985,162,66.32727981610881,6,1,280,7
2015,65.91936162849822,66.69391252841663,162,66.30663707845743,6,1,280,7
2016,65.89200459577643,66.67860466852287,162,66.28530463214965,6,1,280,7
2017,65.86383350112376,66.66274239314471,162,66.26328794713424,6,1,280,7
2018,65.83489310178634,66.64630961841661,162,66.24060136010146,6,1,280,7
2019,65.8052368210337,66.62930118535162,162,66.21726900319265,6,1,280,7
2020,65.77492797967884,66.61172253110874,161,66.19332525539379,6,1,280,7
2021,65.74404064854222,66.5935891740673,161,66.16881491130476,6,1,280,7
2022,65.71265982825781,66.57492591509924,161,66.14379287167853,6,1,280,7
2023,65.68088037003372,66.55576516961827,162,66.118322769826,6,1,280,7
2024,65.64880473358554,66.53614443003184,162,66.09247458180869,6,1,280,7
2025,65.61654036108064,66.51610344329501,163,66.06632190218782,6,1,280,7
2026,65.58419705567324,66.49568159067461,162,66.03993932317393,6,1,280,7
2027,65.55188436298877,66.47491585928202,162,66.0134001111354,6,1,280,7
2028,65.51970914892854,66.45383959986236,162,65.98677437439545,6,1,280,7
2029,65.4877737622176,66.43248207028734,162,65.96012791625247,6,1,280,7
2030,65.4561744874274,66.41086847162748,162,65.93352147952744,6,1,280,7
2031,65.42499931154498,66.38901989111723,162,65.90700960133111,6,1,280,7
2032,65.39432529522568,66.36695324915567,162,65.88063927219068,6,1,280,7
2033,65.3642171079648,66.34468203031574,162,65.85444956914027,6,1,280,7
2034,65.33472692106835,66.32221770054882,162,65.82847231080859,6,1,280,7
2035,65.30589448697012,66.29957083497541,162,65.80273266097277,6,1,280,7
2036,65.27774730654437,66.27675176099507,162,65.77724953376972,6,1,280,7
2037,65.25030185916555,66.25377130177526,162,65.7520365804704,6,1,280,7
2038,65.2235659926044,66.2306417174955,162,65.72710385504996,6,1,280,7
2039,65.19754169216867,66.20737745402724,161,65.70245957309795,6,1,280,7
2040,65.17222793633664,66.18399560131641,161,65.67811176882653,6,1,280,7
2041,65.14762383393193,66.16051625631144,161,65.65407004512168,6,1,280,7
2042,65.12373184775909,66.13696279016705,161,65.63034731896306,6,1,280,7
2043,65.10056051944431,66.11336182433658,161,65.60696117189045,6,1,280,7
2044,65.07812611019929,66.08974291518076,161,65.58393451269004,6,1,280,7
2045,65.05645257216209,66.06613814173679,161,65.56129535694944,6,1,280,7
2046,65.03556994759731,66.04258159619698,161,65.53907577189715,6,1,280,7
2047,65.01551197586588,66.0191085815587,160,65.51731027871229,6,1,280,7
2048,64.9963133953932,65.99575451592693,161,65.49603395566007,6,1,280,7
2049,64.97800713521681,65.97255373798421,160,65.47528043660051,6,1,280,7
2050,64.96062168821553,65.94953850568405,161,65.45508009694979,6,1,280,7
2051,64.94417905568488,65.92673857778342,161,65.43545881673415,6,1,280,7
2052,64.92869306775123,65.90418137771394,161,65.41643722273258,6,1,280,7
2053,64.91416729897779,65.88189234918269,160,65.39802982408024,6,1,280,7
2054,64.90059306664986,65.85989521045748,161,65.38024413855368,6,1,280,7
2055,64.88794926738802,65.83821191185055,161,65.36308058961929,6,1,280,7
2056,64.87620424729768,65.81686239357447,161,65.34653332043607,6,1,280,7
2057,64.86531834042398,65.79586453380236,161,65.33059143711317,6,1,280,7
2058,64.85524629569215,65.77523448170831,161,65.31524038870023,6,1,280,7
2059,64.84593939789158,65.75498737520627,161,65.30046338654893,6,1,280,7
2060,64.83734747846493,65.73513824804331,162,65.28624286325413,6,1,280,7
2061,64.82942140203184,65.71570273583102,161,65.27256206893142,6,1,280,7
2062,64.82211593187506,65.69669738568825,162,65.25940665878166,6,1,280,7
2063,64.81539219487664,65.67813956924911,162,65.24676588206287,6,1,280,7
2064,64.80921935644773,65.66004719386467,162,65.2346332751562,6,1,280,7
2065,64.80357550601582,65.64243860190297,162,65.22300705395939,6,1,280,7
2066,64.79844765599302,65.62533256034001,162,65.21189010816651,6,1,280,7
2067,64.79383065949568,65.60874775512605,162,65.20128920731086,6,1,280,7
2068,64.78972533964887,65.59270179003055,162,65.1912135648397,6,1,280,7
2069,64.78613661088673,65.57721027489708,162,65.1816734428919,6,1,280,7
2070,64.78307168978637,65.56228600303305,162,65.17267884640971,6,1,280,7
2071,64.78053781012804,65.5479376322672,162,65.16423772119762,6,1,280,7
2072,64.77853934454346,65.53416806456488,162,65.15635370455416,6,1,280,7
2073,64.77707472281998,65.52097349946602,162,65.149024111143,6,1,280,7
2074,64.7761335369745,65.5083433563875,162,65.142238446681,6,1,280,7
2075,64.77569422330248,65.49626048061951,162,65.135977351961,6,1,280,7
2076,64.77572251665387,65.48470134056511,162,65.1302119286095,6,1,280,7
2077,64.77617067726999,65.47363621648879,163,65.12490344687939,6,1,280,7
2078,64.77697739317867,65.46302947867571,163,65.12000343592719,6,1,280,7
2079,64.77806816382193,65.45284015053494,163,65.11545415717843,6,1,280,7
2080,64.77935626341323,65.44302275720568,164,65.11118951030946,6,1,280,7
2081,64.78074467533759,65.43352826524263,164,65.1071364702901,6,1,280,7
2082,64.78212880385371,65.42430501653962,164,65.10321691019666,6,1,280,7
2083,64.78339918427508,65.41529965721966,164,65.09934942074737,6,1,280,7
2084,64.78444380309767,65.40645786721129,164,65.09545083515448,6,1,280,7
2085,64.78515002979438,65.39772450120968,164,65.09143726550204,6,1,280,7
2086,64.78540586939424,65.38904323941267,164,65.08722455440346,6,1,280,7
2087,64.78509995233502,65.38035633410962,164,65.08272814322231,6,1,280,7
2088,64.7841204584085,65.37160464807567,164,65.07786255324208,6,1,280,7
2089,64.7823539519477,65.36272779060077,164,65.07254087127424,6,1,280,7
2090,64.77968442263247,65.35366425453938,164,65.06667433858593,6,1,280,7
2091,64.77599214353306,65.3443515553224,164,65.06017184942773,6,1,280,7
2092,64.77115215312458,65.33472627534675,164,65.05293921423566,6,1,280,7
2093,64.76503236313775,65.32472381963086,164,65.0448780913843,6,1,280,7
2094,64.75749158682576,65.3142781763501,164,65.03588488158793,6,1,280,7
2095,64.74837807496853,65.30332246359308,164,65.0258502692808,6,1,280,7
2096,64.73752943966619,65.29179016582896,163,65.01465980274757,6,1,280,7
2097,64.72477513872062,65.27961608571721,163,65.00219561221891,6,1,280,7
2098,64.70994093789713,65.26673671966809,163,64.98833882878262,6,1,280,7
2099,64.69285301281909,65.25309044832639,163,64.97297173057274,6,1,280,7
2100,64.67334091288836,65.23861783558309,164,64.95597937423572,6,1,315,8
2101,64.6512401702079,65.22326223214554,163,64.93725120117672,6,1,315,8
2102,64.62639494628166,65.20697058705355,164,64.9166827666676,6,1,315,8
2103,64.59866071902329,65.18969398033974,163,64.89417734968151,6,1,315,8
2104,64.56790720756331,65.17138758505075,163,64.86964739630703,6,1,315,8
2105,64.53402192726085,65.15201035200036,163,64.8430161396306,6,1,315,8
2106,64.49691359663846,65.1315249056355,163,64.81421925113699,6,1,315,8
2107,64.45651344722316,65.10989774919264,163,64.7832055982079,6,1,315,8
2108,64.41277414508569,65.08709948711851,163,64.74993681610209,6,1,315,8
2109,64.36566769066098,65.06310477266895,164,64.71438623166497,6,1,315,8
2110,64.31518327297019,65.03789188360173,164,64.67653757828596,6,1,315,8
2111,64.26132566392798,65.01144192634732,164,64.63638379513765,6,1,315,8
2112,64.20411454308172,64.9837380591535,164,64.5939263011176,6,1,315,8
2113,64.14358494781473,64.95476551482099,164,64.54917523131786,6,1,315,8
2114,64.0797881659376,64.92451232576425,164,64.50215024585093,6,1,315,8
2115,64.01279150948109,64.89296977624946,164,64.45288064286527,6,1,315,8
2116,63.94267687134163,64.86013238691376,164,64.4014046291277,6,1,315,8
2117,63.86953942927106,64.82599801691678,164,64.34776872309392,6,1,315,8
2118,63.79348688610823,64.79056808380918,164,64.29202748495871,6,1,315,8
2119,63.714638659573254,64.7538473159349,165,64.23424298775407,6,1,315,8
2120,63.633124727334916,64.7158431348831,165,64.17448393110901,6,1,315,8
2121,63.54908412546696,64.67656544820676,165,64.11282478683685,6,1,315,8
2122,63.46266290319371,64.63602685228676,165,64.04934487774024,6,1,315,8
2123,63.37401114163539,64.59424246488366,165,63.98412680325953,6,1,315,8
2124,63.28327942445537,64.5512291921178,165,63.91725430828659,6,1,315,8
2125,63.19061592854658,64.5070048198205,165,63.848810374183536,6,1,315,8
2126,63.096164815188,64.46158731915023,165,63.77887606716911,6,1,315,8
2127,63.00006611443548,64.41499475633003,165,63.70753043538275,6,1,315,8
2128,62.902456807883105,64.3672459037548,165,63.63485135581895,6,1,315,8
2129,62.803472327307496,64.31836135711002,165,63.560916842208755,6,1,315,8
2130,62.70324778428383,64.2683648655929,165,63.485806324938366,6,1,315,8
2131,62.60191834342068,64.21728448476097,166,63.40960141409082,6,1,315,8
2132,62.499618737105905,64.16515345409255,166,63.332386095599226,6,1,315,8
2133,62.396482504895324,64.11201099388612,166,63.25424674939072,6,1,315,8
2134,62.292641443137434,64.05790292343784,166,63.17527218328763,6,1,315,8
2135,62.18822565289791,64.00288170973708,166,63.0955536813175,6,1,315,8
2136,62.08336398904751,63.94700594595702,166,63.015184967502265,6,1,315,8
2137,61.978184128178206,63.89033964905402,166,62.93426188861611,6,1,315,8
2138,61.87281205825711,63.83295157064596,166,62.852881814451536,6,1,315,8
2139,61.76737137817284,63.77491452020539,166,62.77114294918911,6,1,315,8
2140,61.6619826002927,63.71630489457916,166,62.689143747435935,6,1,315,8
2141,61.55676245412212,63.65720280283013,166,62.606982628476125,6,1,315,8
2142,61.45182348180589,63.597692297513916,166,62.5247578896599,6,1,315,8
2143,61.3472745088676,63.537860345622434,166,62.44256742724502,6,1,315,8
2144,61.24322169581235,63.47779453789425,166,62.360508116853296,6,1,315,8
2145,61.139768998441696,63.417580900676185,166,62.27867494955894,6,1,315,8
2146,61.03701803522037,63.35730268681956,166,62.19716036101997,6,1,315,8
2147,60.935068530518215,63.29704053442122,166,62.11605453246972,6,1,315,8
2148,60.83401972228488,63.23687330935098,167,62.03544651581793,6,1,315,8
2149,60.73397234243931,63.17687787464081,167,61.955425108540055,6,1,315,8
2150,60.635030485651825,63.1171272002809,166,61.876078842966365,6,1,315,8
2151,60.537302389566655,63.05768739744531,166,61.797494893505984,6,1,315,8
2152,60.440899929762764,62.99861455386484,167,61.7197572418138,6,1,315,8
2153,60.345937412990004,62.93995253979968,167,61.642944976394844,6,1,315,8
2154,60.25253015462309,62.881731978836285,167,61.56713106672969,6,1,315,8
2155,60.160793228696484,62.82396960253815,167,61.49238141561732,6,1,315,8
2156,60.07084029119452,62.766667695858814,167,61.418753993526664,6,1,315,8
2157,59.98278188960263,62.70981382811725,167,61.34629785885994,6,1,315,8
2158,59.89672315942715,62.65338125964889,167,61.27505220953802,6,1,315,8
2159,59.81276129611968,62.59733060956035,167,61.20504595284002,6,1,315,8
2160,59.73098338600727,62.54161298007484,167,61.13629818304105,6,1,315,8
2161,59.6514653750298,62.48617434298686,167,61.06881985900833,6,1,315,8
2162,59.57427207639417,62.43096060372543,167,61.0026163400598,6,1,315,8
2163,59.499457240579446,62.37592236844154,167,60.9376898045105,6,1,315,8
2164,59.427063394069876,62.321019122315725,167,60.874041258192804,6,1,315,8
2165,59.35712183613643,62.26622320998955,167,60.81167252306299,6,1,315,8
2166,59.28965279300301,62.211523033499965,167,60.750587913251486,6,1,315,8
2167,59.224665338749745,62.15692390751302,168,60.69079462313138,6,1,315,8
2168,59.16215718017404,62.10244657203125,167,60.632301876102645,6,1,315,8
2169,59.10211489069923,62.04812492311356,168,60.575119906906394,6,1,315,8
2170,59.04451459336844,61.99400374159923,167,60.51925916748384,6,1,315,8
2171,58.989322507905726,61.94013641930984,168,60.46472946360778,6,1,315,8
2172,58.93649545974472,61.886582779584025,168,60.41153911966437,6,1,315,8
2173,58.885982131834666,61.83340718641506,168,60.35969465912486,6,1,315,8
2174,58.837725157427236,61.78067684373676,169,60.30920100058199,6,1,315,8
2175,58.79166346942131,61.72845989370844,169,60.26006168156488,6,1,315,8
2176,58.747734614535126,61.67682341050447,169,60.2122790125198,6,1,315,8
2177,58.70587703323355,61.625831873797715,169,60.165854453515635,6,1,315,8
2178,58.666032013752165,61.57554621843803,170,60.1207891160951,6,1,315,8
2179,58.62814473594159,61.52602306916122,170,60.07708390255141,6,1,315,8
2180,58.59216460091158,61.47731396430454,170,60.03473928260806,6,1,315,8
2181,58.558045822693494,61.42946456765852,170,59.99375519517601,6,1,315,8
2182,58.52574838024557,61.38251396520016,170,59.95413117272287,6,1,315,8
2183,58.49523855022175,61.336494241079556,170,59.91586639565065,6,1,315,8
2184,58.466488728513276,61.291430332249355,171,59.878959530381316,6,1,315,8
2185,58.43947673615495,61.247339966151166,171,59.84340835115306,6,1,315,8
2186,58.414184512492675,61.20423368107016,171,59.809209096781416,6,1,315,8
2187,58.39059580582539,61.16211512396748,170,59.77635546489644,6,1,315,8
2188,58.368693154436194,61.12098162562761,170,59.744837390031904,6,1,315,8
2189,58.348455133662696,61.080824857979934,170,59.714639995821315,6,1,315,8
2190,58.32985406437226,61.041631476091816,170,59.68574277023204,6,1,315,8
2191,58.312853597964654,61.003383744957894,171,59.658118671461274,6,1,315,8
2192,58.29740617835285,60.96606005375331,170,59.631733116053084,6,1,315,8
2193,58.28345096673883,60.92963512275193,170,59.60654304474538,6,1,315,8
2194,58.27091262009709,60.894079903241575,170,59.582496261669334,6,1,315,8
2195,58.25970111940386,60.859361365895566,170,59.55953124264971,6,1,315,8
2196,58.24971255124599,60.82544237313111,170,59.53757746218855,6,1,315,8
2197,58.24083045404273,60.79228183105735,171,59.516556142550044,6,1,315,8
2198,58.23292743788019,60.75983502405934,171,59.49638123096977,6,1,315,8
2199,58.22586688470694,60.728053742506056,171,59.4769603136065,6,1,315,8
2200,58.219504535797356,60.696886106739754,171,59.458195321268555,6,1,315,8
2201,58.21368977352353,60.666276283171975,171,59.439983028347754,6,1,315,8
2202,58.20826650213358,60.63616438590546,171,59.42221544401952,6,1,315,8
2203,58.20307362987281,60.606486954897356,171,59.404780292385084,6,1,315,8
2204,58.197945349951404,60.577178011594505,171,59.387561680772954,6,1,315,8
2205,58.19271161302125,60.548170302879754,170,59.37044095795051,6,1,315,8
2206,58.18719918390013,60.519396539281274,171,59.353297861590704,6,1,315,8
2207,58.181233675346846,60.49079062849237,171,59.336012151919604,6,1,315,8
2208,58.174642366499775,60.462288905238346,171,59.31846563586906,6,1,315,8
2209,58.16725702836932,60.433831358497535,171,59.300544193433424,6,1,315,8
2210,58.15891656397883,60.40536256444556,171,59.282139564212194,6,1,315,8
2211,58.149469855909345,60.37683174083724,171,59.26315079837329,6,1,315,8
2212,58.13877872620795,60.3481920212339,171,59.24348537372093,6,1,315,8
2213,58.1267204257801,60.31939973017559,170,59.22306007797785,6,1,315,8
2214,58.11318936279177,60.290413952646446,171,59.20180165771911,6,1,315,8
2215,58.09809807197625,60.26119620343903,171,59.17964713770764,6,1,315,8
2216,58.08137732894609,60.23171019705509,171,59.156543763000585,6,1,315,8
2217,58.06297521580287,60.2019219138167,171,59.132448564809785,6,1,315,8
2218,58.042855431743575,60.171799865214034,171,59.1073276484788,6,1,315,8
2219,58.02099562978064,60.14131516886791,171,59.081155399324274,6,1,315,8
2220,57.99738607276659,60.110441433601714,171,59.05391375318415,6,1,315,8
2221,57.97202841401066,60.07915484523238,171,59.025591629621516,6,1,315,8
2222,57.944934602652744,60.04743455103122,171,58.99618457684198,6,1,315,8
2223,57.91612610885637,60.01526314814408,172,58.96569462850022,6,1,315,8
2224,57.885633273564984,59.98262708121718,171,58.93413017739108,6,1,315,8
2225,57.85349419726184,59.94951675442556,172,58.9015054758437,6,1,315,8
2226,57.81975316726487,59.915926358110944,171,58.86783976268791,6,1,315,8
2227,57.7844592081966,59.88185360524444,172,58.83315640672052,6,1,315,8
2228,57.74766495002456,59.84729947534618,172,58.79748221268537,6,1,315,8
2229,57.70942561784424,59.81226796591468,172,58.76084679187946,6,1,315,8
2230,57.66979824013088,59.77676604642762,172,58.72328214327925,6,1,315,8
2231,57.628841464754885,59.740804204988116,171,58.6848228348715,6,1,315,8
2232,57.586616079411925,59.70439739242789,171,58.64550673591991,6,1,315,8
2233,57.54318604047686,59.66756558340989,171,58.605375811943375,6,1,315,8
2234,57.49861942409494,59.630333466606274,171,58.56447644535061,6,1,315,8
2235,57.45298832311702,59.59272906855586,171,58.52285869583644,6,1,315,8
2236,57.40636768882095,59.554781700977216,172,58.48057469489908,6,1,315,8
2237,57.358834091698284,59.51652020650379,172,58.437677149101035,6,1,315,8
2238,57.31046479029702,59.47797189254437,171,58.3942183414207,6,1,315,8
2239,57.26133691183869,59.439161957733035,171,58.350249434785866,6,1,315,8
2240,57.211526743403155,59.40011321547172,171,58.30581997943744,6,1,315,8
2241,57.161109327561945,59.36084591911739,171,58.26097762333967,6,1,315,8
2242,57.110158068669115,59.3213773958519,171,58.2157677322605,6,1,315,8
2243,57.058743568355084,59.28172109876315,171,58.17023233355911,6,1,315,8
2244,57.00693198169822,59.241885662093104,171,58.12440882189566,6,1,315,8
2245,56.95478425849386,59.20187552004522,171,58.07832988926954,6,1,315,8
2246,56.90235646366211,59.16169308901192,171,58.03202477633701,6,1,315,8
2247,56.84970020046797,59.12134095254049,171,57.98552057650423,6,1,315,8
2248,56.796862843067956,59.08082336622462,172,57.93884310464629,6,1,315,8
2249,56.7438879677342,59.040147277548506,171,57.892017622641355,6,1,315,8
2250,56.690816079553024,58.99932286060926,172,57.84506947008114,6,1,315,8
2251,56.637685438833,58.958363370525895,172,57.79802440467945,6,1,315,8
2252,56.5845328890446,58.91728451245256,172,57.75090870074858,6,1,315,8
2253,56.53139468568769,58.87610391022395,172,57.70374929795582,6,1,315,8
2254,56.478307130434,58.83484086946706,172,57.656573999950524,6,1,315,8
2255,56.42530661983046,58.79351623982724,172,57.60941142982885,6,1,315,8
2256,56.37242910799284,58.75215198585385,172,57.56229054692335,6,1,315,8
2257,56.31970937286163,58.71076988099379,172,57.51523962692771,6,1,315,8
2258,56.2671802805364,58.66938942189983,172,57.468284851218115,6,1,315,8
2259,56.21487204715919,58.62802574303902,171,57.421448895099104,6,1,315,8
2260,56.16281130276797,58.586688116539115,172,57.37474970965354,6,1,315,8
2261,56.11101956650542,58.54537942719195,172,57.32819949684868,6,1,315,8
2262,56.05951152292996,58.50409662246922,172,57.281804072699586,6,1,315,8
2263,56.008294269558604,58.462831747351544,172,57.235563008455074,6,1,315,8
2264,55.95736773049378,58.42157288125236,172,57.18947030587307,6,1,315,8
2265,55.90672545571867,58.38030400178791,172,57.14351472875329,6,1,315,8
2266,55.85635561098078,58.33900426326685,172,57.097679937123814,6,1,315,8
2267,55.806242548507285,58.29764864089367,172,57.05194559470048,6,1,315,8
2268,55.756368958724686,58.25621023361741,172,57.006289596171044,6,1,315,8
2269,55.706718213059254,58.21466286048193,172,56.96069053677059,6,1,315,8
2270,55.65727660545562,58.17298307304397,172,56.9151298392498,6,1,315,8
2271,55.60803529777614,58.131151194101186,173,56.86959324593866,6,1,315,8
2272,55.55899177420837,58.08915157815952,172,56.82407167618395,6,1,315,8
2273,55.51015060974293,58.046972874239096,172,56.77856174199101,6,1,315,8
2274,55.461523747830356,58.004608681407305,173,56.73306621461883,6,1,315,8
2275,55.41313087235833,57.96205859721154,173,56.68759473478494,6,1,315,8
2276,55.36499997129568,57.919329171420166,173,56.642164571357924,6,1,315,8
2277,55.31716770154838,57.87643378970536,173,56.596800745626865,6,1,315,8
2278,55.269679164437235,57.83339148716625,173,56.551535325801744,6,1,315,8
2279,55.22258670106896,57.79022566685846,173,56.50640618396371,6,1,315,8
2280,55.175947999517135,57.746963210729255,173,56.46145560512319,6,1,315,8
2281,55.12982448839146,57.7036339826076,173,56.41672923549953,6,1,315,8
2282,55.08428040606206,57.66027072283347,173,56.37227556444776,6,1,315,8
2283,55.03938234951559,57.6169093340536,173,56.3281458417846,6,1,315,8
2284,54.99519900922961,57.5735893625917,173,56.28439418591066,6,1,315,8
2285,54.95180069886956,57.530354284678076,173,56.24107749177382,6,1,315,8
2286,54.909258678740294,57.48725149938756,174,56.19825508906393,6,1,315,8
2287,54.86764466205805,57.44433222269347,173,56.15598844237576,6,1,315,8
2288,54.82703060047056,57.401651379434746,174,56.11434098995265,6,1,315,8
2289,54.78748855262124,57.359267492382855,174,56.07337802250205,6,1,315,8
2290,54.74909043956035,57.31724247001641,173,56.03316645478838,6,1,315,8
2291,54.711907490816216,57.275641097035084,173,55.993774293925654,6,1,315,8
2292,54.676009282476464,57.234529934039514,173,55.95526960825799,6,1,315,8
2293,54.6414623661751,57.19397523520924,174,55.91771880069217,6,1,315,8
2294,54.608328585446145,57.1540403706352,174,55.88118447804067,6,1,315,8
2295,54.576663273489984,57.11478411781657,174,55.84572369565328,6,1,315,8
2296,54.54651352647298,57.07626030904015,173,55.811386917756565,6,1,315,8
2297,54.51791674658189,57.038518443592146,174,55.778217595087014,6,1,315,8
2298,54.490899649184854,57.0016046787313,173,55.746252163958076,6,1,315,8
2299,54.46547792860198,56.96556241832705,173,55.71552017346451,6,1,315,8
2300,54.441656386999696,56.93043230336246,174,55.686044345181074,6,1,315,8
2301,54.419428940940605,56.89625199379002,174,55.65784046736531,6,1,315,8
2302,54.398778700585424,56.86305603372287,173,55.63091736715415,6,1,315,8
2303,54.3796790970069,56.83087599443884,173,55.60527754572287,6,1,315,8
2304,54.362095862795165,56.79974089465332,173,55.58091837872424,6,1,315,8
2305,54.34598850083747,56.76967770249347,173,55.557833101665466,6,1,315,8
2306,54.331310851648695,56.74071162610584,173,55.536011238877265,6,1,315,8
2307,54.318011345102484,56.7128658023235,173,55.51543857371299,6,1,315,8
2308,54.306033327428395,56.68616038300178,173,55.496096855215086,6,1,315,8
2309,54.29531565934883,56.66061140881939,173,55.47796353408411,6,1,315,8
2310,54.2857933911637,56.63622976285403,173,55.46101157700886,6,1,315,8
2311,54.277397930516784,56.61302039876929,173,55.44520916464303,6,1,315,8
2312,54.27005680139197,56.590981843445505,173,55.43051932241874,6,1,315,8
2313,54.263693775698044,56.57010577889451,173,55.41689977729628,6,1,315,8
2314,54.25822967118327,56.550376508412874,173,55.40430308979808,6,1,315,8
2315,54.25358362179903,56.53177011205104,173,55.392676866925036,6,1,315,8
2316,54.249674529130736,56.5142534867251,173,55.38196400792792,6,1,315,8
2317,54.246422305996234,56.49778385655944,173,55.372103081277835,6,1,315,8
2318,54.24374871838836,56.482308851512805,173,55.363028784950586,6,1,315,8
2319,54.24157782699761,56.46776676481145,173,55.354672295904535,6,1,315,8
2320,54.23983632213978,56.45408689246887,173,55.34696160730432,6,1,315,8
2321,54.238454338493256,56.44119015092404,173,55.33982224470864,6,1,315,8
2322,54.237366555715944,56.428989973896776,173,55.333178264806364,6,1,315,8
2323,54.23651261066541,56.417393294615835,173,55.326952952640625,6,1,315,8
2324,54.235836529627186,56.406301517230816,173,55.321069023429004,6,1,315,8
2325,54.23528557163364,56.39561147886023,174,55.315448525246936,6,1,315,8
2326,54.234808873902765,56.385216501342754,173,55.31001268762276,6,1,315,8
2327,54.23435629038876,56.37500772935741,173,55.30468200987308,6,1,315,8
2328,54.233877716858245,56.364875659023994,174,55.29937668794112,6,1,315,8
2329,54.233323098344265,56.35471146851989,174,55.294017283432076,6,1,315,8
2330,54.232642827148666,56.34440795734009,173,55.28852539224438,6,1,315,8
2331,54.231787751884575,56.333860095898984,174,55.28282392389178,6,1,315,8
2332,54.2307085057218,56.322965382217724,174,55.27683694396976,6,1,315,8
2333,54.229354349671794,56.311624397476905,173,55.27048937357435,6,1,315,8
2334,54.22767192183842,56.29974156202965,173,55.26370674193404,6,1,315,8
2335,54.22560447866592,56.28722570327773,173,55.25641509097183,6,1,315,8
2336,54.22309201917338,56.2739903393619,173,55.24854117926764,6,1,315,8
2337,54.22007248813197,56.25995387515882,174,55.240013181645395,6,1,315,8
2338,54.21648376650067,56.24503971193258,174,55.230761739216625,6,1,315,8
2339,54.21226566977961,56.22917607684175,174,55.22072087331068,6,1,315,8
2340,54.20736137001248,56.21229567103456,173,55.209828520523516,6,1,315,8
2341,54.20171785221554,56.19433552759813,174,55.19802668990683,6,1,315,8
2342,54.195285698723964,56.17523698287377,174,55.18526134079887,6,1,315,8
2343,54.18801917765,56.15494517689879,174,55.1714821772744,6,1,315,8
2344,54.1798769288346,56.1334081814338,174,55.1566425551342,6,1,315,8
2345,54.170822857857736,56.11057653673983,174,55.140699697298786,6,1,315,8
2346,54.160826751066715,56.08640339299459,174,55.12361507203065,6,1,315,8
2347,54.14986402696626,56.06084486696797,175,55.10535444696711,6,1,315,8
2348,54.13791462444002,56.03386051714923,175,55.085887570794625,6,1,315,8
2349,54.12496161340323,56.005414133086184,175,55.06518787324471,6,1,315,8
2350,54.110989918353646,55.97547474202184,175,55.04323233018774,6,1,315,8
2351,54.09598535017401,55.94401744322748,175,55.02000139670075,6,1,315,8
2352,54.07993404397206,55.911024265580814,175,54.99547915477643,6,1,315,8
2353,54.06282230319143,55.87648582907235,175,54.969654066131895,6,1,315,8
2354,54.04463694775048,55.840403517896334,175,54.94252023282341,6,1,315,8
2355,54.025366361491756,55.802790799732094,175,54.91407858061193,6,1,315,8
2356,54.00500175144934,55.763673301040726,175,54.884337526245034,6,1,315,8
2357,53.98353744865362,55.72308822340339,175,54.85331283602851,6,1,315,8
2358,53.96096995799711,55.681083490652874,175,54.821026724324994,6,1,315,8
2359,53.93729634248709,55.63771682128127,175,54.78750658188418,6,1,315,8
2360,53.912512722253325,55.59305482291512,175,54.75278377258422,6,1,315,8
2361,53.8866138637416,55.5471721079718,174,54.7168929858567,6,1,315,8
2362,53.85959385915292,55.500150234393,175,54.67987204677296,6,1,315,8
2363,53.831446920824455,55.45207608014851,175,54.64176150048648,6,1,315,8
2364,53.802167998023364,55.40303974778958,174,54.60260387290647,6,1,315,8
2365,53.77175360638961,55.353132582942315,174,54.562443094665966,6,1,315,8
2366,53.74020287010391,55.30244550042566,174,54.52132418526479,6,1,315,8
2367,53.707518386683766,55.25106742150241,174,54.479292904093086,6,1,315,8
2368,53.673707011954136,55.19908382085301,175,54.43639541640357,6,1,315,8
2369,53.63878115036822,55.1465755769673,174,54.392678363667756,6,1,315,8
2370,53.60276025794655,55.093618027093505,175,54.34818914252003,6,1,315,8
2371,53.565671387177055,55.04027983534642,175,54.302975611261736,6,1,315,8
2372,53.52754838341747,54.98662167280785,175,54.257085028112655,6,1,315,8
2373,53.488430122534915,54.932695098701444,175,54.21056261061818,6,1,315,8
2374,53.448358276958444,54.87854203185422,175,54.163450154406334,6,1,315,8
2375,53.407375194784926,54.824195201802596,175,54.115785198293764,6,1,315,8
2376,53.36552228145515,54.76967938380988,175,54.067600832632515,6,1,315,8
2377,53.322839078423634,54.715012636965845,175,54.01892585769474,6,1,315,8
2378,53.27936284310393,54.660207349893234,175,53.96978509649858,6,1,315,8
2379,53.23512804424604,54.60527148392179,175,53.92019976408392,6,1,315,8
2380,53.1901656746325,54.55020991599464,175,53.87018779531357,6,1,315,8
2381,53.14450277071883,54.49502529595764,175,53.81976403333823,6,1,315,8
2382,53.09816252888527,54.43971832060909,175,53.76894042474718,6,1,315,8
2383,53.05116540801276,54.38428781460235,176,53.717726611307555,6,1,315,8
2384,53.00353063279035,54.32873061818978,175,53.66613062549007,6,1,315,8
2385,52.95527653684263,54.2730408916913,176,53.614158714266964,6,1,315,8
2386,52.90641925769167,54.21720903182165,176,53.56181414475666,6,1,315,8
2387,52.85697036849248,54.16122098026952,175,53.509095674381,6,1,315,8
2388,52.80693432414202,54.10505821729146,175,53.45599627071674,6,1,315,8
2389,52.75630689205302,54.04869824546086,176,53.402502568756944,6,1,315,8
2390,52.705075055221904,53.99211536878193,176,53.34859521200192,6,1,315,8
2391,52.65321819257854,53.93528157244206,176,53.2942498825103,6,1,315,8
2392,52.60070975651038,53.87816721098561,176,53.239438483747996,6,1,315,8
2393,52.54751808234605,53.82074111519028,175,53.184129598768166,6,1,315,8
2394,52.49360633020655,53.76297031318316,176,53.12828832169485,6,1,315,8
2395,52.43893292524213,53.70482014658642,176,53.07187653591427,6,1,315,8
2396,52.383453082052334,53.64625497728165,176,53.01485402966699,6,1,315,8
2397,52.32712121885468,53.58723909517758,176,52.957180157016126,6,1,315,8
2398,52.26989357932373,53.527737437379464,176,52.898815508351596,6,1,315,8
2399,52.21172989234711,53.4677157291613,176,52.8397228107542,6,1,315,8
2400,52.15259368021756,53.40714024236214,176,52.77986696128985,6,1,350,9
2401,52.09245160603036,53.34597795204479,176,52.71921477903757,6,1,350,9
2402,52.03127225100746,53.284197287017186,176,52.65773476901232,6,1,350,9
2403,51.96902471242875,53.22176908457547,176,52.59539689850211,6,1,350,9
2404,51.90567760789402,53.158667359803225,176,52.532172483848626,6,1,350,9
2405,51.841199266699554,53.09486949972541,176,52.46803438321248,6,1,350,9
2406,51.775558913745954,53.0303558827209,176,52.402957398233426,6,1,350,9
2407,51.70872767602518,52.9651093137002,177,52.33691849486269,6,1,350,9
2408,51.64067921708382,52.89911466550971,177,52.269896941296764,6,1,350,9
2409,51.571390780194704,52.83235911698423,177,52.20187494858946,6,1,350,9
2410,51.500844640639684,52.76483289034618,177,52.132838765492934,6,1,350,9
2411,51.42902918716105,52.69652990292355,178,52.062779545042304,6,1,350,9
2412,51.355939632849605,52.62744823579465,178,51.99169393432213,6,1,350,9
2413,51.28157913593167,52.557590809593975,178,51.91958497276282,6,1,350,9
2414,51.205960135445515,52.48696626750409,178,51.846463201474805,6,1,350,9
2415,51.12910473131043,52.415589675237605,179,51.772347203274016,6,1,350,9
2416,51.05104401105553,52.34348303786913,179,51.69726352446233,6,1,350,9
2417,50.97181729823424,52.27067602342104,179,51.62124666082764,6,1,350,9
2418,50.8914718097315,52.19720679531472,178,51.54433930252311,6,1,350,9
2419,50.810062721360254,52.12312236799526,179,51.46659254467775,6,1,350,9
2420,50.727653445934486,52.048478290059855,179,51.38806586799717,6,1,350,9
2421,50.64431573279739,51.97333784923758,179,51.30882679101748,6,1,350,9
2422,50.560129295199495,51.89777079835995,179,51.22895004677972,6,1,350,9
2423,50.475180769338266,51.8218514062654,179,51.14851608780184,6,1,350,9
2424,50.389562296438186,51.745656125171884,178,51.06760921080503,6,1,350,9
2425,50.30337050683166,51.66926165367047,178,50.986316080251065,6,1,350,9
2426,50.21670609968986,51.59274358924114,179,50.9047248444655,6,1,350,9
2427,50.12967362675533,51.516175278968525,179,50.822924452861926,6,1,350,9
2428,50.04238099081666,51.439626769750944,179,50.7410038802838,6,1,350,9
2429,49.954938072060074,51.36316405193044,179,50.65905106199526,6,1,350,9
2430,49.86745457815686,51.28684859525665,179,50.577151586706755,6,1,350,9
2431,49.780037896690125,51.210736981094,179,50.49538743889207,6,1,350,9
2432,49.69279133837974,51.13488062991223,179,50.41383598414599,6,1,350,9
2433,49.60581276945084,51.0593258182359,179,50.33256929384337,6,1,350,9
2434,49.51919324139358,50.984113984250456,179,50.25165361282202,6,1,350,9
2435,49.433014836288784,50.909282126283465,179,50.171148481286124,6,1,350,9
2436,49.347347823834866,50.834863195975444,179,50.091105509905155,6,1,350,9
2437,49.26224810420509,50.76088648554492,179,50.01156729487501,6,1,350,9
2438,49.17775542334495,50.687377813555116,179,49.93256661845003,6,1,350,9
2439,49.093892359836275,50.61435911858797,179,49.85412573921212,6,1,350,9
2440,49.010664082712196,50.54184765550467,180,49.77625586910843,6,1,350,9
2441,48.928058879879636,50.46985557425056,180,49.698957227065094,6,1,350,9
2442,48.84604945706847,50.398390076006386,180,49.62221976653743,6,1,350,9
2443,48.764595007479926,50.32745375633681,179,49.54602438190837,6,1,350,9
2444,48.683643564853874,50.25704484261379,180,49.47034420373383,6,1,350,9
2445,48.603133665192985,50.18715713061573,180,49.39514539790436,6,1,350,9
2446,48.52299531794557,50.11777962033054,180,49.320387469138055,6,1,350,9
2447,48.44315126298661,50.04889604611902,180,49.246023654552815,6,1,350,9
2448,48.36351880709046,49.98048469155713,180,49.1720017493238,6,1,350,9
2449,48.284011850921146,49.91251907444212,180,49.09826546268164,6,1,350,9
2450,48.20454291273959,49.84496930722823,180,49.02475610998391,6,1,350,9
2451,48.12502515017052,49.777803157929114,180,48.951414154049814,6,1,350,9
2452,48.04537379615624,49.710986616869725,180,48.87818020651298,6,1,350,9
2453,47.96550583998184,49.644484555001235,180,48.804995197491536,6,1,350,9
2454,47.885338734991215,49.5782614743007,180,48.731800104645956,6,1,350,9
2455,47.80479086534649,49.51228176557577,180,48.658536315461134,6,1,350,9
2456,47.72378416326629,49.44650957176572,180,48.585146867516,6,1,350,9
2457,47.642246927250106,49.38090903759709,180,48.5115779824236,6,1,350,9
2458,47.560115867115876,49.315445043691035,181,48.437780455403455,6,1,350,9
2459,47.477337376961295,49.2500838404539,181,48.36371060870759,6,1,350,9
2460,47.393868134562325,49.184793289679355,181,48.289330712120844,6,1,350,9
2461,47.30967522310512,49.11954271437938,181,48.21460896874225,6,1,350,9
2462,47.224736263609074,49.0543025524185,180,48.13951940801378,6,1,350,9
2463,47.139040338855224,48.989044204583344,180,48.06404227171929,6,1,350,9
2464,47.052589319018544,48.923740175093336,180,47.98816474705594,6,1,350,9
2465,46.96539802857661,48.858364309933556,180,47.91188116925508,6,1,350,9
2466,46.877493254460305,48.79289203590114,180,47.835192645180726,6,1,350,9
2467,46.788913155803314,48.72730060076423,180,47.75810687828377,6,1,350,9
2468,46.69970756256345,48.66156931490749,180,47.68063843873547,6,1,350,9
2469,46.60993857721061,48.595679794809946,180,47.602809186010276,6,1,350,9
2470,46.519681088552126,48.529616208680004,180,47.524648648616065,6,1,350,9
2471,46.429023001635585,48.46336552454729,180,47.44619426309144,6,1,350,9
2472,46.33806488994408,48.396917858596176,180,47.36749137427013,6,1,350,9
2473,46.24691867837132,48.33026711900565,181,47.288592898688485,6,1,350,9
2474,46.15570545295695,48.26341175036582,181,47.209558601661385,6,1,350,9
2475,46.064552980874666,48.196354993537966,181,47.130453987206316,6,1,350,9
2476,45.97359303633874,48.12910456344459,181,47.05134879989167,6,1,350,9
2477,45.882958140305135,48.0616721348921,182,46.97231513759861,6,1,350,9
2478,45.79277800455108,47.994072831385054,181,46.89342541796807,6,1,350,9
2479,45.703176653473115,47.926324716753726,181,46.814750685113424,6,1,350,9
2480,45.614270416673406,47.858448289366734,181,46.73635935302007,6,1,350,9
2481,45.526166205177304,47.79046597865815,181,46.658316091917726,6,1,350,9
2482,45.438960069480196,47.72240144857408,181,46.58068075902714,6,1,350,9
2483,45.352736623003516,47.65427831742865,181,46.50350747021608,6,1,350,9
2484,45.2675693294656,47.5861184888815,182,46.426843909173556,6,1,350,9
2485,45.18352106760738,47.5179408739903,182,46.350730970798836,6,1,350,9
2486,45.100644679510935,47.44976069908513,181,46.275202689298034,6,1,350,9
2487,45.01898350154029,47.38158900902473,182,46.200286255282506,6,1,350,9
2488,44.938571779539714,47.313432365600434,182,46.126002072570074,6,1,350,9
2489,44.85943477252363,47.24529313106887,181,46.05236395179625,6,1,350,9
2490,44.78158854431905,47.1771702391727,181,45.97937939174588,6,1,350,9
2491,44.70503963784711,47.10905986838439,181,45.90704975311575,6,1,350,9
2492,44.62978492441034,47.040955919844784,182,45.83537042212756,6,1,350,9
2493,44.55581201803547,46.9728506901957,182,45.76433135411558,6,1,350,9
2494,44.48310025491734,46.9047358369322,182,45.69391804592477,6,1,350,9
2495,44.41162184799891,46.83660344131567,182,45.62411264465729,6,1,350,9
2496,44.341343021925425,46.768446973897994,182,45.55489499791171,6,1,350,9
2497,44.27222512879768,46.7002619677012,182,45.48624354824944,6,1,350,9
2498,44.204225550171,46.632046399145516,183,45.418135974658256,6,1,350,9
2499,44.13729799575295,46.5638009718568,183,45.350549483804876,6,1,350,9
2500,44.07139239453402,46.49552949845805,183,45.283460946496035,6,1,350,9
2501,44.00645515936109,46.42723957541739,183,45.216847367389235,6,1,350,9
2502,43.94243002080463,46.35894335581633,183,45.15068668831048,6,1,350,9
2503,43.87925904100612,46.2906578346839,183,45.08495843784501,6,1,350,9
2504,43.81688341822902,46.22240454916898,183,45.019643983699,6,1,350,9
2505,43.755243692860496,46.154209083446055,183,44.954726388153276,6,1,350,9
2506,43.69427935577996,46.086100573093795,183,44.89018996443688,6,1,350,9
2507,43.6339282501761,46.018111208536084,183,44.82601972935609,6,1,350,9
2508,43.57412615791197,45.95027563955526,183,44.76220089873361,6,1,350,9
2509,43.51480696156216,45.88263008531564,183,44.6987185234389,6,1,350,9
2510,43.45590338312284,45.81521105182775,184,44.635557217475295,6,1,350,9
2511,43.39734791027015,45.748053656290516,184,44.57270078328033,6,1,350,9
2512,43.33907342352319,45.681189947905466,183,44.51013168571433,6,1,350,9
2513,43.28101294013797,45.61464800493694,184,44.447830472537454,6,1,350,9
2514,43.223098768392965,45.54845180752492,184,44.38577528795894,6,1,350,9
2515,43.16526224376273,45.48262110550479,183,44.32394167463376,6,1,350,9
2516,43.107434243109694,45.417171085781526,184,44.26230266444561,6,1,350,9
2517,43.04954569766034,45.35211222910356,184,44.20082896338195,6,1,350,9
2518,42.99152771569725,45.287450356007724,184,44.13948903585249,6,1,350,9
2519,42.93331131605882,45.22318647163566,184,44.07824889384724,6,1,350,9
2520,42.87482687105969,45.15931640932831,184,44.017071640194004,6,1,350,9
2521,42.816003454969525,45.09583066311394,184,43.95591705904173,6,1,350,9
2522,42.75676839174914,45.03271450669181,184,43.894741449220476,6,1,350,9
2523,42.69704739331253,44.969948204002264,184,43.8334977986574,6,1,350,9
2524,42.63676519191218,44.90750731161497,183,43.77213625176358,6,1,350,9
2525,42.575846082572184,44.845363268305356,184,43.71060467543877,6,1,350,9
2526,42.51421437674336,44.783484077116775,183,43.64884922693007,6,1,350,9
2527,42.45179535359552,44.7218344951268,183,43.586814924361164,6,1,350,9
2528,42.388516612581,44.66037592649064,184,43.524446269535815,6,1,350,9
2529,42.324309048108795,44.599066994685515,184,43.46168802139715,6,1,350,9
2530,42.259107349912135,44.53786498963299,184,43.39848616977257,6,1,350,9
2531,42.19285061542112,44.47672760511878,184,43.33478911026995,6,1,350,9
2532,42.12548336777353,44.415614284401116,184,43.27054882608732,6,1,350,9
2533,42.05695698040623,44.354486394348825,184,43.205721687377526,6,1,350,9
2534,41.98723131400281,44.29330632627259,185,43.140268820137706,6,1,350,9
2535,41.91627617638551,44.23203649943236,185,43.07415633790893,6,1,350,9
2536,41.844072020740235,44.17063885304156,185,43.0073554368909,6,1,350,9
2537,41.77060910234683,44.10907502243769,184,42.93984206239226,6,1,350,9
2538,41.695885581812355,44.047306809864835,185,42.87159619583859,6,1,350,9
2539,41.619906330641335,43.98529597509029,185,42.80260115286581,6,1,350,9
2540,41.54268273179579,43.923003151373926,185,42.73284294158486,6,1,350,9
2541,41.46423230473344,43.86038647261045,185,42.66230938867194,6,1,350,9
2542,41.38457795967776,43.79740059503502,185,42.59098927735639,6,1,350,9
2543,41.303747661146225,43.73399689446959,185,42.51887227780791,6,1,350,9
2544,41.22177440283855,43.67012503489129,185,42.445949718864924,6,1,350,9
2545,41.138695518068324,43.605735518903955,184,42.372215518486144,6,1,350,9
2546,41.054551812915015,43.54078244057707,184,42.29766712674604,6,1,350,9
2547,40.969388472273764,43.47522527096596,184,42.222306871619864,6,1,350,9
2548,40.883257348015974,43.40902967701579,184,42.14614351251588,6,1,350,9
2549,40.79621789749779,43.34216854491247,184,42.069193221205126,6,1,350,9
2550,40.70833686913203,43.27462350101954,184,41.99148018507579,6,1,350,9
2551,40.6196896602022,43.20638634559742,184,41.91303800289981,6,1,350,9
2552,40.53036324833037,43.137460106973116,184,41.83391167765174,6,1,350,9
2553,40.44045757422393,43.067859716280154,184,41.75415864525204,6,1,350,9
2554,40.350085081721915,42.99761220517303,184,41.67384864344747,6,1,350,9
2555,40.259370949538,42.92675623119499,184,41.5930635903665,6,1,350,9
2556,40.16845430555484,42.8553411254602,185,41.511897715507516,6,1,350,9
2557,40.07748847097569,42.78342604729884,185,41.43045725913726,6,1,350,9
2558,39.98664003708477,42.711079537713275,185,41.34885978739902,6,1,350,9
2559,39.8960883328113,42.638379470703,185,41.26723390175715,6,1,350,9
2560,39.806025378037305,42.56541310877433,185,41.18571924340581,6,1,350,9
2561,39.71665495434218,42.49227667621167,185,41.104465815276924,6,1,350,9
2562,39.62819098527375,42.41907425368029,185,41.02363261947702,6,1,350,9
2563,39.54085697864498,42.345916187731746,185,40.943386583188364,6,1,350,9
2564,39.45488672259402,42.27291750128642,185,40.86390211194022,6,1,350,9
2565,39.370524866390184,42.200197083692586,185,40.785360975041385,6,1,350,9
2566,39.28802708972199,42.127877658572885,185,40.70795237414744,6,1,350,9
2567,39.20766063694912,42.05608574729464,185,40.63187319212188,6,1,350,9
2568,39.12970501725242,41.98495143107357,185,40.557328224162994,6,1,350,9
2569,39.05445169606133,41.9146082998964,185,40.48452999797887,6,1,350,9
2570,38.982203066006555,41.84519358623278,185,40.41369832611967,6,1,350,9
2571,38.9132724485168,41.77684809129249,185,40.34506026990465,6,1,350,9
2572,38.847985511491096,41.70971609675851,185,40.2788508041248,6,1,350,9
2573,38.7866821227879,41.643946040100644,185,40.215314081444276,6,1,350,9
2574,38.72971804921192,41.57969195121646,185,40.15470500021419,6,1,350,9
2575,38.677466300594816,41.51711486777799,185,40.0972905841864,6,1,350,9
2576,38.63031811340362,41.45638383672233,185,40.04335097506298,6,1,350,9
2577,38.58868376312701,41.397676499365296,186,39.99318013124615,6,1,350,9
2578,38.552993394402776,41.341179550102694,186,39.947086472252735,6,1,350,9
2579,38.52369805754897,41.28708965113836,186,39.905393854343664,6,1,350,9
2580,38.50127084724191,41.235614702782364,185,39.86844277501214,6,1,350,9
2581,38.48620774614997,41.18697468595397,185,39.83659121605197,6,1,350,9
2582,38.479027775986346,41.141401878566604,185,39.810214827276475,6,1,350,9
2583,38.48027205808887,41.09914083250348,186,39.789706445296176,6,1,350,9
2584,38.490502068041664,41.06044830262693,185,39.7754751853343,6,1,350,9
2585,38.51029805127304,41.025593123998114,186,39.76794558763558,6,1,350,9
2586,38.54025788349453,40.994855838229505,186,39.767556860862015,6,1,350,9
2587,38.580995976798896,40.968527674641976,186,39.77476182572043,6,1,350,9
2588,38.633142124559306,40.94690878432034,186,39.79002545443983,6,1,350,9
2589,38.69734047061456,40.93030591760053,186,39.81382319410754,6,1,350,9
2590,38.77424830030479,40.91903002800871,186,39.846639164156755,6,1,350,9
2591,38.86453386302081,40.91339457819289,186,39.88896422060685,6,1,350,9
2592,38.96887350863771,40.91371464054673,186,39.94129407459222,6,1,350,9
2593,39.08794949294238,40.92030620241128,186,40.00412784767683,6,1,350,9
2594,39.22244824644563,40.93348528078848,187,40.077966763617056,6,1,350,9
2595,39.37305734028543,40.953566646563,186,40.163311993424216,6,1,350,9
2596,39.540461040993286,40.980862348386,187,40.260661694689645,6,1,350,9
2597,39.72533600400847,41.01568061654977,187,40.37050831027912,6,1,350,9
2598,39.928347290370326,41.05832523953148,187,40.4933362649509,6,1,350,9
2599,40.15014352563031,41.10909501824989,187,40.6296192719401,6,1,350,9
2600,40.39135138571788,41.168283098223284,187,40.779817241970584,6,1,350,9
2601,40.65257096026122,41.23617617497056,187,40.94437356761589,6,1,350,9
2602,40.934371886079546,41.31305347054735,187,41.12371267831345,6,1,350,9
2603,41.23728848585281,41.39918528167206,187,41.31823688376244,6,1,350,9
2604,41.5618137080453,41.49483099756336,186,41.52832235280433,6,1,350,9
2605,41.90839322530811,41.60023658330145,186,41.75431490430478,6,1,350,9
2606,42.27741968370977,41.71563181729565,186,41.99652575050271,6,1,350,9
2607,42.66922573036118,41.841227864248864,186,42.25522679730502,6,1,350,9
2608,43.0840763985876,41.97721508250871,186,42.53064574054815,6,1,350,9
2609,43.522163381491566,42.12376028223302,187,42.822961831862294,6,1,350,9
2610,43.98360060459286,42.28100333388462,187,43.13230196923874,6,1,NA,NA
2611,44.46841738816843,42.449053709700856,187,43.45873554893464,6,1,NA,NA
2612,44.976548709881314,42.627987248597044,186,43.802267979239176,6,1,NA,NA
2613,45.50782529836399,42.817843142827876,186,44.16283422059593,6,1,NA,NA
2614,46.061964729292974,43.01862143786184,185,44.54029308357741,6,1,NA,NA
2615,46.638563136507535,43.23028163009866,185,44.9344223833031,6,1,NA,NA
2616,47.237088030331286,43.452741972285686,184,45.344915001308486,6,1,NA,NA
2617,47.85687359498633,43.68587812173964,184,45.77137585836299,6,1,NA,NA
2618,48.497118375914795,43.929521132660064,184,46.213319754287426,6,1,NA,NA
2619,49.15688380682102,44.18345616002158,184,46.6701699834213,6,1,NA,NA
2620,49.835093881561036,44.447422560457305,183,47.14125822100917,6,1,NA,NA
2621,50.53053813133901,44.721115393485434,183,47.62582676241222,6,1,NA,NA
2622,51.24187831412653,45.00418813205575,182,48.12303322309114,6,1,NA,NA
2623,51.967657469627035,45.29625619699584,182,48.631956833311435,6,1,NA,NA
2624,52.70631097045211,45.59690093059022,181,49.151605950521166,6,1,NA,NA
2625,53.456180177383175,45.90567362512745,181,49.68092690125531,6,1,NA,NA
2626,54.21552843042204,46.22209980799253,180,50.21881411920728,6,1,NA,NA
2627,54.98255823095304,46.545684570560326,180,50.76412140075668,6,1,NA,NA
2628,55.75542905675902,46.87591885070963,179,51.315673953734326,6,1,NA,NA
2629,56.53227583778897,47.21228570125943,178,51.8722807695242,6,1,NA,NA
2630,57.31122792617718,47.554266064543945,178,52.43274699536056,6,1,NA,NA
2631,58.09042819932891,47.901344061163634,177,52.99588613024628,6,1,NA,NA
2632,58.86805183743027,48.253011508356444,176,53.56053167289336,6,1,NA,NA
2633,59.64232421898834,48.60877109076024,175,54.125547654874296,6,1,NA,NA
2634,60.41153727998182,48.968138191468725,174,54.68983773572528,6,1,NA,NA
2635,61.174063583902786,49.33064197636461,173,55.2523527801337,6,1,NA,NA
2636,61.92836783662835,49.6958260319033,172,55.812096934265824,6,1,NA,NA
2637,62.67301606650175,50.06324856368982,171,56.368132315095785,6,1,NA,NA
2638,63.40668249350352,50.43248206543066,169,56.91958227946709,6,1,NA,NA
2639,64.12815391475101,50.80311227007876,168,57.46563309241489,6,1,NA,NA
2640,64.8363317245257,51.174736487387236,166,58.00553410595647,6,1,NA,NA
2641,65.53023197791839,51.546961724500555,164,58.538596851209476,6,1,NA,NA
2642,66.20898390538744,51.91940308356865,162,59.06419349447805,6,1,NA,NA
2643,66.87182728372537,52.29168302775179,161,59.58175515573858,6,1,NA,NA
2644,67.51810906717932,52.66343142409283,159,60.09077024563608,6,1,NA,NA
2645,68.14727968075891,53.034285588854466,157,60.590782634806686,6,1,NA,NA
2646,68.75888918103823,53.403889853410924,156,61.08138951722458,6,1,NA,NA
2647,69.35258329308853,53.771894461278414,154,61.562238877183475,6,1,NA,NA
2648,69.92809923305835,54.13795399691893,152,62.03302661498864,6,1,NA,NA
2649,70.4852611268612,54.501725937017575,151,62.49349353193939,6,1,NA,NA
2650,71.0239749315568,54.86286971978228,150,62.94342232566954,6,1,NA,NA
2651,71.54422286221022,55.2210465326827,149,63.38263469744646,6,1,NA,NA
2652,72.04605732574754,55.57591982394103,149,63.81098857484429,6,1,NA,NA
2653,72.52959436214768,55.92715634798672,148,64.2283753550672,6,1,NA,NA
2654,72.99500668974696,56.2744276525869,148,64.63471717116693,6,1,NA,NA
2655,73.4425165479715,56.61741201284916,147,65.02996428041033,6,1,NA,NA
2656,73.8723886274726,56.95579671967139,147,65.414092673572,6,1,NA,NA
2657,74.28492347441026,57.2892805325628,147,65.78710200348652,6,1,NA,NA
2658,74.68045155986947,57.61757630169697,146,66.14901393078321,6,1,NA,NA
2659,75.05932800973572,57.94041395895678,145,66.499870984346245,6,1,NA,NA
2660,75.4219278923702,58.25754378488948,144,66.83973583862985,6,1,NA,NA
2661,75.76864186352257,58.568739565603046,143,67.16869071456281,6,1,NA,NA
2662,76.09987226021276,58.87380105825036,142,67.48683665923156,6,1,NA,NA
2663,76.41603002767383,59.172554988318225,141,67.79429250799603,6,1,NA,NA
2664,76.71753247310092,59.46485458183857,141,68.09119352746974,6,1,NA,NA
2665,77.00480144965262,59.750578415523314,140,68.37768993258797,6,1,NA,NA
2666,77.27826186666317,60.02962917234862,140,68.6539455195059,6,1,NA,NA
2667,77.53834071456521,60.301932694651214,140,68.92013670460821,6,1,NA,NA
2668,77.78546640282805,60.56743733626649,139,69.17645186954726,6,1,NA,NA
2669,78.02006781903822,60.82611322472023,139,69.42309052187923,6,1,NA,NA
2670,78.24257300490048,61.07795104413134,138,69.6602620245159,6,1,NA,NA
2671,78.453407832605,61.322959949142906,138,69.88818389087395,6,1,NA,NA
2672,78.65299486996982,61.56116490265846,138,70.10707988631414,6,1,NA,NA
2673,78.8417524277514,61.792604412648906,137,70.31717842020015,6,1,NA,NA
2674,79.02009397761478,62.01732915534477,136,70.51871156647977,6,1,NA,NA
2675,79.18842832436833,62.23540148420876,136,70.71191490428855,6,1,NA,NA
2676,79.34716033092268,62.446895336207554,135,70.89702783356512,6,1,NA,NA
2677,79.49669140928678,62.651895559037655,135,71.07429348416221,6,1,NA,NA
2678,79.63741957621515,62.85049626801333,134,71.24395792211425,6,1,NA,NA
2679,79.76973945741413,63.042798426391926,134,71.40626894190302,6,1,NA,NA
2680,79.89404223409585,63.228907623063336,134,71.5614749285796,6,1,NA,NA
2681,80.01071513554882,63.408933801712145,134,71.70982446863049,6,1,NA,NA
2682,80.12014047161686,63.58299284226354,134,71.85156665694021,6,1,NA,NA
2683,80.2226945892089,63.75120804213149,133,71.9869513156702,6,1,NA,NA
2684,80.31874694196802,63.91371071515528,133,72.11622882856165,6,1,NA,NA
2685,80.40865926724865,64.07064029646132,131,72.23964978185498,6,1,NA,NA
2686,80.49278476709942,64.22214434135044,130,72.35746455422493,6,1,NA,NA
2687,80.57146709251121,64.36837880617081,129,72.46992294934101,6,1,NA,NA
2688,80.64503912541922,64.50950841378847,128,72.57727376960383,6,1,NA,NA
2689,80.71382174819159,64.64570632091768,128,72.67976403455464,6,1,NA,NA
2690,80.77812269296294,64.7771528896713,127,72.77763779131712,6,1,NA,NA
2691,80.83823546581374,64.9040339507965,127,72.87113470830512,6,1,NA,NA
2692,80.89443853607327,65.02653894594553,126,72.9604887410094,6,1,NA,NA
2693,80.94699517631516,65.14485933623908,125,73.04592725627711,6,1,NA,NA
2694,80.99615375362957,65.25918717664237,125,73.12767046513596,6,1,NA,NA
2695,81.0421476877744,65.36971326796247,125,73.205930477868435,6,1,NA,NA
2696,81.08519497479422,65.47662498101965,125,73.28090997790693,6,1,NA,NA
2697,81.1254978576826,65.58010453031886,125,73.35280119400073,6,1,NA,NA
2698,81.1632430308392,65.68032818199686,124,73.42178560641803,6,1,NA,NA
2699,81.19860257025019,65.7774665882943,125,73.48803457927224,6,1,NA,NA
2700,81.23173529385639,65.87168556304113,124,73.55171042844876,6,1,NA,NA
2701,81.26278776909692,65.96314573488334,124,73.61296675199013,6,1,NA,NA
2702,81.291894672527,66.0520009781231,123,73.67194782532505,6,1,NA,NA
2703,81.31917879184215,66.13839698419353,122,73.72878788801785,6,1,NA,NA
2704,81.34475115589366,66.22247045906477,121,73.78361080747922,6,1,NA,NA
2705,81.36871158338512,66.30434855417042,121,73.83653006877776,6,1,NA,NA
2706,81.39114935591343,66.3841482361182,121,73.88764879601581,6,1,NA,NA
2707,81.4121437211985,66.46197539813357,121,73.93705955966604,6,1,NA,NA
2708,81.43176442016869,66.53792380895392,121,73.9848441145613,6,1,NA,NA
2709,81.4500725292386,66.61207428767185,120,74.03107340845523,6,1,NA,NA
2710,81.46712171422038,66.68449449322173,119,74.07580810372106,6,1,NA,NA
2711,81.48295989493512,66.75523971740776,119,74.11909980617145,6,1,NA,NA
2712,81.49763112460228,66.8243542902607,118,74.16099270743149,6,1,NA,NA
2713,81.51117729307175,66.89187242639028,118,74.20152485973102,6,1,NA,NA
2714,81.52363955565438,66.95781831656299,117,74.2407289361087,6,1,NA,NA
2715,81.5350596819727,67.02220624428702,116,74.27863296312987,6,1,NA,NA
2716,81.54548122665061,67.08504101963308,116,74.31526112314185,6,1,NA,NA
2717,81.5549501310379,67.14631853496367,116,74.35063433300078,6,1,NA,NA
2718,81.56351475528508,67.20602634495546,116,74.38477055012027,6,1,NA,NA
2719,81.57122573019464,67.26414427100428,116,74.41768500059946,6,1,NA,NA
2720,81.5781356280951,67.32064473758706,116,74.44939018284109,6,1,NA,NA
2721,81.58429806180708,67.37549225563379,115,74.47989515872044,6,1,NA,NA
2722,81.589766405959665,67.42864215087954,116,74.5092042784196,6,1,NA,NA
2723,81.59459292011675,67.48003931809157,116,74.53731611910416,6,1,NA,NA
2724,81.59882837042305,67.52961768465119,115,74.56422302753711,6,1,NA,NA
2725,81.602521563742215,67.5773009695694,115,74.5899112666558,6,1,NA,NA
2726,81.60571869596302,67.62300454388279,114,74.6143616199229,6,1,NA,NA
2727,81.60846290385969,67.66663741823209,114,74.63755016104588,6,1,NA,NA
2728,81.61079421486103,67.70810406631425,114,74.65944914058764,6,1,NA,NA
2729,81.61274989405526,67.74730647575677,113,74.680028184906,6,1,NA,NA
2730,81.61436509026753,67.78414633034575,114,74.69925571030663,6,1,NA,NA
2731,81.61567358555189,67.8185267398907,113,74.7171001627213,6,1,NA,NA
2732,81.61670835493575,67.85035351925427,114,74.73353093709501,6,1,NA,NA
2733,81.6175015457423,67.87953660329345,113,74.74851907451787,6,1,NA,NA
2734,81.61808407104785,67.90599169670713,113,74.7620378838775,6,1,NA,NA
2735,81.61848559706208,67.92964177000945,114,74.77406368353576,6,1,NA,NA
2736,81.61873502148475,67.95041830538975,113,74.78457666343725,6,1,NA,NA
2737,81.61886085715723,67.96826248873782,113,74.79356167294753,6,1,NA,NA
2738,81.61889132548329,67.98312634890945,113,74.80100883719638,6,1,NA,NA
2739,81.61885435424514,67.99497365008446,114,74.8069140021648,6,1,NA,NA
2740,81.61877757690999,68.00378044041562,114,74.81127900866281,6,1,NA,NA
2741,81.6186883329914,68.00953525749995,114,74.81411179524568,6,1,NA,NA
2742,81.61861366903415,68.01223908857291,114,74.81542637880352,6,1,NA,NA
