time,smo2_dom,smo2_ndom,heart_rate,smo2_avg,participant_id,session,power,lap
0,51.800740323434205,75.95987378064537,90,63.88030705203978,8,3,90,1
1,51.7660753788563,75.90999781379016,91,63.83803659632323,8,3,90,1
2,51.72600529191911,75.86045893557883,93,63.79323211374897,8,3,90,1
3,51.68061180148666,75.8112819966362,95,63.74594689906143,8,3,90,1
4,51.63000095904447,75.76248797510445,96,63.696244467074465,8,3,90,1
5,51.5743017879959,75.71409630453594,94,63.644199046265925,8,3,90,1
6,51.513665511898715,75.66612670815789,97,63.589896110028306,8,3,90,1
7,51.448264764404705,75.61860112437678,99,63.53343294439074,8,3,90,1
8,51.37829258345443,75.57154582072788,100,63.47491920209116,8,3,90,1
9,51.30396099196561,75.52499330578259,100,63.4144771488741,8,3,90,1
10,51.22549896695692,75.47898355091742,98,63.35224125893717,8,3,90,1
11,51.14314950121056,75.43356393621261,100,63.28835671871158,8,3,90,1
12,51.057165363772356,75.38878772477074,100,63.222976544271546,8,3,90,1
13,50.96780306783649,75.34471125976954,101,63.15625716380302,8,3,90,1
14,50.87531445688009,75.30138998098289,100,63.08835221893149,8,3,90,1
15,50.77993785585599,75.25887325996635,100,63.01940555791117,8,3,90,1
16,50.681891709716275,75.21719795554667,101,62.949544832631474,8,3,90,1
17,50.58136699918787,75.17638049377865,101,62.878873746483265,8,3,90,1
18,50.47851433387953,75.13640815460667,101,62.8074612442431,8,3,90,1
19,50.373430986844674,75.09723112566012,104,62.73533105625239,8,3,90,1
20,50.26615313535883,75.05875639636675,105,62.66245476586279,8,3,90,1
21,50.15665252616034,75.02084407843891,105,62.58874830229963,8,3,90,1
22,50.04483697940092,74.98330634928422,105,62.514071664342566,8,3,90,1
23,49.93055482927875,74.94590882544584,105,62.438231827362294,8,3,90,1
24,49.81360252244942,74.90837417390595,104,62.360988348177685,8,3,90,1
25,49.69373459622459,74.8703877697959,106,62.28206118301024,8,3,90,1
26,49.57067525937066,74.8316052097323,107,62.20114023455148,8,3,90,1
27,49.444130994025635,74.7916614905892,107,62.117896242307424,8,3,90,1
28,49.313803792781584,74.75018127378658,108,62.03199253328408,8,3,90,1
29,49.17940435264455,74.70678926530904,107,61.9430968089768,8,3,90,1
30,49.04066425504677,74.66111993692964,107,61.8508920959882,8,3,90,1
31,48.89734655110863,74.61282600922,107,61.75508628016432,8,3,90,1
32,48.749254561185154,74.56158540937743,107,61.65541998528129,8,3,90,1
33,48.59623898986939,74.50710670921944,106,61.55167284954442,8,3,90,1
34,48.43820374962467,74.44913324339392,106,61.44366849650929,8,3,90,1
35,48.27511039778698,74.38744630246383,109,61.3312783501254,8,3,90,1
36,48.1069806031577,74.3218674048545,109,61.214424004006105,8,3,90,1
37,47.9338967403032,74.25225926093069,109,61.09307800061694,8,3,90,1
38,47.75600139153484,74.17852533444544,108,60.96726336299014,8,3,90,1
39,47.573496145445645,74.10060819856342,108,60.83705217200453,8,3,90,1
40,47.38663968978808,74.01848707812135,107,60.70256338395472,8,3,90,1
41,47.19574470786774,73.93217516427052,106,60.563959936069125,8,3,90,1
42,47.00117259905237,73.8417169944616,105,60.42144479675699,8,3,90,1
43,46.80332631116882,73.74718589758619,106,60.275256104377505,8,3,90,1
44,46.60264283981397,73.64868150360007,106,60.12566217170702,8,3,90,1
45,46.39958626618686,73.54632731650321,104,59.972956791345034,8,3,90,1
46,46.19464152174089,73.44026873929127,103,59.81745513051608,8,3,90,1
47,45.988308677390584,73.33067232926794,103,59.659490503329266,8,3,90,1
48,45.781097164542395,73.21772618391167,103,59.499411674227034,8,3,90,1
49,45.57351953003967,73.10164047930644,102,59.33758000467306,8,3,90,1
50,45.36608452202664,72.98264796312549,103,59.17436624257606,8,3,90,1
51,45.15929018154452,72.86100449644213,103,59.01014733899333,8,3,90,1
52,44.95361849258428,72.73698876290172,100,58.845303627743,8,3,90,1
53,44.74953158286919,72.61090055603398,101,58.68021606945159,8,3,90,1
54,44.547467907272164,72.48305725021976,100,58.51526257874596,8,3,90,1
55,44.34783830914639,72.35378806050247,101,58.35081318482443,8,3,90,1
56,44.15102331828087,72.22342754938862,102,58.18722543383474,8,3,90,1
57,43.95737177662632,72.09230954600945,102,58.02484066131788,8,3,90,1
58,43.76719961541154,71.96076108232694,102,57.86398034886924,8,3,90,1
59,43.58078848560841,71.82909663382166,102,57.704942559715036,8,3,90,1
60,43.39838482206282,71.69761383004825,102,57.54799932605554,8,3,90,1
61,43.22019953197897,71.56659141049326,102,57.39339547123612,8,3,90,1
62,43.046408108826824,71.43628776297533,103,57.241347935901075,8,3,90,1
63,42.87715097329794,71.30693828456747,103,57.0920446289327,8,3,90,1
64,42.71253384348894,71.17875312162478,104,56.94564348255686,8,3,90,1
65,42.55262813212607,71.05191665080022,103,56.80227239146315,8,3,90,1
66,42.3974715642715,70.9265880150148,103,56.66202978964315,8,3,90,1
67,42.24706930700357,70.80290232133515,104,56.52498581416936,8,3,90,1
68,42.101396000601525,70.68097279087297,101,56.39118439573725,8,3,90,1
69,41.96039888620999,70.56089424873907,101,56.26064656747453,8,3,90,1
70,41.82400203036941,70.44274736703572,102,56.13337469870257,8,3,90,1
71,41.69211086690518,70.32660209877166,101,56.00935648283842,8,3,90,1
72,41.564615496714985,70.21251991126324,102,55.88856770398911,8,3,90,1
73,41.4413927469043,70.10055559821413,102,55.770974172559214,8,3,90,1
74,41.322308551579354,69.99075905965054,103,55.65653380561495,8,3,90,1
75,41.20722114389123,69.88317704884332,104,55.54519909636728,8,3,90,1
76,41.095984476168795,69.777854300202,105,55.436919388185395,8,3,90,1
77,40.988451285096424,69.67483286695794,108,55.33164207602718,8,3,90,1
78,40.884475218962116,69.57415005808684,107,55.229312638524476,8,3,90,1
79,40.78391212679709,69.47583692456136,110,55.12987452567923,8,3,90,1
80,40.68662129198957,69.37991836727966,109,55.03326982963461,8,3,90,1
81,40.59246690522757,69.28641506128591,107,54.93944098325674,8,3,90,1
82,40.50131997402688,69.1953465131209,107,54.84833324357389,8,3,90,1
83,40.413061646321665,69.10673388541045,106,54.75989776586606,8,3,90,1
84,40.32758814517649,69.0206021006637,106,54.67409512292009,8,3,90,1
85,40.24481546322213,68.93698083379138,105,54.59089814850675,8,3,90,1
86,40.164682257803,68.85590468557723,104,54.51029347169012,8,3,90,1
87,40.08715104566775,68.7774146824703,105,54.43228286406902,8,3,90,1
88,40.01220789323017,68.70156158982572,106,54.35688474152794,8,3,90,1
89,39.93986089559503,68.62840908716694,105,54.28413499138099,8,3,90,1
90,39.87013822486492,68.5580353415929,105,54.21408678322891,8,3,90,1
91,39.80308594269198,68.49053219803767,104,54.146809070364824,8,3,90,1
92,39.73876518651645,68.42600227778414,104,54.08238373215029,8,3,90,1
93,39.67724872879494,68.36455534933677,97,54.02090203906586,8,3,90,1
94,39.61861729842706,68.30630553067581,98,53.96246141455144,8,3,90,1
95,39.562955760809224,68.25137107687581,92,53.907163418842515,8,3,90,1
96,39.51034896022134,68.1998758734649,93,53.85511241684313,8,3,90,1
97,39.46087771094847,68.15194912230398,95,53.80641341662623,8,3,90,1
98,39.414616106296535,68.10772253530419,96,53.76116932080036,8,3,90,1
99,39.37163053440515,68.06732717985076,97,53.71947885712795,8,3,90,1
100,39.331980009543486,68.03089124188985,91,53.68143562571667,8,3,90,1
101,39.29571713508863,67.99853860707753,92,53.647127871083086,8,3,90,1
102,39.26288872189991,67.97038669739138,93,53.616637709645644,8,3,90,1
103,39.23353576865228,67.94654248838681,94,53.59003912851955,8,3,90,1
104,39.20769319353422,67.9270976806773,94,53.56739543710576,8,3,90,1
105,39.18538921913659,67.91212312154987,95,53.548756170343225,8,3,90,1
106,39.16664382478487,67.90166271220613,96,53.5341532684955,8,3,90,1
107,39.151466656037165,67.89572897325716,95,53.52359781464716,8,3,90,1
108,39.13985546394626,67.89430054649807,97,53.51707800522217,8,3,90,1
109,39.13179419610292,67.89731998858625,98,53.51455709234459,8,3,90,1
110,39.127249081386736,67.90469134141868,99,53.51597021140271,8,3,90,1
111,39.12616417177615,67.91627763339653,101,53.52122090258634,8,3,90,1
112,39.12845917035519,67.93189831309397,101,53.53017874172458,8,3,90,1
113,39.13402954640317,67.95132677076148,100,53.542678158582326,8,3,90,1
114,39.142747280696014,67.97428977583508,101,53.558518528265544,8,3,90,1
115,39.154462242644684,68.00047187156964,101,53.577467057107164,8,3,90,1
116,39.1690055667665,68.02952491217512,102,53.59926523947081,8,3,90,1
117,39.18619473819123,68.06108053184113,103,53.62363763501618,8,3,90,1
118,39.20583843905896,68.09476217898738,102,53.650300309023166,8,3,90,1
119,39.22774057339803,68.13019360018147,103,53.678967086789754,8,3,90,1
120,39.251704253731276,68.16700729086828,102,53.70935577229978,8,3,90,1
121,39.27753565490383,68.20485682021607,103,53.74119623755995,8,3,90,1
122,39.30504676280962,68.24342786624587,102,53.77423731452774,8,3,90,1
123,39.334057118559365,68.28244308969276,102,53.80825010412606,8,3,90,1
124,39.364395731455275,68.32166299728348,103,53.84302936436938,8,3,90,1
125,39.39590316356999,68.36088572487799,102,53.878394444223986,8,3,90,1
126,39.4284326181299,68.39994642698011,103,53.914189522555006,8,3,90,1
127,39.46184983910734,68.438716275772,105,53.95028305743966,8,3,90,1
128,39.496032604614605,68.47710116978863,105,53.98656688720162,8,3,90,1
129,39.53087010881005,68.51504034932469,104,54.02295522906737,8,3,90,1
130,39.56626203914945,68.55250452990235,104,54.0593832845259,8,3,90,1
131,39.6021175457982,68.5894925793898,103,54.095805062593996,8,3,90,1
132,39.638354690014864,68.62602712939676,104,54.13219090970581,8,3,90,1
133,39.67490027538882,68.66215087665827,104,54.16852557602355,8,3,90,1
134,39.711689282895726,68.697923476554,105,54.20480637972486,8,3,90,1
135,39.74866381337798,68.73341707740491,104,54.24104044539145,8,3,90,1
136,39.78577212371041,68.76871078726616,103,54.27724145548828,8,3,90,1
137,39.82296795264116,68.80388660807888,102,54.31342728036002,8,3,90,1
138,39.860209942041564,68.83902683596372,103,54.34961838900264,8,3,90,1
139,39.89746115429156,68.8742103904205,102,54.38583577235603,8,3,90,1
140,39.93468888152872,68.90950846133691,102,54.42209867143282,8,3,90,1
141,39.97186464979943,68.9449827889002,102,54.45842371934982,8,3,90,1
142,40.00896402846451,68.98068618517105,103,54.494825106817785,8,3,90,1
143,40.04596624530135,69.01666119977378,103,54.53131372253756,8,3,90,1
144,40.08285399783757,69.05293702641764,104,54.567895512127606,8,3,90,1
145,40.119613461245414,69.08952894124405,104,54.60457120124474,8,3,90,1
146,40.15623410292386,69.12644085777113,103,54.641337480347495,8,3,90,1
147,40.1927085966003,69.16366787698648,103,54.67818823679339,8,3,90,1
148,40.2290338114898,69.20119805222097,104,54.71511593185539,8,3,90,1
149,40.2652123889285,69.23901492948363,103,54.75211365920606,8,3,90,1
150,40.301252955764205,69.27710027819464,102,54.78917661697942,8,3,90,1
151,40.33716887692186,69.3154342814749,102,54.82630157919837,8,3,90,1
152,40.372977302693236,69.35399386902569,102,54.863485585859465,8,3,90,1
153,40.40869880316832,69.39275328949921,102,54.900726046333766,8,3,90,1
154,40.44435641910646,69.43168711780196,101,54.938021768454206,8,3,90,1
155,40.47997393385461,69.47077199130393,102,54.97537296257927,8,3,90,1
156,40.515574146245584,69.50998600242839,101,55.01278007433699,8,3,90,1
157,40.55117753426565,69.54930730857902,102,55.05024242142233,8,3,90,1
158,40.58680130916084,69.58871274005136,102,55.087757024606105,8,3,90,1
159,40.62245895721318,69.62817640628016,103,55.12531768174667,8,3,90,1
160,40.65816046399334,69.66766888601737,103,55.162914675005354,8,3,90,1
161,40.693912928262584,69.70715817229564,103,55.20053555027911,8,3,90,1
162,40.72972078506222,69.74661188494287,98,55.238166335002546,8,3,90,1
163,40.76558563787788,69.78599860531216,96,55.27579212159502,8,3,90,1
164,40.80150648011206,69.82528774850016,98,55.31339711430611,8,3,90,1
165,40.837480403374144,69.86444894891784,100,55.35096467614599,8,3,90,1
166,40.873503207368074,69.903451642454,102,55.38847742491104,8,3,90,1
167,40.90956922866057,69.94226523585176,102,55.42591723225617,8,3,90,1
168,40.945669608110045,69.9808595711664,101,55.46326458963823,8,3,90,1
169,40.98178967981628,70.01920471042028,102,55.500497195118285,8,3,90,1
170,41.01790762755223,70.05727013846285,102,55.537588883007544,8,3,90,1
171,41.05399460399252,70.09502455493904,103,55.57450957946578,8,3,90,1
172,41.09001455742622,70.13243625584376,100,55.611225406634986,8,3,90,1
173,41.12592337625862,70.16947293471823,101,55.64769815548843,8,3,90,1
174,41.161668327229194,70.20610090398482,100,55.683884615607006,8,3,90,1
175,41.197188373260936,70.24228490735979,100,55.71973664031036,8,3,90,1
176,41.23241556684797,70.2779885238717,99,55.75520204535984,8,3,90,1
177,41.26727712977627,70.31317399360236,98,55.79022556168931,8,3,90,1
178,41.30169724484108,70.34780136818468,99,55.82474930651288,8,3,90,1
179,41.335598170528655,70.38182796201102,97,55.858713066269836,8,3,90,1
180,41.36890087490818,70.41520839739493,96,55.892054636151556,8,3,90,1
181,41.40152558009308,70.44789485422353,97,55.92471021715831,8,3,90,1
182,41.4333928037304,70.47983723219195,98,55.95661501796118,8,3,90,1
183,41.46442480122309,70.51098322633506,100,55.98770401377907,8,3,90,1
184,41.49454662962048,70.54127890184529,101,56.01791276573289,8,3,90,1
185,41.52368673684237,70.5706701591462,102,56.047178447994284,8,3,90,1
186,41.55177766261652,70.59910430978073,106,56.07544098619863,8,3,90,1
187,41.57875733992352,70.62653098367437,105,56.10264416179895,8,3,90,1
188,41.604571388142226,70.65290256365267,105,56.12873697589745,8,3,90,1
189,41.629175716084816,70.67817453810925,105,56.15367512709703,8,3,90,1
190,41.65253768007545,70.70230577255718,105,56.17742172631631,8,3,90,1
191,41.674635700219454,70.72525850569961,106,56.199947102959534,8,3,90,1
192,41.69545889598569,70.746998070669,104,56.22122848332734,8,3,90,1
193,41.71500703405276,70.76749253709795,105,56.241249785575356,8,3,90,1
194,41.73328981320153,70.78671237210146,109,56.26000109265149,8,3,90,1
195,41.75032529118398,70.80463012067138,106,56.27747770592768,8,3,90,1
196,41.7661380386592,70.82122000841075,105,56.29367902353498,8,3,90,1
197,41.78075711746857,70.83645727196783,105,56.3086071947182,8,3,90,1
198,41.79421349273172,70.85031731511332,104,56.322265403922515,8,3,90,1
199,41.806537073409125,70.8627750809968,104,56.334656077202965,8,3,90,1
200,41.81775416117982,70.87380464096381,104,56.345779401071816,8,3,90,1
201,41.82788579487022,70.88337861016964,104,56.35563220251993,8,3,90,1
202,41.83694718509325,70.89146739040666,104,56.364207287749956,8,3,90,1
203,41.844948141234255,70.89803863075119,104,56.37149338599272,8,3,90,1
204,41.8518941004073,70.90305710158266,105,56.377475600994984,8,3,90,1
205,41.8577870754625,70.906484982481,102,56.38213602897175,8,3,90,1
206,41.86262554657194,70.90828236946315,102,56.38545395801755,8,3,90,1
207,41.86640349143512,70.90840770950777,103,56.387405600471446,8,3,90,1
208,41.86910991965879,70.90681835805182,102,56.38796413885531,8,3,90,1
209,41.87072949663855,70.90347155272536,102,56.387100524681955,8,3,90,1
210,41.871244062044816,70.89832541384665,103,56.384784737945736,8,3,90,1
211,41.870634360374865,70.89133948465808,112,56.38098692251647,8,3,90,1
212,41.868880813374176,70.88247520210305,111,56.375678007738614,8,3,90,1
213,41.865963432157166,70.87169717660846,109,56.36883030438281,8,3,90,1
214,41.86186223487222,70.8589751839215,108,56.36041870939686,8,3,90,1
215,41.856558560373955,70.84428589414976,107,56.35042222726186,8,3,90,1
216,41.85003669297468,70.82761394831192,107,56.3388253206433,8,3,90,1
217,41.84228531086334,70.80895257784138,106,56.32561894435236,8,3,90,1
218,41.8332983682752,70.78830415742843,105,56.31080126285181,8,3,90,1
219,41.823075509118034,70.76568127651683,105,56.294378392817435,8,3,90,1
220,41.811622597368,70.74110823187384,104,56.27636541462092,8,3,90,1
221,41.79895255931591,70.71462216073903,104,56.25678736002747,8,3,90,1
222,41.785086342501444,70.68627361909222,103,56.23567998079683,8,3,90,1
223,41.770053698511354,70.65612699459984,104,56.2130903465556,8,3,90,1
224,41.75389339914301,70.62426094851881,103,56.18907717383091,8,3,90,1
225,41.736652983003204,70.59076888555003,103,56.16371093427662,8,3,90,1
226,41.718388617176196,70.55575935287423,103,56.13707398502521,8,3,90,1
227,41.699165658449964,70.51935617183774,102,56.10926091514385,8,3,90,1
228,41.67906049844194,70.48169830059334,103,56.08037939951764,8,3,90,1
229,41.65816300882452,70.44293962083628,102,56.0505513148304,8,3,90,1
230,41.6365776346856,70.40324903661217,102,56.01991333564888,8,3,90,1
231,41.61442284200195,70.36281146800873,101,55.98861715500534,8,3,90,1
232,41.59183028313094,70.32182934694526,101,55.956829815038105,8,3,90,1
233,41.56894455631165,70.28052324666034,101,55.92473390148599,8,3,90,1
234,41.545923947258544,70.2391315441983,101,55.89252774572842,8,3,90,1
235,41.5229417604383,70.1979100878053,102,55.8604259241218,8,3,90,1
236,41.50018706711969,70.15713167043106,102,55.82865936877538,8,3,90,1
237,41.47786467241421,70.11708472014014,101,55.79747469627718,8,3,90,1
238,41.456193810659705,70.0780709105934,100,55.76713236062655,8,3,90,1
239,41.435402249687606,70.04040051666479,99,55.737901383176194,8,3,90,1
240,41.41571472768591,70.00438611824131,99,55.71005042296361,8,3,90,1
241,41.39734170443787,69.970337543516,99,55.68383962397694,8,3,90,1
242,41.380473796943996,69.93855838456622,100,55.659516090755105,8,3,90,1
243,41.36528030899287,69.90934247479836,100,55.63731139189562,8,3,90,1
244,41.351908562046376,69.8829700609488,100,55.617439311497584,8,3,90,1
245,41.340483138096516,69.85970393518909,102,55.6000935366428,8,3,90,1
246,41.331105094269695,69.83978552299192,102,55.58544530863081,8,3,90,1
247,41.32385114724026,69.82343092268685,104,55.57364103496356,8,3,90,1
248,41.3187728258827,69.81082689296971,102,55.5647998594262,8,3,90,1
249,41.315895590971685,69.802126785024,103,55.55901118799784,8,3,90,1
250,41.3152179211329,69.79744641637168,103,55.55633216875229,8,3,90,1
251,41.316710364654234,69.79685988409251,103,55.55678512437338,8,3,90,1
252,41.32031461925756,69.80039531563693,103,55.560354967447246,8,3,90,1
253,41.32594360680213,69.80803082621243,103,55.56698721650728,8,3,90,1
254,41.333484228562085,69.81969324831263,103,55.57658873843736,8,3,90,1
255,41.34280267827754,69.83526368528018,101,55.58903318177886,8,3,90,1
256,41.35375056790092,69.85458808181554,102,55.604169324858226,8,3,90,1
257,41.366170538025834,69.87748595560062,102,55.62182824681322,8,3,90,1
258,41.37990037989763,69.90375507153176,105,55.64182772571469,8,3,90,1
259,41.39477498867092,69.93317420715962,105,55.66397459791527,8,3,90,1
260,41.41062576028722,69.9655049878361,107,55.68806537406166,8,3,90,1
261,41.427278214847846,70.0004925999197,106,55.71388540738377,8,3,90,1
262,41.44454979986286,70.03786587343306,106,55.74120783664796,8,3,90,1
263,41.46224865641372,70.07733790859304,105,55.76979328250338,8,3,90,1
264,41.480173643714274,70.1186072504478,105,55.79939044708104,8,3,90,1
265,41.4981172832025,70.16135883581013,104,55.82973805950631,8,3,90,1
266,41.51587191788264,70.20526608271516,104,55.860569000298895,8,3,90,1
267,41.5332357738382,70.24999607804135,104,55.891615925939774,8,3,90,1
268,41.55001609853716,70.29521669789169,104,55.92261639821442,8,3,90,1
269,41.56603064703797,70.34060371512149,104,55.953317181079726,8,3,90,1
270,41.58111015258568,70.38584741145384,103,55.98347878201976,8,3,90,1
271,41.59510207703407,70.43065811396906,103,56.012880095501565,8,3,90,1
272,41.60787427819745,70.47477007553582,102,56.04132217686663,8,3,90,1
273,41.61931742603937,70.51794350860268,101,56.06863046732103,8,3,90,1
274,41.62934519436135,70.55996506909653,100,56.09465513172894,8,3,90,1
275,41.63789232722815,70.60064757446727,101,56.11926995084771,8,3,90,1
276,41.644911751936796,70.6398293493614,101,56.142370550649105,8,3,90,1
277,41.65037171494657,70.67737320185043,101,56.1638724583985,8,3,90,1
278,41.65425372183603,70.71316503274545,102,56.18370937729074,8,3,90,1
279,41.65655137933424,70.74711208014966,101,56.201831729741954,8,3,90,1
280,41.65726955448688,70.77914099611472,101,56.218205275300804,8,3,90,1
281,41.65642326584115,70.80919614700693,101,56.232809706424035,8,3,90,1
282,41.65403572137488,70.83723813873355,101,56.24563693005422,8,3,90,1
283,41.65013540541491,70.86324217755113,102,56.256688791483015,8,3,90,1
284,41.64475260434104,70.8871959744757,101,56.265974289408376,8,3,90,1
285,41.637915858337294,70.9090969986416,102,56.27350642848945,8,3,90,1
286,41.62964892396764,70.92894898229378,101,56.279298953130706,8,3,90,1
287,41.61996853977325,70.94675767748008,101,56.28336310862666,8,3,90,1
288,41.60888299455266,70.96252644964108,100,56.28570472209687,8,3,90,1
289,41.59639120546388,70.97625287848628,101,56.28632204197508,8,3,90,1
290,41.58248172058891,70.9879265611951,98,56.285204140892006,8,3,90,1
291,41.56713154844589,70.99752733768106,99,56.282329443063475,8,3,90,1
292,41.55030520479498,71.00502374302415,99,56.27766447390957,8,3,90,1
293,41.53195446479042,71.01037207757068,101,56.27116327118055,8,3,90,1
294,41.512019406249564,71.01351658289298,101,56.26276799457127,8,3,90,1
295,41.49043045216837,71.01439130950453,101,56.25241088083645,8,3,90,1
296,41.467110242957915,71.0129237747217,101,56.24001700883981,8,3,90,1
297,41.44197524194123,71.0090400215296,101,56.22550763173541,8,3,90,1
298,41.41493805068544,71.00266990909178,102,56.208803979888614,8,3,90,1
299,41.3859105329907,70.99375068525585,101,56.18983060912328,8,3,90,1
300,41.35480696856668,70.98222845197101,102,56.168517710268844,8,3,135,2
301,41.32154694513258,70.96805869504506,103,56.14480282008882,8,3,135,2
302,41.28605818533495,70.95120646430723,104,56.11863232482109,8,3,135,2
303,41.248279017108615,70.93164620487055,105,56.08996261098958,8,3,135,2
304,41.208159708295724,70.90936104496097,105,56.05876037662835,8,3,135,2
305,41.165662959085886,70.88434115055999,105,56.025002054822934,8,3,135,2
306,41.12076491856594,70.85658163482302,109,55.98867327669448,8,3,135,2
307,41.073456628414014,70.82608138797444,109,55.949769008194224,8,3,135,2
308,41.02374433350353,70.79284321791556,108,55.908293775709545,8,3,135,2
309,40.971648562015055,70.75687471633178,108,55.86426163917342,8,3,135,2
310,40.917203340481905,70.71818955764098,107,55.817696449061444,8,3,135,2
311,40.860455933605905,70.67680923066959,107,55.76863258213775,8,3,135,2
312,40.80146652309946,70.63276481267852,107,55.71711566788899,8,3,135,2
313,40.74030772728677,70.58609800507368,108,55.66320286618023,8,3,135,2
314,40.6770643506795,70.53686152783635,109,55.606962939257926,8,3,135,2
315,40.61183355746699,70.48511984739255,109,55.54847670242977,8,3,135,2
316,40.5447254675889,70.43095043217178,109,55.487837949880344,8,3,135,2
317,40.475863881254476,70.37444475454576,110,55.42515431790012,8,3,135,2
318,40.405386544961836,70.3157082576287,110,55.360547401295264,8,3,135,2
319,40.33344437186094,70.25485928551956,110,55.29415182869025,8,3,135,2
320,40.260199029094494,70.19202726797121,110,55.22611314853285,8,3,135,2
321,40.18581927993094,70.12734957241663,110,55.15658442617379,8,3,135,2
322,40.11047744371892,70.06096731396447,115,55.085722378841695,8,3,135,2
323,40.03434675135832,69.99302207202085,114,55.01368441168958,8,3,135,2
324,39.95759978869841,69.92365380397581,114,54.940626796337114,8,3,135,2
325,39.880407635017406,69.85299839314368,113,54.86670301408054,8,3,135,2
326,39.80293871850902,69.78118482877727,112,54.79206177364314,8,3,135,2
327,39.72535719103965,69.70833357664537,112,54.71684538384251,8,3,135,2
328,39.64782140479767,69.63455623572364,111,54.64118882026065,8,3,135,2
329,39.57048297597505,69.55995511363537,112,54.565219044805204,8,3,135,2
330,39.49348682316066,69.48462301171867,111,54.48905491743966,8,3,135,2
331,39.41697198299979,69.40864516884122,110,54.41280857592051,8,3,135,2
332,39.3410724205506,69.33210267972622,110,54.33658755013841,8,3,135,2
333,39.26591763708969,69.25507407017056,109,54.26049585363013,8,3,135,2
334,39.1916334634296,69.17763483280575,110,54.18463414811768,8,3,135,2
335,39.118343134260506,69.09985784829857,110,54.109100491279534,8,3,135,2
336,39.04616825139337,69.02181527603983,111,54.0339917637166,8,3,135,2
337,38.97522865860461,68.94358015750959,111,53.9594044080571,8,3,135,2
338,38.90564044588429,68.86522724349376,112,53.885433844689025,8,3,135,2
339,38.837513251666365,68.78683382429236,112,53.81217353797936,8,3,135,2
340,38.77094881198891,68.70848046420289,112,53.739714638095904,8,3,135,2
341,38.706040949967395,68.63025066369426,113,53.66814580683082,8,3,135,2
342,38.64287622370697,68.55222993571012,113,53.59755307970855,8,3,135,2
343,38.58153454842631,68.4745062455669,113,53.52802039699661,8,3,135,2
344,38.52208901113613,68.39717210571584,113,53.459630558425985,8,3,135,2
345,38.4646048766229,68.32032695843388,113,53.39246591752839,8,3,135,2
346,38.40913856389877,68.24407906467988,113,53.32660881428933,8,3,135,2
347,38.355737079793734,68.1685467024927,113,53.262141891143216,8,3,135,2
348,38.30443810389289,68.09385838062492,113,53.19914824225891,8,3,135,2
349,38.25527062654897,68.02015167540645,113,53.13771115097771,8,3,135,2
350,38.20825574922624,67.94757059129864,113,53.07791317026244,8,3,135,2
351,38.163407451641895,67.87626163808375,114,53.01983454486282,8,3,135,2
352,38.1207333253696,67.8063692077029,114,52.96355126653625,8,3,135,2
353,38.08023527368132,67.73803122388021,114,52.90913324878076,8,3,135,2
354,38.04191017750347,67.6713756475356,114,52.85664291251953,8,3,135,2
355,38.00575033237719,67.60651803091804,110,52.806134181647614,8,3,135,2
356,37.97174326631733,67.54355992340984,110,52.75765159486359,8,3,135,2
357,37.93987113376713,67.48258754201098,110,52.71122933788905,8,3,135,2
358,37.91011046614924,67.42367031477835,111,52.66689039046379,8,3,135,2
359,37.88243247436905,67.36685910078475,113,52.624645787576895,8,3,135,2
360,37.85680351348325,67.31218447567092,113,52.58449399457709,8,3,135,2
361,37.83318551490424,67.2596560573981,114,52.546420786151174,8,3,135,2
362,37.811536386661885,67.20926316434452,114,52.5103997755032,8,3,135,2
363,37.791810089702544,67.16097641543185,115,52.47639325256719,8,3,135,2
364,37.773955805659305,67.11474968721399,115,52.44435274643665,8,3,135,2
365,37.757916879580314,67.07052184316392,113,52.41421936137212,8,3,135,2
366,37.743631489162325,67.02821843095137,114,52.38592496005685,8,3,135,2
367,37.73103494382893,66.98775383632388,115,52.3593943900764,8,3,135,2
368,37.72006156631113,66.94903418732117,115,52.33454787681615,8,3,135,2
369,37.71064557249919,66.91196110767982,115,52.3113033400895,8,3,135,2
370,37.70272143827774,66.87643544304893,115,52.289578440663334,8,3,135,2
371,37.69622385191114,66.84236008367847,115,52.26929196779481,8,3,135,2
372,37.69108754560945,66.80964256786356,114,52.250365056736506,8,3,135,2
373,37.687247787589506,66.77819873565028,115,52.232723261619896,8,3,135,2
374,37.684642413482955,66.74795675145174,115,52.21629958246734,8,3,135,2
375,37.683214793355425,66.7188591559227,115,52.20103697463907,8,3,135,2
376,37.68291572601412,66.69086226543227,115,52.186888995723194,8,3,135,2
377,37.68370373477068,66.66393389543877,115,52.173818815104724,8,3,135,2
378,37.68554477981347,66.63805067646152,116,52.16179772813749,8,3,135,2
379,37.68841193404905,66.6131966212963,116,52.15080427767268,8,3,135,2
380,37.692285061962416,66.58936352907284,117,52.14082429551763,8,3,135,2
381,37.69715052793053,66.56655234857817,116,52.13185143825435,8,3,135,2
382,37.70300087578558,66.54477403790392,116,52.12388745684475,8,3,135,2
383,37.70983437580365,66.52404845731428,116,52.116941416558966,8,3,135,2
384,37.71765447825085,66.50440188038698,117,52.111028179318915,8,3,135,2
385,37.72646895893097,66.48586497635448,117,52.10616696764272,8,3,135,2
386,37.73628807392225,66.4684709706435,117,52.102379522282874,8,3,135,2
387,37.74712224359822,66.45225320285485,117,52.09968772322654,8,3,135,2
388,37.75898111900826,66.43724325213608,117,52.09811218557218,8,3,135,2
389,37.771874485637106,66.42347001958444,117,52.09767225261078,8,3,135,2
390,37.78581402900513,66.41095820659186,117,52.0983861177985,8,3,135,2
391,37.80081479149477,66.39972579854958,116,52.10027029502218,8,3,135,2
392,37.816894954693105,66.38978211414928,116,52.1033385344212,8,3,135,2
393,37.83407404455704,66.38112710276579,116,52.107600573661415,8,3,135,2
394,37.852371119726655,66.37375110947269,116,52.113061114599674,8,3,135,2
395,37.871803722990016,66.3676348151011,115,52.11971926904556,8,3,135,2
396,37.89238759560274,66.36274993672953,115,52.127568766166135,8,3,135,2
397,37.91413666650428,66.359061176558,114,52.13659892153114,8,3,135,2
398,37.937062340819885,66.35652902943417,114,52.14679568512703,8,3,135,2
399,37.96117228251549,66.3551125717606,114,52.158142427138046,8,3,135,2
400,37.98647005656055,66.3547714520915,114,52.17062075432602,8,3,135,2
401,38.01295582555747,66.35546630372573,114,52.1842110646416,8,3,135,2
402,38.04062712540355,66.35715767744367,114,52.198892401423606,8,3,135,2
403,38.069479134747176,66.35980447036847,115,52.21464180255782,8,3,135,2
404,38.09950424318801,66.36336243680955,115,52.23143333999878,8,3,135,2
405,38.13069111337522,66.36778297684263,115,52.24923704510893,8,3,135,2
406,38.163023822367,66.37301171564725,115,52.26801776900713,8,3,135,2
407,38.19648137505352,66.3789857039119,115,52.28773353948271,8,3,135,2
408,38.23103758989569,66.38562953277713,116,52.30833356133641,8,3,135,2
409,38.26666116222911,66.39285211998879,117,52.32975664110895,8,3,135,2
410,38.30331551538334,66.40054514384356,116,52.35193032961345,8,3,135,2
411,38.340958342566495,66.40858332146198,116,52.374770832014235,8,3,135,2
412,38.37954103516878,66.41682633800555,117,52.39818368658716,8,3,135,2
413,38.41900848583594,66.4251218435334,117,52.42206516468467,8,3,135,2
414,38.45930004736684,66.43330903197105,117,52.446304539668944,8,3,135,2
415,38.50035135568019,66.44122241439752,117,52.47078688503885,8,3,135,2
416,38.542095652273886,66.44869598421018,116,52.49539581824203,8,3,135,2
417,38.58446441209579,66.45556855701858,117,52.52001648455719,8,3,135,2
418,38.627388253221,66.46168948584122,116,52.54453886953111,8,3,135,2
419,38.67079803185456,66.46692244568652,115,52.56886023877054,8,3,135,2
420,38.714624953289444,66.4711470514128,116,52.59288600235112,8,3,135,2
421,38.75879950482992,66.47425991493239,116,52.616529709881156,8,3,135,2
422,38.80324999207113,66.4761757938815,116,52.63971289297631,8,3,135,2
423,38.847901264853334,66.47682875749823,117,52.66236501117578,8,3,135,2
424,38.89267402415546,66.47617337103007,117,52.68442369759276,8,3,135,2
425,38.93748490618152,66.47418589969045,117,52.70583540293599,8,3,135,2
426,38.982247344891476,66.47086553286402,117,52.72655643887775,8,3,135,2
427,39.02687272658463,66.46623555305958,118,52.7465541398221,8,3,135,2
428,39.071270862489264,66.46034334419083,118,52.76580710334005,8,3,135,2
429,39.11534978073072,66.45325733142353,118,52.78430355607712,8,3,135,2
430,39.15901581445957,66.44506100360454,119,52.80203840903205,8,3,135,2
431,39.20217457280457,66.4358460005271,119,52.81901028666584,8,3,135,2
432,39.244732991190816,66.42570619284788,119,52.83521959201935,8,3,135,2
433,39.286601974797534,66.41473470398785,120,52.85066833939269,8,3,135,2
434,39.32769846613532,66.4030237750324,120,52.865361120583856,8,3,135,2
435,39.367946450426636,66.39066532537542,120,52.879305887901026,8,3,135,2
436,39.40727709514988,66.37775064707603,119,52.89251387111295,8,3,135,2
437,39.44562822000722,66.36436825612259,119,52.904998238064906,8,3,135,2
438,39.48294329347385,66.35060028933954,118,52.916771791406696,8,3,135,2
439,39.519170542129,66.33651920124308,117,52.927844871686034,8,3,135,2
440,39.55426314902344,66.32218573496257,117,52.93822444199301,8,3,135,2
441,39.58818034681458,66.30764836119934,117,52.94791435400696,8,3,135,2
442,39.62088804087505,66.29294389167187,117,52.956915966273456,8,3,135,2
443,39.6523588654704,66.27809848598477,116,52.96522867572759,8,3,135,2
444,39.682572843981916,66.26312856365278,116,52.97285070381735,8,3,135,2
445,39.711518653596784,66.2480414257928,116,52.979780039694795,8,3,135,2
446,39.73919432432256,66.2328357813019,112,52.986015052812235,8,3,135,2
447,39.76560737249751,66.21750276263296,114,52.99155506756524,8,3,135,2
448,39.79077553927091,66.2020277237877,113,52.9964016315293,8,3,135,2
449,39.814728133930295,66.18639282063637,114,53.00056047728333,8,3,135,2
450,39.83750681134374,66.17057978854312,114,53.00404329994343,8,3,135,2
451,39.85916519783139,66.15457174710886,115,53.006868472470124,8,3,135,2
452,39.87976736481922,66.1383534470807,113,53.00906040594997,8,3,135,2
453,39.89938534452519,66.12190995968925,114,53.010647652107224,8,3,135,2
454,39.91809607684804,66.1052241012768,116,53.01166008906242,8,3,135,2
455,39.93597846911661,66.08827317869947,116,53.012125823908036,8,3,135,2
456,39.95311154288727,66.07102583609779,116,53.01206868949253,8,3,135,2
457,39.96957356903295,66.05343997878789,120,53.011506773910426,8,3,135,2
458,39.9854410194529,66.03546216492168,119,53.010451592187295,8,3,135,2
459,40.0007869440428,66.01702827049138,117,53.00890760726709,8,3,135,2
460,40.01567916189517,65.99806484328494,117,53.00687200259006,8,3,135,2
461,40.030178753290656,65.97848997635279,116,53.00433436482172,8,3,135,2
462,40.04433943665583,65.95821311691054,116,53.00127627678319,8,3,135,2
463,40.05820773200338,65.93713459224385,114,52.997671162123616,8,3,135,2
464,40.07182312972122,65.91514680476328,114,52.99348496724225,8,3,135,2
465,40.085217873836115,65.89213904850135,114,52.98867846116873,8,3,135,2
466,40.098416359137495,65.86800526594249,114,52.983210812539994,8,3,135,2
467,40.11143443427006,65.84265221089254,115,52.977043322581295,8,3,135,2
468,40.124279195635,65.81600626330481,114,52.970142729469906,8,3,135,2
469,40.136949564468885,65.78801772700527,113,52.96248364573708,8,3,135,2
470,40.14943764699983,65.75866319665454,114,52.95405042182718,8,3,135,2
471,40.16173078014763,65.72794833560788,114,52.944839557877756,8,3,135,2
472,40.17381406778123,65.69591194285374,114,52.93486300531748,8,3,135,2
473,40.18567282248525,65.66263072368119,113,52.924151773083224,8,3,135,2
474,40.19729393769101,65.62822330037395,113,52.91275861903247,8,3,135,2
475,40.20866638546954,65.5928511208136,114,52.900758753141574,8,3,135,2
476,40.21978220570347,65.55671636067704,115,52.888249283190255,8,3,135,2
477,40.23063818187744,65.5200593527003,115,52.87534876728887,8,3,135,2
478,40.24123722823277,65.48315651523947,115,52.86219687173612,8,3,135,2
479,40.25158870802435,65.44631819114954,115,52.84895344958694,8,3,135,2
480,40.26170709759462,65.40988590499032,114,52.83579650129247,8,3,135,2
481,40.27160958135132,65.37422864359435,112,52.82291911247283,8,3,135,2
482,40.28131423558761,65.33973727687396,112,52.81052575623079,8,3,135,2
483,40.29083919104511,65.30681574765104,113,52.798827469348076,8,3,135,2
484,40.30020228625034,65.27587097522445,114,52.788036630737395,8,3,135,2
485,40.3094208211898,65.24730566053422,114,52.778363240862014,8,3,135,2
486,40.31851053321772,65.22151203587504,115,52.77001128454638,8,3,135,2
487,40.32748389247381,65.19886274896703,116,52.76317332072042,8,3,135,2
488,40.336349179630965,65.17970219160372,117,52.75802568561734,8,3,135,2
489,40.34511083347166,65.16434226617136,117,52.75472654982151,8,3,135,2
490,40.35377048294653,65.15306151179333,117,52.75341599736993,8,3,135,2
491,40.36232778580425,65.14610573202135,117,52.754216758912804,8,3,135,2
492,40.37077990330874,65.14368933941662,118,52.757234621362684,8,3,135,2
493,40.379119708589045,65.1459966328729,117,52.76255817073097,8,3,135,2
494,40.38733409420369,65.15318222403184,118,52.77025815911776,8,3,135,2
495,40.395402866726684,65.16536982962444,118,52.78038634817556,8,3,135,2
496,40.40329783841035,65.18264962240869,118,52.79297373040952,8,3,135,2
497,40.4109820187113,65.20507501661382,118,52.808028517662564,8,3,135,2
498,40.41840871106532,65.23265908157862,118,52.82553389632197,8,3,135,2
499,40.42551993027698,65.2653704852519,118,52.84544520776444,8,3,135,2
500,40.43224472647617,65.30312867478081,118,52.86768670062849,8,3,135,2
501,40.438499074686796,65.34579917254891,117,52.892149123617855,8,3,135,2
502,40.44418772127766,65.39319103723403,117,52.918689379255845,8,3,135,2
503,40.449206720612004,65.44505717476042,116,52.947131947686216,8,3,135,2
504,40.45344529782768,65.50109906271798,117,52.977272180272834,8,3,135,2
505,40.456787429502484,65.56097725758767,118,53.008882343545075,8,3,135,2
506,40.459114899602874,65.62432417800873,116,53.04171953880581,8,3,135,2
507,40.46031202758184,65.69075585302332,113,53.07553394030258,8,3,135,2
508,40.46027070491044,65.75988166557387,114,53.11007618524216,8,3,135,2
509,40.45889447381728,65.83131160949068,115,53.14510304165398,8,3,135,2
510,40.456100479431974,65.90466565026983,116,53.1803830648509,8,3,135,2
511,40.45181949189792,65.97958763407252,117,53.21570356298522,8,3,135,2
512,40.44599536528204,66.05575633791264,117,53.25087585159734,8,3,135,2
513,40.43858442205627,66.13288869211159,118,53.285736557083936,8,3,135,2
514,40.429555349254265,66.21073859382818,118,53.32014697154122,8,3,135,2
515,40.41889038728674,66.28909492496754,119,53.35399265612714,8,3,135,2
516,40.40658683652232,66.36777955861155,119,53.387183197566934,8,3,135,2
517,40.39265722375684,66.44664535726619,119,53.41965129051152,8,3,135,2
518,40.37712773845376,66.52557387312137,117,53.45135080578757,8,3,135,2
519,40.36003591394932,66.60447216745214,116,53.48225404070073,8,3,135,2
520,40.3414289187664,66.68326914118546,115,53.51234902997593,8,3,135,2
521,40.321363042687004,66.76191245098309,114,53.54163774683505,8,3,135,2
522,40.29990437683644,66.84036562180847,115,53.570134999322455,8,3,135,2
523,40.277129711522385,66.91860467407406,115,53.59786719279822,8,3,135,2
524,40.253125700059506,66.99661524135236,115,53.62487047070593,8,3,135,2
525,40.227985799708655,67.07439105687706,116,53.651188428292855,8,3,135,2
526,40.20180596377517,67.15193293122576,115,53.676869447500465,8,3,135,2
527,40.17468025388228,67.2292467582306,116,53.701963506056444,8,3,135,2
528,40.14669773646508,67.30634025651969,116,53.72651899649239,8,3,135,2
529,40.11794144233539,67.38321903186757,116,53.75058023710148,8,3,135,2
530,40.088489583014564,67.45988215532878,117,53.774185869171674,8,3,135,2
531,40.05841794962768,67.53631706198581,117,53.79736750580675,8,3,135,2
532,40.02780115223829,67.61249445312325,117,53.820147802680765,8,3,135,2
533,39.99671221074087,67.68836476269695,118,53.84253848671891,8,3,135,2
534,39.9652218616512,67.76385638366918,118,53.86453912266019,8,3,135,2
535,39.933398555029854,67.83887477715261,117,53.88613666609123,8,3,135,2
536,39.9013097256718,67.91330305071008,117,53.907306388190946,8,3,135,2
537,39.86902414241639,67.98700488511034,117,53.928014513763365,8,3,135,2
538,39.83661435913387,68.0598289334968,118,53.94822164631533,8,3,135,2
539,39.80415780323669,68.13161381723276,118,53.967885810234726,8,3,135,2
540,39.77173454982907,68.20219352567403,118,53.98696403775155,8,3,135,2
541,39.73942207291103,68.27140253957282,119,54.00541230624192,8,3,135,2
542,39.70728950838923,68.33908029052,118,54.02318489945462,8,3,135,2
543,39.67539347601174,68.40507515407569,118,54.04023431504372,8,3,135,2
544,39.64377701978338,68.46924778398363,118,54.05651240188351,8,3,135,2
545,39.6124712758391,68.53147320455022,118,54.07197224019466,8,3,135,2
546,39.5814975261942,68.59164117565243,118,54.08656935092331,8,3,135,2
547,39.55086856496066,68.64965444219393,119,54.1002615035773,8,3,135,2
548,39.52058927915471,68.70542486975833,118,54.11300707445652,8,3,135,2
549,39.49065644389519,68.75886785816542,118,54.1247621510303,8,3,135,2
550,39.461058999902036,68.80989679000905,119,54.13547789495554,8,3,135,2
551,39.43178027639522,68.85842063670086,119,54.145100456548036,8,3,135,2
552,39.402802062002195,68.904345016005,120,54.153573539003595,8,3,135,2
553,39.374109060846685,68.94757416654545,121,54.160841613696064,8,3,135,2
554,39.345692075948335,68.98801276784191,121,54.16685242189512,8,3,135,2
555,39.31754952999644,69.02556799748297,121,54.171558763739704,8,3,135,2
556,39.28968790883679,69.06015211950816,121,54.17492001417247,8,3,135,2
557,39.262121517839766,69.0916858004986,121,54.176903659169184,8,3,135,2
558,39.234871746136754,69.1201018621124,120,54.177486804124584,8,3,135,2
559,39.20796652127681,69.14534869098713,120,54.17665760613197,8,3,135,2
560,39.181441124425874,69.16739262427282,120,54.17441687434935,8,3,135,2
561,39.15534007304785,69.18621872635296,119,54.17077939970041,8,3,135,2
562,39.129718314813076,69.20183034741578,120,54.16577433111443,8,3,135,2
563,39.10464065911754,69.21424882962853,119,54.15944474437303,8,3,135,2
564,39.08017905522419,69.22351375101556,118,54.151846403119876,8,3,135,2
565,39.05640849634107,69.22968234118895,116,54.14304541876501,8,3,135,2
566,39.033403499291296,69.2328258249579,117,54.1331146621246,8,3,135,2
567,39.01123623154088,69.23302269295218,115,54.12212946224653,8,3,135,2
568,38.989976479507575,69.23035231202098,115,54.11016439576428,8,3,135,2
569,38.96969228657661,69.22489102006438,114,54.0972916533205,8,3,135,2
570,38.95044872376093,69.21671021638795,114,54.08357947007444,8,3,135,2
571,38.93230420672771,69.20587644637442,115,54.06909032655106,8,3,135,2
572,38.91530572372061,69.19245289413496,115,54.05387930892778,8,3,135,2
573,38.89948433902318,69.1765003313742,115,54.037992335198695,8,3,135,2
574,38.884852336788924,69.15807722886771,116,54.02146478282832,8,3,135,2
575,38.87140219985441,69.1372403951041,116,54.00432129747925,8,3,135,2
576,38.85910644798643,69.11404614117438,117,53.9865762945804,8,3,135,2
577,38.847917945534604,69.0885506055115,117,53.96823427552305,8,3,135,2
578,38.83777087398763,69.06080845730494,117,53.94928966564629,8,3,135,2
579,38.82858246769691,69.03086978263777,116,53.929726125167335,8,3,135,2
580,38.82025551378128,68.99877622541871,116,53.90951586959999,8,3,135,2
581,38.81268103225884,68.96455765033068,118,53.888619341294756,8,3,135,2
582,38.805740650212016,68.92822765509214,118,53.86698415265208,8,3,135,2
583,38.79931042733852,68.88977759719938,118,53.844544012268955,8,3,135,2
584,38.793267402689764,68.84917271602329,118,53.82122005935653,8,3,135,2
585,38.787495938361154,68.80635145120937,118,53.796923694785264,8,3,135,2
586,38.781890838352545,68.76122585389764,119,53.77155834612509,8,3,135,2
587,38.77635782960538,68.7136820327372,119,53.745019931171285,8,3,135,2
588,38.77081286990991,68.66358063606437,118,53.717196752987135,8,3,135,2
589,38.76518106445697,68.6107573859522,118,53.68796922520458,8,3,135,2
590,38.759395972655454,68.55502400071734,118,53.6572099866864,8,3,135,2
591,38.753399208854084,68.49617012153814,117,53.62478466519612,8,3,135,2
592,38.747139362634364,68.43396621823234,117,53.59055279043335,8,3,135,2
593,38.740570044519046,68.36816685040895,117,53.554368447464,8,3,135,2
594,38.73364764313595,68.2985144686962,118,53.516081055916075,8,3,135,2
595,38.72632937980084,68.22474473524903,118,53.47553705752493,8,3,135,2
596,38.71857224643738,68.14659317244218,118,53.432582709439785,8,3,135,2
597,38.71033272997071,68.0638017782764,118,53.38706725412355,8,3,135,2
598,38.70156654356636,67.97612453965752,118,53.33884554161194,8,3,135,2
599,38.69222778017737,67.88333106724484,118,53.2877794237111,8,3,135,2
600,38.68226709896144,67.78520855075936,118,53.2337378248604,8,3,180,3
601,38.67162953052093,67.68156320877617,119,53.17659636964855,8,3,180,3
602,38.660253462333294,67.57222152892587,120,53.116237495629576,8,3,180,3
603,38.64807119538461,67.45703071630464,120,53.05255095584462,8,3,180,3
604,38.63501029267696,67.33585835278986,121,52.98543432273341,8,3,180,3
605,38.620995135433304,67.20859185484808,121,52.91479349514069,8,3,180,3
606,38.60594829796014,67.07513782944253,122,52.84054306370133,8,3,180,3
607,38.589791644801444,66.93542093967326,124,52.76260629223735,8,3,180,3
608,38.57244734647014,66.78938335453276,124,52.68091535050145,8,3,180,3
609,38.55383930265505,66.63698731991755,123,52.5954133112863,8,3,180,3
610,38.53389575439325,66.47822065670687,124,52.50605820555006,8,3,180,3
611,38.512552891296075,66.31310226035058,125,52.41282757582333,8,3,180,3
612,38.48975828447585,66.14168633412567,125,52.31572230930075,8,3,180,3
613,38.465473170773144,65.96406545324692,126,52.214769312010034,8,3,180,3
614,38.43967280879122,65.78037197126065,126,52.11002239002593,8,3,180,3
615,38.41234529748647,65.59077786480898,127,52.001561581147726,8,3,180,3
616,38.383490418298244,65.39549428271053,127,51.88949235050438,8,3,180,3
617,38.353119281314,65.19477147946493,126,51.77394538038946,8,3,180,3
618,38.321254775490935,64.98889805696314,126,51.65507641622703,8,3,180,3
619,38.28793223753483,64.77819785232799,126,51.53306504493141,8,3,180,3
620,38.2531991686143,64.5630246624772,126,51.40811191554575,8,3,180,3
621,38.217113803278394,64.34375655610008,125,51.280435179689235,8,3,180,3
622,38.17974331014131,64.1207909380306,126,51.15026712408596,8,3,180,3
623,38.14116250128036,63.89454094536995,131,51.01785172332515,8,3,180,3
624,38.10145402469677,63.66543258394767,129,50.88344330432222,8,3,180,3
625,38.060709648523414,63.43390084300708,129,50.74730524576525,8,3,180,3
626,38.01903087999796,63.20038448888981,129,50.60970768444389,8,3,180,3
627,37.976528625149534,62.96532070144579,130,50.470924663297666,8,3,180,3
628,37.933322765458314,62.72914003405721,129,50.33123139975776,8,3,180,3
629,37.889541162077876,62.4922614954066,129,50.19090132874224,8,3,180,3
630,37.8453174029953,62.25508872167381,130,50.05020306233455,8,3,180,3
631,37.80078816898097,62.01800859816873,130,49.90939838357485,8,3,180,3
632,37.75609089901826,61.781390275822396,130,49.768740587420325,8,3,180,3
633,37.711361558026496,61.54558223561723,130,49.628471896821864,8,3,180,3
634,37.66673260229699,61.31090973612983,130,49.48882116921341,8,3,180,3
635,37.62233143315073,61.077674979671784,130,49.35000320641126,8,3,180,3
636,37.57827953183451,60.846158431344996,130,49.21221898158976,8,3,180,3
637,37.5346918835196,60.61661894537348,130,49.075655414446544,8,3,180,3
638,37.49167571313108,60.38929308448071,130,48.94048439880589,8,3,180,3
639,37.44932843368766,60.164394701198106,130,48.80686156744288,8,3,180,3
640,37.40773558580326,59.94211204637626,131,48.67492381608976,8,3,180,3
641,37.36696993729454,59.722600938521055,131,48.5447854379078,8,3,180,3
642,37.32709330215434,59.50597935561753,132,48.41653632888593,8,3,180,3
643,37.2881603949792,59.2923280313057,133,48.29024421314245,8,3,180,3
644,37.25022179374507,59.081695102820284,132,48.16595844828268,8,3,180,3
645,37.21332464453409,58.87410139559653,133,48.04371302006531,8,3,180,3
646,37.1775113024894,58.66954468561501,132,47.92352799405221,8,3,180,3
647,37.142817273796325,58.46800176867495,132,47.80540952123564,8,3,180,3
648,37.10927099402074,58.26942901937291,133,47.68935000669683,8,3,180,3
649,37.07689592993488,58.07376397611266,131,47.57532995302377,8,3,180,3
650,37.0457134437604,57.88092970848907,133,47.463321576124734,8,3,180,3
651,37.01574476130155,57.69084294336698,132,47.35329385233426,8,3,180,3
652,36.987010287953,57.50342429265756,132,47.24521729030528,8,3,180,3
653,36.95952666241436,57.31860629236196,132,47.13906647738816,8,3,180,3
654,36.933304083799165,57.136337400852106,131,47.034820742325635,8,3,180,3
655,36.90834547249463,56.95658254264737,131,46.932464007571,8,3,180,3
656,36.88464804982702,56.77932166154307,131,46.83198485568505,8,3,180,3
657,36.862206751244955,56.60454862452357,131,46.73337768788426,8,3,180,3
658,36.841017717370626,56.43227203737679,132,46.63664487737371,8,3,180,3
659,36.82108059499024,56.26251875241588,131,46.54179967370306,8,3,180,3
660,36.80239886773215,56.095338312482994,131,46.44886859010757,8,3,180,3
661,36.78497870412204,55.930804039139105,131,46.35789137163057,8,3,180,3
662,36.76882807863668,55.76900959380622,130,46.268918836221445,8,3,180,3
663,36.75395704350017,55.6100629614829,130,46.18201000249154,8,3,180,3
664,36.74037915109621,55.454079513749605,130,46.097229332422906,8,3,180,3
665,36.728112856380065,55.301175514956164,126,46.01464418566812,8,3,180,3
666,36.7171805581713,55.15146275260356,127,45.93432165538743,8,3,180,3
667,36.70760488890338,55.00504429014736,127,45.85632458952537,8,3,180,3
668,36.69940381311983,54.86201173066224,128,45.78070777189103,8,3,180,3
669,36.69258638760822,54.722443989784004,128,45.707515188696114,8,3,180,3
670,36.68715132872744,54.586404943001675,128,45.63677813586456,8,3,180,3
671,36.68308819171895,54.45393780025759,128,45.56851299598827,8,3,180,3
672,36.680378626052274,54.325059425632666,128,45.50271902584247,8,3,180,3
673,36.678996341437774,54.19975821037857,128,45.43937727590817,8,3,180,3
674,36.678905589714546,54.07799413353412,128,45.37844986162433,8,3,180,3
675,36.680058748261395,53.95969886448153,129,45.31987880637146,8,3,180,3
676,36.682394371038846,53.84477629821336,130,45.2635853346261,8,3,180,3
677,36.68583678092921,53.73310430466986,130,45.20947054279954,8,3,180,3
678,36.690297984623335,53.62453730347851,130,45.15741764405092,8,3,180,3
679,36.69568122845832,53.518908788140834,130,45.10729500829957,8,3,180,3
680,36.701884050741505,53.416034289605015,131,45.05895917017326,8,3,180,3
681,36.70879985667777,53.31571634240258,131,45.012258099540176,8,3,180,3
682,36.716318212558356,53.21775067589515,130,44.967034444226755,8,3,180,3
683,36.7243248362417,53.121931000153204,132,44.92312791819745,8,3,180,3
684,36.732703041316626,53.02805199946676,132,44.88037752039169,8,3,180,3
685,36.741337026867086,52.9359119997507,131,44.83862451330889,8,3,180,3
686,36.750116039260774,52.845316190865354,131,44.79771611506307,8,3,180,3
687,36.75893823729182,52.75608079711761,131,44.75750951720472,8,3,180,3
688,36.7677128968596,52.66803761372436,131,44.71787525529198,8,3,180,3
689,36.776361054295336,52.58103735147549,131,44.67869920288541,8,3,180,3
690,36.78481615034253,52.494951109433686,132,44.639883629888104,8,3,180,3
691,36.79302513119059,52.40967017306076,132,44.601347652125675,8,3,180,3
692,36.80094942236575,52.32510511516055,131,44.56302726876315,8,3,180,3
693,36.80856571127453,52.241185957023625,131,44.52487583414908,8,3,180,3
694,36.81586673407101,52.15786339116828,132,44.48686506261964,8,3,180,3
695,36.8228611893683,52.07510931107836,131,44.44898525022333,8,3,180,3
696,36.82957121830954,51.99291577086274,131,44.41124349458614,8,3,180,3
697,36.83602816615457,51.91129237528296,132,44.373660270718766,8,3,180,3
698,36.84226935611353,51.830262978130655,131,44.33626616712209,8,3,180,3
699,36.848336427678575,51.74986344450487,130,44.29909993609172,8,3,180,3
700,36.85427367829648,51.670140769249365,131,44.26220722377292,8,3,180,3
701,36.860125822522974,51.591152380552515,129,44.225639101537745,8,3,180,3
702,36.865935558128164,51.51296475014465,129,44.18945015413641,8,3,180,3
703,36.87174123108164,51.435650723977766,129,44.15369597752971,8,3,180,3
704,36.877574793840864,51.35928576744646,130,44.118430280643665,8,3,180,3
705,36.88346025143552,51.283944099422826,129,44.083702175429174,8,3,180,3
706,36.889413180091154,51.209696372088956,129,44.049554776090055,8,3,180,3
707,36.89544219586206,51.136611236308454,130,44.01602671608526,8,3,180,3
708,36.901551982868185,51.06476010866412,129,43.98315604576615,8,3,180,3
709,36.907745930224635,50.9942214326554,129,43.95098368144002,8,3,180,3
710,36.914027207118096,50.92508228709027,128,43.919554747104186,8,3,180,3
711,36.92039856858005,50.85743675519768,124,43.88891766188887,8,3,180,3
712,36.92686108698041,50.791381930943984,125,43.8591215089622,8,3,180,3
713,36.93341229689874,50.727013902012956,126,43.83021309945585,8,3,180,3
714,36.940044923830165,50.66442536610006,127,43.80223514496511,8,3,180,3
715,36.9467465869289,50.60370585441318,128,43.775226220671044,8,3,180,3
716,36.953500085754335,50.54494329294717,130,43.74922168935075,8,3,180,3
717,36.960283783516985,50.48822338878185,131,43.724253586149416,8,3,180,3
718,36.96707150185245,50.43362566959135,136,43.7003485857219,8,3,180,3
719,36.973831634850725,50.381217345510244,136,43.67752449018049,8,3,180,3
720,36.98052548277121,50.33104713798079,135,43.655786310376,8,3,180,3
721,36.98710617147711,50.28314219576353,133,43.63512418362032,8,3,180,3
722,36.99352088924116,50.2375085850615,132,43.61551473715133,8,3,180,3
723,36.99971614901845,50.19413320752037,132,43.59692467826941,8,3,180,3
724,37.00564276069219,50.152985487864036,131,43.57931412427811,8,3,180,3
725,37.01125885595761,50.11401766090461,132,43.56263825843111,8,3,180,3
726,37.01653096660265,50.07716346332295,131,43.546847214962796,8,3,180,3
727,37.02143364452091,50.04233601126909,131,43.531884827895,8,3,180,3
728,37.02594859934728,50.00942613282115,131,43.51768736608422,8,3,180,3
729,37.030064329485995,49.978302912353215,131,43.504183620919605,8,3,180,3
730,37.033777222184675,49.94881683865882,128,43.49129703042175,8,3,180,3
731,37.037093830217984,49.92080458346058,129,43.47894920683928,8,3,180,3
732,37.04003276463912,49.89409404708203,128,43.46706340586057,8,3,180,3
733,37.042625033033836,49.868507918139365,130,43.4555664755866,8,3,180,3
734,37.04491204266763,49.84386565237511,129,43.44438884752137,8,3,180,3
735,37.04694234096671,49.81998543396586,130,43.43346388746629,8,3,180,3
736,37.04877001884543,49.796687487622556,131,43.422728753234,8,3,180,3
737,37.05045536136134,49.77379991474673,130,43.41212763805403,8,3,180,3
738,37.05206598916656,49.75116588596204,132,43.4016159375643,8,3,180,3
739,37.05367702674673,49.728648681313864,131,43.3911628540303,8,3,180,3
740,37.05536912595348,49.70613292241034,131,43.38075102418191,8,3,180,3
741,37.05722405106243,49.68352219369304,131,43.37037312237773,8,3,180,3
742,37.05931840934744,49.660734615248,130,43.36002651229772,8,3,180,3
743,37.06171718407497,49.63769929481515,129,43.349708239445064,8,3,180,3
744,37.0644697998207,49.61435434306333,130,43.33941207144201,8,3,180,3
745,37.067609206811525,49.59064489265773,130,43.32912704973462,8,3,180,3
746,37.07115222785448,49.56651975658087,132,43.31883599221767,8,3,180,3
747,37.075100094426794,49.54192555614515,131,43.30851282528597,8,3,180,3
748,37.07943878151725,49.51679958752928,133,43.29811918452326,8,3,180,3
749,37.084139921498284,49.49106513414739,132,43.28760252782284,8,3,180,3
750,37.08916424798654,49.46463107907262,132,43.27689766352958,8,3,180,3
751,37.094467375028515,49.4373958187076,132,43.26593159686806,8,3,180,3
752,37.100005571275204,49.409254113570086,132,43.254629842422645,8,3,180,3
753,37.10574026180902,49.38010414668568,133,43.24292220424735,8,3,180,3
754,37.11164106320637,49.34985323058001,132,43.230747146893194,8,3,180,3
755,37.11768764502897,49.31842177426396,133,43.218054709646466,8,3,180,3
756,37.12387119849746,49.28574609684981,132,43.20480864767364,8,3,180,3
757,37.130195707724674,49.25178164961368,131,43.19098867866918,8,3,180,3
758,37.13667882856093,49.21650684254446,131,43.1765928355527,8,3,180,3
759,37.14335276513284,49.17992630559268,130,43.16163953536276,8,3,180,3
760,37.15026455857104,49.14207231695043,131,43.146168437760736,8,3,180,3
761,37.15747354406124,49.10300303277016,129,43.1302382884157,8,3,180,3
762,37.165046365647534,49.0627976153719,130,43.113921990509716,8,3,180,3
763,37.173053156781556,49.02154981965728,130,43.097301488219415,8,3,180,3
764,37.181566251138285,48.979362084826626,130,43.080464167982456,8,3,180,3
765,37.190659569411444,48.936342665957646,131,43.063501117684545,8,3,180,3
766,37.20040692529384,48.89260541371888,131,43.04650616950636,8,3,180,3
767,37.210879249494816,48.84826888425317,131,43.02957406687399,8,3,180,3
768,37.22214170602261,48.8034537045489,131,43.012797705285756,8,3,180,3
769,37.234251870095534,48.75827936192136,131,42.996265616008444,8,3,180,3
770,37.24726033221759,48.712861683730914,130,42.98006100797426,8,3,180,3
771,37.26121333737224,48.667312371009025,130,42.964262854190636,8,3,180,3
772,37.27615531269916,48.62174077926736,131,42.94894804598326,8,3,180,3
773,37.29213021000012,48.5762569693747,132,42.93419358968741,8,3,180,3
774,37.30918166237013,48.53097456371183,132,42.92007811304098,8,3,180,3
775,37.327352246874256,48.48601145510384,132,42.906681850989045,8,3,180,3
776,37.346682437809605,48.44148817167561,131,42.8940853047426,8,3,180,3
777,37.367209932661886,48.39752545641367,131,42.88236769453778,8,3,180,3
778,37.38897013044625,48.35424183986995,131,42.8716059851581,8,3,180,3
779,37.41199727415397,48.311751204127106,131,42.86187423914053,8,3,180,3
780,37.43632450105441,48.27016023865514,131,42.85324236985477,8,3,180,3
781,37.461982117552026,48.22956559123782,131,42.84577385439492,8,3,180,3
782,37.4889944882527,48.19005129755579,131,42.83952289290424,8,3,180,3
783,37.5173763190922,48.15168785346178,131,42.834532086276994,8,3,180,3
784,37.547129504620024,48.11453283110045,132,42.83083116786024,8,3,180,3
785,37.57824141707085,48.07863147715783,132,42.82843644711434,8,3,180,3
786,37.61068522243721,48.04401670711487,133,42.827350964776045,8,3,180,3
787,37.6444212483612,48.010708884964615,134,42.827565066662906,8,3,180,3
788,37.67939686827027,47.97871587557122,134,42.82905637192074,8,3,180,3
789,37.715544902380955,47.9480339545675,134,42.831789428474224,8,3,180,3
790,37.75278307239469,47.91864938058202,136,42.83571622648836,8,3,180,3
791,37.79101529123604,47.890539654468704,135,42.84077747285237,8,3,180,3
792,37.830133813712045,47.86367319775953,135,42.84690350573579,8,3,180,3
793,37.870021859424746,47.83800589009854,135,42.85401387476165,8,3,180,3
794,37.910556904691866,47.813475929236624,136,42.862016416964245,8,3,180,3
795,37.95161415758587,47.79000150102966,136,42.870807829307765,8,3,180,3
796,37.99306904750965,47.76748252840686,136,42.880275787958254,8,3,180,3
797,38.03479853616136,47.745804549826524,135,42.89030154299394,8,3,180,3
798,38.07668203213866,47.72484287554438,135,42.90076245384152,8,3,180,3
799,38.118602398785406,47.70446526778145,135,42.91153383328343,8,3,180,3
800,38.16044725221909,47.684533049180736,135,42.922490150699915,8,3,180,3
801,38.20211055135696,47.66490220220295,135,42.93350637677996,8,3,180,3
802,38.24349428661805,47.64542572960095,136,42.9444600081095,8,3,180,3
803,38.28450978125267,47.62595825357504,136,42.95523401741386,8,3,180,3
804,38.32507782650246,47.60636236817702,135,42.96572009733974,8,3,180,3
805,38.365127749509654,47.586514796428844,135,42.97582127296925,8,3,180,3
806,38.404596390606905,47.56631147641886,137,42.985453933512886,8,3,180,3
807,38.443428161550386,47.54567177334607,135,42.99454996744823,8,3,180,3
808,38.48157755119768,47.52454172156805,135,43.003059636382865,8,3,180,3
809,38.519012616419005,47.50289590772718,134,43.01095426207309,8,3,180,3
810,38.55571516728965,47.48073789823968,134,43.018226532764665,8,3,180,3
811,38.59167735444965,47.45809940661219,135,43.024888380530925,8,3,180,3
812,38.62689836535389,47.435038395615834,134,43.030968380484865,8,3,180,3
813,38.66138269261655,47.41163630892414,136,43.03650950077034,8,3,180,3
814,38.695139194174935,47.387993943649114,135,43.041566568912025,8,3,180,3
815,38.72818055505905,47.36422479208468,136,43.04620267357186,8,3,180,3
816,38.760523150632984,47.340446241283225,135,43.050484695958104,8,3,180,3
817,38.79218682342847,47.316770579508905,137,43.05447870146869,8,3,180,3
818,38.82319359795121,47.29329766101207,136,43.05824562948164,8,3,180,3
819,38.853565820846875,47.27011098309671,136,43.06183840197179,8,3,180,3
820,38.88332567683605,47.24727736902464,136,43.06530152293034,8,3,180,3
821,38.912496275144676,47.224848889932495,136,43.06867258253858,8,3,180,3
822,38.94110274548024,47.20286546411189,136,43.07198410479606,8,3,180,3
823,38.96917266042624,47.18135637716059,136,43.07526451879342,8,3,180,3
824,38.996736076478165,47.16034033222295,136,43.07853820435056,8,3,180,3
825,39.02382499821869,47.139825005227635,136,43.08182500172316,8,3,180,3
826,39.05047119224737,47.119806982663896,137,43.08513908745563,8,3,180,3
827,39.07670254545017,47.10027286207107,137,43.08848770376062,8,3,180,3
828,39.10254001543453,47.08120122267483,137,43.091870619054674,8,3,180,3
829,39.12799624563475,47.06256410084769,136,43.09528017324122,8,3,180,3
830,39.153075552152664,47.04432689780796,137,43.09870122498032,8,3,180,3
831,39.17777469690693,47.0264459396928,136,43.102110318299864,8,3,180,3
832,39.20208366671597,47.008864373326155,136,43.10547402002106,8,3,180,3
833,39.22598606821227,46.99150854422025,138,43.10874730621626,8,3,180,3
834,39.249459138748534,46.97428622324596,137,43.11187268099725,8,3,180,3
835,39.27247376370215,46.95708726835018,136,43.114780516026165,8,3,180,3
836,39.29499528082697,46.939786235071665,138,43.117390757949316,8,3,180,3
837,39.31698497456465,46.92224537697342,137,43.119615175769034,8,3,180,3
838,39.3384012854794,46.90431725762463,137,43.121359271552016,8,3,180,3
839,39.359200442795924,46.88584697623909,137,43.12252370951751,8,3,180,3
840,39.37933691082003,46.86667420432886,136,43.123005557574444,8,3,180,3
841,39.39876374745738,46.846635425947916,136,43.12269958670265,8,3,180,3
842,39.41743268047396,46.82556657908535,136,43.12149962977965,8,3,180,3
843,39.43529419484506,46.803306100717364,136,43.11930014778122,8,3,180,3
844,39.452298412239514,46.779698280514886,136,43.1159983463772,8,3,180,3
845,39.46839676340481,46.75459673064533,136,43.11149674702507,8,3,180,3
846,39.48354367392478,46.72786738884914,137,43.10570553138696,8,3,180,3
847,39.49769777640796,46.69939008166441,136,43.09854392903618,8,3,180,3
848,39.51082245472958,46.669058064657264,137,43.08994025969342,8,3,180,3
849,39.52288581850412,46.6367753464802,136,43.079830582492164,8,3,180,3
850,39.533860498510904,46.6024532615047,137,43.068156880007805,8,3,180,3
851,39.54372345864711,46.5660094137283,136,43.05486643618771,8,3,180,3
852,39.55245582483708,46.527369481030966,136,43.03991265293402,8,3,180,3
853,39.56004253618327,46.48646973524241,136,43.02325613571284,8,3,180,3
854,39.56647142850531,46.44325920625183,136,43.004865317378574,8,3,180,3
855,39.57173214066037,46.39770149113032,136,42.98471681589535,8,3,180,3
856,39.57581601429489,46.34977591643603,135,42.96279596536546,8,3,180,3
857,39.57871727980141,46.29947746904634,137,42.93909737442387,8,3,180,3
858,39.58043494337678,46.24681617860205,136,42.913625560989416,8,3,180,3
859,39.58097449742337,46.19181790238503,137,42.8863961999042,8,3,180,3
860,39.580348283858534,46.13452690261368,135,42.85743759323611,8,3,180,3
861,39.578574802851136,46.07500904528794,136,42.82679192406954,8,3,180,3
862,39.57567872244983,46.013354156812575,135,42.7945164396312,8,3,180,3
863,39.57169197896507,45.949675781685364,132,42.76068388032522,8,3,180,3
864,39.56665499236061,45.884107462013354,132,42.725381227186986,8,3,180,3
865,39.56061702077741,45.81679553710659,132,42.688706278942,8,3,180,3
866,39.55363467816852,45.74789002171687,133,42.650762349942696,8,3,180,3
867,39.5457686142804,45.67753668190665,133,42.611652648093525,8,3,180,3
868,39.53707933149592,45.60587137917776,132,42.571475355336844,8,3,180,3
869,39.527623210541556,45.533015705248715,132,42.53031945789513,8,3,180,3
870,39.51744991460485,45.45907302756103,132,42.48826147108294,8,3,180,3
871,39.506601073466825,45.38412416336146,132,42.445362618414144,8,3,180,3
872,39.495108881353445,45.308223168470846,132,42.401666024912146,8,3,180,3
873,39.48299441278847,45.23139499517815,133,42.35719470398331,8,3,180,3
874,39.470266728866974,45.153635993799845,133,42.31195136133341,8,3,180,3
875,39.45692326131427,45.07491745257546,134,42.26592035694487,8,3,180,3
876,39.44295098650675,44.99519129809522,132,42.21907114230099,8,3,180,3
877,39.428327901802696,44.91439600593244,133,42.17136195386757,8,3,180,3
878,39.41302490190337,44.83246213696606,132,42.122743519434714,8,3,180,3
879,39.39700786049386,44.74931828060433,131,42.07316307054909,8,3,180,3
880,39.380239332383155,44.664896820720806,132,42.02256807655198,8,3,180,3
881,39.362680071738176,44.579137574626266,131,41.97090882318222,8,3,180,3
882,39.344290269444585,44.49198852580201,131,41.91813939762329,8,3,180,3
883,39.32502933975275,44.403404041471276,132,41.86421669061201,8,3,180,3
884,39.30485376914898,44.313341356132014,131,41.809097562640495,8,3,180,3
885,39.28371458869746,44.221756492242676,131,41.75273554047007,8,3,180,3
886,39.261556908980324,44.128600399061554,132,41.69507865402094,8,3,180,3
887,39.23832151840368,44.03381570050675,131,41.636068609455215,8,3,180,3
888,39.213946594971546,43.937333857752336,131,41.57564022636194,8,3,180,3
889,39.18836894721613,43.83907196717694,131,41.513720457196534,8,3,180,3
890,39.16152478523585,43.73892968244579,131,41.45022723384082,8,3,180,3
891,39.133349730206355,43.63678801771829,132,41.385068873962325,8,3,180,3
892,39.10377903873664,43.53251120400481,132,41.318145121370726,8,3,180,3
893,39.072749701211684,43.425952185737415,134,41.24935094347455,8,3,180,3
894,39.04020441511197,43.316961076868495,132,41.178582745990234,8,3,180,3
895,39.00609528843714,43.20539462798044,133,41.10574495820879,8,3,180,3
896,38.97038551843233,43.09112485346535,132,41.03075518594884,8,3,180,3
897,38.93304943650228,42.97404506527589,133,40.95354725088909,8,3,180,3
898,38.894071895252516,42.854072827507586,132,40.87407236138005,8,3,180,3
899,38.853447290674275,42.73115061374087,131,40.792298952207574,8,3,180,3
900,38.81117821972459,42.60524485118601,131,40.7082115354553,8,3,225,4
901,38.76727406601052,42.476343937773244,127,40.62180900189188,8,3,225,4
902,38.721750098763025,42.344455427803084,130,40.533102763283054,8,3,225,4
903,38.67462718250048,42.20960219127304,130,40.44211468688676,8,3,225,4
904,38.62593170701006,42.07181783940422,130,40.34887477320714,8,3,225,4
905,38.57569515209968,41.93114219635515,130,40.25341867422741,8,3,225,4
906,38.52395250640321,41.78761749939562,129,40.15578500289942,8,3,225,4
907,38.47074002744286,41.64128591216347,132,40.05601296980316,8,3,225,4
908,38.41609409809434,41.49218864297562,133,39.954141370534984,8,3,225,4
909,38.360051666584546,41.340366765089364,132,39.850209215836955,8,3,225,4
910,38.302651489149035,41.18586412841867,135,39.74425780878386,8,3,225,4
911,38.243935687080345,41.02873265464559,135,39.636334170862966,8,3,225,4
912,38.183951422485926,40.86903864946996,136,39.526495035977945,8,3,225,4
913,38.12275239947049,40.70686769270934,137,39.41481004608991,8,3,225,4
914,38.060399799829426,40.54232751995759,136,39.30136365989351,8,3,225,4
915,37.99696274994367,40.375549772277495,135,39.186256261110586,8,3,225,4
916,37.932518903154865,40.20669100238315,137,39.06960495276901,8,3,225,4
917,37.86715503900526,40.03593293525734,136,38.9515439871313,8,3,225,4
918,37.80096689782458,39.863482175830256,136,38.83222453682742,8,3,225,4
919,37.73405805423548,39.6895697510217,137,38.71181390262859,8,3,225,4
920,37.666538218243,39.51444980016423,137,38.59049400920361,8,3,225,4
921,37.59852144998749,39.33839565455267,137,38.46845855227008,8,3,225,4
922,37.53012487167788,39.161693594799374,137,38.34590923323863,8,3,225,4
923,37.4614679724709,38.9846366226674,138,38.223052297569154,8,3,225,4
924,37.39267211433083,38.80751921833187,138,38.10009566633135,8,3,225,4
925,37.32386033454828,38.630632688387024,139,37.977246511467655,8,3,225,4
926,37.255158028247905,38.45426100250772,138,37.85470951537781,8,3,225,4
927,37.18669411881274,38.27867730933802,138,37.73268571407538,8,3,225,4
928,37.11860134874278,38.104140932123606,139,37.61137114043319,8,3,225,4
929,37.05101500617188,37.930894254603885,140,37.49095463038788,8,3,225,4
930,36.984070084973865,37.75915988329195,139,37.371614984132904,8,3,225,4
931,36.91789755913043,37.58913944792776,140,37.253518503529094,8,3,225,4
932,36.85262113481439,37.42101423171523,141,37.13681768326481,8,3,225,4
933,36.788354868316496,37.25494665279649,140,37.0216507605565,8,3,225,4
934,36.72520106266673,37.091082008896514,141,36.908141535781624,8,3,225,4
935,36.663247855960535,36.929550287533246,141,36.79639907174689,8,3,225,4
936,36.60256591459738,36.77046764936454,141,36.686516781980956,8,3,225,4
937,36.543205107922816,36.613936997394596,142,36.5785710526587,8,3,225,4
938,36.4851935040939,36.460048020369626,142,36.47262076223176,8,3,225,4
939,36.42853946669496,36.30887807428758,142,36.36870877049127,8,3,225,4
940,36.373236071348074,36.16049399815483,142,36.26686503475145,8,3,225,4
941,36.31926647662975,36.01495369231654,142,36.167110084473144,8,3,225,4
942,36.26660829861379,35.8723065804718,143,36.069457439542795,8,3,225,4
943,36.215236208968044,35.732592369251506,144,35.97391428910977,8,3,225,4
944,36.165123147077054,35.59583878735548,145,35.88048096721627,8,3,225,4
945,36.1162407318025,35.46206025437784,144,35.78915049309017,8,3,225,4
946,36.06855965360936,35.3312584542674,145,35.699909053938384,8,3,225,4
947,36.02205034011249,35.20342481320118,145,35.61273757665684,8,3,225,4
948,35.97668370041666,35.07854361384496,146,35.52761365713081,8,3,225,4
949,35.93243155855524,34.95659321014216,147,35.4445123843487,8,3,225,4
950,35.88926619125583,34.837545245331185,147,35.36340571829351,8,3,225,4
951,35.84715916555137,34.72136421443152,148,35.28426168999144,8,3,225,4
952,35.80608045205152,34.60800873716457,149,35.20704459460804,8,3,225,4
953,35.765998399547215,34.4974349319966,149,35.131716665771904,8,3,225,4
954,35.72688076648878,34.389601209157675,149,35.058240987823226,8,3,225,4
955,35.68869661474453,34.28447272760968,150,34.986584671177106,8,3,225,4
956,35.65141848089844,34.18202405352581,150,34.916721267212125,8,3,225,4
957,35.615024045259005,34.08223885037477,150,34.848631447816885,8,3,225,4
958,35.57949632363656,33.98510728376712,153,34.78230180370184,8,3,225,4
959,35.544822577315166,33.89062367728482,152,34.71772312729999,8,3,225,4
960,35.51099330700868,33.79878578498562,152,34.65488954599715,8,3,225,4
961,35.4780016236151,33.70959587577056,151,34.59379874969283,8,3,225,4
962,35.445842215621,33.62306294688673,151,34.534452581253866,8,3,225,4
963,35.41450962065679,33.53920450590998,148,34.47685706328338,8,3,225,4
964,35.383995996370764,33.45804753089883,149,34.4210217636348,8,3,225,4
965,35.354289171025954,33.37962899858219,150,34.36695908480407,8,3,225,4
966,35.32537233948835,33.303995004778926,149,34.31468367213364,8,3,225,4
967,35.29722540479892,33.231197696185326,148,34.26421155049212,8,3,225,4
968,35.269826600050145,33.1612919635883,148,34.215559281819225,8,3,225,4
969,35.243153610570324,33.09433423661289,148,34.168743923591606,8,3,225,4
970,35.217184001682604,33.03038308654206,148,34.12378354411233,8,3,225,4
971,35.19189485484762,32.96950027079977,148,34.080697562823694,8,3,225,4
972,35.16726161253543,32.91175085265519,147,34.03950623259531,8,3,225,4
973,35.14325691248719,32.85720063951656,149,34.000228776001876,8,3,225,4
974,35.11985097235426,32.80591045112906,147,33.96288071174166,8,3,225,4
975,35.097012939916354,32.75792799698089,147,33.92747046844862,8,3,225,4
976,35.074710478293305,32.713279215240064,146,33.89399484676669,8,3,225,4
977,35.052907586635065,32.6719619986749,146,33.86243479265498,8,3,225,4
978,35.03156338785143,32.63394328257909,146,33.83275333521526,8,3,225,4
979,35.010632566714584,32.599158519380254,145,33.80489554304742,8,3,225,4
980,34.99006609345277,32.56751227246433,145,33.77878918295855,8,3,225,4
981,34.96981194092554,32.53887836961943,145,33.75434515527249,8,3,225,4
982,34.949816576433996,32.513099715125165,145,33.731458145779584,8,3,225,4
983,34.930027228966324,32.48998951813205,145,33.710008373549186,8,3,225,4
984,34.910394152402425,32.46933511022338,146,33.6898646313129,8,3,225,4
985,34.890872495336744,32.45090494027069,145,33.67088871780372,8,3,225,4
986,34.871423778280786,32.434458262156944,146,33.65294102021886,8,3,225,4
987,34.85201707646603,32.41975595829914,147,33.63588651738259,8,3,225,4
988,34.83263010390264,32.406570649436475,147,33.61960037666955,8,3,225,4
989,34.8132501016322,32.39469394853049,147,33.60397202508135,8,3,225,4
990,34.79387414037983,32.38393949674739,149,33.58890681856361,8,3,225,4
991,34.774508837802074,32.3741411995137,148,33.57432501865789,8,3,225,4
992,34.75516988051462,32.36514842123795,150,33.56015915087629,8,3,225,4
993,34.735880960649325,32.35682223790612,149,33.54635159927773,8,3,225,4
994,34.71667095626715,32.34903392037941,148,33.53285243832328,8,3,225,4
995,34.69757013558426,32.34166389489225,150,33.519617015238254,8,3,225,4
996,34.67860811563734,32.33460030493061,148,33.506604210283975,8,3,225,4
997,34.65981357492822,32.32773717637532,148,33.49377537565177,8,3,225,4
998,34.64121298853294,32.32097257782093,149,33.48109278317693,8,3,225,4
999,34.622828190158614,32.31420755803228,148,33.46851787409545,8,3,225,4
1000,34.604675101650564,32.30734605720939,148,33.45601057942997,8,3,225,4
1001,34.586764117309,32.30029540345489,147,33.44352976038195,8,3,225,4
1002,34.56910077724761,32.292966908256574,146,33.43103384275209,8,3,225,4
1003,34.551686632090906,32.28527597721167,146,33.41848130465129,8,3,225,4
1004,34.53452146936148,32.277141737376155,147,33.40583160336882,8,3,225,4
1005,34.51760660890464,32.26848676777702,148,33.39304668834083,8,3,225,4
1006,34.50094751166111,32.25923712942323,147,33.38009232054217,8,3,225,4
1007,34.484555214056584,32.24932250095185,147,33.366938857504216,8,3,225,4
1008,34.468447368198284,32.23867583583985,148,33.35356160201907,8,3,225,4
1009,34.452649082773476,32.22723156690871,147,33.339940324841095,8,3,225,4
1010,34.43719317423201,32.21492362716634,149,33.326058400699175,8,3,225,4
1011,34.42212012047038,32.20168679936603,148,33.311903459918206,8,3,225,4
1012,34.40747869186353,32.18746168791786,148,33.297470189890696,8,3,225,4
1013,34.393327063936084,32.17220038802017,149,33.28276372597813,8,3,225,4
1014,34.379733045402126,32.155871292294734,149,33.267802168848434,8,3,225,4
1015,34.366772640365994,32.13846284054931,147,33.25261774045765,8,3,225,4
1016,34.35452674854339,32.11998601805253,148,33.23725638329796,8,3,225,4
1017,34.34307678263612,32.10047540741034,147,33.22177609502323,8,3,225,4
1018,34.33250095731402,32.07998947663367,147,33.20624521697384,8,3,225,4
1019,34.322871736248956,32.05861166346551,149,33.190741699857234,8,3,225,4
1020,34.314253655691346,32.03645157228091,147,33.17535261398613,8,3,225,4
1021,34.30670113332843,32.01364335610729,148,33.160172244717856,8,3,225,4
1022,34.30025626144912,31.99034079438073,148,33.145298527914925,8,3,225,4
1023,34.29494668112295,31.966711015151247,149,33.1308288481371,8,3,225,4
1024,34.29078373181692,31.942928517522834,150,33.11685612466988,8,3,225,4
1025,34.28776204647799,31.91917085727172,149,33.10346645187485,8,3,225,4
1026,34.28586273773223,31.89561657817182,150,33.09073965795203,8,3,225,4
1027,34.28505959003743,31.872445191204708,150,33.07875239062107,8,3,225,4
1028,34.28532494176583,31.84983822350059,149,33.06758158263321,8,3,225,4
1029,34.28663389206061,31.82797957853375,148,33.057306735297175,8,3,225,4
1030,34.288967418094416,31.807054424437286,147,33.04801092126585,8,3,225,4
1031,34.29231459816602,31.787246802643768,148,33.0397807004049,8,3,225,4
1032,34.29667374582806,31.768735758903496,148,33.032704752365774,8,3,225,4
1033,34.302052650279066,31.75168940861611,149,33.02687102944759,8,3,225,4
1034,34.30846860580978,31.736257616491407,149,33.0223631111506,8,3,225,4
1035,34.31594823018196,31.722565238722478,149,33.01925673445222,8,3,225,4
1036,34.32452599876244,31.710706315533873,149,33.017616157148154,8,3,225,4
1037,34.3342410063294,31.700738041749702,150,33.01748952403955,8,3,225,4
1038,34.34513263880375,31.692674806570313,150,33.01890372268703,8,3,225,4
1039,34.35723603215888,31.686484057382106,150,33.02186004477049,8,3,225,4
1040,34.3705780006802,31.682085840618246,150,33.02633192064922,8,3,225,4
1041,34.38517392174447,31.67935797093154,151,33.032265946338,8,3,225,4
1042,34.40102596688281,31.678146342202272,150,33.03958615454254,8,3,225,4
1043,34.418122776440796,31.678277456088452,150,33.048200116264624,8,3,225,4
1044,34.43644038272511,31.679570536918078,150,33.058005459821594,8,3,225,4
1045,34.455943894120516,31.681846894639836,149,33.06889539438018,8,3,225,4
1046,34.47658916024406,31.684936928727367,148,33.080763044485714,8,3,225,4
1047,34.498324418668034,31.68868789696148,149,33.09350615781476,8,3,225,4
1048,34.52109270418178,31.692973036898803,151,33.107032870540294,8,3,225,4
1049,34.54483492384179,31.69770009159351,150,33.12126750771765,8,3,225,4
1050,34.56949262330212,31.70281651044397,150,33.136154566873046,8,3,225,4
1051,34.595009762567756,31.70830781522986,150,33.15165878889881,8,3,225,4
1052,34.62133311192598,31.71419001000972,151,33.16776156096785,8,3,225,4
1053,34.64841146399884,31.720501302172146,152,33.18445638308549,8,3,225,4
1054,34.67619444304006,31.727295670419835,151,33.20174505672995,8,3,225,4
1055,34.70463100982432,31.734638084061455,152,33.219634546942885,8,3,225,4
1056,34.73366707771937,31.742600592510406,151,33.23813383511489,8,3,225,4
1057,34.76324243583137,31.751257918494687,151,33.25725017716303,8,3,225,4
1058,34.793287955449706,31.760682163740874,152,33.27698505959529,8,3,225,4
1059,34.82372395858597,31.77093721122598,151,33.29733058490598,8,3,225,4
1060,34.854460530007714,31.782073993358335,151,33.318267261683026,8,3,225,4
1061,34.88539948139652,31.794128380794337,153,33.339763931095426,8,3,225,4
1062,34.91643660348756,31.807122178800984,152,33.361779391144275,8,3,225,4
1063,34.94746323232842,31.821066450306507,154,33.38426484131746,8,3,225,4
1064,34.97836654604915,31.835965799751055,153,33.407166172900105,8,3,225,4
1065,35.009029471677856,31.851821666778047,154,33.43042556922795,8,3,225,4
1066,35.03933254466723,31.868633849371047,154,33.45398319701914,8,3,225,4
1067,35.069157527873,31.886400646559856,153,33.47777908721643,8,3,225,4
1068,35.098390060773085,31.905118693608525,156,33.50175437719081,8,3,225,4
1069,35.12692065798286,31.924784245376227,156,33.52585245167954,8,3,225,4
1070,35.15464542435205,31.945396005427433,156,33.55002071488974,8,3,225,4
1071,35.181467171111954,31.966957940332556,156,33.574212555722255,8,3,225,4
1072,35.20729693470793,31.989481201323855,156,33.59838906801589,8,3,225,4
1073,35.23205541213546,32.01298495815814,158,33.6225201851468,8,3,225,4
1074,35.25567333876192,32.037497022842885,156,33.646585180802404,8,3,225,4
1075,35.27809071232894,32.063056213667565,156,33.67057346299825,8,3,225,4
1076,35.29925564453864,32.08971606893715,156,33.6944858567379,8,3,225,4
1077,35.319123328859384,32.11754717872568,157,33.71833525379253,8,3,225,4
1078,35.33765532043291,32.14663696334799,157,33.742146141890444,8,3,225,4
1079,35.354818641097616,32.177087287600244,156,33.76595296434893,8,3,225,4
1080,35.37058353969034,32.20901000696143,156,33.78979677332588,8,3,225,4
1081,35.38492020076989,32.24252024912538,156,33.81372022494763,8,3,225,4
1082,35.39779615791924,32.2777277217814,155,33.837761939850324,8,3,225,4
1083,35.40917528995256,32.31472682521222,155,33.86195105758239,8,3,225,4
1084,35.41901840055669,32.35358664098675,155,33.88630252077172,8,3,225,4
1085,35.42728440654936,32.39434216087999,156,33.910813283714674,8,3,225,4
1086,35.43393018458856,32.43698763284564,156,33.9354589087171,8,3,225,4
1087,35.43890936958631,32.48147241369058,155,33.96019089163845,8,3,225,4
1088,35.44217264149993,32.52769913349786,154,33.98493588749889,8,3,225,4
1089,35.44366989137633,32.575523392309165,154,34.00959664184275,8,3,225,4
1090,35.44335251172053,32.624755380737284,154,34.03405394622891,8,3,225,4
1091,35.441175129186924,32.675164987341105,154,34.05817005826401,8,3,225,4
1092,35.437097170489004,32.72649029814955,155,34.08179373431928,8,3,225,4
1093,35.43108474990993,32.778447736196085,154,34.10476624305301,8,3,225,4
1094,35.42311346425467,32.830742284475164,153,34.12692787436492,8,3,225,4
1095,35.413171705600064,32.88307643113509,153,34.14812406836758,8,3,225,4
1096,35.40126312667412,32.93515715867795,153,34.16821014267603,8,3,225,4
1097,35.38740767380428,32.98670098175878,154,34.18705432778153,8,3,225,4
1098,35.37164138244856,33.03743742826617,153,34.204539405357366,8,3,225,4
1099,35.35401542269007,33.0871117483753,153,34.22056358553269,8,3,225,4
1100,35.334595174441425,33.1354873434632,153,34.23504125895231,8,3,225,4
1101,35.31345962417507,33.182348113929606,154,34.24790386905234,8,3,225,4
1102,35.29070088707729,33.22750043698622,152,34.259100662031756,8,3,225,4
1103,35.266423560786095,33.270773997462506,153,34.268598779124304,8,3,225,4
1104,35.240743519144424,33.31202098695323,154,34.27638225304882,8,3,225,4
1105,35.213786144349676,33.35111347890011,154,34.28244981162489,8,3,225,4
1106,35.185684385848084,33.38793946962136,153,34.28681192773472,8,3,225,4
1107,35.15657674156457,33.4223987577609,154,34.28948774966274,8,3,225,4
1108,35.12660496432995,33.454399834385725,153,34.290502399357834,8,3,225,4
1109,35.0959118815126,33.48385895577126,153,34.28988541864193,8,3,225,4
1110,35.06464030103987,33.510701205238604,153,34.28767075313924,8,3,225,4
1111,35.03293300159258,33.53486198474691,153,34.283897493169746,8,3,225,4
1112,35.000932829370875,33.55628786448604,154,34.27861034692846,8,3,225,4
1113,34.9687820213656,33.57493620624105,153,34.27185911380332,8,3,225,4
1114,34.93661997260972,33.59077365890509,153,34.263696815757406,8,3,225,4
1115,34.904579542739526,33.60377430712646,153,34.25417692493299,8,3,225,4
1116,34.87278287508471,33.61391776623212,153,34.243350320658415,8,3,225,4
1117,34.84133760408356,33.621187028753226,153,34.231262316418395,8,3,225,4
1118,34.810334229455464,33.62556596535158,152,34.217950097403524,8,3,225,4
1119,34.779844850550596,33.62703648045441,153,34.2034406655025,8,3,225,4
1120,34.74992286932367,33.625575225335396,154,34.18774904732953,8,3,225,4
1121,34.72060297804698,33.62114967385635,154,34.17087632595167,8,3,225,4
1122,34.69190045555663,33.61371463417294,155,34.152807544864785,8,3,225,4
1123,34.6638105517935,33.603211537851045,157,34.13351104482227,8,3,225,4
1124,34.63631049637365,33.58957118986986,158,34.112940843121756,8,3,225,4
1125,34.6093645213934,33.57271900502409,158,34.09104176320875,8,3,225,4
1126,34.58293014311114,33.55258165884789,157,34.06775590097952,8,3,225,4
1127,34.55696463010612,33.52909398372071,157,34.04302930691342,8,3,225,4
1128,34.53143126838364,33.50220523340833,157,34.01681825089599,8,3,225,4
1129,34.50630444867161,33.47188413178499,159,33.989094290228294,8,3,225,4
1130,34.48157201583908,33.43812290156817,157,33.95984745870362,8,3,225,4
1131,34.45723517342922,33.400941248903116,156,33.92908821116617,8,3,225,4
1132,34.433308089322125,33.360390401426805,159,33.89684924537447,8,3,225,4
1133,34.40981778773778,33.31655641917114,159,33.863187103454464,8,3,225,4
1134,34.386803351985854,33.269562289789775,157,33.82818282088782,8,3,225,4
1135,34.36431443754702,33.2195686116701,157,33.79194152460856,8,3,225,4
1136,34.3424100702602,33.16677305808117,157,33.75459156417068,8,3,225,4
1137,34.32115743623547,33.111409205085025,155,33.716283320660246,8,3,225,4
1138,34.30062910197816,33.05374452506419,155,33.677186813521175,8,3,225,4
1139,34.280898663697414,32.99407656686281,155,33.63748761528011,8,3,225,4
1140,34.262036385303276,32.93272731839335,156,33.59738185184831,8,3,225,4
1141,34.244105506739686,32.870036722474836,155,33.55707111460726,8,3,225,4
1142,34.22715902650651,32.806355145851114,156,33.516757086178814,8,3,225,4
1143,34.211236762337286,32.74203343062278,155,33.47663509648004,8,3,225,4
1144,34.19636249416424,32.6774107177799,155,33.43688660597207,8,3,225,4
1145,34.18254109123208,32.612801793129506,154,33.397671442180794,8,3,225,4
1146,34.16975562299686,32.54848570609838,154,33.35912066454762,8,3,225,4
1147,34.157965234054174,32.48469741226151,155,33.32133132315784,8,3,225,4
1148,34.14710534398753,32.421623118064844,154,33.28436423102619,8,3,225,4
1149,34.13709056292367,32.35939893395376,155,33.248244748438715,8,3,225,4
1150,34.12781954347105,32.29811156502783,155,33.212965554249436,8,3,225,4
1151,34.119180404812774,32.237798891282125,156,33.178489648047446,8,3,225,4
1152,34.11105477975457,32.178450826228236,155,33.144752802991405,8,3,225,4
1153,34.103320388906624,32.12001337940849,157,33.11166688415756,8,3,225,4
1154,34.09585389949323,32.06239699583601,156,33.07912544766462,8,3,225,4
1155,34.08853475343422,32.00548839284045,156,33.04701157313733,8,3,225,4
1156,34.08124957644256,31.949164042418285,156,33.015206809430424,8,3,225,4
1157,34.073896292151474,31.893302374635265,155,32.98359933339337,8,3,225,4
1158,34.06638657749235,31.837793143316375,155,32.952089860404364,8,3,225,4
1159,34.058646368285956,31.78254376076848,154,32.92059506452722,8,3,225,4
1160,34.05061519671537,31.72748357858151,154,32.88904938764844,8,3,225,4
1161,34.04224504460351,31.672568261748346,155,32.85740665317593,8,3,225,4
1162,34.033499298677384,31.61778396455885,154,32.82564163161812,8,3,225,4
1163,34.02435229626332,31.563148577872646,155,32.793750437067985,8,3,225,4
1164,34.0147898521311,31.508708584913858,154,32.76174921852248,8,3,225,4
1165,34.00481027919338,31.454531330261496,153,32.729670804727434,8,3,225,4
1166,33.99442453774998,31.400693676745263,154,32.69755910724762,8,3,225,4
1167,33.983655513302445,31.34726919510551,153,32.66546235420398,8,3,225,4
1168,33.972537788296854,31.294315543454395,154,32.633426665875625,8,3,225,4
1169,33.96111790744342,31.241863205940597,153,32.60149055669201,8,3,225,4
1170,33.94945377055478,31.189906370103294,152,32.56968007032904,8,3,225,4
1171,33.93761295710616,31.138396332654033,153,32.5380046448801,8,3,225,4
1172,33.92567095699224,31.08723792151331,153,32.50645443925278,8,3,225,4
1173,33.91370920890054,31.036289520115794,154,32.474999364508164,8,3,225,4
1174,33.90181177469381,30.985365622560575,156,32.443588698627195,8,3,225,4
1175,33.890060941171434,30.934239971052442,155,32.41215045611194,8,3,225,4
1176,33.87853350360651,30.882650936639518,156,32.38059222012301,8,3,225,4
1177,33.86729821748993,30.830311292551887,155,32.34880475502091,8,3,225,4
1178,33.85641363700158,30.776919848175993,155,32.31666674258879,8,3,225,4
1179,33.84592624161296,30.722172412093915,156,32.284049326853435,8,3,225,4
1180,33.835869435144325,30.66577169865537,157,32.25082056689985,8,3,225,4
1181,33.826263611634225,30.607434817223176,157,32.2168492144287,8,3,225,4
1182,33.817117092427836,30.54689786098292,156,32.18200747670538,8,3,225,4
1183,33.80842764154761,30.483918770144143,156,32.146173205845876,8,3,225,4
1184,33.80018416905361,30.418279156394735,158,32.10923166272417,8,3,225,4
1185,33.792368329800496,30.349785287454623,158,32.07107680862756,8,3,225,4
1186,33.784955822672615,30.278268722813912,158,32.03161227274326,8,3,225,4
1187,33.77791680535104,30.203587383960286,158,31.99075209465566,8,3,225,4
1188,33.77121444962313,30.125627159251838,159,31.948420804437482,8,3,225,4
1189,33.76480193032632,30.044303460425244,159,31.904552695375784,8,3,225,4
1190,33.75861940911982,29.95956185467637,158,31.85909063189809,8,3,225,4
1191,33.752591794132236,29.87137660318018,158,31.81198419865621,8,3,225,4
1192,33.746627276429095,29.779747204446668,157,31.76318724043788,8,3,225,4
1193,33.740616644487154,29.684694308461303,158,31.71265547647423,8,3,225,4
1194,33.73443337812867,29.58625529425904,159,31.660344336193855,8,3,225,4
1195,33.72793442608335,29.484478730342754,158,31.606206578213055,8,3,225,4
1196,33.72096147405986,29.379417619868352,160,31.550189546964106,8,3,225,4
1197,33.71334319322854,29.2711220151173,161,31.49223260417292,8,3,225,4
1198,33.70489964201293,29.1596320733995,160,31.432265857706216,8,3,225,4
1199,33.69544843368646,29.044973114258564,161,31.37021077397251,8,3,225,4
1200,33.684810721803004,28.927152872466667,159,31.305981797134834,8,3,270,5
1201,33.672815835812976,28.806159775987037,159,31.239487805900005,8,3,270,5
1202,33.659304179454054,28.68196263894555,159,31.1706334091998,8,3,270,5
1203,33.644128687164965,28.55451372054037,159,31.099321203852668,8,3,270,5
1204,33.62715581638197,28.423755540499407,160,31.02545567844069,8,3,270,5
1205,33.608266468159776,28.289630281325405,159,30.948948374742592,8,3,270,5
1206,33.587356643122106,28.152090315094796,160,30.86972347910845,8,3,270,5
1207,33.56433763952402,28.01110809996734,160,30.78772286974568,8,3,270,5
1208,33.53913559997558,27.866684276624337,161,30.70290993829996,8,3,270,5
1209,33.511690505747,27.71885337976858,160,30.615271942757786,8,3,270,5
1210,33.48195500995138,27.56768755478032,162,30.52482128236585,8,3,270,5
1211,33.44989320808659,27.41329964449235,162,30.431596426289474,8,3,270,5
1212,33.41547915162078,27.25584496217611,163,30.335662056898443,8,3,270,5
1213,33.37869539780801,27.09551901791674,162,30.237107207862373,8,3,270,5
1214,33.3395323764445,26.932551195967317,161,30.136041786205908,8,3,270,5
1215,33.29798818369173,26.767197111120215,162,30.03259264740597,8,3,270,5
1216,33.25406724252219,26.59973100609913,164,29.92689912431066,8,3,270,5
1217,33.20777792736384,26.43043818604942,162,29.819108056706632,8,3,270,5
1218,33.1591309085595,26.259608168667782,161,29.70936953861364,8,3,270,5
1219,33.10813909436061,26.087529911088392,160,29.597834502724503,8,3,270,5
1220,33.05481917029678,25.914489304118096,162,29.484654237207437,8,3,270,5
1221,32.999194150489,25.74076795396144,162,29.36998105222522,8,3,270,5
1222,32.941295770181696,25.566642661761207,163,29.253969215971452,8,3,270,5
1223,32.88116623142569,25.39238540148844,163,29.136775816457064,8,3,270,5
1224,32.81885949646719,25.218263499247517,163,29.018561497857355,8,3,270,5
1225,32.75444193309524,25.04453961959605,160,28.899490776345644,8,3,270,5
1226,32.68799172587798,24.871471262098588,162,28.779731493988283,8,3,270,5
1227,32.61959714980006,24.699309568954718,164,28.659453359377387,8,3,270,5
1228,32.54935448540306,24.52829753723002,163,28.538826011316537,8,3,270,5
1229,32.47736606175056,24.358668021923993,163,28.418017041837274,8,3,270,5
1230,32.403738620787124,24.190642501467597,163,28.29719056112736,8,3,270,5
1231,32.32858209904665,24.024432162625043,163,28.176507130835844,8,3,270,5
1232,32.25200882507603,23.860240911189887,163,28.05612486813296,8,3,270,5
1233,32.17413244810491,23.698267964267053,164,27.936200206185983,8,3,270,5
1234,32.09506523067448,23.53870875295246,163,27.81688699181347,8,3,270,5
1235,32.014914386229194,23.381753937211435,162,27.698334161720314,8,3,270,5
1236,31.933780191002732,23.227587017598353,163,27.580683604300543,8,3,270,5
1237,31.851756356229817,23.076381711312674,163,27.464069033771246,8,3,270,5
1238,31.768930903441902,22.928299187287703,163,27.348615045364802,8,3,270,5
1239,31.6853869561533,22.783484182249687,161,27.234435569201494,8,3,270,5
1240,31.601204031783876,22.642059995262315,162,27.121632013523097,8,3,270,5
1241,31.516459637435652,22.504123333909888,163,27.01029148567277,8,3,270,5
1242,31.431230192893338,22.36973979053283,162,26.900484991713085,8,3,270,5
1243,31.34559137716958,22.23894053226383,163,26.792265954716704,8,3,270,5
1244,31.259619067851695,22.111720789091027,164,26.685669928471363,8,3,270,5
1245,31.17339096959914,21.98804072469961,164,26.580715847149374,8,3,270,5
1246,31.08698795521823,21.867828690159445,163,26.477408322688838,8,3,270,5
1247,31.0004946304045,21.750986275829128,164,26.375740453116812,8,3,270,5
1248,30.91399912088988,21.637394577329047,165,26.275696849109465,8,3,270,5
1249,30.827592178213735,21.52692109184446,166,26.177256635029096,8,3,270,5
1250,30.741365797821025,21.419426466264568,166,26.080396132042797,8,3,270,5
1251,30.65541173822905,21.314770123807293,164,25.98509093101817,8,3,270,5
1252,30.569820525060933,21.212814478647548,164,25.89131750185424,8,3,270,5
1253,30.484680645910572,21.113428130849503,165,25.799054388380036,8,3,270,5
1254,30.400076764187904,21.01648814126273,166,25.708282452725317,8,3,270,5
1255,30.316087243190594,20.921881193350895,165,25.618984218270747,8,3,270,5
1256,30.232782734770723,20.829503253713764,164,25.531142994242245,8,3,270,5
1257,30.15022631907106,20.73925714784009,165,25.444741733455572,8,3,270,5
1258,30.068474413929614,20.651048442882676,164,25.359761428406145,8,3,270,5
1259,29.987577770200986,20.564781004535313,164,25.27617938736815,8,3,270,5
1260,29.907581966884006,20.480353302430547,164,25.193967634657277,8,3,270,5
1261,29.828527502795605,20.39765624587761,164,25.113091874336607,8,3,270,5
1262,29.750450264372805,20.316573039226448,164,25.03351165179963,8,3,270,5
1263,29.67338275911406,20.236981253640536,163,24.9551820063773,8,3,270,5
1264,29.597356114090317,20.15875623925156,163,24.87805617667094,8,3,270,5
1265,29.522402448855953,20.08177392883408,164,24.80208818884502,8,3,270,5
1266,29.44855684196135,20.005912742312457,163,24.727234792136905,8,3,270,5
1267,29.375858597941292,19.931055959544945,164,24.65345727874312,8,3,270,5
1268,29.304352009297187,19.85709485587315,164,24.580723432585167,8,3,270,5
1269,29.234086417776517,19.78393182192878,165,24.50900911985265,8,3,270,5
1270,29.1651149890282,19.711482396461427,163,24.438298692744816,8,3,270,5
1271,29.097492492482584,19.63967484818229,163,24.368583670332434,8,3,270,5
1272,29.031273256092035,19.568447990707025,165,24.299860623399532,8,3,270,5
1273,28.966509880319325,19.497749962770303,163,24.232129921544814,8,3,270,5
1274,28.90325271053975,19.427538852508015,163,24.165395781523884,8,3,270,5
1275,28.841549676893262,19.357784191238636,164,24.09966693406595,8,3,270,5
1276,28.781445720504557,19.28846834201695,165,24.034957031260753,8,3,270,5
1277,28.722981512714597,19.219586808059304,162,23.97128416038695,8,3,270,5
1278,28.666191661703824,19.151147558850845,163,23.908669610277336,8,3,270,5
1279,28.611102600959825,19.083170544451075,163,23.847136572705452,8,3,270,5
1280,28.557730354141157,19.01568749541291,163,23.78670892477703,8,3,270,5
1281,28.506078371015743,18.94874103263622,165,23.727409701825984,8,3,270,5
1282,28.456135629312246,18.88238211129474,165,23.669258870303494,8,3,270,5
1283,28.407875295058396,18.816664822814367,164,23.61227005893638,8,3,270,5
1284,28.36125433174318,18.751639919671934,166,23.556447125707557,8,3,270,5
1285,28.31621415626417,18.687350768644666,165,23.50178246245442,8,3,270,5
1286,28.272682147251217,18.623832609585165,166,23.44825737841819,8,3,270,5
1287,28.230573714054085,18.561113168297585,167,23.395843441175835,8,3,270,5
1288,28.189794537356853,18.4992132574348,167,23.344503897395825,8,3,270,5
1289,28.150243080259376,18.438146584681537,166,23.294194832470456,8,3,270,5
1290,28.111813956507852,18.3779193531262,167,23.244866654817024,8,3,270,5
1291,28.074401669748234,18.318531604360167,166,23.1964666370542,8,3,270,5
1292,28.037903164818946,18.259980791885685,164,23.148941978352315,8,3,270,5
1293,28.002218802560627,18.202266609430776,165,23.1022427059957,8,3,270,5
1294,27.967252540044846,18.145395318500892,165,23.05632392927287,8,3,270,5
1295,27.932911707922344,18.089381039166366,165,23.011146373544356,8,3,270,5
1296,27.899106386383902,18.034243906440196,166,22.96667514641205,8,3,270,5
1297,27.865748966407228,17.980007432936837,168,22.922878199672034,8,3,270,5
1298,27.832755068148526,17.926696443039997,167,22.87972575559426,8,3,270,5
1299,27.800045720304883,17.87433596837567,167,22.837190844340277,8,3,270,5
1300,27.76754943622743,17.82295090913809,167,22.79525017268276,8,3,270,5
1301,27.735204090463768,17.77256568058671,168,22.75388488552524,8,3,270,5
1302,27.702959767275235,17.723203649253083,167,22.71308170826416,8,3,270,5
1303,27.670782484538673,17.67488674862419,168,22.672834616581433,8,3,270,5
1304,27.63865742826268,17.627636054238188,168,22.633146741250435,8,3,270,5
1305,27.606590625312823,17.58147448829784,167,22.59403255680533,8,3,270,5
1306,27.574608274262612,17.53643106822742,168,22.555519671245015,8,3,270,5
1307,27.542754124430232,17.492544357881975,167,22.517649241156104,8,3,270,5
1308,27.51108646331156,17.449863950482747,168,22.480475206897154,8,3,270,5
1309,27.47967529697436,17.408449982672728,168,22.444062639823542,8,3,270,5
1310,27.448599332375363,17.368370971535274,166,22.40848515195532,8,3,270,5
1311,27.41794227284297,17.329700558872688,168,22.37382141585783,8,3,270,5
1312,27.387787840300113,17.292513356774396,168,22.340150598537257,8,3,270,5
1313,27.358214108185877,17.256879698286227,167,22.30754690323605,8,3,270,5
1314,27.32928889949159,17.22285948713273,167,22.276074193312162,8,3,270,5
1315,27.3010673216413,17.190495730665184,168,22.24578152615324,8,3,270,5
1316,27.273591827324395,17.159808925597332,168,22.216700376460864,8,3,270,5
1317,27.24689362996791,17.13079405157204,167,22.188843840769977,8,3,270,5
1318,27.220992742123958,17.103420367336852,167,22.162206554730403,8,3,270,5
1319,27.195896343673752,17.077632644086655,166,22.136764493880204,8,3,270,5
1320,27.171597625377316,17.0533533487571,165,22.112475487067208,8,3,270,5
1321,27.148076083042515,17.030486168262392,166,22.089281125652455,8,3,270,5
1322,27.12529906734206,17.008920973399558,169,22.06711002037081,8,3,270,5
1323,27.103223906822695,16.988540028813652,168,22.045881967818175,8,3,270,5
1324,27.081799434147538,16.9692248654682,168,22.025512149807867,8,3,270,5
1325,27.06096642853723,16.950862842022346,168,22.005914635279787,8,3,270,5
1326,27.040657170280316,16.933352616613774,167,21.987004893447043,8,3,270,5
1327,27.020794693466506,16.916607945547725,169,21.968701319507115,8,3,270,5
1328,27.00129271338222,16.900559517832924,169,21.950926115607572,8,3,270,5
1329,26.98205671745649,16.885154826888538,167,21.933605772172513,8,3,270,5
1330,26.962986221091597,16.870355982967155,167,21.916671102029376,8,3,270,5
1331,26.94397789722281,16.856135272062396,167,21.900056584642602,8,3,270,5
1332,26.92492899592864,16.84246953483961,169,21.883699265384124,8,3,270,5
1333,26.905740958141685,16.829335706958823,169,21.867538332550254,8,3,270,5
1334,26.88632361518601,16.81670849655729,169,21.85151605587165,8,3,270,5
1335,26.866599487959952,16.804559809119056,168,21.835579648539504,8,3,270,5
1336,26.84650682161434,16.79285933490466,170,21.8196830782595,8,3,270,5
1337,26.826000999273504,16.781575519073556,168,21.80378825917353,8,3,270,5
1338,26.80505492097399,16.77067642728008,167,21.787865674127033,8,3,270,5
1339,26.783658706150693,16.760130312160683,167,21.771894509155686,8,3,270,5
1340,26.761819110246165,16.749905783672567,167,21.755862446959366,8,3,270,5
1341,26.73955846053038,16.73997158377768,168,21.73976502215403,8,3,270,5
1342,26.71691194058917,16.73029606349781,167,21.72360400204349,8,3,270,5
1343,26.693923385715046,16.72084655790041,166,21.707384971807727,8,3,270,5
1344,26.670641344350962,16.711588659512206,167,21.691115001931585,8,3,270,5
1345,26.647116412817343,16.702485195604353,167,21.674800804210847,8,3,270,5
1346,26.623400037660808,16.693494714822457,167,21.658447376241632,8,3,270,5
1347,26.599544394695574,16.684569288681807,169,21.642056841688692,8,3,270,5
1348,26.575602368562635,16.675652603964817,169,21.625627486263724,8,3,270,5
1349,26.551627241843814,16.666680492601,167,21.609153867222407,8,3,270,5
1350,26.52767228798314,16.657584094977683,167,21.59262819148041,8,3,270,5
1351,26.503790169651385,16.648293901987596,170,21.57604203581949,8,3,270,5
1352,26.480031751580125,16.63874340887233,168,21.55938758022623,8,3,270,5
1353,26.4564446196639,16.628871601620283,168,21.54265811064209,8,3,270,5
1354,26.4330722809174,16.618624276937588,168,21.525848278927494,8,3,270,5
1355,26.40995384847422,16.607954977031493,169,21.508954412752857,8,3,270,5
1356,26.387122845426916,16.59682573511828,170,21.491974290272598,8,3,270,5
1357,26.364605126911098,16.58520724222428,171,21.474906184567686,8,3,270,5
1358,26.342417285457678,16.573078045722326,170,21.457747665590002,8,3,270,5
1359,26.320566221982137,16.56042238992041,170,21.440494305951276,8,3,270,5
1360,26.29904988214408,16.547227674427088,170,21.423138778285583,8,3,270,5
1361,26.277858670275272,16.533483871452198,172,21.405671270863735,8,3,270,5
1362,26.256976565531705,16.51918470717066,170,21.388080636351184,8,3,270,5
1363,26.23638164780144,16.504327876256742,172,21.37035476202909,8,3,270,5
1364,26.216046423761096,16.488913314312178,171,21.352479869036635,8,3,270,5
1365,26.195938538642796,16.4729403085314,170,21.3344394235871,8,3,270,5
1366,26.1760226544327,16.456404714609747,171,21.316213684521223,8,3,270,5
1367,26.15626339745559,16.439298035597993,170,21.29778071652679,8,3,270,5
1368,26.13662840050477,16.421608752927632,170,21.2791185767162,8,3,270,5
1369,26.11709075728377,16.40332493436359,172,21.26020784582368,8,3,270,5
1370,26.09763049949141,16.384436948595507,171,21.241033724043458,8,3,270,5
1371,26.078235487105566,16.36493892110159,171,21.221587204103578,8,3,270,5
1372,26.05890288261863,16.34482922403319,171,21.201866053325908,8,3,270,5
1373,26.039640526644448,16.324111950957665,173,21.181876238801056,8,3,270,5
1374,26.020465678965927,16.302799766624023,171,21.161632722794977,8,3,270,5
1375,26.00140122244647,16.28091696121698,171,21.141159091831724,8,3,270,5
1376,25.982472060601694,16.25850192858034,172,21.12048699459102,8,3,270,5
1377,25.96370287894873,16.235608677864306,171,21.099655778406518,8,3,270,5
1378,25.945116879618826,16.212307182912312,171,21.078712031265567,8,3,270,5
1379,25.926734708562066,16.18868256854178,171,21.057708638551922,8,3,270,5
1380,25.908572404542163,16.164833425244264,172,21.036702914893212,8,3,270,5
1381,25.89063827207758,16.14086983621199,171,21.015754054144786,8,3,270,5
1382,25.872929653475897,16.116911700389828,169,20.994920676932864,8,3,270,5
1383,25.855430672767707,16.09308793507014,170,20.974259303918924,8,3,270,5
1384,25.83811212204738,16.069536068479124,170,20.95382409526325,8,3,270,5
1385,25.82093310031872,16.046400659750667,170,20.933666880034693,8,3,270,5
1386,25.803842454538835,16.02383044661616,170,20.9138364505775,8,3,270,5
1387,25.786779438261348,16.001975584096428,170,20.894377511178888,8,3,270,5
1388,25.769674368969685,15.980985654658854,170,20.87533001181427,8,3,270,5
1389,25.75244977273351,15.9610084475175,169,20.856729110125507,8,3,270,5
1390,25.735022212349655,15.942189114602577,169,20.838605663476116,8,3,270,5
1391,25.717304800162275,15.92466892059622,171,20.820986860379247,8,3,270,5
1392,25.69921020176201,15.908583097090801,169,20.803896649426406,8,3,270,5
1393,25.68065354667065,15.894057603608426,171,20.78735557513954,8,3,270,5
1394,25.661554271982325,15.881205671233653,169,20.77137997160799,8,3,270,5
1395,25.641836705197836,15.870126077668433,168,20.755981391433135,8,3,270,5
1396,25.62142997272711,15.860902956881223,167,20.741166464804166,8,3,270,5
1397,25.600267527854445,15.853604800913713,168,20.726936164384078,8,3,270,5
1398,25.57828629928,15.848282359926914,169,20.713284329603457,8,3,270,5
1399,25.555425948967326,15.844967195104713,171,20.70019657203602,8,3,270,5
1400,25.531629215652522,15.843671566395024,170,20.687650391023773,8,3,270,5
1401,25.506843247416285,15.84438926444811,169,20.675616255932198,8,3,270,5
1402,25.481020753761253,15.847096703793312,168,20.664058728777285,8,3,270,5
1403,25.45412107554998,15.851753301969682,169,20.652937188759832,8,3,270,5
1404,25.42611253905306,15.858301242513228,172,20.642206890783143,8,3,270,5
1405,25.396975997185983,15.866665792884293,170,20.631820895035137,8,3,270,5
1406,25.36670799780606,15.876756568384568,169,20.621732283095312,8,3,270,5
1407,25.335322506432977,15.888469353071372,169,20.611895929752173,8,3,270,5
1408,25.30285059820731,15.90168750369255,170,20.60226905094993,8,3,270,5
1409,25.26933880163149,15.916281377660368,170,20.59281008964593,8,3,270,5
1410,25.234848044367048,15.932106469649112,169,20.58347725700808,8,3,270,5
1411,25.199453395443708,15.949003184971135,167,20.574228290207422,8,3,270,5
1412,25.163243042332585,15.96679903228683,170,20.565021037309705,8,3,270,5
1413,25.126316111572965,15.985311872602127,169,20.555813992087547,8,3,270,5
1414,25.0887801118985,16.004353251848034,170,20.546566681873266,8,3,270,5
1415,25.050748583561806,16.02373123463456,171,20.537239909098183,8,3,270,5
1416,25.012339342344955,16.043252742096946,170,20.52779604222095,8,3,270,5
1417,24.973673901718094,16.062725982033612,171,20.518199941875853,8,3,270,5
1418,24.93487885160599,16.08196307186863,173,20.508420961737308,8,3,270,5
1419,24.896088021407074,16.10078246726625,173,20.49843524433666,8,3,270,5
1420,24.85744230408211,16.1190110042344,172,20.488226654158254,8,3,270,5
1421,24.819086846616052,16.136485557526914,173,20.477786202071485,8,3,270,5
1422,24.781168140648127,16.153054122958604,171,20.467111131803364,8,3,270,5
1423,24.743832083936454,16.168575936027295,171,20.456204009981874,8,3,270,5
1424,24.70722262023178,16.182920336604695,171,20.445071478418235,8,3,270,5
1425,24.671480370069947,16.19596418682647,171,20.433722278448208,8,3,270,5
1426,24.63674046995349,16.20758862453831,171,20.4221645472459,8,3,270,5
1427,24.60312942267122,16.217676909915625,172,20.41040316629342,8,3,270,5
1428,24.57076134681838,16.226113854815047,173,20.398437600816713,8,3,270,5
1429,24.539734111258973,16.23278605638647,172,20.38626008382272,8,3,270,5
1430,24.510125938005398,16.237582156443764,172,20.373854047224583,8,3,270,5
1431,24.481993349849926,16.240392348064322,172,20.361192848957124,8,3,270,5
1432,24.455371631987852,16.24110752130606,172,20.348239576646954,8,3,270,5
1433,24.43027722152242,16.239619610353717,171,20.33494841593807,8,3,270,5
1434,24.406709683389487,16.235823631480965,172,20.321266657435224,8,3,270,5
1435,24.384652492132258,16.229620828280353,171,20.307136660206304,8,3,270,5
1436,24.364073399824452,16.22092175532848,173,20.292497577576466,8,3,270,5
1437,24.344925073158763,16.20964754612924,172,20.277286309644,8,3,270,5
1438,24.327146585424813,16.19572956179648,172,20.26143807361065,8,3,270,5
1439,24.310665471490765,16.17910956753451,171,20.244887519512638,8,3,270,5
1440,24.295399176271243,16.159741120748137,172,20.22757014850969,8,3,270,5
1441,24.281255507650574,16.137591391378802,173,20.209423449514688,8,3,270,5
1442,24.2681324852968,16.112643122562588,173,20.190387803929696,8,3,270,5
1443,24.255918074494712,16.084896927178722,172,20.170407500836717,8,3,270,5
1444,24.244490391817525,16.054373823004177,172,20.149432107410853,8,3,270,5
1445,24.23371887207042,16.021117616301787,173,20.127418244186103,8,3,270,5
1446,24.22346678854597,15.985197133495278,173,20.104331961020623,8,3,270,5
1447,24.21359454338333,15.946708690373383,175,20.080151616878357,8,3,270,5
1448,24.203962169540297,15.905778114967879,173,20.05487014225409,8,3,270,5
1449,24.194431046539226,15.862560566919797,172,20.02849580672951,8,3,270,5
1450,24.184866392760302,15.817238053835743,170,20.00105222329802,8,3,270,5
1451,24.175140731503312,15.770016202827536,170,19.972578467165423,8,3,270,5
1452,24.165137162445905,15.72112077210641,170,19.94312896727616,8,3,270,5
1453,24.15475205030975,15.670793314227712,171,19.91277268226873,8,3,270,5
1454,24.143897522681126,15.619285889958181,172,19.881591706319654,8,3,270,5
1455,24.13250348597271,15.566855219182454,170,19.84967935257758,8,3,270,5
1456,24.12051818551656,15.513756655109612,170,19.817137420313085,8,3,270,5
1457,24.107907505953225,15.460238367972956,169,19.784072936963092,8,3,270,5
1458,24.09465437824627,15.40653661212049,171,19.75059549518338,8,3,270,5
1459,24.080758488930815,15.352873438181884,169,19.71681596355635,8,3,270,5
1460,24.066235316491888,15.299456358956297,167,19.68284583772409,8,3,270,5
1461,24.05111429981326,15.246477624663662,167,19.64879596223846,8,3,270,5
1462,24.03543672369933,15.19411261663924,167,19.614774670169286,8,3,270,5
1463,24.019253613638206,15.142518722003595,167,19.5808861678209,8,3,270,5
1464,24.002623639170746,15.091835369340707,168,19.547229504255725,8,3,270,5
1465,23.98561131769668,15.042185222929584,169,19.51389827031313,8,3,270,5
1466,23.968286103046022,14.99367614319628,169,19.48098112312115,8,3,270,5
1467,23.950722260282035,14.94640313115911,170,19.44856269572057,8,3,270,5
1468,23.932998745355256,14.900449377332388,171,19.41672406134382,8,3,270,5
1469,23.915199088446784,14.855885438223135,171,19.38554226333496,8,3,270,5
1470,23.897412060059764,14.812767026814466,170,19.355089543437117,8,3,270,5
1471,23.879733021012612,14.771133366697653,170,19.325433193855133,8,3,270,5
1472,23.862264979572583,14.731007279444576,170,19.296636129508578,8,3,270,5
1473,23.845118573937516,14.692397394758416,171,19.268757984347964,8,3,270,5
1474,23.82841039323229,14.655301605193905,170,19.241855999213097,8,3,270,5
1475,23.81225992791767,14.619709619464265,169,19.215984773690966,8,3,270,5
1476,23.796786318264125,14.585604126661332,169,19.191195222462728,8,3,270,5
1477,23.782105484275327,14.552961741988664,169,19.167533613131994,8,3,270,5
1478,23.768327635224477,14.521754612105688,169,19.14504112366508,8,3,270,5
1479,23.755554766863177,14.491953265657596,170,19.123754016260385,8,3,270,5
1480,23.743877364301078,14.463530319253678,169,19.103703841777378,8,3,270,5
1481,23.733370699139115,14.436463673803352,169,19.084917186471234,8,3,270,5
1482,23.724092280072107,14.410737933628186,169,19.067415106850145,8,3,270,5
1483,23.716080943494205,14.38634287823731,169,19.051211910865756,8,3,270,5
1484,23.709356997994536,14.363269474704886,169,19.036313236349713,8,3,270,5
1485,23.703922544298756,14.341505576659602,170,19.022714060479178,8,3,270,5
1486,23.699760799884977,14.321032480508086,169,19.010396640196532,8,3,270,5
1487,23.696834720859616,14.301822534184021,167,18.99932862752182,8,3,270,5
1488,23.695086677043836,14.283837896270215,170,18.989462286657027,8,3,270,5
1489,23.69444005868834,14.267030445933003,169,18.980735252310673,8,3,270,5
1490,23.694802815699646,14.25134245411141,169,18.973072634905527,8,3,270,5
1491,23.696071955169117,14.23670723641109,171,18.966389595790105,8,3,270,5
1492,23.698137047856576,14.22304969106208,171,18.96059336945933,8,3,270,5
1493,23.700882550134967,14.210287308199167,172,18.955584929167067,8,3,270,5
1494,23.704190503703966,14.19833213931548,171,18.951261321509723,8,3,270,5
1495,23.707943809931848,14.18709411831227,170,18.94751896412206,8,3,270,5
1496,23.712028910192625,14.176485150267332,170,18.944257030229977,8,3,270,5
1497,23.716337678927804,14.166422408696775,168,18.941380043812288,8,3,270,5
1498,23.720769311484037,14.156830159898357,169,18.938799735691198,8,3,270,5
1499,23.725232208399376,14.14764031073192,170,18.936436259565646,8,3,270,5
1500,23.72964507740269,14.138792363775426,173,18.934218720589058,8,3,315,6
1501,23.733936571787137,14.130233951364165,171,18.93208526157565,8,3,315,6
1502,23.738042881203242,14.121922144526575,174,18.92998251286491,8,3,315,6
1503,23.741904153839023,14.113824757326094,174,18.927864455582558,8,3,315,6
1504,23.745462091907516,14.105921257120906,172,18.925691674514212,8,3,315,6
1505,23.748659014007497,14.098203281238664,172,18.92343114762308,8,3,315,6
1506,23.751436629603937,14.090674662845853,173,18.921055646224893,8,3,315,6
1507,23.7537340388496,14.083350771066726,172,18.918542404958163,8,3,315,6
1508,23.755485738966957,14.076257165296266,172,18.91587145213161,8,3,315,6
1509,23.756620223380555,14.069427758551255,174,18.913023990965904,8,3,315,6
1510,23.75705956478731,14.062902977161407,173,18.909981270974356,8,3,315,6
1511,23.756720373434664,14.056728696585122,172,18.906724535009893,8,3,315,6
1512,23.75551652196217,14.050955757653837,174,18.903236139808005,8,3,315,6
1513,23.753362955324825,14.04563889208638,173,18.899500923705602,8,3,315,6
1514,23.750178831441886,14.0408344712632,174,18.89550665135254,8,3,315,6
1515,23.745890091409965,14.036597077420192,174,18.89124358441508,8,3,315,6
1516,23.740433411264043,14.032975774244438,174,18.886704592754242,8,3,315,6
1517,23.733761243800203,14.030011831723426,173,18.881886537761815,8,3,315,6
1518,23.72584541544457,14.027738392187212,175,18.876791903815892,8,3,315,6
1519,23.716678205973583,14.026181296602623,173,18.871429751288105,8,3,315,6
1520,23.706271301663804,14.025360095222863,174,18.865815698443335,8,3,315,6
1521,23.694653207222274,14.025288071734945,172,18.85997063947861,8,3,315,6
1522,23.681865896632743,14.025971475674057,171,18.8539186861534,8,3,315,6
1523,23.6679613852591,14.027409523498807,172,18.847685454378954,8,3,315,6
1524,23.65299880779994,14.029596143602717,174,18.841297475701328,8,3,315,6
1525,23.637042001307186,14.032523855411272,175,18.83478292835923,8,3,315,6
1526,23.620157007146226,14.036188417107255,176,18.82817271212674,8,3,315,6
1527,23.602409295847337,14.040591120870635,175,18.821500208358987,8,3,315,6
1528,23.58386090891102,14.045737857845115,175,18.814799383378066,8,3,315,6
1529,23.564568101790094,14.051636318340174,177,18.808102210065133,8,3,315,6
1530,23.544580462471693,14.058293473018887,176,18.80143696774529,8,3,315,6
1531,23.523941407250454,14.065716261089971,175,18.79482883417021,8,3,315,6
1532,23.502688882466835,14.073914802629023,178,18.78830184254793,8,3,315,6
1533,23.480855588765777,14.082903843255005,179,18.78187971601039,8,3,315,6
1534,23.458468532206414,14.092701065470985,178,18.7755847988387,8,3,315,6
1535,23.435548194328998,14.103323827049307,177,18.76943601068915,8,3,315,6
1536,23.41210810106542,14.11478549665802,179,18.76344679886172,8,3,315,6
1537,23.38815537540119,14.127092166783914,178,18.757623771092554,8,3,315,6
1538,23.363692663720403,14.140240133918894,177,18.751966398819647,8,3,315,6
1539,23.338721240632207,14.154214145936153,177,18.74646769328418,8,3,315,6
1540,23.31324451191558,14.168985831503482,176,18.74111517170953,8,3,315,6
1541,23.28727133031299,14.184511141333818,176,18.735891235823402,8,3,315,6
1542,23.260818733946863,14.20072719188367,177,18.730772962915267,8,3,315,6
1543,23.23391381458639,14.217550462957375,177,18.725732138771882,8,3,315,6
1544,23.20659452040517,14.23487683790092,178,18.720735679153044,8,3,315,6
1545,23.178909685411703,14.252582512319243,178,18.715746098865473,8,3,315,6
1546,23.150919065261707,14.27052577293379,180,18.71072241909775,8,3,315,6
1547,23.122693378691647,14.288550623865934,178,18.70562200127879,8,3,315,6
1548,23.094313573343047,14.306491872379771,179,18.70040272286141,8,3,315,6
1549,23.065868924729013,14.324179920812261,178,18.695024422770636,8,3,315,6
1550,23.037453967090805,14.341444291860189,177,18.6894491294755,8,3,315,6
1551,23.0091645473863,14.358115694767866,181,18.683640121077083,8,3,315,6
1552,22.98109358619183,14.37402712274544,181,18.677560354468635,8,3,315,6
1553,22.95332732435426,14.389015154697635,181,18.671171239525947,8,3,315,6
1554,22.92594302934528,14.402921561395795,181,18.66443229537054,8,3,315,6
1555,22.899007867378923,14.415594243258095,180,18.65730105531851,8,3,315,6
1556,22.872577379499976,14.426887599737585,179,18.64973248961878,8,3,315,6
1557,22.846693463069318,14.436663503137138,181,18.641678483103227,8,3,315,6
1558,22.821383223315102,14.444792976652671,181,18.633088099983887,8,3,315,6
1559,22.79665937706481,14.451157603412348,181,18.623908490238577,8,3,315,6
1560,22.77252220823202,14.455650278364786,180,18.614086243298402,8,3,315,6
1561,22.748962489621903,14.458175499935594,181,18.603568994778747,8,3,315,6
1562,22.72596420058366,14.458649398196755,179,18.592306799390208,8,3,315,6
1563,22.70350645540855,14.45699969611254,181,18.580253075760545,8,3,315,6
1564,22.681564642704743,14.453165995319921,180,18.567365319012332,8,3,315,6
1565,22.66011116621485,14.447100972793338,180,18.553606069504095,8,3,315,6
1566,22.639116567755824,14.438771709028515,180,18.538944138392168,8,3,315,6
1567,22.618551130238874,14.428159002652258,180,18.523355066445568,8,3,315,6
1568,22.59838637598692,14.415254379365253,180,18.506820377676085,8,3,315,6
1569,22.57859587557938,14.400056356137926,182,18.489326115858653,8,3,315,6
1570,22.559154782447578,14.38256722880582,183,18.4708610056267,8,3,315,6
1571,22.540038386249797,14.36279135848563,183,18.451414872367714,8,3,315,6
1572,22.521220855865916,14.34073476171504,183,18.43097780879048,8,3,315,6
1573,22.502675050240498,14.316404638729752,182,18.409539844485124,8,3,315,6
1574,22.484373982704906,14.289808254563312,181,18.38709111863411,8,3,315,6
1575,22.466293158894793,14.260951367939649,180,18.36362226341722,8,3,315,6
1576,22.448411642848463,14.229836988155656,180,18.33912431550206,8,3,315,6
1577,22.430710876285104,14.196465825397349,179,18.313588350841226,8,3,315,6
1578,22.413171446466848,14.160839117199949,179,18.287005281833398,8,3,315,6
1579,22.395769266018796,14.122963831016916,179,18.259366548517857,8,3,315,6
1580,22.37847389609086,14.082859365002744,180,18.2306666305468,8,3,315,6
1581,22.361249793549803,14.04056399117977,180,18.200906892364785,8,3,315,6
1582,22.344059312214792,13.996139675114254,181,18.170099493664523,8,3,315,6
1583,22.32686599560645,13.94967429609204,181,18.138270145849244,8,3,315,6
1584,22.309636406100655,13.901281559419626,167,18.10545898276014,8,3,315,6
1585,22.292340783654712,13.851100160075168,171,18.07172047186494,8,3,315,6
1586,22.274954875519242,13.79929287870414,171,18.03712387711169,8,3,315,6
1587,22.257463620147654,13.746045412732546,174,18.0017545164401,8,3,315,6
1588,22.239865710280053,13.691564257305513,177,17.965714983792783,8,3,315,6
1589,22.222177669877404,13.636072462717868,177,17.929125066297637,8,3,315,6
1590,22.20443568922022,13.57980365529414,179,17.89211967225718,8,3,315,6
1591,22.18669482775082,13.522996269029669,180,17.854845548390244,8,3,315,6
1592,22.169026559477235,13.465889252378723,181,17.81745790592798,8,3,315,6
1593,22.151515928084592,13.408719831730016,180,17.780117879907305,8,3,315,6
1594,22.134259871256056,13.351723230320363,183,17.74299155078821,8,3,315,6
1595,22.117366322740324,13.295133558583341,184,17.706249940661834,8,3,315,6
1596,22.100951749767095,13.239185384568643,185,17.670068567167867,8,3,315,6
1597,22.085137124143408,13.184115785696594,183,17.634626454920003,8,3,315,6
1598,22.07004466613385,13.130167365857632,183,17.600106015995742,8,3,315,6
1599,22.055796627246252,13.077593404576104,181,17.56669501591118,8,3,315,6
1600,22.04251630510408,13.026664549187046,181,17.534590427145563,8,3,315,6
1601,22.030330995880416,12.977674705128202,182,17.504002850504307,8,3,315,6
1602,22.019376102048742,12.930944949632135,181,17.475160525840437,8,3,315,6
1603,22.009799222983602,12.88682546420305,184,17.448312343593326,8,3,315,6
1604,22.001762665667172,12.84569616361249,181,17.42372941463983,8,3,315,6
1605,21.99544447071452,12.807967381462099,179,17.40170592608831,8,3,315,6
1606,21.991039706847168,12.774080898991278,182,17.382560302919224,8,3,315,6
1607,21.98876212856591,12.744510530424101,181,17.366636329495005,8,3,315,6
1608,21.988844633374132,12.719760892434776,183,17.354302762904453,8,3,315,6
1609,21.991537929988176,12.700362399597296,182,17.345950164792736,8,3,315,6
1610,21.997107804053684,12.686863648429732,182,17.34198572624171,8,3,315,6
1611,22.005831660234843,12.6798254734574,181,17.342828566846123,8,3,315,6
1612,22.017995311928644,12.679817934765904,180,17.348906623347276,8,3,315,6
1613,22.0338907946013,12.687418472644577,180,17.36065463362294,8,3,315,6
1614,22.053815783533295,12.703210147527827,180,17.37851296553056,8,3,315,6
1615,22.078074513882388,12.727779566085864,181,17.402927039984128,8,3,315,6
1616,22.106979418106853,12.761714581919495,182,17.434347000013176,8,3,315,6
1617,22.14085318337527,12.805602346948337,183,17.473227765161802,8,3,315,6
1618,22.180031419150083,12.860028582168923,183,17.520030000659503,8,3,315,6
1619,22.224865539741312,12.92557922906988,182,17.575222384405595,8,3,315,6
1620,22.275724881197434,13.002843692251071,182,17.63928428672425,8,3,315,6
1621,22.33299785195746,13.092416933033691,183,17.712707392495577,8,3,315,6
1622,22.397092696713663,13.19489952701243,183,17.795996111863047,8,3,315,6
1623,22.468437672340276,13.310896651639073,182,17.889667161989674,8,3,315,6
1624,22.547479654139106,13.44101618954824,182,17.994247921843673,8,3,315,6
1625,22.634681263269066,13.58586535297153,182,18.1102733081203,8,3,315,6
1626,22.730517678863865,13.746045917316554,183,18.23828179809021,8,3,315,6
1627,22.83547351779191,13.922148834769532,183,18.37881117628072,8,3,315,6
1628,22.95003938450898,14.114748803794473,183,18.532394094151726,8,3,315,6
1629,23.07470798593004,14.324399175495893,182,18.699553580712966,8,3,315,6
1630,23.20996999877693,14.551627382991402,183,18.880798690884166,8,3,315,6
1631,23.356309779282675,14.796930885197995,183,19.076620332240335,8,3,315,6
1632,23.514200907620946,15.060773714371164,185,19.287487310996056,8,3,315,6
1633,23.684101559536604,15.343583814733945,186,19.513842687135273,8,3,315,6
1634,23.86644969783024,15.645751457586092,186,19.756100577708168,8,3,315,6
1635,24.061658271659244,15.96762911637613,184,20.014643694017686,8,3,315,6
1636,24.270110807001238,16.30953260057131,183,20.289821703786274,8,3,315,6
1637,24.49215747940571,16.671742662516486,186,20.5819500709611,8,3,315,6
1638,24.72811146800749,17.05450590189443,185,20.89130868495096,8,3,315,6
1639,24.978245682905268,17.458033402805746,186,21.218139542855507,8,3,315,6
1640,25.242790251193878,17.882496807018487,185,21.562643529106182,8,3,315,6
1641,25.52193036726026,18.328022795493247,185,21.924976581376754,8,3,315,6
1642,25.815803333316566,18.794686463232704,186,22.305244898274637,8,3,315,6
1643,26.12449488483907,19.282503585530335,186,22.7034992351847,8,3,315,6
1644,26.448036164322552,19.79142167697096,184,23.119728920646757,8,3,315,6
1645,26.786401439573382,20.321309647935017,185,23.5538555437542,8,3,315,6
1646,27.139505395624855,20.871946254581747,185,24.0057258251033,8,3,315,6
1647,27.50719951301281,21.443007929669452,185,24.47510372134113,8,3,315,6
1648,27.889267728850324,22.034056192834914,185,24.96166196084262,8,3,315,6
1649,28.28542118797966,22.64452445040633,182,25.464972819192994,8,3,315,6
1650,28.695291502388258,23.273704484306794,181,25.984497993347524,8,3,NA,NA
1651,29.118423108669628,23.92073341929177,181,26.519578263980698,8,3,NA,NA
1652,29.55426648500478,24.584582545196415,181,27.0694245151006,8,3,NA,NA
1653,30.0021726249772,25.26404995849375,180,27.633111291735474,8,3,NA,NA
1654,30.461387801474807,25.957757039276085,179,28.209572420375444,8,3,NA,NA
1655,30.931048728385846,26.664146831698087,179,28.79759778004197,8,3,NA,NA
1656,31.410179302329908,27.381483666647938,180,29.395831484488923,8,3,NA,NA
1657,31.8976890354596,28.10785463617156,178,30.00277183581558,8,3,NA,NA
1658,32.392372219212625,28.84117440978268,178,30.616773314497653,8,3,NA,NA
1659,32.89290773850122,29.57919576336498,182,31.2360517509331,8,3,NA,NA
1660,33.397860335446886,30.31952585312956,179,31.85869309428822,8,3,NA,NA
1661,33.905683733414676,31.05964592868365,177,32.48266483104916,8,3,NA,NA
1662,34.4147256437251,31.796932279041364,175,33.10582896138323,8,3,NA,NA
1663,34.923234386526325,32.52867630489193,173,33.725955345709124,8,3,NA,NA
1664,35.429366566338345,33.25210395298595,174,34.34073525966215,8,3,NA,NA
1665,35.93119582954593,33.9643970907302,174,34.947796460138065,8,3,NA,NA
1666,36.42672331776214,34.662717644419295,171,35.54472048109072,8,3,NA,NA
1667,36.913887115998186,35.344233569529855,170,36.12906034276402,8,3,NA,NA
1668,37.390567995712786,36.00614455134435,171,36.69835627352857,8,3,NA,NA
1669,37.854601531211244,36.64570416362384,168,37.25015284741754,8,3,NA,NA
1670,38.30380618103027,37.26023833377923,168,37.78202225740475,8,3,NA,NA
1671,38.73601644370253,37.84716308337656,168,38.29158976353955,8,3,NA,NA
1672,39.14910961229484,38.40400304863239,168,38.77655633046362,8,3,NA,NA
1673,39.54102918495289,38.92841082108785,165,39.23472000302037,8,3,NA,NA
1674,39.90980925602088,39.418187244480265,164,39.66399825025057,8,3,NA,NA
1675,40.253599822099766,39.87130289935926,164,40.06245136072951,8,3,NA,NA
1676,40.57069186308942,40.285916908104134,164,40.428304385596775,8,3,NA,NA
1677,40.859538227866224,40.66038509380416,164,40.75996166083519,8,3,NA,NA
1678,41.1187635234933,40.99325732659136,164,41.05601042504233,8,3,NA,NA
1679,41.34716332464228,41.283271691017696,164,41.315217507829985,8,3,NA,NA
1680,41.54370013752995,41.52934930110858,164,41.53652471931927,8,3,NA,NA
1681,41.70749984361399,41.73058978282676,164,41.71904481322038,8,3,NA,NA
1682,41.837848639266625,41.88626744081881,164,41.86205804004272,8,3,NA,NA
1683,41.93419048509162,41.99582812352536,164,41.96500930430849,8,3,NA,NA
1684,41.99612507604398,42.05888679800465,164,42.027505937024316,8,3,NA,NA
