time,smo2_dom,smo2_ndom,heart_rate,smo2_avg,participant_id,session,power,lap
0,69.79194573163375,81.09485034510443,99,75.44339803836908,8,1,90,1
1,69.74637287547341,81.04792125306331,98,75.39714706426835,8,1,90,1
2,69.67822991328808,80.98804878853653,96,75.3331393509123,8,1,90,1
3,69.5876506112267,80.91537861125428,100,75.2515146112405,8,1,90,1
4,69.47484581699582,80.8301357700993,102,75.15249079354757,8,1,90,1
5,69.340102921046,80.73261881274956,103,75.03636086689778,8,1,90,1
6,69.18378439602346,80.62319370080529,102,74.90348904841437,8,1,90,1
7,69.00632521495677,80.50228762333204,102,74.7543064191444,8,1,90,1
8,68.80822953268495,80.37038289822841,105,74.58930621545667,8,1,90,1
9,68.59006759910794,80.22801085725621,104,74.40903922818208,8,1,90,1
10,68.3524727013443,80.07574531709537,105,74.21410900921984,8,1,90,1
11,68.096136760434,79.91419562819038,104,74.0051661943122,8,1,90,1
12,67.8218046702811,79.74399968266034,104,73.78290217647071,8,1,90,1
13,67.53026892865506,79.5658170668966,105,73.54804299777584,8,1,90,1
14,67.22236493880386,79.38032234893186,106,73.30134364386785,8,1,90,1
15,66.89896618904623,79.18819858786047,105,73.04358238845336,8,1,90,1
16,66.56097939488689,78.99013124988993,105,72.77555532238841,8,1,90,1
17,66.2093405654486,78.7868027154979,104,72.49807164047326,8,1,90,1
18,65.84501207764512,78.57888756215638,107,72.21194981990075,8,1,90,1
19,65.46897996320902,78.36704870954647,105,71.91801433637775,8,1,90,1
20,65.08225080834694,78.15193441672172,106,71.61709261253432,8,1,90,1
21,64.68584786050062,77.93417573074,107,71.31001179562031,8,1,90,1
22,64.2808064240709,77.71438359639525,103,70.99759501023308,8,1,90,1
23,63.86816911440174,77.49314561723884,104,70.68065736582028,8,1,90,1
24,63.44898114898328,77.27102323868236,105,70.36000219383283,8,1,90,1
25,63.02428546456823,77.04854953910557,104,70.0364175018369,8,1,90,1
26,62.59511744885622,76.82622723006659,104,69.71067233946141,8,1,90,1
27,62.16249907543979,76.60452734499002,104,69.3835132102149,8,1,90,1
28,61.72743271850681,76.38388909617645,105,69.05566090734163,8,1,90,1
29,61.290895411685284,76.16471855188763,105,68.72780698178646,8,1,90,1
30,60.85383392557544,75.94738446853918,108,68.4006091970573,8,1,90,1
31,60.41716064876005,75.7322146855092,107,68.07468766713463,8,1,90,1
32,59.98174996494611,75.51949629556255,109,67.75062313025433,8,1,90,1
33,59.54843452682001,75.30947822024176,108,67.42895637353088,8,1,90,1
34,59.11800180315043,75.10237374728484,109,67.11018777521764,8,1,90,1
35,58.691192251680135,74.89836263602182,110,66.79477744385098,8,1,90,1
36,58.26869881291335,74.69759356772144,108,66.4831461903174,8,1,90,1
37,57.851165762500955,74.50018742575757,107,66.17567659412927,8,1,90,1
38,57.43918642373222,74.3062415983209,108,65.87271401102656,8,1,90,1
39,57.03330070546912,74.11583471652608,106,65.5745677109976,8,1,90,1
40,56.63399304151292,73.92903046082677,107,65.28151175116984,8,1,90,1
41,56.24169091807975,73.74588014185889,106,64.99378552996932,8,1,90,1
42,55.85676466459469,73.56642483498523,106,64.71159474978995,8,1,90,1
43,55.47952967156439,73.39069736034585,106,64.43511351595512,8,1,90,1
44,55.11025054204502,73.21872391271623,108,64.16448722738062,8,1,90,1
45,54.74914502594863,73.05052553572708,106,63.89983528083785,8,1,90,1
46,54.39638734288078,72.88612002522572,108,63.641253684053254,8,1,90,1
47,54.05211225559422,72.72552406634905,106,63.38881816097164,8,1,90,1
48,53.716420086375635,72.56875462864097,107,63.142587357508305,8,1,90,1
49,53.38938169885051,72.415829716486,105,62.90260570766826,8,1,90,1
50,53.071043248533464,72.26676925490491,105,62.66890625171919,8,1,90,1
51,52.7614312862185,72.12159542767353,106,62.44151335694602,8,1,90,1
52,52.46055782329821,71.98033188220673,107,62.220444852752465,8,1,90,1
53,52.16842399301961,71.84300316636886,110,62.00571357969423,8,1,90,1
54,51.88502211238526,71.7096353722338,109,61.79732874230953,8,1,90,1
55,51.610337120053714,71.58025701104843,108,61.59529706555107,8,1,90,1
56,51.34434787803451,71.45489875345442,107,61.39962331574446,8,1,90,1
57,51.0870283373876,71.33359193698223,107,61.21031013718492,8,1,90,1
58,50.83834817809743,71.21636662065173,105,61.02735739937458,8,1,90,1
59,50.59827214323669,71.10324957635595,106,60.850760859796324,8,1,90,1
60,50.36675787282657,70.99426221657487,106,60.68051004470072,8,1,90,1
61,50.14375262810366,70.88941836048156,105,60.51658549429261,8,1,90,1
62,49.92918978471389,70.78872164305254,108,60.35895571388322,8,1,90,1
63,49.722986461207135,70.6921625669867,105,60.20757451409692,8,1,90,1
64,49.52504267404175,70.59971539247086,108,60.062379033256306,8,1,90,1
65,49.335241435176584,70.51133525510758,107,59.92328834514208,8,1,90,1
66,49.153449208584085,70.42695609764415,110,59.79020265311412,8,1,90,1
67,48.97951614227692,70.3464899039058,110,59.66300302309136,8,1,90,1
68,48.81327666315637,70.2698276261278,109,59.54155214464209,8,1,90,1
69,48.654552192698,70.19684151445303,110,59.425696853575516,8,1,90,1
70,48.50315588849787,70.12738787492047,111,59.31527188170917,8,1,90,1
71,48.358897463668576,70.061309965302,109,59.210103714485285,8,1,90,1
72,48.22158662390358,69.99844142113545,107,59.11001402251952,8,1,90,1
73,48.09103414979496,69.93860992175142,108,59.01482203577319,8,1,90,1
74,47.96705121259524,69.88164012348814,106,58.92434566804169,8,1,90,1
75,47.84944907219936,69.82735596030429,107,58.838402516251826,8,1,90,1
76,47.738040135665074,69.7755834849676,106,58.756811810316336,8,1,90,1
77,47.63264018412999,69.72615435108041,104,58.6793972676052,8,1,90,1
78,47.5330709907341,69.67890896324198,102,58.60598997698804,8,1,90,1
79,47.43916196687867,69.63369910287844,106,58.536430534878555,8,1,90,1
80,47.35075064451842,69.59039061745521,104,58.47057063098681,8,1,90,1
81,47.26768297252586,69.54886607782822,105,58.40827452517704,8,1,90,1
82,47.18981411241899,69.50902662549043,105,58.34942036895471,8,1,90,1
83,47.117010125986035,69.47079271890959,106,58.29390142244782,8,1,90,1
84,47.04914967922104,69.43410397556593,105,58.24162682739349,8,1,90,1
85,46.986123618844616,69.39891811093958,104,58.192520864892096,8,1,90,1
86,46.92783213069919,69.36520878034173,102,58.14652045552046,8,1,90,1
87,46.87418104233221,69.33296281196013,104,58.10357192714617,8,1,90,1
88,46.825078539330555,69.3021780019962,104,58.06362827066337,8,1,90,1
89,46.7804332722668,69.27286195979562,105,58.02664761603121,8,1,90,1
90,46.7401540507842,69.24503180792922,104,57.99259292935671,8,1,90,1
91,46.70415054104078,69.21871424941394,103,57.96143239522736,8,1,90,1
92,46.67233448024391,69.19394522150458,106,57.93313985087424,8,1,90,1
93,46.64462101950991,69.17076923319337,104,57.90769512635164,8,1,90,1
94,46.6209298062651,69.14923936126402,104,57.885084583764566,8,1,90,1
95,46.60118541736812,69.12941790419846,103,57.86530166078329,8,1,90,1
96,46.58531704666843,69.11137671768522,103,57.84834688217683,8,1,90,1
97,46.57325764324451,69.09519674306804,104,57.83422719315628,8,1,90,1
98,46.5649423063545,69.08096672766189,105,57.8229545170082,8,1,90,1
99,46.56030535293596,69.06878094061119,105,57.81454314677357,8,1,90,1
100,46.55927644884474,69.05873549273572,105,57.80900597079023,8,1,90,1
101,46.56177717041939,69.05092394167932,104,57.80635055604935,8,1,90,1
102,46.56771848518195,69.04543393660028,105,57.80657621089111,8,1,90,1
103,46.57699876276058,69.04234509604834,103,57.80967192940446,8,1,90,1
104,46.58950251251435,69.04172675213115,106,57.81561463232275,8,1,90,1
105,46.605100629764785,69.0436350720513,103,57.82436785090805,8,1,90,1
106,46.62365264011744,69.04810994611255,104,57.835881293114994,8,1,90,1
107,46.64501113892746,69.05517203150109,106,57.85009158521427,8,1,90,1
108,46.66902774530491,69.06482034140052,104,57.86692404335271,8,1,90,1
109,46.69555901233347,69.07703115943079,105,57.886295085882125,8,1,90,1
110,46.72447171055351,69.09175944986472,103,57.90811558020911,8,1,90,1
111,46.75564787705002,69.10894256890217,104,57.932295222976094,8,1,90,1
112,46.788989046955656,69.12850471708785,103,57.95874688202176,8,1,90,1
113,46.82441810857389,69.1503612559861,103,57.987389682279996,8,1,90,1
114,46.861878686112576,69.17442269519003,106,58.018150690651304,8,1,90,1
115,46.901333416774506,69.20059786326857,107,58.05096564002154,8,1,90,1
116,46.94276151324519,69.22879548372173,105,58.08577849848346,8,1,90,1
117,46.98615502693535,69.25892435243375,105,58.12253968968455,8,1,90,1
118,47.03151381232801,69.29089328850665,104,58.161203550417326,8,1,90,1
119,47.0788397778306,69.32461125004099,103,58.2017255139358,8,1,90,1
120,47.12813130102393,69.3599872261131,104,58.244059263568516,8,1,90,1
121,47.17937897877361,69.39692961374811,106,58.28815429626086,8,1,90,1
122,47.23256319994173,69.43534488624213,104,58.333954043091936,8,1,90,1
123,47.287653345770245,69.47513574936019,103,58.38139454756522,8,1,90,1
124,47.344608618248586,69.51619937212851,106,58.43040399518855,8,1,90,1
125,47.40338069203068,69.55842676666947,107,58.480903729350075,8,1,90,1
126,47.463917702838415,69.60170487927654,110,58.53281129105748,8,1,90,1
127,47.52616840262252,69.64592119932749,108,58.586044800975,8,1,90,1
128,47.59008570195277,69.69096893700312,106,58.64052731947795,8,1,90,1
129,47.655629210251696,69.73675101586039,104,58.69619011305605,8,1,90,1
130,47.72276609182478,69.7831813213223,107,58.75297370657354,8,1,90,1
131,47.79146926294555,69.83018320658974,106,58.810826234767646,8,1,90,1
132,47.86171390589851,69.87768681790385,105,58.86970036190118,8,1,90,1
133,47.93347522654885,69.92562660589212,104,58.929550916220485,8,1,90,1
134,48.0067280410658,69.97394019456692,103,58.99033411781636,8,1,90,1
135,48.081446436515684,70.02256860902368,103,59.052007522769685,8,1,90,1
136,48.15760282295841,70.07145669238011,104,59.11452975766926,8,1,90,1
137,48.23516676760995,70.12055283502941,102,59.177859801319684,8,1,90,1
138,48.314103709046215,70.16980743181081,102,59.241955570428516,8,1,90,1
139,48.39437335685422,70.21917045805776,101,59.30677190745599,8,1,90,1
140,48.47592846004799,70.26858953086334,102,59.37225899545567,8,1,90,1
141,48.5587155054977,70.31800913913118,104,59.43836232231444,8,1,90,1
142,48.642676956953245,70.36737104323561,105,59.50502400009442,8,1,90,1
143,48.72775269456851,70.41661555253192,105,59.572184123550215,8,1,90,1
144,48.81387958290054,70.46568309637104,104,59.63978133963579,8,1,90,1
145,48.90098936341166,70.5145155043155,104,59.707752433863575,8,1,90,1
146,48.98900555523815,70.56305641127652,102,59.776030983257336,8,1,90,1
147,49.07784053575198,70.6112509835634,102,59.84454575965769,8,1,90,1
148,49.16739416765555,70.65904594209981,103,59.913220054877684,8,1,90,1
149,49.25755553459771,70.7063902737983,102,59.981972904198,8,1,90,1
150,49.3482069090269,70.75323643681772,101,60.05072167292231,8,1,90,1
151,49.43922663770433,70.79954167033952,100,60.11938415402193,8,1,90,1
152,49.530489776240024,70.84526882439462,102,60.18787930031732,8,1,90,1
153,49.6218674499182,70.89038622273014,103,60.25612683632417,8,1,90,1
154,49.71322582060399,70.93486616915368,104,60.32404599487883,8,1,90,1
155,49.80442544205212,70.97868248800428,102,60.3915539650282,8,1,90,1
156,49.8953212007829,71.02180826963118,103,60.45856473520704,8,1,90,1
157,49.98576245454405,71.06421450405705,102,60.524988479300546,8,1,90,1
158,50.075592785403316,71.1058697983281,103,60.59073129186571,8,1,90,1
159,50.164648589545735,71.14674088539844,103,60.65569473747209,8,1,90,1
160,50.252757579136414,71.18679314474811,101,60.71977536194226,8,1,90,1
161,50.33974012491018,71.22599113525757,102,60.782865630083876,8,1,90,1
162,50.42541314955146,71.26429992117588,100,60.84485653536367,8,1,90,1
163,50.509593063311094,71.30168709418218,103,60.90564007874664,8,1,90,1
164,50.592096866864594,71.33812451668206,104,60.965110691773326,8,1,90,1
165,50.67274317993511,71.37358939668766,104,61.02316628831139,8,1,90,1
166,50.75135436896986,71.40806488981383,104,61.07970962939184,8,1,90,1
167,50.82776036189881,71.44154071642006,103,61.13465053915944,8,1,90,1
168,50.90180356749586,71.47401457441325,105,61.187909070954554,8,1,90,1
169,50.973343146298646,71.50549415278876,103,61.2394186495437,8,1,90,1
170,51.04225756260816,71.53599857553051,104,61.289128069069335,8,1,90,1
171,51.108445029595416,71.56555888559512,104,61.33700195759527,8,1,90,1
172,51.17182301985308,71.59421795879163,107,61.383020489322355,8,1,90,1
173,51.23232957402392,71.62203013967302,105,61.42717985684847,8,1,90,1
174,51.28992640878034,71.64906079385953,103,61.46949360131994,8,1,90,1
175,51.344601094050255,71.67538577594948,103,61.50999343499987,8,1,90,1
176,51.39636693454997,71.7010906169148,102,61.548728775732386,8,1,90,1
177,51.44526055582631,71.7262690396609,104,61.58576479774361,8,1,90,1
178,51.491338365067584,71.75102021622757,104,61.621179290647575,8,1,90,1
179,51.534674227028546,71.77544525288354,106,61.655059739956044,8,1,90,1
180,51.57535854928244,71.7996444621824,104,61.68750150573242,8,1,90,1
181,51.613496824916204,71.82371590810223,103,61.71860636650922,8,1,90,1
182,51.64920704604691,71.8477546374851,102,61.748480841766,8,1,90,1
183,51.682616766827266,71.87185220610142,102,61.777234486464344,8,1,90,1
184,51.71386069195514,71.89609630278797,101,61.80497849737155,8,1,90,1
185,51.74307976408819,71.92057037269768,102,61.83182506839294,8,1,90,1
186,51.77042126038218,71.94535323829601,101,61.85788724933909,8,1,90,1
187,51.79603794520662,71.97051861926855,105,61.88327828223758,8,1,90,1
188,51.82008539890899,71.996134355042,103,61.908109876975495,8,1,90,1
189,51.84271771533577,72.02226132877401,103,61.932489522054894,8,1,90,1
190,51.864083126311264,72.04895228683333,104,61.9565177065723,8,1,90,1
191,51.88432247682224,72.07625104050834,102,61.98028675866529,8,1,90,1
192,51.90357045107516,72.10419282941342,105,62.00388164024429,8,1,90,1
193,51.921956426035116,72.1328055532992,104,62.027380989667165,8,1,90,1
194,51.9396035848145,72.16211050620596,106,62.05085704551023,8,1,90,1
195,51.95662667803499,72.1921222223756,107,62.0743744502053,8,1,90,1
196,51.97312960170623,72.22284801880615,105,62.09798881025619,8,1,90,1
197,51.98920474061004,72.25428781944764,105,62.121746280028844,8,1,90,1
198,52.00493446572092,72.28643484615638,104,62.14568465593865,8,1,90,1
199,52.02039361374246,72.31927717640339,106,62.16983539507292,8,1,90,1
200,52.03565206961769,72.35279958260088,105,62.19422582610929,8,1,90,1
201,52.050776865617955,72.38698536059619,103,62.218881113107074,8,1,90,1
202,52.06583360083165,72.42181814754167,105,62.24382587418666,8,1,90,1
203,52.08088737505984,72.45728343677969,103,62.26908540591977,8,1,90,1
204,52.09600352869887,72.49336920478608,104,62.294686366742475,8,1,90,1
205,52.111248577746416,72.53006555286547,107,62.32065706530594,8,1,90,1
206,52.126691440443366,72.56736375393203,106,62.3470275971877,8,1,90,1
207,52.142404759425034,72.60525519221646,106,62.37382997582075,8,1,90,1
208,52.158465928145006,72.64373078125874,105,62.40109835470187,8,1,90,1
209,52.174957235207835,72.68278095786134,105,62.428869096534584,8,1,90,1
210,52.19196483278671,72.72239586200152,105,62.457180347394115,8,1,90,1
211,52.209576527842486,72.76256531270731,104,62.4860709202749,8,1,90,1
212,52.22787898004291,72.80327818990808,106,62.5155785849755,8,1,90,1
213,52.246955475492975,72.8445212224233,105,62.54573834895814,8,1,90,1
214,52.2668843724772,72.88627757241586,106,62.576580972446536,8,1,90,1
215,52.28773724253837,72.92852570420702,105,62.608131473372694,8,1,90,1
216,52.30957651061275,72.97123912293937,108,62.64040781677606,8,1,90,1
217,52.33245317836789,73.0143870809694,109,62.67342012966864,8,1,90,1
218,52.356405215008806,73.05793586226915,106,62.70717053863898,8,1,90,1
219,52.3814571999692,73.10185006008436,104,62.741653630026775,8,1,90,1
220,52.40762092428303,73.14609306804944,106,62.77685699616623,8,1,90,1
221,52.434895779818504,73.19062659022856,104,62.81276118502353,8,1,90,1
222,52.46326883865909,73.2354095608164,103,62.84933919973774,8,1,90,1
223,52.492715598013305,73.28039696179077,102,62.88655627990204,8,1,90,1
224,52.52320187852837,73.3255391243824,103,62.924370501455385,8,1,90,1
225,52.55468687636029,73.37078161260536,103,62.962734244482824,8,1,90,1
226,52.587126491672976,73.41606529948122,104,63.0015958955771,8,1,90,1
227,52.62047517851755,73.46132634419827,103,63.04090076135791,8,1,90,1
228,52.65468621923383,73.50649587605717,104,63.0805910476455,8,1,90,1
229,52.6897119846777,73.55149997142402,103,63.12060597805086,8,1,90,1
230,52.72550486375952,73.59626129028209,103,63.1608830770208,8,1,90,1
231,52.76201866795057,73.64070208091564,104,63.20136037443311,8,1,90,1
232,52.79920973119202,73.6847466031783,106,63.24197816718516,8,1,90,1
233,52.83703634040241,73.7283222887749,105,63.28267931458866,8,1,90,1
234,52.875456789880744,73.77136022492988,106,63.32340850740531,8,1,90,1
235,52.91442801100972,73.81379554779298,106,63.36411177940135,8,1,90,1
236,52.95390565575793,73.85556833189945,107,63.40473699382869,8,1,90,1
237,52.9938454395882,73.89662507422582,108,63.44523525690701,8,1,90,1
238,53.03420476908077,73.93692038359181,108,63.48556257633629,8,1,90,1
239,53.07494289926807,73.97641799839299,107,63.52568044883053,8,1,90,1
240,53.11601962134071,74.01508976786354,107,63.56555469460213,8,1,90,1
241,53.15739423704523,74.05291298760078,106,63.60515361232301,8,1,90,1
242,53.19902550317448,74.08986823562928,107,63.64444686940188,8,1,90,1
243,53.240872156643185,74.1259383921339,109,63.68340527438855,8,1,90,1
244,53.282893435565676,74.16110806287095,108,63.72200074921831,8,1,90,1
245,53.325048816674595,74.19536291884276,108,63.76020586775868,8,1,90,1
246,53.36729706725073,74.22868875740957,108,63.79799291233015,8,1,90,1
247,53.40959558756919,74.26107057768448,108,63.83533308262683,8,1,90,1
248,53.45190043466141,74.29249245074139,107,63.8721964427014,8,1,90,1
249,53.49416683299327,74.3229380873284,106,63.908552460160834,8,1,90,1
250,53.5363495875189,74.35239112794225,105,63.94437035773058,8,1,90,1
251,53.57840242442529,74.38083476535824,106,63.97961859489177,8,1,90,1
252,53.620276260278274,74.40825089494518,105,64.01426357761173,8,1,90,1
253,53.66191737568566,74.43461889058509,108,64.04826813313537,8,1,90,1
254,53.70326578686925,74.45991400651945,107,64.08158989669435,8,1,90,1
255,53.74425342583846,74.4841056005356,108,64.11417951318703,8,1,90,1
256,53.784802325187435,74.50715556902121,107,64.14597894710433,8,1,90,1
257,53.82482358889364,74.52901718944209,107,64.17692038916786,8,1,90,1
258,53.864217442961035,74.54963437084642,110,64.20692590690373,8,1,90,1
259,53.90287417223078,74.56894170328137,109,64.23590793775608,8,1,90,1
260,53.94067565229425,74.58686608729832,110,64.26377086979629,8,1,90,1
261,53.977497088043144,74.60332955440416,108,64.29041332122365,8,1,90,1
262,54.01320857053209,74.61825171897466,109,64.31573014475337,8,1,90,1
263,54.04767606394603,74.63155127760537,111,64.33961367077569,8,1,90,1
264,54.08076231238577,74.64314694730086,111,64.36195462984332,8,1,90,1
265,54.11232903408777,74.65295833145787,110,64.38264368277282,8,1,90,1
266,54.14224040519895,74.66090730013363,113,64.40157385266629,8,1,90,1
267,54.17036646969911,74.66691998337923,112,64.41864322653917,8,1,90,1
268,54.19658540465148,74.67092898868353,111,64.4337571966675,8,1,90,1
269,54.22078386250528,74.672875551041,109,64.44682970677314,8,1,90,1
270,54.24285578250328,74.6727114215917,111,64.45778360204748,8,1,90,1
271,54.26270123356771,74.67040039820017,109,64.46655081588395,8,1,90,1
272,54.28022646077706,74.66591949872901,110,64.47307297975303,8,1,90,1
273,54.29534591729417,74.65925997264938,109,64.47730294497177,8,1,90,1
274,54.3079853403295,74.65042854149762,109,64.47920694091356,8,1,90,1
275,54.31808304386007,74.63944867321791,110,64.47876585853899,8,1,90,1
276,54.32558851890265,74.62636110994552,107,64.47597481442409,8,1,90,1
277,54.33046000045321,74.61122316117337,106,64.47084158081329,8,1,90,1
278,54.33266256249888,74.59410656663006,104,64.46338456456448,8,1,90,1
279,54.33216722945553,74.57509392800648,105,64.45363057873101,8,1,90,1
280,54.32895068191901,74.55427390351069,104,64.44161229271485,8,1,90,1
281,54.32299487441921,74.53173604182211,104,64.42736545812066,8,1,90,1
282,54.314285915298726,74.50756681467435,104,64.41092636498654,8,1,90,1
283,54.30281142872017,74.4818470417718,106,64.39232923524598,8,1,90,1
284,54.2885568867259,74.45464953628114,104,64.37160321150353,8,1,90,1
285,54.271502667231395,74.42603667705455,104,64.34876967214298,8,1,90,1
286,54.25162222834883,74.3960584916973,103,64.32384036002307,8,1,90,1
287,54.22888042399587,74.36475124951339,104,64.29681583675463,8,1,90,1
288,54.203231766145436,74.33213597831536,107,64.2676838722304,8,1,90,1
289,54.174619219500684,74.2982168070075,106,64.2364180132541,8,1,90,1
290,54.14297391945781,74.26297952380064,108,64.20297672162923,8,1,90,1
291,54.10821600931306,74.22639064261992,108,64.16730332596649,8,1,90,1
292,54.07025659778592,74.18839717299159,106,64.12932688538875,8,1,90,1
293,54.02900064303271,74.14892719146131,106,64.08896391724701,8,1,90,1
294,53.98434998422129,74.10789121536673,108,64.04612059979401,8,1,90,1
295,53.93620515659556,74.0651839899326,106,64.00069457326408,8,1,90,1
296,53.88446579646461,74.02068590978462,105,63.952575853124614,8,1,90,1
297,53.82903061303109,73.9742639789851,104,63.90164729600809,8,1,90,1
298,53.769797416315555,73.9257728966794,107,63.84778515649748,8,1,90,1
299,53.70666320277221,73.87505646548404,104,63.79085983412813,8,1,90,1
300,53.63952420265425,73.82194912977198,102,63.73073666621312,8,1,135,2
301,53.56827569564945,73.76627764627322,102,63.667276670961336,8,1,135,2
302,53.49281179147854,73.70786308464749,103,63.60033743806301,8,1,135,2
303,53.413025762322,73.64652306318915,104,63.52977441275557,8,1,135,2
304,53.328811221340075,73.58207383229575,106,63.45544252681791,8,1,135,2
305,53.24006414894238,73.51433220853762,107,63.37719817874,8,1,135,2
306,53.14668576844788,73.44311775233938,110,63.29490176039363,8,1,135,2
307,53.048586272728684,73.36825538717893,112,63.20842082995381,8,1,135,2
308,52.945688915667304,73.28957846307001,111,63.11763368936866,8,1,135,2
309,52.83793349443893,73.20693246211542,112,63.02243297827717,8,1,135,2
310,52.725279126253376,73.12017973889084,112,62.92272943257211,8,1,135,2
311,52.607707100761175,73.02920520049771,111,62.818456150629444,8,1,135,2
312,52.48522400380721,72.93392234312944,112,62.70957317346833,8,1,135,2
313,52.35786472264913,72.83427867151966,111,62.5960716970844,8,1,135,2
314,52.22569474729178,72.73025913707895,112,62.477976942185364,8,1,135,2
315,52.08881098708156,72.62188749797647,112,62.355349242529016,8,1,135,2
316,51.947341199075325,72.5092267718206,111,62.22828398544796,8,1,135,2
317,51.80144300205656,72.39237956086546,112,62.09691128146101,8,1,135,2
318,51.65130383973243,72.27148863893053,110,61.96139623933148,8,1,135,2
319,51.497143646311784,72.14673799350642,114,61.8219408199091,8,1,135,2
320,51.33921952875241,72.01835432079572,115,61.678786924774066,8,1,135,2
321,51.17782934101833,71.88660838557631,112,61.53221886329732,8,1,135,2
322,51.013312878326445,71.75181507189411,113,61.38256397511028,8,1,135,2
323,50.84605127195461,71.61433231543829,107,61.23019179369645,8,1,135,2
324,50.67646565222183,71.47456047329595,109,61.07551306275889,8,1,135,2
325,50.505016634290904,71.3329427107202,114,60.91897967250556,8,1,135,2
326,50.33220491283643,71.18996600848742,113,60.761085460661924,8,1,135,2
327,50.15857198301971,71.04616229624102,114,60.60236713963037,8,1,135,2
328,49.98469990704245,70.90210911902787,111,60.44340451303516,8,1,135,2
329,49.81120894737832,70.75842924349857,112,60.28481909543844,8,1,135,2
330,49.63875256992723,70.61578860950225,112,60.12727058971474,8,1,135,2
331,49.468010002522924,70.47489164199226,111,59.971450822257594,8,1,135,2
332,49.29967643619368,70.33647254738567,112,59.81807449178967,8,1,135,2
333,49.13445085865983,70.20128229085117,109,59.6678665747555,8,1,135,2
334,48.973021997004366,70.07007202347037,108,59.52154701023737,8,1,135,2
335,48.816053334090554,69.94357431319104,108,59.379813823640795,8,1,135,2
336,48.66416796839318,69.82248411871223,109,59.2433260435527,8,1,135,2
337,48.517933892229294,69.70744017778316,109,59.112687035006225,8,1,135,2
338,48.37785006892634,69.59900621403028,110,58.98842814147831,8,1,135,2
339,48.24433349524389,69.4976524401851,110,58.8709929677145,8,1,135,2
340,48.11770841180759,69.40373890963238,111,58.76072366071999,8,1,135,2
341,47.998199800949415,69.31750304995609,112,58.65785142545275,8,1,135,2
342,47.88593175217094,69.23905449415915,112,58.56249312316504,8,1,135,2
343,47.78092971636579,69.1683782788084,112,58.4746539975871,8,1,135,2
344,47.68312635423592,69.10534543200326,112,58.394235893119586,8,1,135,2
345,47.59237136860225,69.04972890302972,110,58.32105013581598,8,1,135,2
346,47.50844424867498,69.00122171437559,110,58.25483298152528,8,1,135,2
347,47.43106739256894,68.95945538877018,110,58.19526139066956,8,1,135,2
348,47.35991863603001,68.92401787563085,112,58.141968255830434,8,1,135,2
349,47.294643776821786,68.89447039730155,111,58.094557087061666,8,1,135,2
350,47.23486880708774,68.87036283119387,111,58.05261581914081,8,1,135,2
351,47.18021068867638,68.85124734193641,112,58.0157290153064,8,1,135,2
352,47.13028618949576,68.83669007539345,113,57.983488132444606,8,1,135,2
353,47.084718981877536,68.82628033624349,114,57.95549965906051,8,1,135,2
354,47.04314539902666,68.81963628045861,114,57.93139083974263,8,1,135,2
355,47.00521944061448,68.81640761672858,113,57.91081352867153,8,1,135,2
356,46.970617130690975,68.8162772734837,114,57.893447202087344,8,1,135,2
357,46.93903984313126,68.81896262219252,113,57.87900123266189,8,1,135,2
358,46.91021581934494,68.82421548160126,115,57.8672156504731,8,1,135,2
359,46.88389871244484,68.83182032210357,113,57.85785951727421,8,1,135,2
360,46.85986364981403,68.8415902839545,114,57.85072696688427,8,1,135,2
361,46.83790296377127,68.85336159794572,114,57.845632280858496,8,1,135,2
362,46.8178231544765,68.86698797211929,113,57.842405563297895,8,1,135,2
363,46.79944406371389,68.88233592249975,113,57.84088999310682,8,1,135,2
364,46.78259938474155,68.89928144030739,113,57.840940412524475,8,1,135,2
365,46.767135779968115,68.91770741252455,113,57.84242159624633,8,1,135,2
366,46.752909926296724,68.93750023715296,113,57.84520508172484,8,1,135,2
367,46.739784856076135,68.95854592763831,115,57.84916539185723,8,1,135,2
368,46.72762696144764,68.98072785412762,115,57.85417740778763,8,1,135,2
369,46.71630502977249,69.00392719626461,111,57.86011611301855,8,1,135,2
370,46.7056913122323,69.02802610929501,112,57.86685871076365,8,1,135,2
371,46.69566326211822,69.05291253239524,111,57.87428789725673,8,1,135,2
372,46.68610506695189,69.07848449523817,113,57.88229478109503,8,1,135,2
373,46.67690858618783,69.10465265653848,113,57.89078062136315,8,1,135,2
374,46.66797359875797,69.1313406859907,113,57.89965714237433,8,1,135,2
375,46.65920755721553,69.15848407620638,114,57.90884581671095,8,1,135,2
376,46.65052553280979,69.18602894643846,117,57.91827723962412,8,1,135,2
377,46.6418515233959,69.21393142433126,116,57.92789147386358,8,1,135,2
378,46.633120832883826,69.24215721639845,115,57.93763902464114,8,1,135,2
379,46.624281767712134,69.27068068515901,115,57.94748122643557,8,1,135,2
380,46.61529548089108,69.29948245810056,116,57.95738896949582,8,1,135,2
381,46.60613337920066,69.32854517873824,115,57.96733927896945,8,1,135,2
382,46.596772776935616,69.3578475951762,115,57.9773101860559,8,1,135,2
383,46.587192747430876,69.38735835201207,115,57.987275549721474,8,1,135,2
384,46.57737105058727,69.41703202194068,115,57.99720153626397,8,1,135,2
385,46.56728194166156,69.4468080603348,116,58.00704500099818,8,1,135,2
386,46.556894861681265,69.47661151306096,115,58.01675318737111,8,1,135,2
387,46.546174204975294,69.50635460063977,116,58.02626440280753,8,1,135,2
388,46.53508006676708,69.53593859470834,115,58.03550933073771,8,1,135,2
389,46.52356958123669,69.56525589060405,116,58.044412735920375,8,1,135,2
390,46.51159865558905,69.5941926677227,115,58.05289566165587,8,1,135,2
391,46.499124100776136,69.62263243191697,116,58.06087826634655,8,1,135,2
392,46.48610615954474,69.65046063677025,118,58.06828339815749,8,1,135,2
393,46.4725114324714,69.67756989784135,115,58.07504066515638,8,1,135,2
394,46.458316300118014,69.70386463116768,116,58.081090465642845,8,1,135,2
395,46.4435110368668,69.72926443490081,116,58.086387735883804,8,1,135,2
396,46.42810373893401,69.75370602046827,115,58.09090487970114,8,1,135,2
397,46.412122115944975,69.77714388958015,117,58.09463300276256,8,1,135,2
398,46.395612853322824,69.79955024575696,116,58.097581549539896,8,1,135,2
399,46.37863991058697,69.82091433616856,118,58.09977712337776,8,1,135,2
400,46.3612830228302,69.8412415168303,116,58.101262269830244,8,1,135,2
401,46.34363757483247,69.86055252901068,116,58.10209505192157,8,1,135,2
402,46.325815456417374,69.87888318184429,115,58.10234931913083,8,1,135,2
403,46.3079449468101,69.89628405067782,116,58.10211449874396,8,1,135,2
404,46.29016874841457,69.91281921522011,116,58.10149398181734,8,1,135,2
405,46.2726403630947,69.92856384165225,119,58.10060210237347,8,1,135,2
406,46.25551968659827,69.94360168064057,117,58.099560683619416,8,1,135,2
407,46.238969379364846,69.95802306531361,117,58.09849622233923,8,1,135,2
408,46.22315249893728,69.97192311527456,114,58.09753780710592,8,1,135,2
409,46.20823080622705,69.98539946249534,113,58.096815134361194,8,1,135,2
410,46.194363255415425,69.99854852228246,113,58.09645588884894,8,1,135,2
411,46.181704274834736,70.01146050289923,116,58.09658238886698,8,1,135,2
412,46.170402031437696,70.0242145178798,115,58.097308274658744,8,1,135,2
413,46.16059745675235,70.03687487256676,116,58.098736164659556,8,1,135,2
414,46.152423739403034,70.04948930396789,119,58.10095652168546,8,1,135,2
415,46.14600491647828,70.06208897787089,119,58.10404694717458,8,1,135,2
416,46.14145356168192,70.0746890720261,118,58.10807131685401,8,1,135,2
417,46.13886893388069,70.08728955476364,117,58.113079244322165,8,1,135,2
418,46.13833587691718,70.09987654895951,117,58.11910621293835,8,1,135,2
419,46.139923688838856,70.11242437887692,117,58.12617403385789,8,1,135,2
420,46.143684471537696,70.12489810499648,116,58.134291288267086,8,1,135,2
421,46.149650764660315,70.13725615705832,116,58.14345346085932,8,1,135,2
422,46.15783295068406,70.149452480611,116,58.153642715647536,8,1,135,2
423,46.16821760112352,70.16143800262776,117,58.164827801875646,8,1,135,2
424,46.18076705633326,70.1731616119836,117,58.17696433415843,8,1,135,2
425,46.19541965389727,70.18457055802328,117,58.18999510596028,8,1,135,2
426,46.21209002096136,70.19560987787146,116,58.20384994941641,8,1,135,2
427,46.23066884623138,70.20622065823363,118,58.21844475223251,8,1,135,2
428,46.251022523121996,70.21633713254415,116,58.23367982783307,8,1,135,2
429,46.27299403130325,70.22588358976905,114,58.24943881053615,8,1,135,2
430,46.29640554641325,70.23477304666011,115,58.265589296536675,8,1,135,2
431,46.321062390209036,70.24290807480978,114,58.281985232509406,8,1,135,2
432,46.346757153447825,70.25018261342886,116,58.298469883438344,8,1,135,2
433,46.37327204375876,70.25648359890089,116,58.31487782132982,8,1,135,2
434,46.400379656799,70.2616912422812,117,58.331035449540096,8,1,135,2
435,46.42784451498351,70.26567863926914,119,58.34676157712633,8,1,135,2
436,46.45542645023432,70.26831325053047,120,58.36186985038239,8,1,135,2
437,46.48288563931841,70.26946093709768,120,58.376173288208044,8,1,135,2
438,46.50998841764978,70.26899138239548,120,58.38948990002263,8,1,135,2
439,46.53651231466509,70.26678383002644,120,58.401648072345765,8,1,135,2
440,46.562249729161735,70.26273216396258,119,58.41249094656216,8,1,135,2
441,46.587010638191956,70.25674894285206,119,58.421879790522006,8,1,135,2
442,46.61062473287517,70.2487685851369,120,58.42969665900604,8,1,135,2
443,46.63294337421296,70.23875019400089,119,58.43584678410692,8,1,135,2
444,46.653841469085116,70.22668080343519,120,58.44026113626015,8,1,135,2
445,46.673219073667724,70.21257836326924,119,58.442898718468484,8,1,135,2
446,46.6910024336016,70.19649231752851,118,58.44374737556505,8,1,135,2
447,46.707144072304786,70.17850148322677,120,58.44282277776578,8,1,135,2
448,46.721621733507725,70.15871078944087,117,58.4401662614743,8,1,135,2
449,46.73443617877508,70.1372478508362,118,58.435842014805644,8,1,135,2
450,46.74560823052585,70.11425976417522,115,58.42993399735053,8,1,135,2
451,46.75517584084185,70.08991032092162,115,58.42254308088174,8,1,135,2
452,46.7631916734489,70.06437763368136,116,58.41378465356513,8,1,135,2
453,46.76972139339151,70.03785217393514,117,58.40378678366332,8,1,135,2
454,46.774842761131694,70.01053521826854,116,58.39268898970012,8,1,135,2
455,46.77864553003968,69.98263770013939,116,58.38064161508954,8,1,135,2
456,46.78123165837704,69.95437946407982,115,58.36780556122843,8,1,135,2
457,46.782714859012,69.92598882151903,115,58.354351840265515,8,1,135,2
458,46.783219582815086,69.89770220971229,116,58.34046089626369,8,1,135,2
459,46.782880604397945,69.86976385267316,115,58.32632222853555,8,1,135,2
460,46.781843500864106,69.84242542042114,115,58.312134460642625,8,1,135,2
461,46.78026543624956,69.81594558519333,114,58.29810551072144,8,1,135,2
462,46.778315664160445,69.7905892756093,114,58.284452469884876,8,1,135,2
463,46.77617516093637,69.7666264296864,113,58.27140079531138,8,1,135,2
464,46.7740353866971,69.74433004752433,113,58.25918271711072,8,1,135,2
465,46.772096756665476,69.72397353946882,113,58.248035148067146,8,1,135,2
466,46.77056691732249,69.70582756058612,113,58.2381972389543,8,1,135,2
467,46.769658434137256,69.69015613213496,114,58.22990728313611,8,1,135,2
468,46.7695856925813,69.67721146062722,114,58.22339857660426,8,1,135,2
469,46.77056100914175,69.66722715777524,113,58.218894083458494,8,1,135,2
470,46.77279043670424,69.66040985741301,114,58.21660014705863,8,1,135,2
471,46.7764702363907,69.65693010364063,113,58.21670017001567,8,1,135,2
472,46.78178401265994,69.65691426272747,116,58.219349137693705,8,1,135,2
473,46.78889953325768,69.66043879384269,114,58.22466916355018,8,1,135,2
474,46.79796503610016,69.66752796353768,114,58.232746499818916,8,1,135,2
475,46.80910560572435,69.67815484953329,116,58.24363022762881,8,1,135,2
476,46.822420202245425,69.69224373840804,116,58.25733197032673,8,1,135,2
477,46.83797992612257,69.70967263566497,116,58.27382628089377,8,1,135,2
478,46.855827614741706,69.73027572213164,117,58.293051668436675,8,1,135,2
479,46.875978379557985,69.75384575857814,117,58.31491206906806,8,1,135,2
480,46.89842098558597,69.78013627391448,117,58.339278629750225,8,1,135,2
481,46.92312026806232,69.8088643065427,117,58.36599228730251,8,1,135,2
482,46.950020391362294,69.83971590423454,118,58.39486814779842,8,1,135,2
483,46.979048365471016,69.87235462379407,118,58.42570149463254,8,1,135,2
484,47.01011743070288,69.90643080594354,119,58.45827411832321,8,1,135,2
485,47.043130116702585,69.94159033475825,119,58.492360225730415,8,1,135,2
486,47.07798107459757,69.97748269193772,120,58.52773188326765,8,1,135,2
487,47.11456007395877,70.0137676286038,121,58.564163851281286,8,1,135,2
488,47.1527552637302,70.05011928959878,122,58.60143727666449,8,1,135,2
489,47.192456503742775,70.08622818571986,122,58.63934234473132,8,1,135,2
490,47.23355837838159,70.1218029697204,122,58.677680674051,8,1,135,2
491,47.275962308879414,70.15657280119534,122,58.716267555037376,8,1,135,2
492,47.31957835108753,70.19028991472098,122,58.75493413290425,8,1,135,2
493,47.364328435914985,70.22273210283356,122,58.79353026937427,8,1,135,2
494,47.410150761203624,70.2537049226073,124,58.83192784190546,8,1,135,2
495,47.45700299533379,70.28304343421838,122,58.87002321477608,8,1,135,2
496,47.504863903353154,70.31061327947386,123,58.907738591413505,8,1,135,2
497,47.553734956872084,70.33631100532776,124,58.945022981099925,8,1,135,2
498,47.60364173296502,70.36006363443437,123,58.9818526836997,8,1,135,2
499,47.65463315129088,70.38182709420533,121,59.01823012274811,8,1,135,2
500,47.7067785490391,70.40158272526556,123,59.05418063715233,8,1,135,2
501,47.76016454371422,70.41933245525227,125,59.08974849948325,8,1,135,2
502,47.81489207285568,70.43509458900253,123,59.1249933309291,8,1,135,2
503,47.87107243891963,70.4489010929613,122,59.15998676594046,8,1,135,2
504,47.92882216270317,70.4607959834177,120,59.19480907306043,8,1,135,2
505,47.98825742390785,70.47083403779635,119,59.229545730852095,8,1,135,2
506,48.049488574750434,70.47907934063322,119,59.26428395769183,8,1,135,2
507,48.11261491992204,70.4856038584565,117,59.29910938918927,8,1,135,2
508,48.17772024890079,70.49048614011944,118,59.33410319451012,8,1,135,2
509,48.24486989940444,70.49380994639314,117,59.36933992289879,8,1,135,2
510,48.314109058087105,70.49566251498172,120,59.40488578653441,8,1,135,2
511,48.38546093195008,70.49613255720963,120,59.440796744579856,8,1,135,2
512,48.45892488731168,70.49530866781562,119,59.47711677756365,8,1,135,2
513,48.53447611658363,70.4932786341679,118,59.51387737537576,8,1,135,2
514,48.61206702794555,70.4901298385799,118,59.55109843326272,8,1,135,2
515,48.691629187856805,70.48595045973887,118,59.58878982379784,8,1,135,2
516,48.77307474422443,70.48083069158737,118,59.6269527179059,8,1,135,2
517,48.8562963559036,70.47486349059346,119,59.66557992324853,8,1,135,2
518,48.94116641019246,70.4681446549243,119,59.70465553255838,8,1,135,2
519,49.027538065963256,70.46077242914349,119,59.74415524755337,8,1,135,2
520,49.11524812441693,70.45284721815523,118,59.784047671286075,8,1,135,2
521,49.204119193777025,70.44447150639994,117,59.82429535008848,8,1,135,2
522,49.293960370158985,70.43574959059191,118,59.86485498037545,8,1,135,2
523,49.384567412743465,70.42678692933015,117,59.90567717103681,8,1,135,2
524,49.47572319652537,70.41768910795973,117,59.946706152242555,8,1,135,2
525,49.567199031044815,70.40856051457435,117,59.98787977280958,8,1,135,2
526,49.65875684847803,70.39950292057937,116,60.0291298845287,8,1,135,2
527,49.750151679417954,70.39061376912592,117,60.07038272427194,8,1,135,2
528,49.841133932353905,70.3819835846409,117,60.11155875849741,8,1,135,2
529,49.931451090504886,70.37369298964647,117,60.15257204007568,8,1,135,2
530,50.020849220038976,70.36581088806743,118,60.193330054053206,8,1,135,2
531,50.10907546406005,70.35839410638988,118,60.23373478522497,8,1,135,2
532,50.195881233693804,70.35148741868984,118,60.27368432619183,8,1,135,2
533,50.281024344520254,70.34512307681504,118,60.31307371066765,8,1,135,2
534,50.36427010221156,70.33931955241752,118,60.35179482731454,8,1,135,2
535,50.44539309681322,70.33408017309412,119,60.38973663495367,8,1,135,2
536,50.52418019700739,70.32939272525107,120,60.426786461129225,8,1,135,2
537,50.60043396756634,70.32523041379461,119,60.46283219068047,8,1,135,2
538,50.673975342847044,70.3215542763813,119,60.497764809614175,8,1,135,2
539,50.7446439987773,70.31831617479784,119,60.53148008678757,8,1,135,2
540,50.81229691380754,70.31546041330904,119,60.56387866355829,8,1,135,2
541,50.876807657317386,70.31292408224098,118,60.594865869779184,8,1,135,2
542,50.938067383090925,70.31063827346848,118,60.624352828279704,8,1,135,2
543,50.995986944604,70.30853075400891,122,60.652258849306456,8,1,135,2
544,51.050498865821396,70.30652912343369,121,60.678513994627544,8,1,135,2
545,51.101557218133905,70.30456348083449,120,60.7030603494842,8,1,135,2
546,51.14913530694975,70.30256762706559,120,60.72585146700767,8,1,135,2
547,51.193222924341995,70.30047870580027,118,60.746850815071134,8,1,135,2
548,51.23382414356297,70.29823606473896,119,60.766030104150964,8,1,135,2
549,51.270955850681254,70.29578011825232,118,60.78336798446679,8,1,135,2
550,51.3046466231421,70.29305199270169,119,60.7988493079219,8,1,135,2
551,51.334934979623725,70.28999405290483,120,60.81246451626428,8,1,135,2
552,51.36186690321745,70.28655072544717,120,60.82420881433231,8,1,135,2
553,51.38549341764387,70.2826694246598,120,60.834081421151836,8,1,135,2
554,51.40586909364361,70.27830177719599,121,60.842085435419804,8,1,135,2
555,51.42305246013814,70.27340514602457,121,60.848228803081355,8,1,135,2
556,51.437107734080136,70.26794425952671,121,60.85252599680342,8,1,135,2
557,51.44810572223391,70.26189265373372,121,60.85499918798382,8,1,135,2
558,51.45612350372981,70.25523353807223,122,60.85567852090102,8,1,135,2
559,51.461244257828476,70.247960085015407,122,60.854602171421945,8,1,135,2
560,51.46355752830469,70.24007553405814,123,60.85181653118141,8,1,135,2
561,51.46315914283439,70.23159301258615,123,60.847376077710265,8,1,135,2
562,51.460150688448415,70.22253448836022,123,60.841342588404316,8,1,135,2
563,51.454639126798924,70.21292865834711,123,60.83378389257302,8,1,135,2
564,51.44673684027463,70.20280796865721,123,60.82477240446592,8,1,135,2
565,51.43656210729521,70.19220535039437,122,60.81438372884479,8,1,135,2
566,51.42423971240887,70.18115164630976,120,60.80269567935932,8,1,135,2
567,51.40990110410518,70.16967402037326,118,60.789787562239226,8,1,135,2
568,51.39368341563286,70.1577949596357,118,60.77573918763427,8,1,135,2
569,51.37572656649219,70.14553108765652,118,60.760628827074356,8,1,135,2
570,51.35616980801206,70.13289061869628,117,60.74453021335417,8,1,135,2
571,51.335151222196046,70.11986974505632,118,60.72751048362618,8,1,135,2
572,51.31280997659298,70.10644971316995,118,60.70962984488146,8,1,135,2
573,51.289287431527754,70.09259536882844,119,60.6909414001781,8,1,135,2
574,51.264725341841185,70.07825497674466,119,60.67149015929292,8,1,135,2
575,51.23926154109778,70.06336102238957,123,60.65131128174367,8,1,135,2
576,51.2130249592853,70.0478316067741,122,60.6304282830297,8,1,135,2
577,51.186133288148696,70.03157243521945,122,60.60885286168407,8,1,135,2
578,51.15869417000175,70.01447979150646,122,60.586586980754106,8,1,135,2
579,51.130808347590055,69.99644440130947,121,60.56362637444977,8,1,135,2
580,51.102572432411726,69.977355601288,120,60.539964016849865,8,1,135,2
581,51.074078168704204,69.95710513275102,119,60.515591650727615,8,1,135,2
582,51.045408679277934,69.93558978129016,120,60.490499230284044,8,1,135,2
583,51.016635788357846,69.9127128640502,119,60.464674326204026,8,1,135,2
584,50.98781988321572,69.88838534653792,119,60.43810261487682,8,1,135,2
585,50.959011143029116,69.86252659046895,120,60.41076886674903,8,1,135,2
586,50.930251256177726,69.83506395373533,120,60.38265760495653,8,1,135,2
587,50.901575039950885,69.80593124376233,121,60.35375314185661,8,1,135,2
588,50.873011279245006,69.7750668057169,120,60.324039042480955,8,1,135,2
589,50.84458200341446,69.7424120269093,121,60.29349701516188,8,1,135,2
590,50.81630088359423,69.70791103863341,121,60.26210596111382,8,1,135,2
591,50.78817289597319,69.67151132374782,120,60.229842109860506,8,1,135,2
592,50.760195543414504,69.63316386536374,120,60.196679704389126,8,1,135,2
593,50.732360074740924,69.59282244730728,120,60.162591261024104,8,1,135,2
594,50.70465192141673,69.55044269232664,122,60.12754730687169,8,1,135,2
595,50.6770503517595,69.50598132645919,122,60.09151583910935,8,1,135,2
596,50.64952724537585,69.4593960604301,122,60.05446165290297,8,1,135,2
597,50.62204479308291,69.41064628384478,122,60.016345538463845,8,1,135,2
598,50.594553000609125,69.35969457283035,122,59.97712378671974,8,1,135,2
599,50.56698894743007,69.30650910927565,121,59.936749028352864,8,1,135,2
600,50.53927828920791,69.2510672072925,121,59.895172748250204,8,1,180,3
601,50.51133802942433,69.19335936213696,120,59.85234869578065,8,1,180,3
602,50.48307948843682,69.13339245639717,119,59.808235972416995,8,1,180,3
603,50.45441030079321,69.07119144081287,120,59.762800870803034,8,1,180,3
604,50.4252354421765,69.00679948960592,120,59.71601746589121,8,1,180,3
605,50.39545845785816,68.94027721516143,122,59.6678678365098,8,1,180,3
606,50.36498367442683,68.87170211185071,123,59.618342893138774,8,1,180,3
607,50.33371978642405,68.8011685206697,123,59.56744415354687,8,1,180,3
608,50.30158472181599,68.728787528254,123,59.515186125035,8,1,180,3
609,50.26851120247344,68.65468670124815,124,59.46159895186079,8,1,180,3
610,50.23445173291333,68.57901004442627,124,59.4067308886698,8,1,180,3
611,50.19938106755954,68.50191818058073,124,59.35064962407014,8,1,180,3
612,50.163295864633675,68.42358835981682,127,59.29344211222525,8,1,180,3
613,50.12621289260368,68.34421371053168,126,59.23521330156768,8,1,180,3
614,50.08816705724047,68.26400094900114,127,59.176084003120806,8,1,180,3
615,50.04921041947339,68.18316673963506,127,59.11618857955422,8,1,180,3
616,50.00941239857915,68.10193387313316,128,59.05567313585615,8,1,180,3
617,49.9688603795961,68.0205281370346,127,58.99469425831535,8,1,180,3
618,49.92765955343138,67.93917646046816,127,58.93341800694977,8,1,180,3
619,49.88593042770315,67.8581052566929,128,58.87201784219802,8,1,180,3
620,49.8438041042315,67.7775362288383,128,58.810670166534905,8,1,180,3
621,49.80141707700109,67.69767973286437,127,58.74954840493273,8,1,180,3
622,49.75890681657435,67.61872862043742,127,58.68881771850589,8,1,180,3
623,49.71640891916078,67.54085402155381,128,58.62863147035729,8,1,180,3
624,49.67405552560808,67.46420306396442,128,58.56912929478625,8,1,180,3
625,49.631973642687925,67.38889794152507,127,58.5104357921065,8,1,180,3
626,49.59028326709118,67.31503515870943,127,58.45265921290031,8,1,180,3
627,49.54909648061745,67.24268465676872,127,58.39589056869308,8,1,180,3
628,49.50851702701033,67.17188940528335,128,58.34020321614684,8,1,180,3
629,49.46863822287521,67.10266575063343,129,58.28565198675432,8,1,180,3
630,49.42953949368418,67.03500452069949,129,58.23227200719184,8,1,180,3
631,49.391284264471274,66.96887278799426,130,58.18007852623276,8,1,180,3
632,49.353920374439404,66.904216096298,130,58.129068235368706,8,1,180,3
633,49.31748262434286,66.84096163897289,130,58.07922213165787,8,1,180,3
634,49.28199657804536,66.77902356019638,130,58.030510069120865,8,1,180,3
635,49.24748225215739,66.71830999006514,130,57.98289612111127,8,1,180,3
636,49.21395603519026,66.6587298641532,129,57.936342949671726,8,1,180,3
637,49.18142888515366,66.60019777323811,130,57.89081332919588,8,1,180,3
638,49.1499024634935,66.54263528394583,131,57.846268873719666,8,1,180,3
639,49.119368472251956,66.4859694143803,130,57.802668943316135,8,1,180,3
640,49.089812267337926,66.43013119209236,131,57.75997172971515,8,1,180,3
641,49.061217626803646,66.37505595368408,131,57.71813679024386,8,1,180,3
642,49.03357033341866,66.32068577729578,131,57.677128055357215,8,1,180,3
643,49.00685901117096,66.2669729760643,131,57.63691599361763,8,1,180,3
644,48.981073410989865,66.21388211745375,130,57.59747776422181,8,1,180,3
645,48.95620209663474,66.16138939872766,133,57.5587957476812,8,1,180,3
646,48.93223079891179,66.10947957417713,133,57.52085518654446,8,1,180,3
647,48.909142023624966,66.05814131233748,132,57.483641667981225,8,1,180,3
648,48.886915718411444,66.00736254408525,132,57.44713913124835,8,1,180,3
649,48.86553002336402,65.95712677720894,133,57.41132840028648,8,1,180,3
650,48.84496171560046,65.9074107678139,133,57.37618624170718,8,1,180,3
651,48.82518654318917,65.85818354882952,132,57.341685046009346,8,1,180,3
652,48.80617954632677,65.80940642583076,132,57.307792986078766,8,1,180,3
653,48.787915366143544,65.76103345297105,132,57.2744744095573,8,1,180,3
654,48.77036854152388,65.71301180441179,132,57.241690172967836,8,1,180,3
655,48.75351379433514,65.6652819444267,130,57.20939786938092,8,1,180,3
656,48.73732669361077,65.6177779871474,130,57.17755234037909,8,1,180,3
657,48.7217854793782,65.57042883209891,131,57.146107155738555,8,1,180,3
658,48.70687346127271,65.52316085684544,131,57.11501715905907,8,1,180,3
659,48.69258004150464,65.47590168014892,131,57.08424086082678,8,1,180,3
660,48.678899679670806,65.42858324108545,130,57.05374146037813,8,1,180,3
661,48.665829384813065,65.38114331738791,132,57.02348635110049,8,1,180,3
662,48.65336590527859,65.33352548406532,131,56.993445694671955,8,1,180,3
663,48.641504372117154,65.2856780984998,132,56.96359123530848,8,1,180,3
664,48.63023868869167,65.23755348336925,132,56.93389608603046,8,1,180,3
665,48.619562496137775,65.18910818604508,131,56.904335341091425,8,1,180,3
666,48.60947003199832,65.14030490042182,132,56.87488746621007,8,1,180,3
667,48.599956687038784,65.09111546661224,131,56.84553607682551,8,1,180,3
668,48.59101945540072,65.04152319339212,135,56.816271324396425,8,1,180,3
669,48.582657863391525,64.99152401612994,133,56.78709093976073,8,1,180,3
670,48.57487498679943,64.94112717321815,132,56.75800108000879,8,1,180,3
671,48.5676771912021,64.89035481584202,132,56.72901600352206,8,1,180,3
672,48.56107269276244,64.8392390878781,132,56.70015589032027,8,1,180,3
673,48.55507001234713,64.78781716328581,133,56.67144358781647,8,1,180,3
674,48.549676127783854,64.73612609375425,132,56.64290111076905,8,1,180,3
675,48.54489481182504,64.68419892912365,132,56.61454687047434,8,1,180,3
676,48.54072642369896,64.63206357307078,131,56.586394998384876,8,1,180,3
677,48.53716827633887,64.57974447108705,132,56.55845637371296,8,1,180,3
678,48.5342141162222,64.52726576479961,132,56.530739940510905,8,1,180,3
679,48.531852618345084,64.47465444916966,132,56.50325353375737,8,1,180,3
680,48.530065774282164,64.42194197154932,131,56.47600387291574,8,1,180,3
681,48.52882853903737,64.36916417462714,130,56.448996356832254,8,1,180,3
682,48.52811041972742,64.31636094831828,130,56.42223568402285,8,1,180,3
683,48.52787900647661,64.2635763703436,130,56.395727688410105,8,1,180,3
684,48.52810427552284,64.21085952993131,130,56.369481902727074,8,1,180,3
685,48.52876132411055,64.15826515610908,130,56.343513240109814,8,1,180,3
686,48.52983104993128,64.1058520990853,130,56.31784157450829,8,1,180,3
687,48.531300141018924,64.05367917619017,130,56.29248965860455,8,1,180,3
688,48.53316105915943,64.00179935684909,130,56.26748020800426,8,1,180,3
689,48.535412017023035,63.95025394384665,131,56.24283298043484,8,1,180,3
690,48.53805714420841,63.89906909100406,131,56.21856311760624,8,1,180,3
691,48.54110723236852,63.84825524187496,130,56.19468123712174,8,1,180,3
692,48.54458086427632,63.797808318596246,130,56.17119459143628,8,1,180,3
693,48.548505146366665,63.747711685352584,130,56.148108415859625,8,1,180,3
694,48.55291545924004,63.6979381062238,130,56.12542678273192,8,1,180,3
695,48.557853835556486,63.6484513075126,131,56.103152571534544,8,1,180,3
696,48.56336625738761,63.599207144950554,131,56.08128670116908,8,1,180,3
697,48.569499847757264,63.55015457140728,132,56.059827209582274,8,1,180,3
698,48.57630063843342,63.50123679593474,131,56.038768717184084,8,1,180,3
699,48.583812303403754,63.45239292754925,131,56.0181026154765,8,1,180,3
700,48.59207566225132,63.403560299703564,129,55.997817980977445,8,1,180,3
701,48.60112817245111,63.354677086234354,130,55.977902629342736,8,1,180,3
702,48.611002727196436,63.305684234369565,130,55.958343480783,8,1,180,3
703,48.62172517296506,63.256526032983714,130,55.939125602974386,8,1,180,3
704,48.63331113155716,63.20714892686754,129,55.92023002921235,8,1,180,3
705,48.64576388189341,63.15749896804135,131,55.90163142496738,8,1,180,3
706,48.65907398410396,63.10751907541983,131,55.88329652976189,8,1,180,3
707,48.67322025570946,63.057147079060684,132,55.86518366738507,8,1,180,3
708,48.688171612351006,63.00631533018975,133,55.847243471270374,8,1,180,3
709,48.70388918817047,62.954952073051146,133,55.82942063061081,8,1,180,3
710,48.72032805354418,62.9029841894917,134,55.81165612151794,8,1,180,3
711,48.737437750446844,62.85034082969155,133,55.793889290069195,8,1,180,3
712,48.75516223136509,62.79695734491653,134,55.77605978814081,8,1,180,3
713,48.77344115330919,62.74277913322043,134,55.758110143264815,8,1,180,3
714,48.79221233271977,62.68776520401915,134,55.73998876836946,8,1,180,3
715,48.811413021295465,62.631890974674754,134,55.721651997985106,8,1,180,3
716,48.830979418472225,62.57514951939097,135,55.7030644689316,8,1,180,3
717,48.85084559197449,62.51755156340149,135,55.684198577687994,8,1,180,3
718,48.870942685279495,62.459125588090224,136,55.66503413668486,8,1,180,3
719,48.8911989982669,62.39991804687906,135,55.64555852257298,8,1,180,3
720,48.91154133228221,62.33999232591334,136,55.62576682909778,8,1,180,3
721,48.93189779579388,62.27942586360224,135,55.605661829698064,8,1,180,3
722,48.95220099884854,62.218305623118844,136,55.58525331098369,8,1,180,3
723,48.972389296517186,62.156722794523986,136,55.56455604552059,8,1,180,3
724,48.99240647252138,62.094768285800704,136,55.54358737916104,8,1,180,3
725,49.01220298520176,62.03252987924848,136,55.52236643222512,8,1,180,3
726,49.03173926438674,61.97009114937661,136,55.50091520688167,8,1,180,3
727,49.05098891409122,61.907531360637556,135,55.47926013736439,8,1,180,3
728,49.06994035858223,61.84492507570906,135,55.45743271714564,8,1,180,3
729,49.08859615191659,61.78234127801194,135,55.435468714964266,8,1,180,3
730,49.106970048668856,61.71984229992179,135,55.41340617429532,8,1,180,3
731,49.12508281119042,61.6574827506815,135,55.39128278093596,8,1,180,3
732,49.14295763105523,61.59530893072958,136,55.369133280892406,8,1,180,3
733,49.16061594471983,61.53335892667153,135,55.34698743569568,8,1,180,3
734,49.17807383814383,61.47166319110725,137,55.324868514625535,8,1,180,3
735,49.195338649898936,61.410245704258415,136,55.30279217707867,8,1,180,3
736,49.21240587007755,61.34912610706246,136,55.28076598857001,8,1,180,3
737,49.22925692014802,61.28832231764824,135,55.25878961889813,8,1,180,3
738,49.24585839907002,61.22785226532798,136,55.236855332199,8,1,180,3
739,49.26216338118101,61.1677341565901,136,55.214948768885556,8,1,180,3
740,49.278113986063225,61.107985467904825,136,55.19304972698403,8,1,180,3
741,49.29364307528627,61.04862105521725,136,55.171132065251754,8,1,180,3
742,49.30867507691509,60.98965096507698,136,55.149163020996035,8,1,180,3
743,49.323128084642335,60.93107902009855,136,55.12710355237044,8,1,180,3
744,49.336917720398276,60.872903739216866,135,55.10491072980757,8,1,180,3
745,49.349961591249155,60.815121104984456,135,55.082541348116806,8,1,180,3
746,49.362183561564734,60.75772664192889,135,55.05995510174681,8,1,180,3
747,49.37351745154198,60.70071592817979,134,55.03711668986088,8,1,180,3
748,49.38390977309348,60.64408432073997,135,55.01399704691673,8,1,180,3
749,49.393321113976285,60.587826187090506,135,54.99057365053339,8,1,180,3
750,49.40172656113949,60.53193344813659,134,54.96683000463804,8,1,180,3
751,49.4091163343469,60.47639411535149,135,54.94275522484919,8,1,180,3
752,49.41549643537953,60.42119238284383,135,54.91834440911168,8,1,180,3
753,49.42088775236291,60.36631046960265,135,54.89359911098278,8,1,180,3
754,49.425323521596574,60.3117310417004,135,54.86852728164848,8,1,180,3
755,49.42884651211084,60.257439629493796,134,54.84314307080231,8,1,180,3
756,49.43150651767989,60.20342704008936,135,54.81746677888462,8,1,180,3
757,49.433357960564486,60.14969108252223,135,54.79152452154336,8,1,180,3
758,49.434457801297306,60.09623624024745,135,54.76534702077238,8,1,180,3
759,49.4348643389004,60.04307177866303,134,54.73896805878171,8,1,180,3
760,49.43463680311924,59.99021062850627,133,54.712423715812754,8,1,180,3
761,49.43383495747293,59.93766982528875,134,54.685752391380845,8,1,180,3
762,49.432519102346234,59.8854717242709,134,54.65899541330857,8,1,180,3
763,49.43075203777848,59.83364491778828,135,54.632198477783376,8,1,180,3
764,49.42860200962021,59.78222348904255,135,54.60541274933138,8,1,180,3
765,49.426143126720554,59.73124440683766,136,54.57869376677911,8,1,180,3
766,49.423452955469955,59.68074403612259,135,54.55209849579627,8,1,180,3
767,49.420610216678945,59.630755129318274,136,54.52568267299861,8,1,180,3
768,49.417693558969994,59.58130605356656,136,54.499499806268275,8,1,180,3
769,49.41478043208294,59.5324225460107,136,54.47360148904682,8,1,180,3
770,49.41194596133595,59.48413082619926,136,54.448038393767604,8,1,180,3
771,49.409262602343304,59.436460407048784,136,54.422861504696044,8,1,180,3
772,49.406800477288385,59.389444458109274,136,54.398122467698826,8,1,180,3
773,49.404627416252985,59.34311781820484,135,54.37387261722891,8,1,180,3
774,49.40280899511929,59.29751499784399,134,54.35016199648164,8,1,180,3
775,49.401410129573556,59.25266904870855,135,54.32703958914105,8,1,180,3
776,49.400497541410196,59.20861071446918,135,54.30455412793969,8,1,180,3
777,49.40014016998503,59.16536786241841,135,54.28275401620172,8,1,180,3
778,49.400407137626296,59.12296578066795,135,54.26168645914712,8,1,180,3
779,49.4013654137684,59.08142804786583,135,54.241396730817115,8,1,180,3
780,49.40307776197393,59.04077680459466,136,54.221927283284295,8,1,180,3
781,49.40559999344183,59.001032133466175,136,54.203316063454004,8,1,180,3
782,49.40897733096843,58.96221113277871,136,54.18559423187357,8,1,180,3
783,49.41324046774087,58.924326878503045,136,54.16878367312196,8,1,180,3
784,49.41840216561076,58.88738707927373,136,54.15289462244225,8,1,180,3
785,49.42445556284393,58.85139281434298,136,54.13792418859346,8,1,180,3
786,49.431374321210406,58.81633832975226,136,54.123856325481334,8,1,180,3
787,49.43911344207237,58.782211795170376,136,54.110662618621376,8,1,180,3
788,49.44760987403757,58.74899585104488,136,54.098302862541225,8,1,180,3
789,49.456782717800444,58.71666716594964,135,54.08672494187504,8,1,180,3
790,49.46653364688991,58.68519461424469,136,54.0758641305673,8,1,180,3
791,49.47674871603139,58.654537049796,137,54.06564288291369,8,1,180,3
792,49.48730201381924,58.62464301715477,137,54.055972515487,8,1,180,3
793,49.4980609663777,58.595453278677915,137,54.04675712252781,8,1,180,3
794,49.50889231855723,58.5669055731506,137,54.03789894585391,8,1,180,3
795,49.519667039006805,58.538940046202995,136,54.0293035426049,8,1,180,3
796,49.53026327333001,58.511502817482366,137,54.02088304540619,8,1,180,3
797,49.54056734733051,58.48454680764951,138,54.01255707749001,8,1,180,3
798,49.55047399268899,58.458030606327945,138,54.004252299508465,8,1,180,3
799,49.55988813772539,58.43191723495947,138,53.99590268634243,8,1,180,3
800,49.56872855748651,58.4061757313482,138,53.987452144417354,8,1,180,3
801,49.57693162895479,58.38078565399746,138,53.97885864147612,8,1,180,3
802,49.58445372955709,58.35574177564024,138,53.97009775259866,8,1,180,3
803,49.591271109488204,58.331056820420756,138,53.96116396495448,8,1,180,3
804,49.597377823753156,58.30676068418448,138,53.952069253968816,8,1,180,3
805,49.602784065219154,58.28289652783507,137,53.94284029652711,8,1,180,3
806,49.60751567908416,58.25951608422585,137,53.933515881655005,8,1,180,3
807,49.6116139807698,58.236675543469055,137,53.924144762119425,8,1,180,3
808,49.615134511316775,58.214432406023256,138,53.914783458670016,8,1,180,3
809,49.618143266588106,58.192842912559634,138,53.905493089573866,8,1,180,3
810,49.62071137480871,58.171958879300284,138,53.8963351270545,8,1,180,3
811,49.62291105002821,58.151823937979096,138,53.887367494003655,8,1,180,3
812,49.62481389334118,58.13247035008312,136,53.87864212171215,8,1,180,3
813,49.62649124814356,58.11391727254812,138,53.870204260345844,8,1,180,3
814,49.62801563293602,58.096171059640554,137,53.86209334628829,8,1,180,3
815,49.62946149488265,58.079227210577706,138,53.85434435273018,8,1,180,3
816,49.63090499037266,58.06307259725555,138,53.846988793814106,8,1,180,3
817,49.6324239618621,58.047687386914845,138,53.84005567438847,8,1,180,3
818,49.634099085180104,58.03304685500687,137,53.833572970093485,8,1,180,3
819,49.63601696638486,58.01912377131248,138,53.82757036884867,8,1,180,3
820,49.638274504127885,58.00589253012594,138,53.82208351712691,8,1,180,3
821,49.64098237031612,57.993334342134844,137,53.81715835622548,8,1,180,3
822,49.64426604693347,57.981440952386706,137,53.812853499660086,8,1,180,3
823,49.64826344191373,57.970215616626206,136,53.809239529269966,8,1,180,3
824,49.65311995995845,57.95967133613174,136,53.8063956480451,8,1,180,3
825,49.658983757226046,57.94982742392299,136,53.80440559057452,8,1,180,3
826,49.66600215303272,57.94070654797342,135,53.80335435050307,8,1,180,3
827,49.6743184159874,57.93233312898292,134,53.80332577248516,8,1,180,3
828,49.68406833706798,57.92473270222598,134,53.804400519646975,8,1,180,3
829,49.695376197286606,57.9179310726548,135,53.8066536349707,8,1,180,3
830,49.708350030316836,57.91195131211949,135,53.81015067121817,8,1,180,3
831,49.72307637324415,57.90680889093717,135,53.81494263209066,8,1,180,3
832,49.73961586931483,57.90250747945622,134,53.821061674385525,8,1,180,3
833,49.75800225734263,57.89903688246257,135,53.828519569902596,8,1,180,3
834,49.77824474683834,57.89637349653013,135,53.837309121684235,8,1,180,3
835,49.800331242349166,57.894482607712924,135,53.847406925031045,8,1,180,3
836,49.824230661164634,57.89332077426975,135,53.858775717717194,8,1,180,3
837,49.84989336917934,57.89283712450016,136,53.87136524683975,8,1,180,3
838,49.87725022308069,57.89297298512971,136,53.8851116041052,8,1,180,3
839,49.90621217039703,57.89366071887102,137,53.89993644463402,8,1,180,3
840,49.93667148140088,57.894824112974575,137,53.91574779718773,8,1,180,3
841,49.96850480931887,57.896380612436516,137,53.932442710877694,8,1,180,3
842,50.00157661744277,57.89824364337606,138,53.94991013040942,8,1,180,3
843,50.03573985384175,57.90032395494398,138,53.96803190439286,8,1,180,3
844,50.0708339733254,57.902529590944596,138,53.986681782134994,8,1,180,3
845,50.106683625244784,57.904764590100285,139,54.005724107672535,8,1,180,3
846,50.14309957024618,57.90692700163322,140,54.0250132859397,8,1,180,3
847,50.17988163362779,57.90890758320123,139,54.04439460841451,8,1,180,3
848,50.21682282038877,57.91059132860634,139,54.06370707449756,8,1,180,3
849,50.2537130344598,57.91186143681835,139,54.082787235639074,8,1,180,3
850,50.29034182009412,57.91260279795833,138,54.10147230902622,8,1,180,3
851,50.32650051883462,57.91270353497819,140,54.119602026906406,8,1,180,3
852,50.36198413794302,57.91205460282084,140,54.13701937038193,8,1,180,3
853,50.39659312861197,57.91054842217896,140,54.153570775395465,8,1,180,3
854,50.43013536975269,57.90807850030368,140,54.16910693502818,8,1,180,3
855,50.4624287505927,57.90454082084587,141,54.18348478571929,8,1,180,3
856,50.49330396490722,57.899836614245665,141,54.19657028957644,8,1,180,3
857,50.52260634925993,57.89387582751742,142,54.208241088388675,8,1,180,3
858,50.55019637773778,57.88658031957142,142,54.2183883486546,8,1,180,3
859,50.5759492057476,57.87788590560825,142,54.22691755567793,8,1,180,3
860,50.5997537527422,57.86774247147308,143,54.23374811210764,8,1,180,3
861,50.6215119110461,57.85611274419668,143,54.23881232762139,8,1,180,3
862,50.64113837020338,57.84297167028299,143,54.242055020243185,8,1,180,3
863,50.65856144853085,57.82830708509542,143,54.24343426681313,8,1,180,3
864,50.673723860292526,57.81212108849036,143,54.24292247439144,8,1,180,3
865,50.686580883639984,57.79443134657207,143,54.24050611510603,8,1,180,3
866,50.69709651545283,57.77527134415293,142,54.23618392980288,8,1,180,3
867,50.705241320227415,57.754689099955016,142,54.229965210091216,8,1,180,3
868,50.710993046501336,57.73274434404045,142,54.22186869527089,8,1,180,3
869,50.71433845066531,57.709504644433316,141,54.21192154754931,8,1,180,3
870,50.715274865436356,57.68504145741168,141,54.200158161424014,8,1,180,3
871,50.71381014767034,57.65942658813615,141,54.18661836790324,8,1,180,3
872,50.70996120063128,57.63272906052765,140,54.17134513057947,8,1,180,3
873,50.70375282627323,57.60501268790545,141,54.15438275708934,8,1,180,3
874,50.69521788264914,57.576334928542146,141,54.13577640559564,8,1,180,3
875,50.68439894112988,57.54674692760923,141,54.11557293436955,8,1,180,3
876,50.671350077391736,57.51629396432211,145,54.09382202085692,8,1,180,3
877,50.65613586938996,57.48501542564975,144,54.07057564751986,8,1,180,3
878,50.63882730886737,57.45294333050935,143,54.04588531968836,8,1,180,3
879,50.61949696629651,57.42009989152951,143,54.019798428913006,8,1,180,3
880,50.59821526139143,57.38649606464707,143,53.992355663019254,8,1,180,3
881,50.57504920362421,57.35213186649992,143,53.96359053506207,8,1,180,3
882,50.550063113974346,57.31699806929164,142,53.933530591632994,8,1,180,3
883,50.52331898595561,57.28107810266625,143,53.902198544310934,8,1,180,3
884,50.49487550954077,57.244348211976266,143,53.86961186075852,8,1,180,3
885,50.46478614718249,57.20677567812991,144,53.8357809126562,8,1,180,3
886,50.43309713886292,57.168316660004585,144,53.80070689943375,8,1,180,3
887,50.399846800861944,57.12891502547789,143,53.764380913169916,8,1,180,3
888,50.365066702750156,57.088503342213905,144,53.726785022482034,8,1,180,3
889,50.32878452693534,57.047005931529775,144,53.68789522923255,8,1,180,3
890,50.29102743980286,57.00434262084014,144,53.6476850303215,8,1,180,3
891,50.25182382816673,56.96043212292228,143,53.6061279755445,8,1,180,3
892,50.21120281537144,56.915194262940396,143,53.56319853915592,8,1,180,3
893,50.1691925319859,56.86855066433704,141,53.51887159816147,8,1,180,3
894,50.12581879877938,56.82042389483744,141,53.47312134680841,8,1,180,3
895,50.08110656243246,56.77073634177693,142,53.425921452104696,8,1,180,3
896,50.03508359588238,56.71941135392954,143,53.37724747490596,8,1,180,3
897,49.98778314662993,56.66637635842491,142,53.327079752527425,8,1,180,3
898,49.93924406949435,56.6115648327353,142,53.275404451114824,8,1,180,3
899,49.88950883343218,56.55491596240494,142,53.22221239791856,8,1,180,3
900,49.83862047473796,56.496372765864336,143,53.16749662030115,8,1,225,4
901,49.786620251669525,56.435879662665705,142,53.111249957167615,8,1,225,4
902,49.73354717029661,56.37338065649266,143,53.05346391339464,8,1,225,4
903,49.6794399661548,56.30881910919848,144,52.99412953767664,8,1,225,4
904,49.624340078021326,56.24213988705017,144,52.93323998253575,8,1,225,4
905,49.568292101843674,56.17329309974748,145,52.87079260079558,8,1,225,4
906,49.51134152909569,56.10223689707654,145,52.80678921308611,8,1,225,4
907,49.45353289007312,56.02893825104227,146,52.74123557055769,8,1,225,4
908,49.39490986202473,55.95337289457488,147,52.67414137829981,8,1,225,4
909,49.335517341415766,55.875525490242524,147,52.605521415829145,8,1,225,4
910,49.27540430918145,55.79538983427964,146,52.53539707173054,8,1,225,4
911,49.21462514736571,55.71296860847489,148,52.4637968779203,8,1,225,4
912,49.15323862607671,55.62827267999874,148,52.39075565303772,8,1,225,4
913,49.091305340212116,55.54132004667387,148,52.316312693442995,8,1,225,4
914,49.02888486303754,55.45213442754938,149,52.24050964529346,8,1,225,4
915,48.96603437136137,55.36074418127449,147,52.16338927631793,8,1,225,4
916,48.90280903399823,55.26718291741858,149,52.08499597570841,8,1,225,4
917,48.83926299218128,55.171491605207706,149,52.0053772986945,8,1,225,4
918,48.775449858145755,55.07372042346211,149,51.924585140803934,8,1,225,4
919,48.71142175566217,54.9739299609379,149,51.84267585830004,8,1,225,4
920,48.64722738937648,54.87219274166811,150,51.7597100655223,8,1,225,4
921,48.58291109290458,54.768594781734635,149,51.67575293731961,8,1,225,4
922,48.51851363522618,54.66323561571701,150,51.59087462547159,8,1,225,4
923,48.45407439452931,54.556226889007405,150,51.50515064176835,8,1,225,4
924,48.389634118554476,54.447691270123926,150,51.418662694339204,8,1,225,4
925,48.32523710035798,54.33776187636363,149,51.331499488360805,8,1,225,4
926,48.26093198854376,54.22658084536178,150,51.24375641695277,8,1,225,4
927,48.196770841115686,54.11429714803429,150,51.15553399457499,8,1,225,4
928,48.132807592642884,54.001065201312365,151,51.066936396977624,8,1,225,4
929,48.069098664977545,53.88704476603808,150,50.97807171550781,8,1,225,4
930,48.00570581821823,53.77240154236723,149,50.88905368029273,8,1,225,4
931,47.94269870505521,53.65730797249147,149,50.80000333877334,8,1,225,4
932,47.880155761994075,53.54194385795169,149,50.711049809972884,8,1,225,4
933,47.818163241284815,53.42649639870348,148,50.62232981999415,8,1,225,4
934,47.756812967561864,53.31115926097775,148,50.53398611426981,8,1,225,4
935,47.69620018339038,53.1961306710224,146,50.446165427206395,8,1,225,4
936,47.6364221650643,53.08161092186806,147,50.35901654346618,8,1,225,4
937,47.57757760718065,52.96779909496872,147,50.272688351074684,8,1,225,4
938,47.519766091711205,52.8548882133156,147,50.187327152513404,8,1,225,4
939,47.463086274504484,52.74305911556264,146,50.10307269503356,8,1,225,4
940,47.40763249507063,52.63247441371535,147,50.02005345439299,8,1,225,4
941,47.35349058845228,52.52327360452041,147,49.93838209648635,8,1,225,4
942,47.300734165725935,52.41557011236528,148,49.85815213904561,8,1,225,4
943,47.24942311747527,52.30945065168452,148,49.779436884579894,8,1,225,4
944,47.199604144020206,52.20497690710037,149,49.70229052556029,8,1,225,4
945,47.15131116565297,52.102188457018585,150,49.62674981133578,8,1,225,4
946,47.10456502693046,52.00110479387669,150,49.552834910403575,8,1,225,4
947,47.05937346986891,51.901725855188865,149,49.48054966252889,8,1,225,4
948,47.01573244862444,51.804032040452064,151,49.40988224453825,8,1,225,4
949,46.973629955973074,51.70798488436257,151,49.34080742016782,8,1,225,4
950,46.93305167886534,51.613529752167146,152,49.27329071551624,8,1,225,4
951,46.89398594723797,51.520600265117025,153,49.2072931061775,8,1,225,4
952,46.85642622059322,51.42912250609675,153,49.142774363344984,8,1,225,4
953,46.820370137120626,51.33901803105818,153,49.079694084089404,8,1,225,4
954,46.785815905764636,51.25020568738958,153,49.01801079657711,8,1,225,4
955,46.75275857727874,51.162602533037315,152,48.95768055515803,8,1,225,4
956,46.72118795000114,51.07612444285421,153,48.89865619642767,8,1,225,4
957,46.691089085825894,50.99068698869034,153,48.84088803725812,8,1,225,4
958,46.66244426607658,50.90620717976927,153,48.78432572292292,8,1,225,4
959,46.63523307122317,50.82260547943523,154,48.728919275329204,8,1,225,4
960,46.609429901952645,50.73980634387648,154,48.674618122914566,8,1,225,4
961,46.58500089267721,50.6577371865184,155,48.62136903959781,8,1,225,4
962,46.56190236372856,50.57632732986144,155,48.569114846795,8,1,225,4
963,46.540083153682964,50.495507726202185,155,48.517795439942574,8,1,225,4
964,46.51949014971872,50.41521144835034,154,48.467350799034534,8,1,225,4
965,46.50007331033358,50.33537475634375,154,48.417724033338665,8,1,225,4
966,46.48178784031537,50.25593835104682,154,48.36886309568109,8,1,225,4
967,46.46459254336413,50.176848230391386,154,48.32072038687775,8,1,225,4
968,46.448445621061964,50.09805536887729,154,48.27325049496963,8,1,225,4
969,46.43330143019988,50.019514513792984,153,48.22640797199644,8,1,225,4
970,46.41910985727393,49.941183464461545,153,48.180146660867734,8,1,225,4
971,46.405818115803804,49.86302342044627,154,48.13442076812504,8,1,225,4
972,46.39337340665033,49.78500020428522,153,48.089186805467776,8,1,225,4
973,46.381723516016045,49.707085774124685,154,48.044404645070365,8,1,225,4
974,46.37081476671847,49.62925905140764,154,48.000036909063056,8,1,225,4
975,46.36058907922628,49.55150606405205,153,47.95604757163916,8,1,225,4
976,46.35098180145381,49.473820380819866,154,47.91240109113684,8,1,225,4
977,46.34192186884728,49.39620432477777,154,47.869063096812525,8,1,225,4
978,46.33333380808396,49.318670965940605,153,47.82600238701228,8,1,225,4
979,46.32513904949466,49.24124640535921,154,47.783192727426936,8,1,225,4
980,46.31725576907956,49.163971375057955,153,47.74061357206875,8,1,225,4
981,46.30959823673242,49.08690156817601,153,47.698249902454215,8,1,225,4
982,46.302076452256735,49.010106503595324,153,47.656091477926026,8,1,225,4
983,46.29459665572929,48.933667606952795,153,47.614132131341044,8,1,225,4
984,46.287063103755,48.857677067562165,152,47.572370085658584,8,1,225,4
985,46.279381308133914,48.782237274915886,153,47.5308092915249,8,1,225,4
986,46.27146205565122,48.70745888260156,152,47.489460469126385,8,1,225,4
987,46.263224649845704,48.633457302974875,153,47.44834097641029,8,1,225,4
988,46.25459918105195,48.56034919146998,152,47.40747418626097,8,1,225,4
989,46.24552899640258,48.48825008921426,153,47.36688954280842,8,1,225,4
990,46.23597346839421,48.417274002446945,153,47.326623735420576,8,1,225,4
991,46.225910087499386,48.34753462433406,153,47.28672235591672,8,1,225,4
992,46.21533529421986,48.279146831875,154,47.24724106304743,8,1,225,4
993,46.204263855861825,48.21222728567017,153,47.208245570765996,8,1,225,4
994,46.192727080708345,48.146893155379125,152,47.169810118043735,8,1,225,4
995,46.18077064966648,48.083259261666235,151,47.13201495566636,8,1,225,4
996,46.16845284521115,48.02143519341522,150,47.09494401931319,8,1,225,4
997,46.15584395722073,47.96152308120504,152,47.058683519212885,8,1,225,4
998,46.14302549927943,47.90361583029013,151,47.02332066478478,8,1,225,4
999,46.13008572302197,47.847795128746796,152,46.98894042588438,8,1,225,4
1000,46.11711181943419,47.7941280588994,153,46.955619939166795,8,1,225,4
1001,46.10418309742817,47.74266231077436,153,46.92342270410126,8,1,225,4
1002,46.09136747927718,47.69342116701677,152,46.89239432314697,8,1,225,4
1003,46.07872170185097,47.646399038862484,153,46.862560370356725,8,1,225,4
1004,46.06629366199434,47.601557942987355,153,46.833925802490846,8,1,225,4
1005,46.05412339380437,47.55882569965015,154,46.80647454672726,8,1,225,4
1006,46.042241604138546,47.51809702318762,154,46.78016931366308,8,1,225,4
1007,46.030667131256756,47.47923721336874,154,46.75495217231275,8,1,225,4
1008,46.01940478919706,47.44208669354792,154,46.73074574137249,8,1,225,4
1009,46.00844515821089,47.40646551984691,154,46.7074553390289,8,1,225,4
1010,45.99776651626314,47.372177863820504,155,46.68497219004182,8,1,225,4
1011,45.98733774128454,47.33901656891877,154,46.66317715510166,8,1,225,4
1012,45.97712101404065,47.306767978845464,155,46.64194449644306,8,1,225,4
1013,45.96707315162262,47.275216943468216,155,46.62114504754542,8,1,225,4
1014,45.957145572139645,47.2441516154177,154,46.60064859377867,8,1,225,4
1015,45.947284061746494,47.21336726039461,155,46.58032566107055,8,1,225,4
1016,45.937428929996024,47.1826679140163,154,46.56004842200616,8,1,225,4
1017,45.92751555436145,47.15186579084926,154,46.53969067260535,8,1,225,4
1018,45.917475412387795,47.12077942406341,155,46.5191274182256,8,1,225,4
1019,45.90723779753703,47.08923122141873,155,46.49823450947788,8,1,225,4
1020,45.89673095179517,47.05704483059335,154,46.47688789119426,8,1,225,4
1021,45.88587988509604,47.02404221910567,156,46.454961052100856,8,1,225,4
1022,45.874601467928436,46.99003988636829,156,46.43232067714836,8,1,225,4
1023,45.86280069983433,46.954844990975516,156,46.40882284540493,8,1,225,4
1024,45.850370105870596,46.91825354194342,156,46.38431182390701,8,1,225,4
1025,45.837192262514066,46.88005114461607,156,46.35862170356506,8,1,225,4
1026,45.823144381751185,46.840015133971235,156,46.331579757861206,8,1,225,4
1027,45.80810280932418,46.797917513432324,156,46.30301016137825,8,1,225,4
1028,45.79194675625669,46.753528702638555,156,46.27273772944763,8,1,225,4
1029,45.77456204586821,46.706622195241806,156,46.24059212055501,8,1,225,4
1030,45.755845170748124,46.656980325355576,156,46.20641274805185,8,1,225,4
1031,45.73570746636043,46.60440056091637,157,46.1700540136384,8,1,225,4
1032,45.714078720100034,46.54870096176649,157,46.13138984093327,8,1,225,4
1033,45.69090904671163,46.489723635128414,157,46.090316340920026,8,1,225,4
1034,45.66616873853744,46.42733521592477,157,46.04675197723111,8,1,225,4
1035,45.6398466765883,46.36142515470957,157,46.000635915648935,8,1,225,4
1036,45.61194788814005,46.29190435127329,157,45.95192611970667,8,1,225,4
1037,45.58249083628511,46.218705013487515,158,45.90059792488631,8,1,225,4
1038,45.55150483153246,46.14178096247199,157,45.846642897002226,8,1,225,4
1039,45.519027760252435,46.06110760484194,158,45.79006768254719,8,1,225,4
1040,45.48510403198312,45.976680792470205,158,45.730892412226666,8,1,225,4
1041,45.44978235487275,45.88851496031117,157,45.66914865759196,8,1,225,4
1042,45.413113045974775,45.79664210296108,157,45.60487757446793,8,1,225,4
1043,45.37514468059237,45.70111217495596,157,45.53812842777417,8,1,225,4
1044,45.335920470060245,45.601994524146626,157,45.46895749710343,8,1,225,4
1045,45.29547534259189,45.49937977213773,157,45.39742755736481,8,1,225,4
1046,45.25383450684224,45.393381360407396,156,45.323607933624814,8,1,225,4
1047,45.21101408289629,45.284136370534384,157,45.24757522671534,8,1,225,4
1048,45.16702360521008,45.17180561674835,157,45.16941461097922,8,1,225,4
1049,45.12186942183768,45.05657291112013,155,45.08922116647891,8,1,225,4
1050,45.07555811193165,44.938643303808874,155,45.007100707870265,8,1,225,4
1051,45.02809914111234,44.81824039305469,156,44.923169767083515,8,1,225,4
1052,44.97950685212209,44.695603091903074,155,44.83755497201258,8,1,225,4
1053,44.929802765959096,44.57098214080824,156,44.75039245338367,8,1,225,4
1054,44.879018583392444,44.44463655747071,156,44.661827570431576,8,1,225,4
1055,44.82719969142751,44.31683060524237,155,44.57201514833494,8,1,225,4
1056,44.774408101294426,44.18783225146092,155,44.48112017637767,8,1,225,4
1057,44.72072286649,44.05791272145826,155,44.38931779397413,8,1,225,4
1058,44.666237589755184,43.92734538839781,155,44.2967914890765,8,1,225,4
1059,44.61105618821834,43.79640399471273,154,44.20373009146554,8,1,225,4
1060,44.555288378332314,43.665361956552204,154,44.110325167442255,8,1,225,4
1061,44.49904663468565,43.53449284450865,155,44.01676973959715,8,1,225,4
1062,44.44244442592786,43.404070475774915,153,43.92325745085139,8,1,225,4
1063,44.385593580257144,43.274367638088414,154,43.82998060917278,8,1,225,4
1064,44.32860019349434,43.14565305103339,154,43.737126622263865,8,1,225,4
1065,44.2715600533879,43.01818704815074,155,43.64487355076932,8,1,225,4
1066,44.21455474897444,42.89221734122643,153,43.55338604510044,8,1,225,4
1067,44.15764982906139,42.76797613072037,155,43.462812979890884,8,1,225,4
1068,44.100894813501306,42.6456797289446,155,43.37328727122295,8,1,225,4
1069,44.044323300560464,42.52553020467963,155,43.28492675262005,8,1,225,4
1070,43.987953364683385,42.40771690000815,155,43.197835132345766,8,1,225,4
1071,43.93179038995086,42.292417426049944,155,43.11210390800041,8,1,225,4
1072,43.8758325340027,42.179799500166624,154,43.02781601708466,8,1,225,4
1073,43.820077066624066,42.070023719389354,155,42.94505039300671,8,1,225,4
1074,43.76452592483643,41.96324609697876,155,42.86388601090759,8,1,225,4
1075,43.70918892388955,41.859619091602966,154,42.78440400774626,8,1,225,4
1076,43.65408472163885,41.75928976116746,155,42.70668724140316,8,1,225,4
1077,43.59924129182915,41.66239552662209,155,42.630818409225625,8,1,225,4
1078,43.544696881366505,41.56905988438734,155,42.556878382876924,8,1,225,4
1079,43.49050164620595,41.47938943080857,155,42.48494553850726,8,1,225,4
1080,43.43671898986856,41.393472586869926,156,42.41509578836924,8,1,225,4
1081,43.3834244579699,41.311380021514516,156,42.34740223974221,8,1,225,4
1082,43.33070228531844,41.23316638205159,156,42.281934333685015,8,1,225,4
1083,43.278641935335926,41.158873037927215,156,42.218757486631574,8,1,225,4
1084,43.22733589849636,41.08853164190492,156,42.15793377020064,8,1,225,4
1085,43.17687894346855,41.02216841043989,156,42.09952367695422,8,1,225,4
1086,43.12736833183477,40.959809122711675,157,42.04358872727322,8,1,225,4
1087,43.07890382445998,40.90148386249449,156,41.99019384347723,8,1,225,4
1088,43.031587087847115,40.84722955168725,158,41.93940831976718,8,1,225,4
1089,42.98552088907657,40.79709007994256,158,41.891305484509566,8,1,225,4
1090,42.94080807774975,40.75111559041252,158,41.84596183408114,8,1,225,4
1091,42.897549963190144,40.70936111600743,158,41.80345553959879,8,1,225,4
1092,42.855844280388474,40.67188339495102,158,41.763863837669746,8,1,225,4
1093,42.8157835234357,40.63873605987329,157,41.72725979165449,8,1,225,4
1094,42.77745384000308,40.60996476018857,158,41.693709300095826,8,1,225,4
1095,42.740934095269104,40.58560319232885,158,41.66326864379897,8,1,225,4
1096,42.70629471380151,40.56567042729435,158,41.63598257054793,8,1,225,4
1097,42.67359590802975,40.55016914486562,158,41.61188252644769,8,1,225,4
1098,42.64288548730152,40.539083603748665,158,41.59098454552509,8,1,225,4
1099,42.614197026902154,40.53237705501978,157,41.57328704096096,8,1,225,4
1100,42.58754917660647,40.529989184365704,158,41.55876918048609,8,1,225,4
1101,42.56294688854579,40.53183426647418,159,41.54739057750999,8,1,225,4
1102,42.540383978863375,40.53780081282471,158,41.539092395844044,8,1,225,4
1103,42.51984507230792,40.54775251914091,159,41.533798795724415,8,1,225,4
1104,42.50130663723136,40.56152934378485,158,41.5314179905081,8,1,225,4
1105,42.4847384767465,40.578948329065426,158,41.53184340290596,8,1,225,4
1106,42.470106164090424,40.59980455810989,159,41.53495536110016,8,1,225,4
1107,42.45737403250251,40.62387293290804,159,41.54062348270527,8,1,225,4
1108,42.44650813490507,40.65091175207888,160,41.54870994349198,8,1,225,4
1109,42.43747839361141,40.68066750662226,159,41.55907295011683,8,1,225,4
1110,42.43025925781236,40.71287875157994,160,41.57156900469615,8,1,225,4
1111,42.424828284090864,40.74727886245326,159,41.58605357327206,8,1,225,4
1112,42.42116351821514,40.78359943608768,159,41.60238147715141,8,1,225,4
1113,42.419242019477814,40.82157453523428,159,41.62040827735605,8,1,225,4
1114,42.41903972300297,40.860944415442155,159,41.63999206922256,8,1,225,4
1115,42.42053068961943,40.90145786057337,159,41.6609942750964,8,1,225,4
1116,42.42368515845945,40.94287274081756,160,41.683278949638506,8,1,225,4
1117,42.42846718301885,40.98495518726558,160,41.70671118514221,8,1,225,4
1118,42.43483292407806,41.02747855727192,160,41.73115574067499,8,1,225,4
1119,42.442730965574064,41.07022326717241,159,41.75647711637323,8,1,225,4
1120,42.452104654097965,41.11297847126841,160,41.78254156268319,8,1,225,4
1121,42.46289509727091,41.15554510280854,160,41.809220100039724,8,1,225,4
1122,42.47504365141466,41.19773832949607,160,41.836390990455364,8,1,225,4
1123,42.4884929240585,41.239388646312094,160,41.86394078518529,8,1,225,4
1124,42.503186194653885,41.28034199867337,159,41.89176409666363,8,1,225,4
1125,42.51906603468356,41.32045913364092,160,41.91976258416224,8,1,225,4
1126,42.53607290835869,41.35961418158857,160,41.94784354497363,8,1,225,4
1127,42.55414453511992,41.397692568055334,160,41.975918551587625,8,1,225,4
1128,42.57321591733695,41.434588452841126,159,42.00390218508904,8,1,225,4
1129,42.59321905879049,41.47020179568968,159,42.031710427240085,8,1,225,4
1130,42.61408237495315,41.504435050226036,159,42.059258712589596,8,1,225,4
1131,42.63573077152292,41.53718997542178,159,42.08646037347235,8,1,225,4
1132,42.658086197254,41.56836524890485,160,42.113225723079424,8,1,225,4
1133,42.681067306721665,41.59785439598256,159,42.13946085135211,8,1,225,4
1134,42.70458833177765,41.62554354828532,160,42.16506594003148,8,1,225,4
1135,42.72855872357692,41.65131000907926,160,42.18993436632809,8,1,225,4
1136,42.752883664056775,41.675022309797775,160,42.213952986927275,8,1,225,4
1137,42.777464082753674,41.696541369555845,160,42.237002726154756,8,1,225,4
1138,42.802196082894156,41.71572246707098,161,42.25895927498257,8,1,225,4
1139,42.826970948747544,41.73241783207445,160,42.279694390410995,8,1,225,4
1140,42.85167563832976,41.74647946831517,161,42.29907755332246,8,1,225,4
1141,42.87619239764961,41.75776182029359,159,42.3169771089716,8,1,225,4
1142,42.90039749826483,41.766123895855934,160,42.33326069706038,8,1,225,4
1143,42.92416046549651,41.77143065182508,161,42.34779555866079,8,1,225,4
1144,42.94734457953295,41.77355364485732,160,42.36044911219514,8,1,225,4
1145,42.969808846541454,41.77237182746476,160,42.37109033700311,8,1,225,4
1146,42.991411149299154,41.767774246875625,160,42.37959269808739,8,1,225,4
1147,43.012011799217134,41.75966416091435,160,42.385837980065745,8,1,225,4
1148,43.03147641903558,41.747961841553376,159,42.38971913029448,8,1,225,4
1149,43.04967679282378,41.73260509224796,161,42.39114094253587,8,1,225,4
1150,43.066490005856224,41.71354826058804,161,42.39001913322213,8,1,225,4
1151,43.08179800826241,41.69076082016174,161,42.386279414212076,8,1,225,4
1152,43.09548853794457,41.66422688789254,161,42.37985771291855,8,1,225,4
1153,43.10745676363709,41.633946165016674,162,42.370701464326885,8,1,225,4
1154,43.11760707855544,41.59993591177586,162,42.35877149516565,8,1,225,4
1155,43.12585492085131,41.56223307797359,163,42.34404399941245,8,1,225,4
1156,43.132128622351935,41.52089522359292,163,42.32651192297243,8,1,225,4
1157,43.13637116148331,41.476000131359896,162,42.3061856464216,8,1,225,4
1158,43.13854138024122,41.427645280809216,162,42.28309333052522,8,1,225,4
1159,43.13861422020446,41.37594767032526,162,42.25728094526486,8,1,225,4
1160,43.13658009899104,41.321043790552,160,42.22881194477152,8,1,225,4
1161,43.13244399884468,41.26308935719927,161,42.19776667802198,8,1,225,4
1162,43.12622439291349,41.202258215909985,161,42.16424130441174,8,1,225,4
1163,43.11795142392542,41.1387403192309,160,42.12834587157816,8,1,225,4
1164,43.10766430247573,41.072739163125505,160,42.09020173280062,8,1,225,4
1165,43.09540870478155,41.00446887515259,160,42.04993878996707,8,1,225,4
1166,43.08123420182605,40.93415095115737,160,42.007692576491706,8,1,225,4
1167,43.06519093889849,40.86201053962692,159,41.9636007392627,8,1,225,4
1168,43.04732536970306,40.78827207521806,161,41.91779872246056,8,1,225,4
1169,43.02767543443073,40.71315455059305,161,41.8704149925119,8,1,225,4
1170,43.00626644909065,40.636867203391255,160,41.821566826240954,8,1,225,4
1171,42.98310985136618,40.55960620017139,160,41.771358025768784,8,1,225,4
1172,42.95820470507813,40.48155270422827,160,41.7198787046532,8,1,225,4
1173,42.931539622175876,40.40287222670178,161,41.66720592443883,8,1,225,4
1174,42.903094517029864,40.3237146729411,160,41.61340459498548,8,1,225,4
1175,42.87284336362678,40.244214691390255,160,41.55852902750851,8,1,225,4
1176,42.84075795595551,40.16449212756631,160,41.50262504176091,8,1,225,4
1177,42.80681150151622,40.084652971176034,160,41.44573223634613,8,1,225,4
1178,42.77098126806705,40.00479176988112,159,41.387886518974085,8,1,225,4
1179,42.73324989385514,39.92499472774155,159,41.32912231079834,8,1,225,4
1180,42.69360516660512,39.84534095085416,158,41.26947305872964,8,1,225,4
1181,42.65203827154493,39.76590105853032,159,41.20896966503763,8,1,225,4
1182,42.60854138651058,39.686734134169136,158,41.14763776033986,8,1,225,4
1183,42.56310637995285,39.60788399012486,158,41.08549518503885,8,1,225,4
1184,42.51572441690295,39.529375721048254,159,41.022550068975605,8,1,225,4
1185,42.466384327209575,39.45121313027127,158,40.95879872874042,8,1,225,4
1186,42.41506973619791,39.373377223942505,158,40.89422348007021,8,1,225,4
1187,42.36175710376487,39.295825577786744,160,40.82879134077581,8,1,225,4
1188,42.30641574508644,39.21849199155279,159,40.76245386831961,8,1,225,4
1189,42.24900983329685,39.1412867244218,160,40.69514827885933,8,1,225,4
1190,42.189501506769474,39.06409848285946,160,40.62679999481446,8,1,225,4
1191,42.127853325874774,38.98679806476838,159,40.55732569532158,8,1,225,4
1192,42.06402988471559,38.90924229614075,160,40.48663609042816,8,1,225,4
1193,41.997999943927404,38.83127816465699,160,40.414639054292195,8,1,225,4
1194,41.92973996291687,38.75274832286247,160,40.34124414288967,8,1,225,4
1195,41.859239422156456,38.673497670648395,159,40.266368546402425,8,1,225,4
1196,41.78650686294875,38.593379263774494,157,40.189943063361625,8,1,225,4
1197,41.71157410879427,38.51225886805332,158,40.111916488423795,8,1,225,4
1198,41.63449759528042,38.43001855161206,157,40.03225807344624,8,1,225,4
1199,41.55535719813524,38.346559512373894,158,39.95095835525457,8,1,225,4
1200,41.474253338879336,38.26180414257003,158,39.86802874072468,8,1,270,5
1201,41.39130353731163,38.17569752687959,157,39.78350053209561,8,1,270,5
1202,41.30663918958613,38.08820876554767,159,39.6974239775669,8,1,270,5
1203,41.220402960206776,37.99933192825651,159,39.60986744423164,8,1,270,5
1204,41.132746493295116,37.90908585893071,160,39.52091617611291,8,1,270,5
1205,41.04382746555688,37.81751292910265,161,39.43067019732976,8,1,270,5
1206,40.95380636875831,37.72467771491183,159,39.339242041835064,8,1,270,5
1207,40.86284477495072,37.63066540201559,161,39.246755088483155,8,1,270,5
1208,40.77110517948833,37.53557855191458,161,39.15334186570146,8,1,270,5
1209,40.67875085871614,37.43953222839252,161,39.05914154355433,8,1,270,5
1210,40.58594564225368,37.34264884801645,160,38.964297245135064,8,1,270,5
1211,40.492854962851915,37.245053435696384,161,38.86895419927415,8,1,270,5
1212,40.399647498496634,37.14686928343088,161,38.77325839096376,8,1,270,5
1213,40.306494673116426,37.04821420539669,161,38.67735443925656,8,1,270,5
1214,40.21356762311617,36.949197777638155,161,38.58138270037716,8,1,270,5
1215,40.12103357783034,36.849918975320904,162,38.485476276575625,8,1,270,5
1216,40.02905282170567,36.75046264527026,162,38.38975773348797,8,1,270,5
1217,39.937776625785126,36.65089559257136,162,38.294336109178246,8,1,270,5
1218,39.84734604847224,36.551265401112836,162,38.19930572479254,8,1,270,5
1219,39.757891017994595,36.45160257226683,163,38.10474679513071,8,1,270,5
1220,39.66952949929335,36.351924030222364,163,38.010726764757855,8,1,270,5
1221,39.58236693838907,36.252236920560065,163,37.91730192947457,8,1,270,5
1222,39.49649617746281,36.15254250668047,162,37.82451934207164,8,1,270,5
1223,39.411998034086345,36.052839773789636,163,37.73241890393799,8,1,270,5
1224,39.32894205546558,35.9531281551794,164,37.64103510532249,8,1,270,5
1225,39.24738627598535,35.85340977094742,163,37.550398023466386,8,1,270,5
1226,39.16737519667078,35.75369254466475,163,37.46053387066777,8,1,270,5
1227,39.08893559551732,35.653993710250525,164,37.37146465288392,8,1,270,5
1228,39.012072118769666,35.55434136802126,164,37.28320674339547,8,1,270,5
1229,38.936766944408696,35.454774187169406,162,37.19577056578905,8,1,270,5
1230,38.8629838103913,35.35534179018822,164,37.10916280028976,8,1,270,5
1231,38.790672701477114,35.256106306319296,164,37.0233895038982,8,1,270,5
1232,38.71977324442929,35.15714353264839,164,36.93845838853884,8,1,270,5
1233,38.650216617271724,35.05854262896585,164,36.85437962311879,8,1,270,5
1234,38.581926558752265,34.96040375998892,163,36.7711651593706,8,1,270,5
1235,38.514820844594404,34.862833976183964,165,36.68882741038918,8,1,270,5
1236,38.44881371939856,34.76594250210219,164,36.607378110750375,8,1,270,5
1237,38.383818895306725,34.66983669857912,162,36.526827796942925,8,1,270,5
1238,38.31975194829699,34.57462006264831,163,36.447186005472645,8,1,270,5
1239,38.256530162689934,34.480391775819335,162,36.368460969254635,8,1,270,5
1240,38.1940705079512,34.387245458204326,163,36.290657983077764,8,1,270,5
1241,38.13228906537382,34.29526663927225,164,36.213777852323034,8,1,270,5
1242,38.07110239362698,34.20453030932808,165,36.137816351477525,8,1,270,5
1243,38.010428493566344,34.11509952577421,166,36.062764009670275,8,1,270,5
1244,37.95018649576324,34.027025658202064,166,35.98860607698265,8,1,270,5
1245,37.890295657264666,33.940350076248784,165,35.915322866756725,8,1,270,5
1246,37.83067464422695,33.85510630403881,166,35.842890474132886,8,1,270,5
1247,37.77124246720484,33.77132176271809,166,35.771282114961465,8,1,270,5
1248,37.711921070358095,33.68901832025025,165,35.70046969530417,8,1,270,5
1249,37.652638210303046,33.60821155050682,166,35.63042488040493,8,1,270,5
1250,37.59332896767382,33.528909286538166,167,35.561119127106,8,1,270,5
1251,37.53393394176291,33.45111005301197,165,35.49252199738744,8,1,270,5
1252,37.474395494784524,33.374801962924224,167,35.42459872885438,8,1,270,5
1253,37.414656728495245,33.29996227368571,166,35.35730950109048,8,1,270,5
1254,37.35466426699202,33.22655740770162,165,35.29061083734682,8,1,270,5
1255,37.29437231060031,33.15454324273095,166,35.22445777666563,8,1,270,5
1256,37.233746010911695,33.08386547748342,165,35.15880574419756,8,1,270,5
1257,37.17276280212818,33.014460560825945,167,35.093611681477064,8,1,270,5
1258,37.11141217692577,32.94625835587612,167,35.02883526640095,8,1,270,5
1259,37.04969624808029,32.87918624733872,167,34.9644412477095,8,1,270,5
1260,36.9876315837053,32.81317293748094,167,34.900402260593125,8,1,270,5
1261,36.925250950546044,32.748151249088124,166,34.836701099817084,8,1,270,5
1262,36.86260359954104,32.68406032663406,166,34.77333196308755,8,1,270,5
1263,36.79975272761422,32.62084772438351,167,34.710300225998864,8,1,270,5
1264,36.73677079770311,32.55847196759004,168,34.64762138264658,8,1,270,5
1265,36.67373544710568,32.49690558759146,167,34.58532051734857,8,1,270,5
1266,36.610727641181676,32.436138046204086,166,34.52343284369288,8,1,270,5
1267,36.54783265644853,32.37617767198449,168,34.46200516421651,8,1,270,5
1268,36.485142331205175,32.31705143805628,168,34.40109688463073,8,1,270,5
1269,36.42275487590797,32.258802776448746,168,34.34077882617836,8,1,270,5
1270,36.36077175417664,32.20148898914636,168,34.281130371661504,8,1,270,5
1271,36.29929436396926,32.14517903548533,168,34.22223669972729,8,1,270,5
1272,36.23842227304663,32.089951695005325,167,34.164186984025974,8,1,270,5
1273,36.17825378746626,32.035893812083515,169,34.10707379977489,8,1,270,5
1274,36.118887876170994,31.98309803592759,169,34.05099295604929,8,1,270,5
1275,36.06042471906091,31.931659469373574,168,33.996042094217245,8,1,270,5
1276,36.002963804087344,31.881670639842646,169,33.942317221965,8,1,270,5
1277,35.94660015705756,31.833215961454705,168,33.88990805925613,8,1,270,5
1278,35.89141977553938,31.78636861300936,168,33.838894194274374,8,1,270,5
1279,35.837495826006254,31.741190123150613,170,33.78934297457843,8,1,270,5
1280,35.78488638320789,31.697730320683615,169,33.741308351945754,8,1,270,5
1281,35.73363371064986,31.65602657617671,170,33.694830143413284,8,1,270,5
1282,35.683764788673884,31.61610252915621,170,33.649933658915046,8,1,270,5
1283,35.63529250425297,31.577966788007,169,33.60662964612999,8,1,270,5
1284,35.58821711191658,31.541612382514195,171,33.56491474721538,8,1,270,5
1285,35.54252777050682,31.507017651675643,171,33.52477271109123,8,1,270,5
1286,35.49820366806336,31.474149152113174,171,33.48617641008827,8,1,270,5
1287,35.45521395471081,31.442965221876182,171,33.449089588293496,8,1,270,5
1288,35.41351716663585,31.4134168838621,171,33.41346702524898,8,1,270,5
1289,35.37306228745007,31.38544618703272,170,33.3792542372414,8,1,270,5
1290,35.33379174019213,31.35898549754479,172,33.34638861886846,8,1,270,5
1291,35.295644750161834,31.333959203766028,172,33.314801976963935,8,1,270,5
1292,35.25856010408532,31.31028725100025,172,33.28442367754278,8,1,270,5
1293,35.222477916372824,31.287889434165223,172,33.25518367526902,8,1,270,5
1294,35.18734079355375,31.266688889040115,172,33.227014841296935,8,1,270,5
1295,35.1530955682665,31.246614198081016,171,33.19985488317376,8,1,270,5
1296,35.119696188911284,31.22760050213456,171,33.17364834552292,8,1,270,5
1297,35.08710776577298,31.209590106840118,170,33.14834893630655,8,1,270,5
1298,35.0553105063209,31.192533169950337,170,33.123921838135615,8,1,270,5
1299,35.02430100423843,31.176388080318073,170,33.10034454227825,8,1,270,5
1300,34.99409049233074,31.161120163808384,170,33.077605328069566,8,1,270,5
1301,34.96470181503666,31.146698521723515,171,33.055700168380085,8,1,270,5
1302,34.93616648590941,31.13309197767958,171,33.0346292317945,8,1,270,5
1303,34.908522805105385,31.12026491374266,170,33.01439385942402,8,1,270,5
1304,34.88181435364966,31.1081735815582,172,32.99499396760393,8,1,270,5
1305,34.856086523010504,31.096763376744846,170,32.976424949877675,8,1,270,5
1306,34.83138166455214,31.085967467414747,172,32.95867456598344,8,1,270,5
1307,34.807736369521535,31.07570716783583,170,32.94172176867868,8,1,270,5
1308,34.7851818542986,31.06589444842295,171,32.925538151360776,8,1,270,5
1309,34.763745889748094,31.05643629065333,171,32.91009109020071,8,1,270,5
1310,34.74345481111531,31.047239912873195,172,32.895347361994254,8,1,270,5
1311,34.72433424249278,31.03821750288277,171,32.88127587268777,8,1,270,5
1312,34.706408242830165,31.029288703036407,172,32.86784847293329,8,1,270,5
1313,34.68969765339564,31.02038153197068,172,32.85503959268316,8,1,270,5
1314,34.67421862169897,31.011434865405178,172,32.842826743552074,8,1,270,5
1315,34.6599824720072,31.00240247711814,172,32.83119247456267,8,1,270,5
1316,34.64699643451177,30.99325551981765,171,32.82012597716471,8,1,270,5
1317,34.635263087139606,30.983982568777105,172,32.80962282795836,8,1,270,5
1318,34.624778217292416,30.974588594219423,172,32.79968340575592,8,1,270,5
1319,34.61552866410066,30.96509315525133,171,32.790310909675995,8,1,270,5
1320,34.60749170187003,30.95552703497912,172,32.78150936842458,8,1,270,5
1321,34.60063752551105,30.94592790174543,172,32.77328271362824,8,1,270,5
1322,34.594933765370726,30.936336946782777,172,32.76563535607675,8,1,270,5
1323,34.59034832548359,30.9267967903351,172,32.758572557909346,8,1,270,5
1324,34.58684937528409,30.917349290104784,171,32.752099332694435,8,1,270,5
1325,34.58440386081254,30.90803305630355,172,32.74621845855805,8,1,270,5
1326,34.58297531622422,30.898881648042664,172,32.74092848213344,8,1,270,5
1327,34.58252117120617,30.889921865249804,172,32.736221518227985,8,1,270,5
1328,34.58299033518199,30.881169989784723,172,32.732080162483356,8,1,270,5
1329,34.584322424496534,30.872626950737732,172,32.72847468761714,8,1,270,5
1330,34.58644804816155,30.864276510258016,172,32.72536227920978,8,1,270,5
1331,34.58928761714919,30.85608734774677,171,32.72268748244798,8,1,270,5
1332,34.59274867833289,30.848016701759427,172,32.72038269004616,8,1,270,5
1333,34.59672431030678,30.84001400948213,172,32.71836915989446,8,1,270,5
1334,34.601093752979764,30.832023764123726,171,32.71655875855174,8,1,270,5
1335,34.60572507752143,30.82398749345062,171,32.71485628548602,8,1,270,5
1336,34.61047941083718,30.815845445533753,173,32.71316242818547,8,1,270,5
1337,34.6152159363119,30.80753856783128,172,32.711377252071586,8,1,270,5
1338,34.619796502505906,30.79901136575369,172,32.709403934129796,8,1,270,5
1339,34.62408828136216,30.790215349001343,173,32.70715181518175,8,1,270,5
1340,34.627964770671,30.781111896065322,173,32.70453833336816,8,1,270,5
1341,34.631307288682564,30.771674049937623,172,32.70149066931009,8,1,270,5
1342,34.63400803573812,30.76188744069103,174,32.69794773821457,8,1,270,5
1343,34.63597472474113,30.75175043287796,173,32.693862578809544,8,1,270,5
1344,34.63713522151531,30.741273497971374,173,32.68920435974334,8,1,270,5
1345,34.637439075263174,30.73047781188007,173,32.683958443571626,8,1,270,5
1346,34.636855550095746,30.719393077389608,173,32.67812431374268,8,1,270,5
1347,34.6353704993399,30.708055253977115,172,32.6717128766585,8,1,270,5
1348,34.63298325357226,30.696505560074147,174,32.6647444068232,8,1,270,5
1349,34.62970352260962,30.684790357073485,173,32.65724693984155,8,1,270,5
1350,34.625548409026294,30.672959768616284,172,32.64925408882129,8,1,270,5
1351,34.62053972815686,30.661064936909163,173,32.64080233253301,8,1,270,5
1352,34.614701536802286,30.64915586605639,173,32.63192870142934,8,1,270,5
1353,34.608057480160326,30.637280729462866,174,32.62266910481159,8,1,270,5
1354,34.60062844431178,30.625486445461497,173,32.613057444886635,8,1,270,5
1355,34.59243187944314,30.613819837646748,174,32.60312585854494,8,1,270,5
1356,34.583482891024346,30.602328208721147,173,32.59290554987275,8,1,270,5
1357,34.573795928208966,30.591058449282407,174,32.58242718874568,8,1,270,5
1358,34.56338599629524,30.58005409559763,172,32.571720045946435,8,1,270,5
1359,34.55226841764019,30.569351506105896,174,32.56080996187305,8,1,270,5
1360,34.540456848179616,30.558978082122216,174,32.54971746515092,8,1,270,5
1361,34.52795993947352,30.5489529223382,172,32.53845643090586,8,1,270,5
1362,34.51477762146661,30.539287764861676,172,32.527032693164145,8,1,270,5
1363,34.50089856646794,30.529987143577433,173,32.515442855022684,8,1,270,5
1364,34.486299029445945,30.52104775864459,173,32.503673394045265,8,1,270,5
1365,34.470941894365254,30.5124576462909,174,32.491699770328076,8,1,270,5
1366,34.45477641462598,30.50419631841385,174,32.479486366519914,8,1,270,5
1367,34.437740794011816,30.496236457398343,174,32.46698862570508,8,1,270,5
1368,34.41976731631116,30.488547166453774,174,32.45415724138247,8,1,270,5
1369,34.40078729349598,30.481097800496652,173,32.44094254699632,8,1,270,5
1370,34.38073534578639,30.473860427285093,176,32.42729788653574,8,1,270,5
1371,34.35955477029875,30.466810334040165,175,32.41318255216946,8,1,270,5
1372,34.33720351156935,30.45992536028359,175,32.398564435926474,8,1,270,5
1373,34.31365800375967,30.45318454497103,175,32.38342127436535,8,1,270,5
1374,34.28891410487553,30.446566283356425,172,32.36774019411598,8,1,270,5
1375,34.26298629380527,30.440046384077675,173,32.35151633894147,8,1,270,5
1376,34.23590542285899,30.43359661203453,173,32.33475101744676,8,1,270,5
1377,34.2077144403781,30.427184205132246,172,32.317449322755174,8,1,270,5
1378,34.17846315587218,30.420772755486055,174,32.29961795567912,8,1,270,5
1379,34.1482047780861,30.41432416298159,174,32.28126447053384,8,1,270,5
1380,34.11699432278647,30.40780068637493,173,32.2623975045807,8,1,270,5
1381,34.08488635349644,30.40116640974913,174,32.243026381622784,8,1,270,5
1382,34.051931956801816,30.39438773475027,173,32.223159845776046,8,1,270,5
1383,34.01817729228251,30.387433581919765,172,32.202805437101134,8,1,270,5
1384,33.98366449658076,30.380277057319855,173,32.18197077695031,8,1,270,5
1385,33.94843416059244,30.37289858492629,173,32.160666372759366,8,1,270,5
1386,33.91252811112041,30.36528874951279,173,32.1389084303166,8,1,270,5
1387,33.87599074065289,30.35744987493586,174,32.116720307794374,8,1,270,5
1388,33.83886898213974,30.349396142875502,174,32.094132562507625,8,1,270,5
1389,33.80121287882723,30.341152544605777,173,32.0711827117165,8,1,270,5
1390,33.76307733364049,30.332753445883377,175,32.04791538976193,8,1,270,5
1391,33.72452425701771,30.324241154728014,175,32.02438270587287,8,1,270,5
1392,33.68562403941002,30.315664491573088,174,32.00064426549156,8,1,270,5
1393,33.64645498194565,30.30707736113578,175,31.976766171540717,8,1,270,5
1394,33.60710068416452,30.298537325248322,175,31.95281900470642,8,1,270,5
1395,33.56764675314514,30.29010349305857,174,31.928875123101854,8,1,270,5
1396,33.52817829580428,30.281832362201794,174,31.90500532900304,8,1,270,5
1397,33.488779753648316,30.27377268296627,175,31.881276218307292,8,1,270,5
1398,33.44953659096285,30.265962855952058,174,31.857749723457452,8,1,270,5
1399,33.41053629914137,30.258431642778326,176,31.834483970959848,8,1,270,5
1400,33.371867642902764,30.25120023848473,176,31.81153394069375,8,1,270,5
1401,33.333618537188705,30.244285022401883,176,31.788951779795294,8,1,270,5
1402,33.295873333669924,30.2377015723684,175,31.766787453019163,8,1,270,5
1403,33.25871068595505,30.23146906417233,177,31.74508987506369,8,1,270,5
1404,33.22220267496417,30.22561271503919,177,31.72390769500168,8,1,270,5
1405,33.18641538832543,30.220164465921798,176,31.703289927123613,8,1,270,5
1406,33.15141007482815,30.215164633240267,176,31.683287354034206,8,1,270,5
1407,33.11724292213883,30.21066472463613,175,31.66395382338748,8,1,270,5
1408,33.08396306667885,30.206729077192875,176,31.64534607193586,8,1,270,5
1409,33.05161000526204,30.203434244395705,176,31.62752212482887,8,1,270,5
1410,33.02021196834079,30.200866325906514,175,31.610539147123653,8,1,270,5
1411,32.98978720498788,30.199116238982157,177,31.594451721985017,8,1,270,5
1412,32.96034788654872,30.198272735157627,177,31.579310310853174,8,1,270,5
1413,32.93190409268794,30.19841478645008,176,31.56515943956901,8,1,270,5
1414,32.9044667091684,30.199606753557813,177,31.55203673136311,8,1,270,5
1415,32.87804943226189,30.201896855056688,176,31.53997314365929,8,1,270,5
1416,32.85266997713788,30.205316693246303,175,31.52899333519209,8,1,270,5
1417,32.82835048999249,30.20988086052604,177,31.519115675259265,8,1,270,5
1418,32.805117748863836,30.21558672334853,177,31.510352236106183,8,1,270,5
1419,32.78300432325355,30.2224143184994,175,31.502709320876477,8,1,270,5
1420,32.76205020444101,30.230326264207562,177,31.496188234324286,8,1,270,5
1421,32.74230276012944,30.239268141572136,176,31.490785450850787,8,1,270,5
1422,32.72381462264579,30.249170322259403,175,31.486492472452596,8,1,270,5
1423,32.70664087550266,30.259951535915953,177,31.483296205709305,8,1,270,5
1424,32.690836317827916,30.271523788206093,176,31.481180053017006,8,1,270,5
1425,32.67645300090284,30.283797167645897,176,31.48012508427437,8,1,270,5
1426,32.66353871873447,30.296682006605163,175,31.48011036266982,8,1,270,5
1427,32.652137622306405,30.310087910175238,175,31.48111276624082,8,1,270,5
1428,32.64229207891631,30.323921214897418,175,31.483106646906865,8,1,270,5
1429,32.63404284977051,30.33808302460372,175,31.486062937187114,8,1,270,5
1430,32.62742690241296,30.352470555901675,176,31.489948729157316,8,1,270,5
1431,32.62247441797611,30.366981599762628,176,31.494728008869366,8,1,270,5
1432,32.61920635822362,30.381518979581056,177,31.50036266890234,8,1,270,5
1433,32.617633762373764,30.395993154055155,176,31.50681345821446,8,1,270,5
1434,32.61775838323307,30.41032238116633,176,31.5140403821997,8,1,270,5
1435,32.61957271172453,30.424430444653684,175,31.522001578189105,8,1,270,5
1436,32.623058219336386,30.438242529495458,174,31.53065037441592,8,1,270,5
1437,32.62818142846798,30.451681198365012,175,31.539931313416496,8,1,270,5
1438,32.63488937158593,30.46466578653343,175,31.54977757905968,8,1,270,5
1439,32.64310795108951,30.47711502135859,174,31.560111486224052,8,1,270,5
1440,32.65274417609781,30.48894916117882,174,31.570846668638318,8,1,270,5
1441,32.66369071670212,30.500090386876934,176,31.581890551789527,8,1,270,5
1442,32.67583102143065,30.510462617804237,176,31.593146819617445,8,1,270,5
1443,32.68904304881844,30.51999192372874,175,31.60451748627359,8,1,270,5
1444,32.703201224723394,30.528608704439883,176,31.615904964581638,8,1,270,5
1445,32.71817779772236,30.536251735682423,176,31.627214766702394,8,1,270,5
1446,32.73384447236975,30.542873107097325,177,31.638358789733537,8,1,270,5
1447,32.75007490752196,30.548442785102544,177,31.649258846312254,8,1,270,5
1448,32.76674759402378,30.552951240834272,177,31.659849417429022,8,1,270,5
1449,32.78374755311077,30.556409753449877,177,31.670078653280324,8,1,270,5
1450,32.800966174648906,30.558849169236538,177,31.679907671942722,8,1,270,5
1451,32.818299392078515,30.560317506506113,175,31.689308449292312,8,1,270,5
1452,32.8356450736091,30.560876405809875,177,31.69826073970949,8,1,270,5
1453,32.85290119191194,30.560596912437912,176,31.706749052174928,8,1,270,5
1454,32.869965651755905,30.559555565650783,178,31.714760608703344,8,1,270,5
1455,32.88673797225157,30.557831378789402,175,31.722284675520484,8,1,270,5
1456,32.90312204498625,30.555503904163814,176,31.72931297457503,8,1,270,5
1457,32.919028213929664,30.55265218642758,177,31.73584020017862,8,1,270,5
1458,32.93437419090367,30.549354017982136,178,31.741864104442904,8,1,270,5
1459,32.94908558829454,30.545685105036462,177,31.7473853466655,8,1,270,5
1460,32.9630967530496,30.541717948042894,177,31.752407350546246,8,1,270,5
1461,32.97635248834989,30.53752082548328,178,31.756936656916587,8,1,270,5
1462,32.98880988367219,30.533157855247556,178,31.76098386945987,8,1,270,5
1463,33.00043810825531,30.528689937463287,178,31.764564022859297,8,1,270,5
1464,33.011216266177584,30.524175212252047,179,31.767695739214815,8,1,270,5
1465,33.02113165444758,30.5196683487006,178,31.77040000157409,8,1,270,5
1466,33.0301788145983,30.515218664145078,178,31.77269873937169,8,1,270,5
1467,33.03835781738789,30.510867755689603,176,31.774612786538746,8,1,270,5
1468,33.04567129301888,30.506648008728106,177,31.776159650873492,8,1,270,5
1469,33.05212079212785,30.502581981831796,178,31.777351386979824,8,1,270,5
1470,33.0577035504453,30.498681301981822,176,31.778192426213558,8,1,270,5
1471,33.06241121772195,30.494944972265987,178,31.77867809499397,8,1,270,5
1472,33.06623094112162,30.49135826231582,178,31.77879460171872,8,1,270,5
1473,33.06914802290097,30.4878925716571,177,31.778520297279034,8,1,270,5
1474,33.07114878703264,30.484505876057767,179,31.777827331545204,8,1,270,5
1475,33.0722217042326,30.48114395238959,179,31.776682828311095,8,1,270,5
1476,33.07235726328673,30.477743162943696,178,31.775050213115215,8,1,270,5
1477,33.07154951498384,30.47423450741526,179,31.772892011199552,8,1,270,5
1478,33.06979958140253,30.470547578006318,179,31.770173579704423,8,1,270,5
1479,33.067118789713476,30.466613638393213,178,31.766866214053344,8,1,270,5
1480,33.0635297723167,30.462367632546947,178,31.76294870243182,8,1,270,5
1481,33.05906455775536,30.457749709685743,178,31.758407133720553,8,1,270,5
1482,33.05376072498045,30.452707631894206,179,31.753234178437328,8,1,270,5
1483,33.047658741694264,30.447200065328076,178,31.74742940351117,8,1,270,5
1484,33.04080175419125,30.4411993902705,178,31.741000572230874,8,1,270,5
1485,33.03323724283646,30.434692957750457,179,31.733965100293457,8,1,270,5
1486,33.02501878682859,30.427682012843224,178,31.72635039983591,8,1,270,5
1487,33.01620501138886,30.420178870081,178,31.718191940734933,8,1,270,5
1488,33.00685600915894,30.412204291722134,180,31.709530150440536,8,1,270,5
1489,32.99703074624715,30.403785751470977,180,31.700408248859063,8,1,270,5
1490,32.98678691505745,30.39495599811927,181,31.69087145658836,8,1,270,5
1491,32.97618264775981,30.385751528540883,180,31.680967088150346,8,1,270,5
1492,32.965278333821345,30.37621077445799,178,31.670744554139667,8,1,270,5
1493,32.954135614565494,30.36637219749855,179,31.660253906032022,8,1,270,5
1494,32.94281374890371,30.356272877193618,180,31.649543313048664,8,1,270,5
1495,32.931366665575496,30.3459479814742,180,31.638657323524846,8,1,270,5
1496,32.9198424566619,30.335431314157145,180,31.627636885409522,8,1,270,5
1497,32.90828550659894,30.32475654871639,180,31.61652102765767,8,1,270,5
1498,32.89673969532869,30.313958172436884,180,31.605348933882787,8,1,270,5
1499,32.88524935861554,30.303072042884324,180,31.59416070074993,8,1,270,5
1500,32.87385761468491,30.2921363364458,179,31.582996975565354,8,1,315,6
1501,32.862604592458695,30.281192303148348,178,31.57189844780352,8,1,315,6
1502,32.85152673117675,30.270282876404128,177,31.560904803790436,8,1,315,6
1503,32.84065695572684,30.25944884443631,177,31.550052900081575,8,1,315,6
1504,32.83002514189079,30.248723948269134,178,31.539374545079966,8,1,315,6
1505,32.819657895601466,30.238130368745196,177,31.52889413217333,8,1,315,6
1506,32.809576962980636,30.22767616267751,178,31.518626562829073,8,1,315,6
1507,32.799795880611626,30.21735484288555,178,31.508575361748587,8,1,315,6
1508,32.79031632879666,30.20714593154451,179,31.498731130170587,8,1,315,6
1509,32.781127503885685,30.197015609107652,179,31.48907155649667,8,1,315,6
1510,32.772208704730595,30.186916873890105,180,31.47956278931035,8,1,315,6
1511,32.76353220729454,30.17678989560257,180,31.470161051448557,8,1,315,6
1512,32.75506496465738,30.166564514315304,181,31.46081473948634,8,1,315,6
1513,32.74676913283681,30.156164495617684,180,31.451466814227246,8,1,315,6
1514,32.73860200815527,30.145510811987965,179,31.442056410071615,8,1,315,6
1515,32.73051654718087,30.134522586013613,179,31.432519566597243,8,1,315,6
1516,32.72246325020605,30.123115696688195,180,31.42278947344712,8,1,315,6
1517,32.714393799148915,30.111199537744334,181,31.412796668446624,8,1,315,6
1518,32.70626537771648,30.098672904733778,181,31.402469141225126,8,1,315,6
1519,32.69804313857428,30.085420377824295,179,31.391731758199285,8,1,315,6
1520,32.689699842791185,30.07131095759527,180,31.38050540019323,8,1,315,6
1521,32.68121325732071,30.05619885810627,180,31.36870605771349,8,1,315,6
1522,32.672563066638496,30.039924508527086,180,31.35624378758279,8,1,315,6
1523,32.66373022504091,30.022315570519407,181,31.34302289778016,8,1,315,6
1524,32.65469865239089,30.003189534447678,181,31.328944093419285,8,1,315,6
1525,32.64545615238984,29.98235809216555,181,31.313907122277698,8,1,315,6
1526,32.635993188095554,29.95963211875125,181,31.297812653423403,8,1,315,6
1527,32.62629990504434,29.934826680869392,181,31.280563292956867,8,1,315,6
1528,32.61636267013342,29.907766074667947,182,31.262064372400683,8,1,315,6
1529,32.60616227225444,29.878288896055253,180,31.242225584154845,8,1,315,6
1530,32.595674175055635,29.846253146059514,181,31.220963660557572,8,1,315,6
1531,32.5848694566217,29.811540788525715,182,31.19820512257371,8,1,315,6
1532,32.573715265998665,29.774060591882062,182,31.173887928940363,8,1,315,6
1533,32.56217382162374,29.73374896418293,182,31.147961392903333,8,1,315,6
1534,32.55020073247826,29.690569368067788,182,31.120385050273022,8,1,315,6
1535,32.53774517854947,29.644510706783752,181,31.09112794266661,8,1,315,6
1536,32.52475224390365,29.595584876933625,182,31.06016856041864,8,1,315,6
1537,32.51116545238471,29.543823975830026,183,31.02749471410737,8,1,315,6
1538,32.49692814125562,29.48927794358937,184,30.993103042422497,8,1,315,6
1539,32.481982893374216,29.432011956719517,183,30.956997425046865,8,1,315,6
1540,32.466269418942815,29.37210142661707,183,30.919185422779943,8,1,315,6
1541,32.44972244832459,29.309624016773984,183,30.879673232549287,8,1,315,6
1542,32.43227100240018,29.244649652959232,183,30.838460327679705,8,1,315,6
1543,32.41384021194075,29.17723037844979,183,30.795535295195272,8,1,315,6
1544,32.39435461418619,29.107392784334824,185,30.75087369926051,8,1,315,6
1545,32.37373961150877,29.035134282122236,183,30.704436946815502,8,1,315,6
1546,32.351920313031115,28.96042302319006,186,30.656171668110588,8,1,315,6
1547,32.328819516038536,28.883200294679167,183,30.606009905358853,8,1,315,6
1548,32.30435648650117,28.803383246488092,184,30.55386986649463,8,1,315,6
1549,32.27844810051556,28.720867462578493,186,30.49965778154703,8,1,315,6
1550,32.25101215284137,28.635530548308726,185,30.443271350575046,8,1,315,6
1551,32.221970883058695,28.547237905843446,185,30.38460439445107,8,1,315,6
1552,32.19125355015687,28.45585186995255,184,30.323552710054713,8,1,315,6
1553,32.15879766660488,28.361243230855806,184,30.260020448730344,8,1,315,6
1554,32.124549478220104,28.26330202497736,184,30.193925751598734,8,1,315,6
1555,32.08846525139451,28.161945449723113,184,30.12520535055881,8,1,315,6
1556,32.0505135635789,28.057121733490632,186,30.053817648534768,8,1,315,6
1557,32.01067742724514,27.94881054739594,186,29.97974398732054,8,1,315,6
1558,31.96895546750632,27.837022300411064,185,29.90298888395869,8,1,315,6
1559,31.925361763507627,27.72179748868335,184,29.823579626095487,8,1,315,6
1560,31.87992464622163,27.6032060988866,185,29.741565372554113,8,1,315,6
1561,31.83268542780322,27.481347162514428,186,29.657016295158826,8,1,315,6
1562,31.783697647294268,27.356348655094962,185,29.570023151194615,8,1,315,6
1563,31.73302702711823,27.228367836319862,185,29.480697431719044,8,1,315,6
1564,31.680751846922057,27.09759202909526,187,29.38917193800866,8,1,315,6
1565,31.626962953442955,26.964239932590182,185,29.29560144301657,8,1,315,6
1566,31.571763307635067,26.828563661413007,187,29.200163484524037,8,1,315,6
1567,31.51526765284919,26.69085101980056,188,29.103059336324876,8,1,315,6
1568,31.457602790147874,26.55142683643047,186,29.00451481328917,8,1,315,6
1569,31.39890884912856,26.410653257819142,185,28.90478105347385,8,1,315,6
1570,31.33934125965856,26.268929970599274,184,28.804135615128917,8,1,315,6
1571,31.279072446939324,26.12669395687284,184,28.702883201906083,8,1,315,6
1572,31.218292759770847,25.98441702073718,185,28.601354890254015,8,1,315,6
1573,31.15721062931815,25.842600786574614,184,28.499905707946382,8,1,315,6
1574,31.096052638169848,25.70177033222998,183,28.398911485199914,8,1,315,6
1575,31.03506486195908,25.562467912354975,184,28.298766387157027,8,1,315,6
1576,30.974515577539833,25.425248519440824,186,28.19988204849033,8,1,315,6
1577,30.91469816341272,25.290678054409057,185,28.10268810891089,8,1,315,6
1578,30.855934090655044,25.159333903041908,188,28.007633996848476,8,1,315,6
1579,30.798576975126327,25.031807519267584,187,27.915192247196956,8,1,315,6
1580,30.743016905595724,24.90870842104358,187,27.825862663319654,8,1,315,6
1581,30.68968250625599,24.790668809277186,189,27.74017565776659,8,1,315,6
1582,30.639040142297944,24.678347824862026,187,27.658693983579987,8,1,315,6
1583,30.591591627400927,24.572434653635643,187,27.582013140518285,8,1,315,6
1584,30.547871108646596,24.4736498837287,189,27.51076049618765,8,1,315,6
1585,30.508441121045234,24.382745202077565,187,27.445593161561398,8,1,315,6
1586,30.473888486127642,24.30050219915097,189,27.387195342639306,8,1,315,6
1587,30.444821411375592,24.227730562778632,187,27.336275987077112,8,1,315,6
1588,30.421867586278335,24.16526545382308,187,27.293566520050707,8,1,315,6
1589,30.405671509864092,24.11396463630334,187,27.259818073083714,8,1,315,6
1590,30.396891332542836,24.074706714483035,188,27.235799023512936,8,1,315,6
1591,30.396197543123524,24.0483905610899,187,27.22229405210671,8,1,315,6
1592,30.40427349074866,24.035934752515157,188,27.22010412163191,8,1,315,6
1593,30.42181539038939,24.038276509281076,188,27.230045949835233,8,1,315,6
1594,30.449531313550285,24.056370322517548,189,27.252950818033916,8,1,315,6
1595,30.488140518842705,24.091186739518704,188,27.289663629180705,8,1,315,6
1596,30.53837369660234,24.143712073798284,189,27.34104288520031,8,1,315,6
1597,30.600973921248873,24.21494863435092,189,27.4079612777999,8,1,315,6
1598,30.67669761721733,24.3059138981225,187,27.491305757669913,8,1,315,6
1599,30.766314356412515,24.41763743960575,190,27.59197589800913,8,1,315,6
1600,30.870605085236566,24.551154821412428,189,27.710879953324497,8,1,315,6
1601,30.990359159344095,24.70749979532588,187,27.848929477334988,8,1,315,6
1602,31.126371441944816,24.887698309075002,188,28.00703487550991,8,1,315,6
1603,31.279441599175072,25.09276518057897,188,28.18610338987702,8,1,315,6
1604,31.450374604764413,25.3237016680072,189,28.387038136385804,8,1,315,6
1605,31.639978344946538,25.581492554312682,189,28.61073544962961,8,1,315,6
1606,31.84905753077331,25.867101755259142,188,28.858079643016225,8,1,315,6
1607,32.07840644124338,26.18146672822083,189,29.129936584732107,8,1,315,6
1608,32.32880214287853,26.525493227358396,190,29.427147685118463,8,1,315,6
1609,32.60099895370276,26.900050488121362,191,29.75052472091206,8,1,315,6
1610,32.89572365185395,27.305965461456022,191,30.100844556654984,8,1,315,6
1611,33.21366966142311,27.744015498970555,189,30.478842580196833,8,1,315,6
1612,33.555489619000284,28.21491967127705,191,30.885204645138664,8,1,315,6
1613,33.92178689538591,28.71932919513511,189,31.32055804526051,8,1,315,6
1614,34.313106940183985,29.257817738558803,190,31.785462339371392,8,1,315,6
1615,34.72992961037682,29.83087208148798,191,32.2804008459324,8,1,315,6
1616,35.1726626695022,30.43888331821216,191,32.80577299385718,8,1,315,6
1617,35.64163566969393,31.082138203866414,190,33.361886936780174,8,1,315,6
1618,36.13709352751177,31.760809663590386,192,33.94895159555108,8,1,315,6
1619,36.65918920325313,32.47494675256245,192,34.56706797790779,8,1,315,6
1620,37.20797587013015,33.22446562488764,192,35.2162207475089,8,1,NA,NA
1621,37.78339993649886,34.00914170571953,192,35.8962708211092,8,1,NA,NA
1622,38.38529521297412,34.82860189753745,191,36.606948555255784,8,1,NA,NA
1623,39.013377445018385,35.682315556158585,190,37.34784650058849,8,1,NA,NA
1624,39.66723901856713,36.569582876854234,188,38.118410947710686,8,1,NA,NA
1625,40.346344233315044,37.489522064465795,187,38.91793314889042,8,1,NA,NA
1626,41.050025345136625,38.44105939511247,187,39.74554237012455,8,1,NA,NA
1627,41.777479386035814,39.422924426686606,185,40.60020190636121,8,1,NA,NA
1628,42.52776635729439,40.43365076507378,184,41.48070856118409,8,1,NA,NA
1629,43.29980997880893,41.471581723156255,184,42.38569585098259,8,1,NA,NA
1630,44.09240110681776,42.5348791397734,183,43.313640123295585,8,1,NA,NA
1631,44.904202861418284,43.62153479920391,181,44.26286883031109,8,1,NA,NA
1632,45.73375699501634,44.72938506499317,181,45.23157103000476,8,1,NA,NA
1633,46.57949152251367,45.85612953964731,179,46.21781053108049,8,1,NA,NA
1634,47.43972983100295,46.99935475917967,178,47.21954229509131,8,1,NA,NA
1635,48.31270168358237,48.156561495163174,176,48.23463158937277,8,1,NA,NA
1636,49.1965561433764,49.32519180025235,176,49.26087397181438,8,1,NA,NA
1637,50.08937605515247,50.50265378768278,176,50.29601492141762,8,1,NA,NA
1638,50.989193820691355,51.686343989395205,176,51.337768905043276,8,1,NA,NA
1639,51.89400830261322,52.87366733306218,176,52.3838378178377,8,1,NA,NA
1640,52.80180249707937,54.06205497357773,175,53.431928735328555,8,1,NA,NA
1641,53.71056142124665,55.248980311980475,174,54.47977086661356,8,1,NA,NA
1642,54.61828985666895,56.43197363191044,173,55.525131744289695,8,1,NA,NA
1643,55.52302978488153,57.60863568552265,171,56.56583273520209,8,1,NA,NA
1644,56.422877253558305,58.7766504623731,170,57.5997638579657,8,1,NA,NA
1645,57.31599831351657,59.93379678848017,171,58.62489755099837,8,1,NA,NA
1646,58.20064347093552,61.07795781625691,171,59.639300643596215,8,1,NA,NA
1647,59.07515990300247,62.207128244820616,171,60.64114407391155,8,1,NA,NA
1648,59.93800097650014,63.31941988885153,168,61.62871043267583,8,1,NA,NA
1649,60.78773289996053,64.4130662124777,168,62.600399556219116,8,1,NA,NA
1650,61.62303892362106,65.48642644287729,168,63.55473268324917,8,1,NA,NA
1651,62.44272208492106,66.53798948621356,168,64.49035578556732,8,1,NA,NA
1652,63.24570710529235,67.56637747637657,168,65.40604229083446,8,1,NA,NA
1653,64.03104165196561,68.5703485899279,166,66.30069512094676,8,1,NA,NA
1654,64.79789678649186,69.5487985635144,165,67.17334767500313,8,1,NA,NA
1655,65.54556602963767,70.50076103066236,165,68.02316353015001,8,1,NA,NA
1656,66.27346286051863,71.42540747548387,165,68.84943516800125,8,1,NA,NA
1657,66.98111685605795,72.32204691591244,163,69.6515818859852,8,1,NA,NA
1658,67.66816789473097,73.19012474417083,163,70.4291463194509,8,1,NA,NA
1659,68.33435706649612,74.02922024756923,163,71.18178865703268,8,1,NA,NA
1660,68.97951526997596,74.83904242815048,162,71.90927884906321,8,1,NA,NA
1661,69.60355281725025,75.61942422533119,161,72.61148852129071,8,1,NA,NA
1662,70.20645121942589,76.37031573138457,160,73.28838347540523,8,1,NA,NA
1663,70.78825617910395,77.09177669503265,160,73.9400164370683,8,1,NA,NA
1664,71.34907120487254,77.78396831394035,160,74.56651975940645,8,1,NA,NA
1665,71.88905165207525,78.4471444127716,158,75.16809803242343,8,1,NA,NA
1666,72.40839918827928,79.08164219946197,159,75.74502069387063,8,1,NA,NA
1667,72.90735687613319,79.68787279090516,158,76.29761483351918,8,1,NA,NA
1668,73.38620545572799,80.2663116979368,157,76.8262585768324,8,1,NA,NA
1669,73.84526179807006,80.81748965342398,157,77.33137572574702,8,1,NA,NA
1670,74.28487884253896,81.3419843613417,156,77.81343160194032,8,1,NA,NA
1671,74.7054446724961,81.84041345122488,155,78.27292906186048,8,1,NA,NA
1672,75.1073798457066,82.31342862902069,154,78.71040423736365,8,1,NA,NA
1673,75.49113355875349,82.76171072212583,155,79.12642214043966,8,1,NA,NA
1674,75.8571793216765,83.18596502324695,153,79.52157217246173,8,1,NA,NA
1675,76.20601091617532,83.58691682496749,152,79.89646387057141,8,1,NA,NA
1676,76.53813892263412,83.96530752422191,153,80.25172322342802,8,1,NA,NA
1677,76.85408761320195,84.32189128539623,153,80.5879894492991,8,1,NA,NA
1678,77.15439210543448,84.6574318603525,152,80.90591198289349,8,1,NA,NA
1679,77.43959576832279,84.9726994560821,152,81.20614761220244,8,1,NA,NA
1680,77.71024787238562,85.26846783314963,151,81.48935785276763,8,1,NA,NA
1681,77.96690147539356,85.54551162293812,150,81.75620654916584,8,1,NA,NA
1682,78.21011153516964,85.80460365659876,149,82.0073575958842,8,1,NA,NA
1683,78.44043324082052,86.04651229363766,149,82.2434727672291,8,1,NA,NA
1684,78.65842045621447,86.27199893314118,148,82.46520969467782,8,1,NA,NA
1685,78.86462407201252,86.48181579319687,148,82.6732199326047,8,1,NA,NA
1686,79.05959016008616,86.67670394665974,147,82.86814705337295,8,1,NA,NA
1687,79.24385792170887,86.85739150401919,146,83.05062471286402,8,1,NA,NA
1688,79.41795761607987,87.02459173675884,146,83.22127467641936,8,1,NA,NA
1689,79.58240885093959,87.17900122738955,145,83.38070503916457,8,1,NA,NA
1690,79.73771922702974,87.32129842515208,144,83.5295088260909,8,1,NA,NA
1691,79.88438293817146,87.45214259652248,143,83.66826276734696,8,1,NA,NA
1692,80.02287931904308,87.57217276981207,143,83.79752604442757,8,1,NA,NA
1693,80.15367172307043,87.68200666359682,142,83.91783919333363,8,1,NA,NA
1694,80.27720672294991,87.78223997916977,142,84.02972335105984,8,1,NA,NA
1695,80.39391323645171,87.87344614491042,141,84.13367969068106,8,1,NA,NA
1696,80.50420157055525,87.95617630817506,141,84.23018893936515,8,1,NA,NA
1697,80.60846276738899,88.03095937068038,140,84.31971106903468,8,1,NA,NA
1698,80.70706844064061,88.09830186372182,140,84.40268515218122,8,1,NA,NA
1699,80.80037109630636,88.15868775252466,139,84.47952942441552,8,1,NA,NA
1700,80.88870473690623,88.21257855198238,138,84.55064164444431,8,1,NA,NA
1701,80.97238535354543,88.2604137462211,138,84.61639954988327,8,1,NA,NA
1702,81.05171120307014,88.30261111461182,137,84.67716115884099,8,1,NA,NA
1703,81.126963060426,88.3395668598257,137,84.73326496012584,8,1,NA,NA
1704,81.19840463663417,88.37165572649808,136,84.78503018156613,8,1,NA,NA
1705,81.26628335310151,88.39923129939665,136,84.83275732624908,8,1,NA,NA
1706,81.33083117553583,88.42262667031419,137,84.87672892292501,8,1,NA,NA
1707,81.39226472328228,88.4421554681706,136,84.91721009572643,8,1,NA,NA
1708,81.45078474798835,88.45811305206082,136,84.95444890002459,8,1,NA,NA
1709,81.50657595359397,88.47077776480205,136,84.98867685919801,8,1,NA,NA
1710,81.55980734959408,88.4804122423309,135,85.0201097959625,8,1,NA,NA
1711,81.61063254947392,88.48726467705355,134,85.04894861326373,8,1,NA,NA
1712,81.65918971906933,88.49156983598341,134,85.07537977752636,8,1,NA,NA
1713,81.70560117245557,88.49354982980017,134,85.09957550112787,8,1,NA,NA
1714,81.74997310089765,88.49341482424661,134,85.12169396257212,8,1,NA,NA
1715,81.79239640832886,88.49136369038428,134,85.14188004935656,8,1,NA,NA
1716,81.83294855415016,88.48758439532162,134,85.16026647473589,8,1,NA,NA
1717,81.87169523145828,88.48225413030045,135,85.17697468087937,8,1,NA,NA
1718,81.90869158687268,88.47553936829284,135,85.19211547758276,8,1,NA,NA
1719,81.94398356617194,88.46759594588616,135,85.20578975602905,8,1,NA,NA
1720,81.97760957994684,88.45856916685733,135,85.21808937340208,8,1,NA,NA
1721,82.0096022934542,88.44859392500389,135,85.22909810922904,8,1,NA,NA
1722,82.03999054004265,88.43779484396302,134,85.23889269200284,8,1,NA,NA
1723,82.06880155268291,88.42628662698402,134,85.24754408983347,8,1,NA,NA
1724,82.09606322053463,88.41417500484985,134,85.25511911269224,8,1,NA,NA
1725,82.12180558985105,88.40155808507863,134,85.26168183746483,8,1,NA,NA
1726,82.14606141370254,88.38852732045815,134,85.26729436708035,8,1,NA,NA
1727,82.1688661401595,88.37516790030313,134,85.27201702023132,8,1,NA,NA
1728,82.19025763102333,88.3615589531481,134,85.27590829208572,8,1,NA,NA
1729,82.21027580564125,88.34777375461677,134,85.279024780129,8,1,NA,NA
1730,82.22896230675988,88.33387993923093,134,85.2814211229954,8,1,NA,NA
1731,82.24636018779735,88.31993971501409,134,85.28314995140572,8,1,NA,NA
1732,82.26251362088638,88.3060100798325,134,85.28426185035944,8,1,NA,NA
1733,82.27746762501886,88.2921430385011,134,85.28480533175997,8,1,NA,NA
1734,82.29126781360466,88.27838581976313,134,85.2848268166839,8,1,NA,NA
1735,82.30396016074396,88.26478109233021,134,85.28437062653708,8,1,NA,NA
1736,82.31559078550323,88.2513671792441,134,85.28347898237367,8,1,NA,NA
1737,82.32620575347909,88.2381782698926,134,85.28219201168585,8,1,NA,NA
1738,82.33585089493161,88.22524462907982,134,85.28054776200571,8,1,NA,NA
1739,82.34457163876993,88.2125928026158,134,85.27858222069287,8,1,NA,NA
1740,82.35241286167594,88.20024581895123,134,85.2763293403136,8,1,NA,NA
1741,82.35941875165854,88.18822338644183,134,85.27382106905019,8,1,NA,NA
1742,82.36563268533891,88.17654208588121,134,85.27108738561006,8,1,NA,NA
1743,82.37109711827843,88.16521555799308,134,85.26815633813575,8,1,NA,NA
1744,82.37585348767288,88.15425468562289,134,85.2650540866479,8,1,NA,NA
1745,82.37994212675144,88.14366777041431,134,85.26180494858288,8,1,NA,NA
1746,82.3834021902341,88.13346070379944,134,85.25843144701676,8,1,NA,NA
1747,82.38627159021904,88.12363713217194,134,85.25495436119549,8,1,NA,NA
1748,82.38858694188919,88.11419861614965,134,85.25139277901943,8,1,NA,NA
1749,82.39038351844667,88.10514478386885,134,85.24776415115775,8,1,NA,NA
1750,82.39169521470436,88.09647347828427,134,85.2440843464943,8,1,NA,NA
1751,82.39255451878402,88.08818089847969,134,85.24036770863185,8,1,NA,NA
1752,82.39299249139256,88.080261735021807,134,85.23662711320719,8,1,NA,NA
1753,82.39303875216936,88.07270929941532,134,85.23287402579234,8,1,NA,NA
1754,82.39272147262015,88.0655156477414,134,85.22911856018078,8,1,NA,NA
1755,82.3920673751753,88.05867169858264,134,85.22536953687897,8,1,NA,NA
1756,82.39110173793274,88.05216734535787,134,85.2216345416453,8,1,NA,NA
1757,82.38984840466851,88.04599156320748,134,85.217919983938,8,1,NA,NA
1758,82.38832979972042,88.04013251058613,134,85.21423115515327,8,1,NA,NA
1759,82.38656694737256,88.03457762573422,134,85.21057228655339,8,1,NA,NA
1760,82.38457949539053,88.02931371821205,134,85.2069466068013,8,1,NA,NA
1761,82.38238574237917,88.02432705569218,134,85.20335639903567,8,1,NA,NA
1762,82.38000266865592,88.01960344621492,134,85.19980305743542,8,1,NA,NA
1763,82.37744597035388,88.01512831612068,134,85.19628714323727,8,1,NA,NA
1764,82.37473009648953,88.01088678388034,134,85.19280844018493,8,1,NA,NA
1765,82.37186828874977,88.00686373004991,134,85.18936600939983,8,1,NA,NA
1766,82.36887262377239,88.00304386358191,134,85.18595824367715,8,1,NA,NA
1767,82.36575405771315,87.99941178472824,134,85.1825829212207,8,1,NA,NA
1768,82.36252247291051,87.99595204477302,134,85.17923725884177,8,1,NA,NA
1769,82.35918672647682,87.9926492028353,134,85.17591796465607,8,1,NA,NA
1770,82.35575470066108,87.98948787998212,134,85.1726212903216,8,1,NA,NA
1771,82.35223335484513,87.98645281089256,134,85.16934308286883,8,1,NA,NA
1772,82.34862877904933,87.98352889331231,134,85.16607883618082,8,1,NA,NA
1773,82.34494624883914,87.98070123553674,134,85.16282374218794,8,1,NA,NA
1774,82.34119028153673,87.97795520215766,134,85.1595727418472,8,1,NA,NA
1775,82.33736469365526,87.97527645830586,134,85.15632057598056,8,1,NA,NA
1776,82.33347265948463,87.97265101261749,134,85.15306183605105,8,1,NA,NA
1777,82.32951677076856,87.97006525914755,134,85.14979101495805,8,1,NA,NA
1778,82.3254990974235,87.96750601844872,134,85.14650255793612,8,1,NA,NA
1779,82.32142124925785,87.96496057802743,134,85.14319091364264,8,1,NA,NA
1780,82.31728443865914,87.96241673238242,134,85.13985058552078,8,1,NA,NA
1781,82.31308954422325,87.95986282282405,134,85.13647618352365,8,1,NA,NA
1782,82.30883717530652,87.95728777726447,134,85.13306247628549,8,1,NA,NA
1783,82.30452773748642,87.95468115016017,134,85.1296044438233,8,1,NA,NA
1784,82.30016149892067,87.95203316277968,134,85.12609733085017,8,1,NA,NA
1785,82.2957386575981,87.94933474395873,134,85.12253670077841,8,1,NA,NA
1786,82.29125940947648,87.94657757149544,134,85.11891849048595,8,1,NA,NA
1787,82.2867240175038,87.94375411432672,134,85.11523906591526,8,1,NA,NA
1788,82.28213288151905,87.94085767561536,134,85.1114952785672,8,1,NA,NA
1789,82.27748660902839,87.93788243686507,134,85.10768452294673,8,1,NA,NA
1790,82.27278608684946,87.9348235031676,134,85.10380479500853,8,1,NA,NA
1791,82.26803255361413,87.93167694967248,134,85.0998547516433,8,1,NA,NA
1792,82.26322767311495,87.92843986935512,134,85.09583377123504,8,1,NA,NA
1793,82.25837360847572,87.92511042214466,134,85.09174201531019,8,1,NA,NA
1794,82.25347309711931,87.92168788545598,134,85.08758049128764,8,1,NA,NA
1795,82.24852952649876,87.91817270615468,134,85.08335111632672,8,1,NA,NA
1796,82.24354701054808,87.91456655396553,134,85.0790567822568,8,1,NA,NA
1797,82.23853046679929,87.91087237631722,134,85.07470142155825,8,1,NA,NA
1798,82.23348569410105,87.90709445459683,134,85.07029007434895,8,1,NA,NA
1799,82.22841945086145,87.90323846176771,134,85.06582895631459,8,1,NA,NA
1800,82.22333953372383,87.89931152128328,134,85.06132552750356,8,1,NA,NA
1801,82.21825485656953,87.89532226720792,134,85.05678856188872,8,1,NA,NA
1802,82.2131755297254,87.89128090543339,134,85.0522282175794,8,1,NA,NA
1803,82.20811293923622,87.8871992758553,134,85.04765610754575,8,1,NA,NA
1804,82.20307982604355,87.88309091535004,134,85.04308537069679,8,1,NA,NA
1805,82.19809036489309,87.87897112136707,134,85.03853074313008,8,1,NA,NA
1806,82.1931602427706,87.87485701592435,134,85.03400862934748,8,1,NA,NA
1807,82.18830673664485,87.8707676097682,134,85.02953717320652,8,1,NA,NA
1808,82.18354879027214,87.86672386642947,134,85.02513632835081,8,1,NA,NA
1809,82.1789070897922,87.86274876587919,134,85.0208279278357,8,1,NA,NA
1810,82.17440413781907,87.8588673674557,134,85.01663575263738,8,1,NA,NA
1811,82.17006432570369,87.85510687170452,134,85.0125855987041,8,1,NA,NA
1812,82.16591400361663,87.85149668073893,134,85.00870534217779,8,1,NA,NA
1813,82.16198154806932,87.84806845669682,134,85.00502500238306,8,1,NA,NA
1814,82.1582974264625,87.84485617783413,134,85.00157680214832,8,1,NA,NA
1815,82.15489425821819,87.84189619176047,134,84.99839522498934,8,1,NA,NA
1816,82.15180687201953,87.8392272652862,134,84.99551706865287,8,1,NA,NA
1817,82.14907235864867,87.83689063031339,134,84.99298149448103,8,1,NA,NA
1818,82.14673011887896,87.83493002516528,134,84.99083007202212,8,1,NA,NA
1819,82.14482190584238,87.83339173071043,134,84.98910681827641,8,1,NA,NA
1820,82.14339186125653,87.83232460059877,134,84.98785823092766,8,1,NA,NA
1821,82.14248654485978,87.83178008488687,134,84.98713331487332,8,1,NA,NA
1822,82.1421549563651,87.83181224629018,134,84.98698360132764,8,1,NA,NA
1823,82.14244854920618,87.83247776825881,134,84.9874631587325,8,1,NA,NA
1824,82.14342123531056,87.83383595403332,134,84.98862859467194,8,1,NA,NA
1825,82.14512938009726,87.83594871579587,134,84.99053904794656,8,1,NA,NA
1826,82.14763178685722,87.83888055299137,134,84.9932561699243,8,1,NA,NA
1827,82.15098966963721,87.84269851885247,134,84.99684409424484,8,1,NA,NA
1828,82.15526661370971,87.84747217412215,134,85.00136939391592,8,1,NA,NA
1829,82.1605285226737,87.8532735269279,134,85.0069010248008,8,1,NA,NA
1830,82.16684355119463,87.86017695772237,134,85.01351025445851,8,1,NA,NA
1831,82.17428202235543,87.86825912816727,134,85.02127057526135,8,1,NA,NA
1832,82.18291632855556,87.8775988728004,134,85.03025760067798,8,1,NA,NA
1833,82.1928208148617,87.88827707229049,134,85.0405489435761,8,1,NA,NA
1834,82.2040716436809,87.90037650705027,134,85.05222407536559,8,1,NA,NA
1835,82.21674663959722,87.91398168994694,134,85.06536416477208,8,1,NA,NA
1836,82.23092511318431,87.92917867681935,134,85.08005189500183,8,1,NA,NA
1837,82.24668766258112,87.94605485348445,134,85.09637125803279,8,1,NA,NA
1838,82.26411595159405,87.96469869789178,134,85.11440732474291,8,1,NA,NA
1839,82.28329246307,87.98519951606394,134,85.13424598956698,8,1,NA,NA
1840,82.30430022626746,88.00764715044461,134,85.15597368835603,8,1,NA,NA
1841,82.32722251694057,88.0321316592623,134,85.17967708810144,8,1,NA,NA
1842,82.3521425288429,88.05874296551067,134,85.20544274717679,8,1,NA,NA
1843,82.37914301535376,88.08757047414242,134,85.2333567447481,8,1,NA,NA
1844,82.40830589993153,88.11870265607644,134,85.26350427800398,8,1,NA,NA
1845,82.43971185410581,88.15222659762632,134,85.29596922586606,8,1,NA,NA
1846,82.4734398417328,88.18822751397306,134,85.33083367785292,8,1,NA,NA
1847,82.50956662825898,88.22678822532659,134,85.36817742679278,8,1,NA,NA
1848,82.5481662537642,88.26798859445034,134,85.40807742410726,8,1,NA,NA
1849,82.5893094685904,88.311904924261,134,85.4506071964257,8,1,NA,NA
1850,82.6330631304052,88.35860931426137,134,85.49583622233328,8,1,NA,NA
1851,82.67948956160052,88.40816897462109,134,85.54382926811081,8,1,NA,NA
1852,82.72864586598799,88.46064549678496,134,85.59464568138648,8,1,NA,NA
1853,82.78058320382404,88.51609407956589,134,85.64833864169496,8,1,NA,NA
1854,82.83534602427906,88.57456270976735,134,85.7049543670232,8,1,NA,NA
1855,82.89297125455816,88.63609129648019,134,85.76453127551918,8,1,NA,NA
1856,82.95348744498624,88.7007107583116,134,85.82709910164891,8,1,NA,NA
1857,83.01691386948774,88.76844206293084,134,85.89267796620929,8,1,NA,NA
1858,83.08325958102259,88.83929521845639,134,85.96127739973949,8,1,NA,NA
1859,83.15252242168485,88.9132682163653,134,86.03289531902507,8,1,NA,NA
1860,83.22468798733055,88.99034592577692,134,86.10751695655374,8,1,NA,NA
1861,83.29972854677648,89.07049893915077,134,86.18511374296362,8,1,NA,NA
1862,83.37760191580308,89.15368236964372,134,86.26564214272341,8,1,NA,NA
1863,83.45825028640317,89.23983460059503,134,86.3490424434991,8,1,NA,NA
1864,83.5415990119437,89.32887598784923,134,86.43523749989646,8,1,NA,NA
