time,smo2_dom,smo2_ndom,heart_rate,smo2_avg,participant_id,session,power,lap
0,83.10209744062094,73.54249961800092,102,78.32229852931093,10,1,100,1
1,83.07650016822025,73.51818725450025,108,78.29734371136024,10,1,100,1
2,83.04980119621216,73.49098539621534,112,78.27039329621374,10,1,100,1
3,83.0219548126798,73.46089042691541,114,78.2414226197976,10,1,100,1
4,82.99292390102022,73.42792415575735,116,78.21042402838879,10,1,100,1
5,82.9626804723396,73.39213360402599,116,78.17740703818279,10,1,100,1
6,82.93120650887025,73.35359064141547,116,78.14239857514286,10,1,100,1
7,82.89849502130406,73.31239137358494,116,78.1054431974445,10,1,100,1
8,82.86455093017184,73.26865518232853,115,78.06660305625019,10,1,100,1
9,82.82939147876363,73.22252341685227,115,78.02595744780794,10,1,100,1
10,82.79304598243792,73.17415763676955,114,77.98360180960373,10,1,100,1
11,82.75555510912481,73.12373720956586,115,77.93964615934533,10,1,100,1
12,82.71697027578554,73.07145635757385,116,77.8942133166797,10,1,100,1
13,82.67735325772713,73.01752104182547,119,77.84743714977631,10,1,100,1
14,82.6367756198145,72.96214587484637,120,77.79946074733044,10,1,100,1
15,82.59531787109229,72.90555105920224,121,77.75043446514726,10,1,100,1
16,82.55306853680719,72.84795944600764,121,77.7005139914074,10,1,100,1
17,82.51012334166089,72.7895939050553,121,77.64985862335809,10,1,100,1
18,82.46658469797522,72.73067500310877,122,77.598629850542,10,1,100,1
19,82.42256130219305,72.67141879182672,123,77.54699004700988,10,1,100,1
20,82.37816725289,72.61203489697307,124,77.49510107493154,10,1,100,1
21,82.3335206886153,72.5527254907858,125,77.44312308970055,10,1,100,1
22,82.28874252903614,72.49368504670551,124,77.39121378787083,10,1,100,1
23,82.2439555126233,72.43510009300881,123,77.33952780281606,10,1,100,1
24,82.19928333389727,72.37714876723489,123,77.28821605056608,10,1,100,1
25,82.15484997586184,72.32000055864056,122,77.2374252672512,10,1,100,1
26,82.11077962587292,72.26381633343463,124,77.18729797965378,10,1,100,1
27,82.06719697794452,72.20874844505951,126,77.13797271150202,10,1,100,1
28,82.02422713924959,72.1549408294804,128,77.08958398436499,10,1,100,1
29,81.981994943792,72.10252908313366,128,77.04226201346283,10,1,100,1
30,81.94062406144536,72.05164052129477,128,76.99613229137006,10,1,100,1
31,81.90023609548204,72.00239421473435,128,76.9513151551082,10,1,100,1
32,81.86094966665416,71.95490090513209,125,76.90792528589313,10,1,100,1
33,81.82287967701538,71.90926260231913,122,76.86607113966726,10,1,100,1
34,81.78613714181078,71.86557195915245,122,76.82585455048161,10,1,100,1
35,81.75082929504322,71.82391181256227,123,76.78737055380275,10,1,100,1
36,81.71705899160963,71.78435498687354,126,76.75070698924159,10,1,100,1
37,81.68492330678801,71.74696416306828,126,76.71594373492815,10,1,100,1
38,81.65451211175225,71.71179171532518,125,76.68315191353872,10,1,100,1
39,81.62590701376182,71.6788795138444,123,76.6523932638031,10,1,100,1
40,81.59918065966158,71.64825869313455,121,76.62371967639807,10,1,100,1
41,81.57439630389551,71.61994938510995,120,76.59717284450272,10,1,100,1
42,81.55160744481724,71.59396051405042,122,76.57278397943384,10,1,100,1
43,81.53085743076997,71.5702898481826,123,76.55057363947628,10,1,100,1
44,81.51217903510403,71.54892430774295,124,76.5305516714235,10,1,100,1
45,81.49559419453031,71.52984033448354,125,76.51271726450693,10,1,100,1
46,81.48111430044355,71.51300432282154,126,76.49705931163254,10,1,100,1
47,81.46874104287069,71.49837330806857,125,76.48355717546963,10,1,100,1
48,81.45846741671693,71.48589591225878,123,76.47218166448786,10,1,100,1
49,81.45027879273935,71.47551335316743,121,76.46289607295338,10,1,100,1
50,81.4441542484206,71.4671604197778,123,76.4556573340992,10,1,100,1
51,81.44006796388899,71.46076641510638,124,76.45041718949768,10,1,100,1
52,81.4379900979859,71.45625587232495,125,76.44712298515543,10,1,100,1
53,81.43788704734065,71.45354865513406,125,76.44571785123736,10,1,100,1
54,81.43972147905978,71.45255963863652,125,76.44614055884816,10,1,100,1
55,81.44345213755504,71.45319875225036,124,76.44832544490271,10,1,100,1
56,81.4490330359507,71.45537148352521,121,76.45220225973796,10,1,100,1
57,81.45641213025642,71.45897925904909,119,76.45769569465276,10,1,100,1
58,81.46553006224825,71.46391950884573,120,76.46472478554699,10,1,100,1
59,81.47631906940843,71.47008561087219,120,76.47320234014032,10,1,100,1
60,81.48870167270066,71.47736691229659,120,76.48303429249862,10,1,100,1
61,81.5025893383347,71.48564902430661,119,76.49411918132066,10,1,100,1
62,81.51788189507162,71.4948143921656,119,76.50634814361861,10,1,100,1
63,81.53446809859857,71.5047429471957,118,76.51960552289714,10,1,100,1
64,81.55222734448756,71.51531284251001,115,76.53377009349879,10,1,100,1
65,81.57103204377451,71.52640146944836,117,76.54871675661144,10,1,100,1
66,81.5907496876937,71.5378866590818,119,76.56431817338776,10,1,100,1
67,81.6112443109354,71.54964768054695,120,76.58044599574117,10,1,100,1
68,81.63237774559661,71.56156594058012,121,76.59697184308837,10,1,100,1
69,81.6540110580801,71.57352558121688,120,76.6137683196485,10,1,100,1
70,81.67600656126001,71.58541417256708,119,76.63071036691355,10,1,100,1
71,81.69823040407371,71.5971236975097,114,76.64767705079171,10,1,100,1
72,81.7205553505105,71.608552220198,114,76.66455378535426,10,1,100,1
73,81.7428632623703,71.61960682529212,117,76.68123504383121,10,1,100,1
74,81.76504670252915,71.63020714673614,119,76.69762692463264,10,1,100,1
75,81.78700975807794,71.64028753675659,121,76.71364864741727,10,1,100,1
76,81.80866886530657,71.64979758370447,122,76.72923322450552,10,1,100,1
77,81.82995393064577,71.6587023452776,123,76.74432813796169,10,1,100,1
78,81.85080955380543,71.66698278559467,124,76.75889616970005,10,1,100,1
79,81.87119606157879,71.67463602651952,124,76.77291604404915,10,1,100,1
80,81.89108996299599,71.68167521845943,125,76.78638259072771,10,1,100,1
81,81.91048353382054,71.68812903068293,124,76.79930628225173,10,1,100,1
82,81.9293833356864,71.69404037080565,121,76.81171185324602,10,1,100,1
83,81.94780786509487,71.69946355270515,123,76.82363570890001,10,1,100,1
84,81.96578491743144,71.7044604974396,127,76.83512270743552,10,1,100,1
85,81.9833490558778,71.70909791709829,128,76.84622348648804,10,1,100,1
86,82.00053937984701,71.71344596832603,128,76.85699267408651,10,1,100,1
87,82.0173976899555,71.71757739911776,128,76.86748754453663,10,1,100,1
88,82.0339670489657,71.72156670010148,129,76.87776687453359,10,1,100,1
89,82.05029083560186,71.72548925916587,130,76.88789004738386,10,1,100,1
90,82.06641248563055,71.72942051828396,129,76.89791650195725,10,1,100,1
91,82.08237591953147,71.73343513139295,128,76.90790552546221,10,1,100,1
92,82.09822646102015,71.73760612216667,126,76.9179162915934,10,1,100,1
93,82.11401175803637,71.74200404050741,125,76.92800789927189,10,1,100,1
94,82.12978192515261,71.74669601908084,122,76.93823897211672,10,1,100,1
95,82.1455889066577,71.7517445337287,117,76.94866672019319,10,1,100,1
96,82.16148583986975,71.75720596424968,115,76.95934590205971,10,1,100,1
97,82.17752651542357,71.763129344713093,115,76.97032793006832,10,1,100,1
98,82.19376434847732,71.76955549751433,116,76.98165992299582,10,1,100,1
99,82.21025086000002,71.77651655044316,117,76.99338370522159,10,1,100,1
100,82.22703425253279,71.78403564106765,119,77.00553494680022,10,1,100,1
101,82.24415817715922,71.79212641777649,120,77.01814229746785,10,1,100,1
102,82.26166030078426,71.80079223957918,122,77.03122627018172,10,1,100,1
103,82.279570770594745,71.81002526952886,123,77.0447980200618,10,1,100,1
104,82.29791116037039,71.81980575433025,126,77.05885845735031,10,1,100,1
105,82.31669409326946,71.83010188040325,127,77.07339798683635,10,1,100,1
106,82.33592334568368,71.84087020671222,127,77.08839677619795,10,1,100,1
107,82.35559443194992,71.85205628471037,127,77.10382535833014,10,1,100,1
108,82.37569586489673,71.86359536854411,127,77.11964561672042,10,1,100,1
109,82.39621070213536,71.87541341144824,127,77.13581205679179,10,1,100,1
110,82.41711740291952,71.88742844686264,128,77.15227292489108,10,1,100,1
111,82.4383899958459,71.89955235538588,129,77.1689711756159,10,1,100,1
112,82.45999853310381,71.91169301883069,131,77.18584577596725,10,1,100,1
113,82.48191022181125,71.92375686276985,132,77.20283354229055,10,1,100,1
114,82.50409103779451,71.93565159392587,131,77.21987131586019,10,1,100,1
115,82.52650762723906,71.94728874368523,130,77.23689818546214,10,1,100,1
116,82.5491293016858,71.9585858240715,128,77.25385756287865,10,1,100,1
117,82.57192983427045,71.96946809752583,127,77.27069896589813,10,1,100,1
118,82.59488866749764,71.97986986423277,129,77.28737926586521,10,1,100,1
119,82.61799143540672,71.98973507309105,128,77.30386325424888,10,1,100,1
120,82.64122999553231,71.99901735489294,127,77.32012367521263,10,1,100,1
121,82.6646022634984,72.00767986872987,125,77.33614106611412,10,1,100,1
122,82.6881122405176,72.01569515742094,122,77.35190369896927,10,1,100,1
123,82.71177023382792,72.02304501254032,118,77.36740762318412,10,1,100,1
124,82.7355928798597,72.02972025193712,117,77.3826565658984,10,1,100,1
125,82.75960287243564,72.03572021496223,117,77.39766154369893,10,1,100,1
126,82.78382859081833,72.04105187801346,114,77.4124402344159,10,1,100,1
127,82.8083037247897,72.04572859041619,114,77.42701615760294,10,1,100,1
128,82.83306689632226,72.04976862560473,115,77.4414177609635,10,1,100,1
129,82.8581613748555,72.05319393753562,114,77.45567765619556,10,1,100,1
130,82.88363508064822,72.05602921960086,117,77.46983215012455,10,1,100,1
131,82.90954077799583,72.05830107066355,117,77.48392092432968,10,1,100,1
132,82.93593606742004,72.06003717030922,123,77.49798661886463,10,1,100,1
133,82.96288307847176,72.06126546288897,123,77.51207427068036,10,1,100,1
134,82.99044805732223,72.0620134474572,118,77.52623075238972,10,1,100,1
135,83.01870084817621,72.06230776824519,116,77.5405043082107,10,1,100,1
136,83.0477140724056,72.06217430031592,116,77.55494418636076,10,1,100,1
137,83.07756190678404,72.06163892505548,116,77.56960041591975,10,1,100,1
138,83.1083184596992,72.06072870248367,118,77.58452358109145,10,1,100,1
139,83.14005584172557,72.05947265968439,118,77.59976425070498,10,1,100,1
140,83.17284212447332,72.05790199985566,119,77.61537206216448,10,1,100,1
141,83.20673928414706,72.05605012166787,120,77.63139470290747,10,1,100,1
142,83.24180112879793,72.05395254597906,121,77.6478768373885,10,1,100,1
143,83.27807120832544,72.05164655431486,118,77.66485888132016,10,1,100,1
144,83.31558070639066,72.04917063609746,116,77.68237567124406,10,1,100,1
145,83.35434660617783,72.04656413418925,117,77.70045537018353,10,1,100,1
146,83.39437071474651,72.04386708815336,119,77.71911890144995,10,1,100,1
147,83.43563974078896,72.04111988447494,118,77.73837981263195,10,1,100,1
148,83.47812623069156,72.03836261558538,119,77.75824442313848,10,1,100,1
149,83.52179007050141,72.03563434213585,121,77.77871220631863,10,1,100,1
150,83.56658016408552,72.03297235543583,122,77.79977625976068,10,1,100,1
151,83.61243599548136,72.03041143945309,120,77.82142371746723,10,1,100,1
152,83.65928888112221,72.02798322933444,118,77.84363605522833,10,1,100,1
153,83.70706301040791,72.02571586098124,118,77.86638943569457,10,1,100,1
154,83.75567666585768,72.02363391118865,122,77.88965528852316,10,1,100,1
155,83.80504352648288,72.02175843283835,123,77.91340097966062,10,1,100,1
156,83.85507347040014,72.0201068896818,120,77.93759018004097,10,1,100,1
157,83.90567287802573,72.0186927952996,117,77.96218283666266,10,1,100,1
158,83.9567450224998,72.01752515351056,118,77.98713508800518,10,1,100,1
159,84.0081906463345,72.01660809019675,119,78.01239936826562,10,1,100,1
160,84.05990833561758,72.01594087149348,119,78.03792460355552,10,1,100,1
161,84.11179469331061,72.01551830827962,117,78.06365650079512,10,1,100,1
162,84.16374470338089,72.01533144942604,117,78.08953807640347,10,1,100,1
163,84.21565238492857,72.01536836877621,117,78.1155103768524,10,1,100,1
164,84.26741154288626,72.01561485091337,118,78.14151319689981,10,1,100,1
165,84.31891642185971,72.01605478083859,119,78.16748560134914,10,1,100,1
166,84.37006206966082,72.01667033532154,118,78.19336620249118,10,1,100,1
167,84.42074450970863,72.0174423663172,114,78.21909343801292,10,1,100,1
168,84.470861114093,72.01835107425967,111,78.24460609417633,10,1,100,1
169,84.52031127647147,72.0193767764548,113,78.26984402646315,10,1,100,1
170,84.56899719133892,72.02050057580311,113,78.29474888357102,10,1,100,1
171,84.61682474122642,72.02170473508343,112,78.31926473815493,10,1,100,1
172,84.66370468839081,72.02297275708916,115,78.34333872273999,10,1,100,1
173,84.70955407491843,72.02428936596489,117,78.36692172044167,10,1,100,1
174,84.75429744251143,72.02564058507271,115,78.38996901379207,10,1,100,1
175,84.79786777570592,72.02701410669755,115,78.41244094120174,10,1,100,1
176,84.84020736473404,72.02839985627097,116,78.4343036105025,10,1,100,1
177,84.88126858906162,72.02979036115786,118,78.45552947510974,10,1,100,1
178,84.92101442743919,72.03118082662459,119,78.47609762703189,10,1,100,1
179,84.95941879275628,72.03256911417628,119,78.49599395346628,10,1,100,1
180,84.9964670824321,72.03395581741711,118,78.5152114499246,10,1,100,1
181,85.03215684720246,72.03534463055315,118,78.53375073887781,10,1,100,1
182,85.06649799328063,72.03674300951805,119,78.55162050139934,10,1,100,1
183,85.09951242038586,72.03816293055718,121,78.56883767547151,10,1,100,1
184,85.1312334856456,72.03962155106932,122,78.58542751835745,10,1,100,1
185,85.16170548811318,72.04114147992088,121,78.60142348401703,10,1,100,1
186,85.19098317338435,72.04275046189896,117,78.61686681764166,10,1,100,1
187,85.21913106254587,72.04448076855996,111,78.63180591555292,10,1,100,1
188,85.24622221444922,72.04636868518168,112,78.64629544981545,10,1,100,1
189,85.27233632278379,72.0484539957682,111,78.66039515927599,10,1,100,1
190,85.29755734192551,72.05077917294562,108,78.67416825743557,10,1,100,1
191,85.321971030479,72.05338817462793,112,78.68767960255346,10,1,100,1
192,85.34566299640728,72.05632504187851,115,78.7009940191429,10,1,100,1
193,85.36871733996186,72.05963268742092,114,78.71417501369139,10,1,100,1
194,85.39121550297425,72.06335206918492,114,78.72728378607958,10,1,100,1
195,85.41323522567708,72.06752174822462,114,78.74037848695085,10,1,100,1
196,85.43484980484865,72.07217783037308,116,78.75351381761087,10,1,100,1
197,85.45612774960189,72.07735429103185,119,78.76674102031687,10,1,100,1
198,85.47713283367662,72.08308348745815,122,78.78010816056738,10,1,100,1
199,85.49792454317296,72.08939646787185,121,78.79366050552241,10,1,100,1
200,85.5185589187419,72.09632297933939,117,78.80744094904065,10,1,100,1
201,85.53908959621924,72.10389136902145,113,78.82149048262035,10,1,100,1
202,85.55956865464714,72.11212857339272,115,78.83584861401994,10,1,100,1
203,85.58004697822471,72.12106039006288,115,78.85055368414379,10,1,100,1
204,85.60057393631554,72.13071183670479,115,78.86564288651016,10,1,100,1
205,85.62119657579926,72.14110701146963,115,78.88115179363444,10,1,100,1
206,85.64195891021826,72.1522684544997,114,78.89711368235899,10,1,100,1
207,85.66290150006223,72.1642165953825,116,78.91355904772237,10,1,100,1
208,85.68406112843532,72.17696948127045,119,78.93051530485289,10,1,100,1
209,85.70547047393974,72.19054259027774,120,78.94800653210874,10,1,100,1
210,85.72715778020431,72.20494853480268,120,78.9660531575035,10,1,100,1
211,85.7491467166222,72.2201964594645,118,78.98467158804335,10,1,100,1
212,85.7714568200012,72.23629123099846,116,79.00387402549984,10,1,100,1
213,85.79410441921821,72.25323281011613,113,79.02366861466717,10,1,100,1
214,85.81710345735077,72.27101590279528,112,79.04405968007302,10,1,100,1
215,85.84046582088119,72.28962969593155,113,79.06504775840637,10,1,100,1
216,85.86420098068157,72.30905767743623,115,79.0866293290589,10,1,100,1
217,85.88831513966863,72.32927773602212,115,79.10879643784537,10,1,100,1
218,85.91281047220188,72.35026254093424,116,79.13153650656807,10,1,100,1
219,85.93768465020611,72.37198000689595,116,79.15483232855104,10,1,100,1
220,85.96293046091618,72.39439374715766,118,79.17866210403693,10,1,100,1
221,85.98853541874777,72.41746351514513,118,79.20299946694645,10,1,100,1
222,86.0144813714094,72.44114563527923,118,79.22781350334432,10,1,100,1
223,86.04074429553309,72.465393423607,119,79.25306885957005,10,1,100,1
224,86.06729467226629,72.49015779398623,122,79.27872623312626,10,1,100,1
225,86.09409844318982,72.51538844066097,121,79.3047434419254,10,1,100,1
226,86.12111815684203,72.54103550044894,116,79.33107682864548,10,1,100,1
227,86.14831420883588,72.56705111012782,113,79.35768265948185,10,1,100,1
228,86.17564637124505,72.59339066471497,115,79.38451851798001,10,1,100,1
229,86.2030754167938,72.6200139724194,115,79.41154469460659,10,1,100,1
230,86.23056425322078,72.64688630694569,115,79.43872528008323,10,1,100,1
231,86.25807847087734,72.67397916271216,117,79.46602881679475,10,1,100,1
232,86.28558669429249,72.70127071352682,119,79.49342870390966,10,1,100,1
233,86.31306083578245,72.7287461702339,121,79.520903503008185,10,1,100,1
234,86.34047605652056,72.75639794013306,122,79.5484369983268,10,1,100,1
235,86.36781043550641,72.78422519825749,121,79.57601781688194,10,1,100,1
236,86.39504454189584,72.81223296816879,119,79.6036387550323,10,1,100,1
237,86.4221610085731,72.8404312975032,120,79.63129615303815,10,1,100,1
238,86.44914410727185,72.8688347232691,120,79.65898941527047,10,1,100,1
239,86.47597942305497,72.89746183167132,120,79.68672062736314,10,1,100,1
240,86.50265382347288,72.92633481470324,120,79.71449431908806,10,1,100,1
241,86.52915582016892,72.95547902321987,122,79.7423174216944,10,1,100,1
242,86.55547632314857,72.98492251614925,123,79.77019941964892,10,1,100,1
243,86.58160959280706,73.01469560544992,125,79.79815259912849,10,1,100,1
244,86.60755399967665,73.044830493916,126,79.82619224679632,10,1,100,1
245,86.63331249443418,73.0753612004313,126,79.85433684743273,10,1,100,1
246,86.65889298327686,73.10632377217793,123,79.8826083777274,10,1,100,1
247,86.68430860862507,73.13775658820994,122,79.9110325984175,10,1,100,1
248,86.70957773995471,73.1697005587483,124,79.9396391493515,10,1,100,1
249,86.73472357701843,73.20219902449527,125,79.96846130075684,10,1,100,1
250,86.75977336517222,73.23529725777951,125,79.99753531147587,10,1,100,1
251,86.78475731998701,73.26904156485992,124,80.02689944242346,10,1,100,1
252,86.80970745580026,73.30347818377484,125,80.05659281978755,10,1,100,1
253,86.83465641527353,73.33865236719579,125,80.08665439123466,10,1,100,1
254,86.85963629945047,73.3746076495785,124,80.11712197451448,10,1,100,1
255,86.88467759535847,73.4113849077528,118,80.14803125155564,10,1,100,1
256,86.90980839576248,73.44902121427197,114,80.17941480501722,10,1,100,1
257,86.93505391060894,73.48754887303538,112,80.21130139182216,10,1,100,1
258,86.9604360746386,73.52699473414985,111,80.24371540439422,10,1,100,1
259,86.98597315323462,73.56737959245865,111,80.27667637284664,10,1,100,1
260,87.01167934616704,73.6087175717884,110,80.31019845897772,10,1,100,1
261,87.03756438895091,73.65101549459416,109,80.34428994177253,10,1,100,1
262,87.06363315160046,73.69427223678699,111,80.37895269419371,10,1,100,1
263,87.08988523462995,73.73847806764275,112,80.41418165113635,10,1,100,1
264,87.11631456222854,73.7836138772789,112,80.44996421975372,10,1,100,1
265,87.14290897261851,73.82965009678567,110,80.48627953470209,10,1,100,1
266,87.16964980569502,73.87654540885397,110,80.5230976072745,10,1,100,1
267,87.19651148814012,73.9242456395148,110,80.56037856382746,10,1,100,1
268,87.2234611163058,73.97268283164367,110,80.59807197397473,10,1,100,1
269,87.25045813481142,74.02177411093946,108,80.63611612287545,10,1,100,1
270,87.27745430645818,74.07142034544692,110,80.67443732595255,10,1,100,1
271,87.30439397408618,74.12150499007019,113,80.71294948207819,10,1,100,1
272,87.33121442002357,74.17189341024037,114,80.75155391513198,10,1,100,1
273,87.3578463239861,74.22243288163325,113,80.79013960280967,10,1,100,1
274,87.38421451548864,74.27295346311716,114,80.8285839893029,10,1,100,1
275,87.41023911939554,74.32326994039407,116,80.8667545298948,10,1,100,1
276,87.43583709578864,74.37318484297818,117,80.90451096938341,10,1,100,1
277,87.46092407784427,74.42249234230759,117,80.94170821007593,10,1,100,1
278,87.48541631389958,74.47098264388197,115,80.97819947889077,10,1,100,1
279,87.50923261747366,74.51844629135957,115,81.01383945441661,10,1,100,1
280,87.5322963265651,74.56467809323927,116,81.04848720990219,10,1,100,1
281,87.55453717594197,74.60948067538058,117,81.08200892566128,10,1,100,1
282,87.5758928885045,74.65266766254364,118,81.11428027552407,10,1,100,1
283,87.59631029172559,74.69406649200431,120,81.14518839186495,10,1,100,1
284,87.61574576507563,74.73352056951663,121,81.17463316729612,10,1,100,1
285,87.6341651168012,74.77089018506845,122,81.20252765093483,10,1,100,1
286,87.65154328088241,74.8060521908601,122,81.22879773587125,10,1,100,1
287,87.66786393224098,74.83889902890321,124,81.2533814805721,10,1,100,1
288,87.68311882552128,74.8693375978635,126,81.2762282116924,10,1,100,1
289,87.69730685770449,74.89728835100746,125,81.29729760435598,10,1,100,1
290,87.71043304976342,74.9226846267208,121,81.31655883824212,10,1,100,1
291,87.72250764245467,74.94547182268674,120,81.3339897325707,10,1,100,1
292,87.73354550124856,74.96560641476387,121,81.34957595800621,10,1,100,1
293,87.7435658302417,74.98305521156625,122,81.36331052090398,10,1,100,1
294,87.75259199975068,74.99779484543106,122,81.37519342259087,10,1,100,1
295,87.76065129221685,75.00981111015227,120,81.38523120118455,10,1,100,1
296,87.76777437098823,75.01909824338635,118,81.3934363071873,10,1,100,1
297,87.7739944715565,75.02565873917166,118,81.39982660536408,10,1,100,1
298,87.77934650984871,75.0295035931176,118,81.40442505148314,10,1,100,1
299,87.78386620459018,75.03065219993589,117,81.40725920226303,10,1,100,1
300,87.7875892131859,75.02913180560759,115,81.40836050939674,10,1,150,2
301,87.79055028057694,75.02497709910212,115,81.40776368983953,10,1,150,2
302,87.79278240055199,75.01823023583376,117,81.40550631819286,10,1,150,2
303,87.79431608652149,75.0089412923142,117,81.40162868941785,10,1,150,2
304,87.79517894630196,74.99716895626804,119,81.396173951285,10,1,150,2
305,87.7953954628942,74.98298106128084,121,81.38918826208752,10,1,150,2
306,87.7949865906834,74.96645486752445,122,81.38072072910393,10,1,150,2
307,87.79396936175337,74.94767728256997,123,81.37082332216167,10,1,150,2
308,87.7923572822777,74.92674511861682,122,81.35955120044727,10,1,150,2
309,87.79016151872642,74.90376538477965,118,81.34696345175303,10,1,150,2
310,87.78739209339626,74.87885561292006,117,81.33312385315816,10,1,150,2
311,87.78405879646647,74.85214421535052,117,81.31810150590849,10,1,150,2
312,87.78017200945814,74.82377087257335,120,81.30197144101575,10,1,150,2
313,87.77574363500227,74.79388694904804,122,81.28481529202516,10,1,150,2
314,87.77078832783361,74.76265603233946,124,81.26672218008653,10,1,150,2
315,87.76532512436575,74.7302547883521,128,81.24778995635893,10,1,150,2
316,87.7593794706208,74.69687403255503,129,81.22812675158792,10,1,150,2
317,87.75298535558612,74.66271962428898,129,81.20785248993755,10,1,150,2
318,87.74618696433926,74.62801259594836,123,81.18709978014381,10,1,150,2
319,87.73903955778357,74.5929877335232,121,81.16601364565338,10,1,150,2
320,87.73160957831244,74.55789070259854,120,81.1447501404555,10,1,150,2
321,87.7239739805392,74.52297469154252,118,81.12347433604086,10,1,150,2
322,87.71621878604586,74.48849695822629,121,81.10235787213608,10,1,150,2
323,87.70843705604048,74.45471508127973,122,81.0815760686601,10,1,150,2
324,87.70072667076914,74.42188281436168,123,81.06130474256541,10,1,150,2
325,87.69318810931945,74.39024553945731,123,81.04171682438837,10,1,150,2
326,87.68592222827527,74.36003551034953,122,81.0229788693124,10,1,150,2
327,87.67902813520817,74.3314672726156,121,81.00524770391189,10,1,150,2
328,87.67260135054923,74.30473384177462,121,80.98866759616192,10,1,150,2
329,87.66673225630913,74.28000441655436,123,80.97336833643175,10,1,150,2
330,87.66150463506642,74.25742352675448,126,80.95946408091045,10,1,150,2
331,87.65699439536071,74.23711063772907,127,80.94705251654489,10,1,150,2
332,87.6532688723662,74.21915972155732,127,80.93621429696177,10,1,150,2
333,87.65038670267383,74.20363879302595,127,80.92701274784989,10,1,150,2
334,87.64839788197423,74.19058940895354,128,80.91949364546389,10,1,150,2
335,87.64734380964657,74.1800261297989,128,80.91368496972274,10,1,150,2
336,87.64725731947304,74.171936040445,128,80.90959667995902,10,1,150,2
337,87.64816269583243,74.16627852500676,126,80.90722061041959,10,1,150,2
338,87.65007567486037,74.16298588108812,125,80.90653077797424,10,1,150,2
339,87.65300362527645,74.16196574949045,126,80.90748468738346,10,1,150,2
340,87.65694629878891,74.16310526287408,128,80.91002578083149,10,1,150,2
341,87.66189705241331,74.16627574433743,129,80.91408639837536,10,1,150,2
342,87.66784395745451,74.17133737241606,130,80.91959066493528,10,1,150,2
343,87.67477050263241,74.17814381447356,130,80.92645715855298,10,1,150,2
344,87.68265589154682,74.18654673309426,129,80.93460131232054,10,1,150,2
345,87.69147512981579,74.19639997265458,127,80.94393755123518,10,1,150,2
346,87.70119929235489,74.20756352589866,128,80.95438140912677,10,1,150,2
347,87.71179597118493,74.21990767292637,129,80.96585182205564,10,1,150,2
348,87.72322951407313,74.23331670950893,129,80.97827311179103,10,1,150,2
349,87.7354610545115,74.24769070609537,129,80.99157588030343,10,1,150,2
350,87.74844872373187,74.26294490915828,128,81.00569681644507,10,1,150,2
351,87.76214804536231,74.27900756678908,129,81.02057780607569,10,1,150,2
352,87.77651212323241,74.29581725279876,128,81.03616468801559,10,1,150,2
353,87.79149162301958,74.31332105595096,129,81.05240633948527,10,1,150,2
354,87.8070349386119,74.33147402543598,128,81.06925448202395,10,1,150,2
355,87.82308873903516,74.35023928820097,129,81.08666401361806,10,1,150,2
356,87.8395988967599,74.36958825362204,129,81.10459357519096,10,1,150,2
357,87.85651150559887,74.38950032087735,130,81.1230059132381,10,1,150,2
358,87.87377340378691,74.40996208946937,131,81.14186774662815,10,1,150,2
359,87.891332203073,74.4309666584393,133,81.16114943075615,10,1,150,2
360,87.9091364098837,74.45251359970254,135,81.18082500479312,10,1,150,2
361,87.92713593198926,74.47461019082836,134,81.2008730614088,10,1,150,2
362,87.94528297147235,74.49727351712481,135,81.22127824429859,10,1,150,2
363,87.96353310970989,74.52053207741277,135,81.24203259356133,10,1,150,2
364,87.98184619497682,74.54442601537238,135,81.2631361051746,10,1,150,2
365,88.0001868382796,74.5690055858278,135,81.2845962120537,10,1,150,2
366,88.01852451801186,74.59432853810628,133,81.30642652805906,10,1,150,2
367,88.03683348904818,74.62045817139698,132,81.32864583022257,10,1,150,2
368,88.05509288691094,74.64746225630225,130,81.3512775716066,10,1,150,2
369,88.07328702741879,74.67541145607127,130,81.37434924174502,10,1,150,2
370,88.09140551199667,74.70437675878392,130,81.3978911353903,10,1,150,2
371,88.10944294381983,74.73442630956043,131,81.42193462669013,10,1,150,2
372,88.12739825495622,74.76562183679276,132,81.44651004587449,10,1,150,2
373,88.14527374212513,74.79801467136198,134,81.47164420674355,10,1,150,2
374,88.16307400615308,74.83164184559614,135,81.49735792587461,10,1,150,2
375,88.18080489264257,74.86652324657061,136,81.52366406960658,10,1,150,2
376,88.1984724338199,74.902660018267,135,81.55056622604346,10,1,150,2
377,88.21608188902233,74.94003362706304,135,81.57805775804269,10,1,150,2
378,88.2336370787948,74.97860559054273,135,81.60612133466876,10,1,150,2
379,88.25113991497592,75.01831845514805,135,81.63472918506199,10,1,150,2
380,88.26858973657409,75.05909812080068,136,81.66384392868738,10,1,150,2
381,88.28598245140914,75.10085712321442,135,81.69341978731178,10,1,150,2
382,88.30330987367968,75.14349848487817,135,81.72340417927893,10,1,150,2
383,88.32055945259685,75.186919745901207,135,81.75373959924903,10,1,150,2
384,88.33771439221428,75.23101707867464,135,81.78436573544445,10,1,150,2
385,88.35475416265672,75.2756896830019,134,81.81522192282931,10,1,150,2
386,88.37165540302018,75.3208438780551,134,81.84624964053765,10,1,150,2
387,88.38839302117816,75.36639552715219,134,81.87739427416517,10,1,150,2
388,88.40494110067658,75.41227060171889,134,81.90860585119773,10,1,150,2
389,88.42127361509493,75.45840486113205,133,81.93983923811349,10,1,150,2
390,88.43736534043009,75.50474323483188,134,81.97105428763098,10,1,150,2
391,88.45319296590989,75.55123910278182,135,82.00221603434585,10,1,150,2
392,88.46873601347768,75.59785347514145,138,82.03329474430956,10,1,150,2
393,88.4839773712332,75.64455387681446,138,82.06426562402382,10,1,150,2
394,88.49890344114502,75.69131303502485,138,82.09510823808493,10,1,150,2
395,88.51350399883633,75.73810776058158,132,82.12580587970896,10,1,150,2
396,88.52777196072896,75.78491812080189,127,82.15634504076542,10,1,150,2
397,88.54170305870704,75.83172670938971,125,82.18671488404837,10,1,150,2
398,88.55529522734174,75.87851801358654,127,82.21690662046414,10,1,150,2
399,88.56854780128421,75.9252780739423,129,82.24691293761325,10,1,150,2
400,88.58146091300867,75.97199433941553,131,82.27672762621211,10,1,150,2
401,88.59403528599216,76.01865532787868,131,82.30634530693541,10,1,150,2
402,88.60627242333051,76.06525009222669,130,82.3357612577786,10,1,150,2
403,88.61817499670616,76.1117678824159,130,82.36497143956103,10,1,150,2
404,88.62974704553821,76.15819800360633,130,82.39397252457226,10,1,150,2
405,88.64099398627877,76.20452948043327,130,82.42276173335603,10,1,150,2
406,88.65192282195069,76.25075043004182,131,82.45133662599625,10,1,150,2
407,88.66254264936883,76.29684733913203,131,82.47969499425042,10,1,150,2
408,88.67286526883022,76.34280444027756,133,82.50783485455389,10,1,150,2
409,88.68290550596836,76.38860338280509,134,82.53575444438673,10,1,150,2
410,88.69268066037006,76.43422319849057,134,82.56345192943031,10,1,150,2
411,88.70220917827854,76.47964036730232,133,82.59092477279043,10,1,150,2
412,88.71150932943925,76.52482898351008,134,82.61816915647466,10,1,150,2
413,88.72059827796178,76.56976121756769,135,82.64517974776473,10,1,150,2
414,88.72949154690474,76.61440807416281,135,82.67194981053377,10,1,150,2
415,88.73820277877701,76.65874025180507,135,82.69847151529103,10,1,150,2
416,88.74674359664331,76.70272900687766,134,82.72473630176049,10,1,150,2
417,88.75512346808628,76.74634702261783,130,82.75073524535205,10,1,150,2
418,88.76334957184477,76.7895692834605,126,82.77645942765264,10,1,150,2
419,88.77142676451776,76.83237395513481,126,82.80190035982628,10,1,150,2
420,88.77935784229331,76.87474317335389,126,82.8270505078236,10,1,150,2
421,88.78714409763252,76.91666354637556,127,82.85190382200403,10,1,150,2
422,88.79478597580342,76.95812617664485,129,82.87645607622414,10,1,150,2
423,88.80228363616078,76.99912600665553,130,82.900704821408155,10,1,150,2
424,88.809637223058985,77.03966068424604,131,82.92464895365251,10,1,150,2
425,88.81684684638586,77.07972953263261,130,82.94828818950924,10,1,150,2
426,88.82391246680203,77.11933272276009,129,82.97162259478105,10,1,150,2
427,88.83083378322809,77.15847025784427,131,82.99465202053618,10,1,150,2
428,88.83761012258107,77.1971407701109,132,83.017375446346,10,1,150,2
429,88.84424033176587,77.23534051988406,132,83.03979042582498,10,1,150,2
430,88.85072267193293,77.27306269458883,131,83.06189268326088,10,1,150,2
431,88.85705471502098,77.3102968126603,130,83.08367576384063,10,1,150,2
432,88.86323324261276,77.34702833000605,129,83.10513078630942,10,1,150,2
433,88.86925424467834,77.38323883933164,130,83.12624654200499,10,1,150,2
434,88.87511321332771,77.41890696009789,131,83.1470100867128,10,1,150,2
435,88.88080563409717,77.45400972433363,131,83.1674076792154,10,1,150,2
436,88.88632728469305,77.488524068476,132,83.18742567658452,10,1,150,2
437,88.89167434126044,77.52242784634045,132,83.20705109380044,10,1,150,2
438,88.89684368238555,77.55570026602935,131,83.22627197420745,10,1,150,2
439,88.90183339088897,77.58832214127946,132,83.24507776608422,10,1,150,2
440,88.90664306331126,77.62027615265727,132,83.26345960798426,10,1,150,2
441,88.91127382958268,77.65154711891435,133,83.28141047424852,10,1,150,2
442,88.9157282779548,77.68212227876379,133,83.29892527835929,10,1,150,2
443,88.92001038271265,77.71199158328218,133,83.31600098299742,10,1,150,2
444,88.92412543462783,77.74114780405549,134,83.33263661934166,10,1,150,2
445,88.92807997409078,77.76958606709599,134,83.34883302059339,10,1,150,2
446,88.93188172684039,77.79730300772607,134,83.36459236728322,10,1,150,2
447,88.93553954218933,77.82429632679793,132,83.37991793449363,10,1,150,2
448,88.93906333362497,77.85056484584085,130,83.3948140897329,10,1,150,2
449,88.9424640216482,77.87610847595671,130,83.40928624880246,10,1,150,2
450,88.94575347869613,77.90092800294676,131,83.42334074082144,10,1,150,2
451,88.9489443784426,77.92502507881551,131,83.43698472862906,10,1,150,2
452,88.95204975422085,77.94840241964015,132,83.4502260869305,10,1,150,2
453,88.95508236391,77.97106381963422,132,83.46307309177212,10,1,150,2
454,88.95805425122975,77.99301388382797,131,83.47553406752886,10,1,150,2
455,88.96097650324812,78.01425767437924,131,83.48761708881368,10,1,150,2
456,88.96385881377242,78.03480036798194,133,83.49932959087718,10,1,150,2
457,88.9667088524543,78.05464692429595,134,83.51067788837513,10,1,150,2
458,88.96953182960539,78.07380186285542,135,83.5216668462304,10,1,150,2
459,88.97233035414318,78.09226934345212,135,83.53229984879765,10,1,150,2
460,88.97510438951544,78.11005354992228,135,83.54257896971886,10,1,150,2
461,88.97785130756259,78.12715918219752,134,83.55250524488005,10,1,150,2
462,88.98056623538994,78.14359195902225,133,83.5620790972061,10,1,150,2
463,88.98324259775228,78.15935913127542,131,83.57130086451386,10,1,150,2
464,88.98587246487924,78.17446990825985,130,83.58017118656954,10,1,150,2
465,88.98844670584167,78.18893560174132,131,83.5886911537915,10,1,150,2
466,88.99095533772444,78.2027694875853,132,83.59686241265487,10,1,150,2
467,88.99338807074568,78.21598657990224,132,83.60468732532397,10,1,150,2
468,88.9957346593306,78.22860341503925,131,83.61216903718491,10,1,150,2
469,88.99798505929797,78.24063784518552,132,83.61931145224175,10,1,150,2
470,89.00012978146097,78.25210884133517,131,83.62611931139807,10,1,150,2
471,89.00216044179626,78.26303630533023,130,83.63259837356324,10,1,150,2
472,89.00407011818237,78.2734407931461,129,83.63875545566424,10,1,150,2
473,89.0058534162989,78.28334295402458,128,83.64459818516174,10,1,150,2
474,89.00750643986639,78.29276278268111,127,83.65013461127376,10,1,150,2
475,89.00902676284659,78.30171907444299,126,83.65537291864479,10,1,150,2
476,89.01041340366439,78.31022927809714,127,83.66032134088076,10,1,150,2
477,89.01166689902513,78.3183097461554,127,83.66498832259026,10,1,150,2
478,89.01278967241377,78.32597628471225,128,83.66938297856302,10,1,150,2
479,89.01378659972886,78.33324480753416,128,83.67351570363151,10,1,150,2
480,89.0146653818657,78.34013199658555,130,83.67739868922563,10,1,150,2
481,89.01543662663408,78.34665596875278,131,83.68104629769343,10,1,150,2
482,89.01611383496129,78.35283685097217,132,83.68447534296672,10,1,150,2
483,89.01671338875067,78.35869706840327,132,83.68770522857697,10,1,150,2
484,89.0172545401853,78.36426134533106,130,83.69075794275818,10,1,150,2
485,89.01775930468544,78.36955661351867,128,83.69365795910205,10,1,150,2
486,89.01825206214824,78.37461192516128,126,83.69643199365476,10,1,150,2
487,89.01875886612957,78.37945837002165,126,83.69910861807561,10,1,150,2
488,89.0193066556643,78.38412899629452,126,83.701717825979415,10,1,150,2
489,89.01992256439625,78.38865873471526,126,83.70429064955576,10,1,150,2
490,89.02063352167453,78.39308432539768,126,83.7068589235361,10,1,150,2
491,89.02146604765981,78.3974442468564,126,83.7094551472581,10,1,150,2
492,89.02244585187913,78.40177864664092,127,83.71211224926003,10,1,150,2
493,89.02359723481797,78.40612927298166,128,83.71486325389981,10,1,150,2
494,89.0249426822967,78.41053921174998,128,83.71774094702334,10,1,150,2
495,89.02650274979077,78.41505203793992,126,83.72077739386535,10,1,150,2
496,89.0282960412734,78.41971057607702,129,83.72400330867521,10,1,150,2
497,89.03033928225982,78.42455604917076,130,83.72744766571529,10,1,150,2
498,89.03264768183395,78.42962781062022,133,83.73113774622709,10,1,150,2
499,89.03523548585781,78.43496326828883,133,83.73509937707331,10,1,150,2
500,89.03811633097872,78.4405978050626,128,83.73935706802067,10,1,150,2
501,89.04130320413782,78.44656469530914,126,83.74393394972347,10,1,150,2
502,89.04480800736701,78.4528951142214,124,83.74885156079421,10,1,150,2
503,89.04864082521131,78.4596184345986,124,83.75412962990495,10,1,150,2
504,89.05280908966779,78.46676261550365,122,83.75978585258572,10,1,150,2
505,89.05731683756215,78.4743540971212,123,83.76583546734167,10,1,150,2
506,89.06216425532416,78.48241700630126,125,83.7722906308127,10,1,150,2
507,89.06734751110264,78.49097186743914,126,83.7791596892709,10,1,150,2
508,89.07285867914673,78.50003420847567,127,83.7864464438112,10,1,150,2
509,89.07868575651385,78.50961364695289,129,83.79414970173337,10,1,150,2
510,89.08481296729941,78.5197135534334,130,83.8022632603664,10,1,150,2
511,89.0912212570376,78.53033090197769,130,83.81077607950765,10,1,150,2
512,89.09788858737228,78.54145611254881,131,83.81967234996054,10,1,150,2
513,89.10479003129296,78.55307288539329,132,83.82893145834313,10,1,150,2
514,89.1118980594224,78.56515822262757,131,83.838528141025,10,1,150,2
515,89.11918311527837,78.57768302744279,131,83.84843307136057,10,1,150,2
516,89.12661428486308,78.59061337881018,131,83.85861383183664,10,1,150,2
517,89.13415986596472,78.60391228702989,131,83.86903607649731,10,1,150,2
518,89.14178764257741,78.61754154048849,132,83.87966459153296,10,1,150,2
519,89.14946496246817,78.63146305898765,133,83.89046401072791,10,1,150,2
520,89.15715900853608,78.64563965670906,133,83.90139933262257,10,1,150,2
521,89.16483736201442,78.66003560556214,134,83.91243648378828,10,1,150,2
522,89.17246866296684,78.67461719455432,134,83.92354292876058,10,1,150,2
523,89.18002317349921,78.68935328570764,135,83.93468822960342,10,1,150,2
524,89.18747304907086,78.70421586703588,135,83.94584445805337,10,1,150,2
525,89.19479231835963,78.71918060307854,134,83.9569864607191,10,1,150,2
526,89.201956767202,78.73422718836065,134,83.96809197778133,10,1,150,2
527,89.20894382455778,78.74933911401202,134,83.9791414692849,10,1,150,2
528,89.21573245087804,78.76450294540052,135,83.99011769813927,10,1,150,2
529,89.22230302922954,78.77970769625747,135,84.00100536274351,10,1,150,2
530,89.2286372595047,78.79494449458132,132,84.01179087704301,10,1,150,2
531,89.23471805602414,78.81020634542195,131,84.02246220072304,10,1,150,2
532,89.24052944881822,78.82548799068624,131,84.03300871975223,10,1,150,2
533,89.24605658639082,78.84078606114626,131,84.04342132376854,10,1,150,2
534,89.25128603528594,78.85609932565973,131,84.05369268047284,10,1,150,2
535,89.2562062791511,78.8714284524385,130,84.06381736579479,10,1,150,2
536,89.26080802735981,78.88677528238597,131,84.07379165487289,10,1,150,2
537,89.26508423583475,78.90214219971372,132,84.08361321777423,10,1,150,2
538,89.26903003528788,78.91753179488484,133,84.09328091508635,10,1,150,2
539,89.27264256698838,78.93294662477821,133,84.1027945958833,10,1,150,2
540,89.27592053106359,78.9483888749632,133,84.1121547030134,10,1,150,2
541,89.27886354491741,78.963859728976,129,84.12136163694672,10,1,150,2
542,89.28147170193421,78.97935854210444,127,84.13041512201931,10,1,150,2
543,89.2837454280136,78.99488220981195,128,84.13931381891277,10,1,150,2
544,89.28568544086446,79.01042492588799,129,84.14805518337621,10,1,150,2
545,89.28729271451556,79.02597833037467,132,84.15663552244511,10,1,150,2
546,89.28856844903218,79.04153185228769,133,84.16505015065994,10,1,150,2
547,89.28951404542373,79.05707285711617,136,84.17329345126996,10,1,150,2
548,89.29013108572367,79.07258650172925,137,84.18135879372646,10,1,150,2
549,89.2904213182203,79.08805549195951,138,84.1892384050899,10,1,150,2
550,89.29038664781358,79.1034599381683,139,84.19692329299093,10,1,150,2
551,89.29002913147086,79.11877750413561,139,84.20440331780324,10,1,150,2
552,89.28935097875195,79.13398384958373,140,84.21166741416783,10,1,150,2
553,89.28835455737129,79.14905317160819,140,84.21870386448974,10,1,150,2
554,89.28704240376264,79.16395874785583,141,84.22550057580924,10,1,150,2
555,89.28541723860945,79.17867348184843,141,84.23204536022894,10,1,150,2
556,89.28348198730104,79.1931705484079,141,84.23832626785448,10,1,150,2
557,89.28123980527204,79.2074243346874,141,84.24433206997972,10,1,150,2
558,89.27869410817922,79.22141157967638,140,84.2500528439278,10,1,150,2
559,89.27584860686635,79.23511232239744,141,84.25548046463189,10,1,150,2
560,89.27270734706318,79.24851036653561,141,84.2606088567994,10,1,150,2
561,89.26927475376075,79.26159306675147,142,84.26543391025612,10,1,150,2
562,89.26555568019924,79.27435053447554,143,84.26995310733739,10,1,150,2
563,89.26155546139904,79.28677465353074,143,84.2741650574649,10,1,150,2
564,89.25727997215887,79.29885810080923,143,84.27806903648406,10,1,150,2
565,89.2527356894372,79.31059337212295,143,84.28166453078008,10,1,150,2
566,89.24792975902493,79.32197200843625,143,84.28495088373059,10,1,150,2
567,89.2428700664074,79.33298441279162,143,84.28792723959951,10,1,150,2
568,89.23756531170424,79.34362016052617,143,84.2905927361152,10,1,150,2
569,89.23202508856276,79.35386821766679,143,84.29294665311477,10,1,150,2
570,89.22625996686894,79.36371697011411,143,84.29498846849152,10,1,150,2
571,89.22028157912551,79.37315445394563,142,84.29671801653558,10,1,150,2
572,89.2141027103315,79.38216888456024,134,84.29813579744587,10,1,150,2
573,89.20773739118093,79.39074928977573,134,84.29924334047833,10,1,150,2
574,89.20120099438061,79.39888605198601,135,84.30004352318332,10,1,150,2
575,89.19451023632395,79.40657116447402,135,84.30054070039898,10,1,150,2
576,89.18768288879419,79.4137980069562,133,84.3007404478752,10,1,150,2
577,89.1807372979821,79.42056044541411,132,84.30064887169812,10,1,150,2
578,89.17369210071718,79.42685145138758,132,84.30027177605237,10,1,150,2
579,89.16656613763578,79.43266182603564,132,84.2996139818357,10,1,150,2
580,89.15937817283807,79.43797941924322,132,84.29867879604065,10,1,150,2
581,89.15214641973421,79.44278903903944,133,84.29746772938682,10,1,150,2
582,89.14488826293423,79.44707285644623,134,84.29598055969024,10,1,150,2
583,89.13762027343509,79.45081072073165,135,84.29421549708337,10,1,150,2
584,89.13035832176189,79.45398019025735,136,84.29216925600963,10,1,150,2
585,89.12311759373222,79.45655647432055,135,84.28983703402639,10,1,150,2
586,89.11591231352428,79.45851248142071,136,84.2872123974725,10,1,150,2
587,89.10875527134957,79.4598191694088,136,84.28428722037918,10,1,150,2
588,89.10165754565523,79.46044619793908,136,84.28105187179716,10,1,150,2
589,89.0946285171943,79.4603626886003,136,84.27749560289729,10,1,150,2
590,89.0876759797195,79.45953789812177,136,84.27360693892064,10,1,150,2
591,89.08080624961717,79.45794161005978,134,84.26937392983848,10,1,150,2
592,89.07402427435902,79.45554444051247,133,84.26478435743574,10,1,150,2
593,89.06733373967234,79.45231864354716,133,84.25982619160975,10,1,150,2
594,89.06073717535048,79.44823941679995,134,84.25448829607521,10,1,150,2
595,89.05423615718124,79.44328612247037,137,84.2487611398258,10,1,150,2
596,89.04783180002354,79.4374431314738,138,84.24263746574867,10,1,150,2
597,89.04152534693242,79.43070029103731,138,84.23611281898486,10,1,150,2
598,89.03531826909554,79.42305311350776,137,84.22918569130165,10,1,150,2
599,89.029211876561,79.41450288161532,138,84.22185737908816,10,1,150,2
600,89.0232070249513,79.40505676780501,138,84.21413189637815,10,1,200,3
601,89.01730411321701,79.39472796761544,137,84.20601604041622,10,1,200,3
602,89.01150317734519,79.38353574944833,135,84.19751946339676,10,1,200,3
603,89.00580398247982,79.37150522543605,136,84.18865460395793,10,1,200,3
604,89.00020611345273,79.35866684311581,137,84.17943647828427,10,1,200,3
605,88.99470906372837,79.34505579262375,139,84.16988242817607,10,1,200,3
606,88.98931232276787,79.33071152401773,138,84.1600119233928,10,1,200,3
607,88.98401546181984,79.31567756923982,138,84.14984651552983,10,1,200,3
608,88.97881821814508,79.30000157056121,138,84.13940989435315,10,1,200,3
609,88.97372057768125,79.28373512468659,138,84.12872785118392,10,1,200,3
610,88.96872285615102,79.26693324670427,139,84.11782805142764,10,1,200,3
611,88.96382568107737,79.24965345308085,141,84.1067395670791,10,1,200,3
612,88.95902967962977,79.23195465791322,141,84.0954921687715,10,1,200,3
613,88.95433496982957,79.21389627167724,141,84.08411562075341,10,1,200,3
614,88.9497408452522,79.19553759910416,140,84.07263922217817,10,1,200,3
615,88.9452457507622,79.17693734022018,141,84.0610915454912,10,1,200,3
616,88.94084735422119,79.15815309609933,142,84.04950022516026,10,1,200,3
617,88.93654261665641,79.13924087840269,141,84.03789174752956,10,1,200,3
618,88.93232786092561,79.12025471933686,141,84.02629129013124,10,1,200,3
619,88.92819883892534,79.10124657623265,140,84.014722707579,10,1,200,3
620,88.92415079739946,79.08226643236542,139,84.00320861488244,10,1,200,3
621,88.92017854241358,79.06336220306221,138,83.9917703727379,10,1,200,3
622,88.91627650256922,79.04457944631663,137,83.98042797444293,10,1,200,3
623,88.91243879103817,79.02596126730886,137,83.96920002917352,10,1,200,3
624,88.90865926650346,79.00754841612078,137,83.95810384131212,10,1,200,3
625,88.9049316906344,78.9893791878295,139,83.94715543923195,10,1,200,3
626,88.90125017726155,78.97148902680077,140,83.93636960203116,10,1,200,3
627,88.89760983580987,78.95391002964456,141,83.92575993272722,10,1,200,3
628,88.89400721893384,78.93667044382684,142,83.91533883138034,10,1,200,3
629,88.89044037935525,78.9197941614701,144,83.90511727041267,10,1,200,3
630,88.88690853595757,78.90330030544929,142,83.89510442070343,10,1,200,3
631,88.88341154424118,78.88720310247012,142,83.88530732335565,10,1,200,3
632,88.87994956129907,78.87151204282478,141,83.87573080206192,10,1,200,3
633,88.87652300285377,78.85623213153029,142,83.86637756719203,10,1,200,3
634,88.87313259728172,78.84136432824275,142,83.85724846276224,10,1,200,3
635,88.86977943908232,78.82690656602375,142,83.84834300255304,10,1,200,3
636,88.86646504177992,78.81285525139317,142,83.83966014658654,10,1,200,3
637,88.86319129270554,78.79920666044399,142,83.83119897657477,10,1,200,3
638,88.8599601145632,78.78595793844963,143,83.82295902650641,10,1,200,3
639,88.856773028826,78.77310770302887,143,83.81494036592744,10,1,200,3
640,88.85363120614988,78.76065634845162,142,83.80714377730075,10,1,200,3
641,88.85053600378109,78.74860624617612,142,83.7995711249786,10,1,200,3
642,88.84748940471992,78.73696184161017,143,83.79222562316505,10,1,200,3
643,88.84449406600898,78.72572945198662,145,83.7851117589978,10,1,200,3
644,88.84155297611427,78.71491676527823,145,83.77823487069625,10,1,200,3
645,88.83866891643223,78.70453223511375,145,83.771600575773,10,1,200,3
646,88.83584411702334,78.6945845666591,145,83.76521434184122,10,1,200,3
647,88.83308020406747,78.6850824884371,144,83.75908134625229,10,1,200,3
648,88.83037824393485,78.67603471242326,144,83.75320647817905,10,1,200,3
649,88.82773868876815,78.6674496921237,143,83.74759419044592,10,1,200,3
650,88.82516102847258,78.65933517849365,143,83.74224810348312,10,1,200,3
651,88.82264334419644,78.65169796371134,144,83.73717065395388,10,1,200,3
652,88.820182348573,78.64454381268817,143,83.73236308063059,10,1,200,3
653,88.81777391275331,78.6378771920666,143,83.72782555240995,10,1,200,3
654,88.8154134950176,78.63170079661792,144,83.72355714581775,10,1,200,3
655,88.81309617839666,78.62601526311713,144,83.71955572075689,10,1,200,3
656,88.81081631737392,78.62081916919067,144,83.71581774328229,10,1,200,3
657,88.80856698883385,78.61610912205586,146,83.71233805544486,10,1,200,3
658,88.80633963752247,78.61187983963737,145,83.70910973857991,10,1,200,3
659,88.80412401367388,78.60812422411334,145,83.70612411889361,10,1,200,3
660,88.80190820785009,78.60483342797282,145,83.70337081791146,10,1,200,3
661,88.79967868561098,78.60199691269476,145,83.70083779915288,10,1,200,3
662,88.79742032219971,78.59960240265052,145,83.69851136242511,10,1,200,3
663,88.79511643745454,78.59763553932297,146,83.69637598838875,10,1,200,3
664,88.79274883118293,78.59607933357236,146,83.69441408237765,10,1,200,3
665,88.79029791680122,78.59491380632049,147,83.69260586156085,10,1,200,3
666,88.7877431486092,78.59411601299264,149,83.69092958080091,10,1,200,3
667,88.78506384053034,78.59366045202906,150,83.6893621462797,10,1,200,3
668,88.78224037660246,78.5935197602849,150,83.68788006844369,10,1,200,3
669,88.77925552091676,78.59366550063976,151,83.68646051077826,10,1,200,3
670,88.77609524210173,78.59406894470149,152,83.6850820934016,10,1,200,3
671,88.77274895508577,78.59470185104252,151,83.68372540306414,10,1,200,3
672,88.76920957049902,78.59553733695375,151,83.68237345372638,10,1,200,3
673,88.76547354695069,78.59655103923669,150,83.68101229309369,10,1,200,3
674,88.76154094629227,78.59772227182923,149,83.67963160906075,10,1,200,3
675,88.75741549192125,78.59903440032036,150,83.6782249461208,10,1,200,3
676,88.75310463012414,78.60047443366591,150,83.67678953189503,10,1,200,3
677,88.74861949686426,78.60203261366966,149,83.67532605526696,10,1,200,3
678,88.74397459482677,78.60370229505058,149,83.67383844493867,10,1,200,3
679,88.7391871805497,78.60547992117773,151,83.67233355086373,10,1,200,3
680,88.73427655649104,78.60736499804108,152,83.67082077726606,10,1,200,3
681,88.72926346283973,78.60936006651372,152,83.66931176467672,10,1,200,3
682,88.72416976384561,78.61147057537042,152,83.667820169608,10,1,200,3
683,88.71901833080395,78.61370445993711,152,83.66636139537053,10,1,200,3
684,88.71383273119605,78.61607162137618,152,83.6649521762861,10,1,200,3
685,88.70863672363903,78.61858389174725,151,83.66361030769315,10,1,200,3
686,88.70345394845366,78.62125548468933,151,83.66235471657149,10,1,200,3
687,88.69830791102538,78.62410334627644,148,83.66120562865092,10,1,200,3
688,88.6932220625032,78.62714711319262,146,83.66018458784791,10,1,200,3
689,88.68821987992548,78.63040867796204,146,83.65931427894375,10,1,200,3
690,88.68332494540643,78.63391155601778,146,83.6586182507121,10,1,200,3
691,88.67856102401588,78.6376804444455,146,83.65812073423069,10,1,200,3
692,88.67395213998414,78.6417410695816,146,83.65784660478286,10,1,200,3
693,88.66952265086013,78.64612012799539,147,83.65782138942777,10,1,200,3
694,88.66529731924734,78.65084512537499,148,83.65807122231116,10,1,200,3
695,88.66130128420131,78.65594391783,147,83.65862260101565,10,1,200,3
696,88.6575597368306,78.66144395518538,147,83.659501846008,10,1,200,3
697,88.65409739724743,78.66737142090918,146,83.6607344090783,10,1,200,3
698,88.65093818262193,78.6737504633242,146,83.66234432297307,10,1,200,3
699,88.6481050659572,78.6806027127725,146,83.66435388936485,10,1,200,3
700,88.6456197350693,78.68794688928809,146,83.6667833121787,10,1,200,3
701,88.64350205141679,78.69579791522835,146,83.66964998332257,10,1,200,3
702,88.64176969858843,78.704165630115,145,83.67296766435172,10,1,200,3
703,88.64043802014218,78.71305388774799,146,83.67674595394509,10,1,200,3
704,88.63951965637723,78.72246023051756,146,83.6809899434474,10,1,200,3
705,88.63902397980267,78.7323757507135,146,83.68569986525809,10,1,200,3
706,88.63895671925307,78.74278484625641,146,83.69087078275474,10,1,200,3
707,88.63931987004354,78.75366467590511,146,83.69649227297433,10,1,200,3
708,88.64011169500374,78.76498450927465,146,83.70254810213919,10,1,200,3
709,88.64132671882417,78.7767055572858,146,83.70901613805498,10,1,200,3
710,88.64295571574172,78.78878157613445,147,83.71586864593809,10,1,200,3
711,88.64498578818578,78.8011602453369,147,83.72307301676133,10,1,200,3
712,88.64740073160006,78.81378502794688,147,83.73059287977347,10,1,200,3
713,88.65018168563847,78.82659692856153,147,83.7383893071,10,1,200,3
714,88.6533078769112,78.8395359549132,144,83.74642191591221,10,1,200,3
715,88.65675735603374,78.85254247899819,140,83.75464991751596,10,1,200,3
716,88.66050772929742,78.86555859619618,139,83.76303316274681,10,1,200,3
717,88.66453678776232,78.87852948331577,139,83.77153313553904,10,1,200,3
718,88.66882283904559,78.89140465893762,141,83.7801137489916,10,1,200,3
719,88.67334483969246,78.9041389518445,142,83.78874189576848,10,1,200,3
720,88.67808271862538,78.9166930807754,144,83.7973878997004,10,1,200,3
721,88.68301789198993,78.92903384617406,145,83.80602586908199,10,1,200,3
722,88.68813357953375,78.9411339345287,146,83.81463375703123,10,1,200,3
723,88.69341482526248,78.95297133582251,146,83.8231930805425,10,1,200,3
724,88.69884841772118,78.96452847207662,145,83.8316884448989,10,1,200,3
725,88.7044228076786,78.97579123243683,145,83.84010702005772,10,1,200,3
726,88.71012802342067,78.9867479150938,145,83.84843796925723,10,1,200,3
727,88.71595558383471,78.99738788117838,145,83.85667173250656,10,1,200,3
728,88.72189840944009,79.00770021342535,145,83.86479931143272,10,1,200,3
729,88.72795063395559,79.01767316006834,145,83.87281189701196,10,1,200,3
730,88.73410712142854,79.02729446167673,145,83.88070079155264,10,1,200,3
731,88.74036278656466,79.03655197590025,144,83.88845738123246,10,1,200,3
732,88.74671210851683,79.04543430770046,144,83.89607320810865,10,1,200,3
733,88.75314893575916,79.05393144525368,144,83.90354019050642,10,1,200,3
734,88.75966638704766,79.06203530416232,144,83.91085084560498,10,1,200,3
735,88.76625675102112,79.06973998505524,143,83.91799836803818,10,1,200,3
736,88.77291138455003,79.07704174470092,144,83.92497656462547,10,1,200,3
737,88.77962060995512,79.08393887579774,144,83.93177974287643,10,1,200,3
738,88.7863736112308,79.09043149550045,144,83.93840255336562,10,1,200,3
739,88.79315832942568,79.09652104763967,144,83.94483968853268,10,1,200,3
740,88.7999613573495,79.1022095186363,144,83.9510854379929,10,1,200,3
741,88.80676793133892,79.10749856216624,144,83.95713324675259,10,1,200,3
742,88.8135622153779,79.11238863008697,145,83.96297542273243,10,1,200,3
743,88.82032778025751,79.11687810960687,145,83.9686029449322,10,1,200,3
744,88.82704788784586,79.12096256423303,146,83.97400522603945,10,1,200,3
745,88.83370558071448,79.12463427359981,146,83.97916992715714,10,1,200,3
746,88.84028396754017,79.12788216978736,147,83.98408306866376,10,1,200,3
747,88.84676670455185,79.13069217025055,148,83.9887294374012,10,1,200,3
748,88.85313828313923,79.13304780999297,148,83.9930930465661,10,1,200,3
749,88.8593840263403,79.13493097812908,148,83.99715750223469,10,1,200,3
750,88.86548998952111,79.13632266154995,145,84.00090632553554,10,1,200,3
751,88.87144296054964,79.13720369596943,145,84.00432332825955,10,1,200,3
752,88.8772307547526,79.13755542710574,146,84.00739309092917,10,1,200,3
753,88.88284270732343,79.13736008722084,147,84.01010139727214,10,1,200,3
754,88.88826997322472,79.13660098484908,147,84.0124354790369,10,1,200,3
755,88.8935054396772,79.13526289814888,146,84.01438416891304,10,1,200,3
756,88.89854325137435,79.13333267212754,146,84.01593796175095,10,1,200,3
757,88.90337814360865,79.13079962979899,145,84.01708888670382,10,1,200,3
758,88.90800497354954,79.12765560239016,144,84.01783028796984,10,1,200,3
759,88.9124185472946,79.12389457876232,144,84.01815656302847,10,1,200,3
760,88.9166135477039,79.119512169264,144,84.01806285848394,10,1,200,3
761,88.92058446556342,79.11450527428677,144,84.0175448699251,10,1,200,3
762,88.92432553416097,79.10887205513787,144,84.01659879464941,10,1,200,3
763,88.92783066736119,79.10261201219197,144,84.01522133977659,10,1,200,3
764,88.93109340127003,79.095725975271165,144,84.0134096882706,10,1,200,3
765,88.93410683958425,79.08821581118924,142,84.01116132538675,10,1,200,3
766,88.93686360272703,79.08008394598558,141,84.0084737743563,10,1,200,3
767,88.93935587841379,79.0713330919663,141,84.00534448519005,10,1,200,3
768,88.94157576883441,79.06196637458875,141,84.00177107171157,10,1,200,3
769,88.94351593457114,79.05198785914592,140,83.99775189685853,10,1,200,3
770,88.94517034029877,79.04140337966948,141,83.99328685998412,10,1,200,3
771,88.94653500484004,79.03022147492484,141,83.98837823988245,10,1,200,3
772,88.94760875566455,79.01845443139248,142,83.98303159352852,10,1,200,3
773,88.94839398789486,79.00611962813599,142,83.97725680801543,10,1,200,3
774,88.94889742784716,78.99324098827543,142,83.9710692080613,10,1,200,3
775,88.94913070597644,78.97984995158373,141,83.96449032878009,10,1,200,3
776,88.9491103489292,78.96598577276073,139,83.95754806084497,10,1,200,3
777,88.94885719052178,78.9516953399638,136,83.95027626524279,10,1,200,3
778,88.94839559157936,78.93703261051189,136,83.94271410104562,10,1,200,3
779,88.94775266340265,78.92205766302119,134,83.93490516321192,10,1,200,3
780,88.94695749447372,78.90683536514477,135,83.92689642980925,10,1,200,3
781,88.946040379976,78.89143365601916,138,83.91873701799759,10,1,200,3
782,88.94503205368086,78.87592163749012,139,83.91047684558549,10,1,200,3
783,88.94396292173376,78.86036786318626,141,83.90216539246,10,1,200,3
784,88.94286229786645,78.844838921910707,142,83.89385060988857,10,1,200,3
785,88.94175754202338,78.8293981192506,142,83.88557783063699,10,1,200,3
786,88.94067290686505,78.81410425638262,142,83.87738858162383,10,1,200,3
787,88.93962828680944,78.79901070015329,142,83.86931949348136,10,1,200,3
788,88.93863845448732,78.7841648410515,142,83.86140164776941,10,1,200,3
789,88.93771288185025,78.76960793824512,142,83.85366041004768,10,1,200,3
790,88.9368557555439,78.75537515587132,143,83.8461154557076,10,1,200,3
791,88.93606599131995,78.74149539979364,143,83.83878069555679,10,1,200,3
792,88.93533724742069,78.72799105181363,144,83.83166414961715,10,1,200,3
793,88.93465793695364,78.7148781861033,145,83.82476806152847,10,1,200,3
794,88.93401123935473,78.7021672675071,145,83.81808925343091,10,1,200,3
795,88.93337530619982,78.68986374624241,146,83.81161952622111,10,1,200,3
796,88.9327240517838,78.67796845129493,146,83.80534625153936,10,1,200,3
797,88.93202843125857,78.66647817256364,146,83.79925330191111,10,1,200,3
798,88.93125762148273,78.65538652927417,145,83.79332207537846,10,1,200,3
799,88.93037990994739,78.64468492963191,145,83.78753241978964,10,1,200,3
800,88.92936348733953,78.63436342673555,144,83.78186345703753,10,1,200,3
801,88.92817714423823,78.62441127580675,144,83.77629421002248,10,1,200,3
802,88.92679067736383,78.61481719288675,144,83.77080393512529,10,1,200,3
803,88.92517510339914,78.60556951023743,144,83.76537230681828,10,1,200,3
804,88.92330307099598,78.5966562286215,145,83.75997964980874,10,1,200,3
805,88.9211494714161,78.58806477157185,145,83.75460712149398,10,1,200,3
806,88.91869185808514,78.57978153937533,145,83.74923669873024,10,1,200,3
807,88.91591057791267,78.57179165311352,146,83.7438511155131,10,1,200,3
808,88.91278880979888,78.56407898651099,147,83.73843389815494,10,1,200,3
809,88.90931260817051,78.556626290751,147,83.73296944946075,10,1,200,3
810,88.90547095180781,78.54941531497361,147,83.72744313339072,10,1,200,3
811,88.90125579818005,78.5424269227248,147,83.72184136045243,10,1,200,3
812,88.89666214346097,78.5356412046399,146,83.71615167405044,10,1,200,3
813,88.89168808834948,78.52903758765966,146,83.71036283800457,10,1,200,3
814,88.88633490977286,78.52259503862417,147,83.70446497419852,10,1,200,3
815,88.88060713850167,78.51629255763613,148,83.6984498480689,10,1,200,3
816,88.87451264265607,78.51010996151759,149,83.69231130208684,10,1,200,3
817,88.86806271703172,78.50402876261008,150,83.6860457398209,10,1,200,3
818,88.86127217812219,78.498032948155,150,83.6796525631386,10,1,200,3
819,88.85415946466067,78.49210946546482,150,83.67313446506274,10,1,200,3
820,88.84674674344902,78.48624841313111,150,83.66649757829006,10,1,200,3
821,88.83905992264977,78.48044313354356,150,83.65975152809666,10,1,200,3
822,88.83112837712342,78.47469020687348,150,83.65290929199844,10,1,200,3
823,88.82298448294466,78.46898915155428,151,83.64598681724948,10,1,200,3
824,88.81466335078593,78.4633420263862,152,83.63900268858606,10,1,200,3
825,88.80620275766525,78.45775351949064,152,83.63197813857795,10,1,200,3
826,88.79764288636741,78.45223142654572,152,83.62493715645657,10,1,200,3
827,88.78902567687243,78.44678673793956,152,83.617906207406,10,1,200,3
828,88.78039378915378,78.44143304211136,152,83.61091341563257,10,1,200,3
829,88.77178927424373,78.43618543998535,151,83.60398735711453,10,1,200,3
830,88.76325214801149,78.43105936043716,150,83.59715575422433,10,1,200,3
831,88.7548190620882,78.42606986178082,150,83.59044446193451,10,1,200,3
832,88.74652226638135,78.42123151657701,149,83.58387689147918,10,1,200,3
833,88.73838896014314,78.41655848938542,150,83.57747372476427,10,1,200,3
834,88.73044103109459,78.41206451462538,151,83.57125277285999,10,1,200,3
835,88.722695084647,78.40776257925263,151,83.56522883194981,10,1,200,3
836,88.71516256780755,78.40366431003272,152,83.55941343892013,10,1,200,3
837,88.70784998750874,78.39977926026991,151,83.55381462388932,10,1,200,3
838,88.700759418253,78.39611429089476,152,83.54843685457388,10,1,200,3
839,88.69388920143133,78.3926732408676,153,83.54328122114947,10,1,200,3
840,88.68723444613461,78.38945688680067,153,83.53834566646765,10,1,200,3
841,88.68078733147978,78.38646299665304,152,83.53362516406641,10,1,200,3
842,88.67453760066793,78.38368628240649,152,83.52911194153721,10,1,200,3
843,88.66847324689269,78.3811180566861,152,83.52479565178939,10,1,200,3
844,88.66258100111025,78.37874569094657,152,83.52066334602841,10,1,200,3
845,88.65684652431878,78.37655226550704,151,83.5166993949129,10,1,200,3
846,88.65125449962451,78.37451660670634,152,83.51288555316543,10,1,200,3
847,88.64578881938913,78.37261371144184,152,83.50920126541548,10,1,200,3
848,88.64043306276758,78.37081546189114,153,83.50562426232936,10,1,200,3
849,88.6351711663484,78.36909143574412,153,83.50213130104626,10,1,200,3
850,88.62998789800392,78.36740971483495,153,83.49869880641944,10,1,200,3
851,88.62486893912619,78.36573769261238,151,83.49530331586928,10,1,200,3
852,88.61980057548536,78.36404278339724,149,83.4919216794413,10,1,200,3
853,88.61476919200814,78.36229283887336,147,83.48853101544074,10,1,200,3
854,88.6097609618376,78.36045627232501,149,83.4851086170813,10,1,200,3
855,88.60476192496053,78.35850208619289,151,83.4816320055767,10,1,200,3
856,88.59975845661802,78.35639990097738,152,83.4780791787977,10,1,200,3
857,88.59473793064132,78.35411998597262,152,83.47442895830696,10,1,200,3
858,88.58968918777761,78.35163338984087,151,83.47066128880924,10,1,200,3
859,88.584602711663,78.34891236656202,149,83.4667575391125,10,1,200,3
860,88.57947070768734,78.34593109720636,148,83.46270090244684,10,1,200,3
861,88.5742871824344,78.3426665128868,145,83.45847684766059,10,1,200,3
862,88.56904802381854,78.33909902421506,144,83.45407352401679,10,1,200,3
863,88.5637510820107,78.33521296254476,144,83.44948202227772,10,1,200,3
864,88.5583962512173,78.33099673330359,144,83.44469649226045,10,1,200,3
865,88.55298555234504,78.32644287672953,145,83.43971421453728,10,1,200,3
866,88.54752321655235,78.32154793865583,146,83.4345355776041,10,1,200,3
867,88.54201567211982,78.31631176131877,147,83.4291637167193,10,1,200,3
868,88.53647123950181,78.31073629178375,148,83.42360376564278,10,1,200,3
869,88.53089953446147,78.3048244932159,148,83.41786201383869,10,1,200,3
870,88.52531077423545,78.29857965158118,148,83.41194521290831,10,1,200,3
871,88.51971508411962,78.29200507773682,148,83.40586008092822,10,1,200,3
872,88.51412180432153,78.2851042048623,148,83.39961300459191,10,1,200,3
873,88.50853889446314,78.27788108117838,147,83.39320998782077,10,1,200,3
874,88.50297263066393,78.27034116036091,147,83.38665689551243,10,1,200,3
875,88.49742759508291,78.2624921945086,147,83.37995989479575,10,1,200,3
876,88.49190676274975,78.25434503450087,147,83.37312589862532,10,1,200,3
877,88.48641158807725,78.24591414254725,147,83.36616286531225,10,1,200,3
878,88.48094209100786,78.23721762168287,147,83.35907985634537,10,1,200,3
879,88.47549694277106,78.22827656691311,148,83.35188675484208,10,1,200,3
880,88.47007355125056,78.21911383525777,150,83.34459369325417,10,1,200,3
881,88.46466814598129,78.20975262450393,149,83.33721038524261,10,1,200,3
882,88.45927586281609,78.20021515293645,149,83.32974550787627,10,1,200,3
883,88.45389082832028,78.19052163479589,149,83.32220623155808,10,1,200,3
884,88.44850624396925,78.18068955113253,148,83.3145978975509,10,1,200,3
885,88.4431143727044,78.1707330206603,147,83.30692369668235,10,1,200,3
886,88.43770623288191,78.16066227033507,149,83.2991842516085,10,1,200,3
887,88.4322710972733,78.150483400513,149,83.29137724889316,10,1,200,3
888,88.42679618740527,78.14019834699498,150,83.28349726720012,10,1,200,3
889,88.4212667584799,78.12980464971956,150,83.27553570409972,10,1,200,3
890,88.41566657507417,78.11929502807541,150,83.26748080157479,10,1,200,3
891,88.40997858277363,78.10865715301867,150,83.25931786789616,10,1,200,3
892,88.40418538584495,78.0978738111819,151,83.25102959851343,10,1,200,3
893,88.39826943367409,78.086923461166,150,83.24259644742004,10,1,200,3
894,88.39221311131166,78.07578108474341,150,83.23399709802754,10,1,200,3
895,88.38599883193454,78.06441913823059,148,83.22520898508256,10,1,200,3
896,88.3796091314979,78.05280860441275,147,83.21620886795532,10,1,200,3
897,88.3730266683155,78.0409203405141,147,83.2069735044148,10,1,200,3
898,88.36623393276923,78.02872662512767,147,83.19748027894846,10,1,200,3
899,88.35921286249244,78.01620251441885,146,83.18770768845565,10,1,200,3
900,88.35194494851802,78.00332700801746,146,83.17763597826774,10,1,250,4
901,88.3444118326725,77.99008441509203,147,83.16724812388227,10,1,250,4
902,88.33659581128532,77.97646572584394,147,83.15653076856464,10,1,250,4
903,88.32848005042433,77.96246920838452,149,83.14547462940442,10,1,250,4
904,88.32004870800381,77.94810013360235,149,83.13407442080307,10,1,250,4
905,88.3112871580981,77.93337021326482,149,83.12232868568145,10,1,250,4
906,88.30218251277822,77.9182970438762,150,83.11023977832721,10,1,250,4
907,88.29272434415978,77.90290355609868,149,83.09781395012922,10,1,250,4
908,88.28290521671428,77.88721746947387,150,83.08506134309408,10,1,250,4
909,88.27272083493112,77.87127075212042,151,83.07199579352577,10,1,250,4
910,88.26216980644476,77.85509908498733,151,83.05863444571605,10,1,250,4
911,88.25125311823216,77.83874133015296,152,83.04499722419256,10,1,250,4
912,88.23997352097756,77.82223890507407,152,83.03110621302582,10,1,250,4
913,88.22833491912262,77.80563486711154,151,83.01698489311707,10,1,250,4
914,88.21634176654877,77.7889727076861,151,83.00265723711743,10,1,250,4
915,88.20399856537878,77.77229505045845,152,82.98814680791861,10,1,250,4
916,88.19130966293343,77.75564235040821,153,82.97347600667082,10,1,250,4
917,88.17827924924605,77.73905159318649,153,82.95866542121627,10,1,250,4
918,88.16491116490921,77.72255509166428,154,82.94373312828674,10,1,250,4
919,88.15120851918219,77.70617957416545,155,82.92869404667383,10,1,250,4
920,88.1371735084453,77.68994566141556,155,82.91355958493043,10,1,250,4
921,88.12280753249,77.67386773179359,155,82.89833763214179,10,1,250,4
922,88.10811141353796,77.6579540770298,156,82.88303274528388,10,1,250,4
923,88.09308562042946,77.64220715305267,156,82.86764638674106,10,1,250,4
924,88.077730497967,77.62662402338933,156,82.85217726067816,10,1,250,4
925,88.06204650140458,77.6111973852209,155,82.83662194331274,10,1,250,4
926,88.04603443607571,77.59591708059479,156,82.82097575833525,10,1,250,4
927,88.02969570215106,77.58077150768122,156,82.80523360491614,10,1,250,4
928,88.01303254451128,77.56574873715,156,82.78939064083065,10,1,250,4
929,87.99604830771128,77.55083752891134,156,82.7734429183113,10,1,250,4
930,87.97874769599875,77.53602824939908,157,82.75738797269892,10,1,250,4
931,87.96113694079718,77.52131349449289,157,82.74122521764502,10,1,250,4
932,87.94322368050669,77.50668832068922,158,82.72495600059796,10,1,250,4
933,87.92501655252671,77.49215008463463,157,82.70858331858068,10,1,250,4
934,87.90652469245592,77.4776979886357,156,82.69211134054581,10,1,250,4
935,87.88775733541006,77.46333252726204,157,82.67554493133605,10,1,250,4
936,87.86872371439001,77.44905483505914,157,82.65888927472457,10,1,250,4
937,87.8494332555568,77.43486574029677,158,82.6421494979268,10,1,250,4
938,87.82989587519609,77.42076462227095,159,82.62533024873352,10,1,250,4
939,87.81012228068694,77.40674846228387,158,82.6084353714854,10,1,250,4
940,87.79012427531816,77.39281128339798,159,82.59146777935807,10,1,250,4
941,87.76991496924636,77.3789439790453,159,82.57442947414583,10,1,250,4
942,87.74950870133861,77.3651344330585,160,82.55732156719856,10,1,250,4
943,87.72892086676741,77.35136773617799,160,82.54014430147271,10,1,250,4
944,87.70816823534996,77.33762649922295,161,82.52289736728645,10,1,250,4
945,87.68726985792533,77.3238914582426,160,82.50558065808397,10,1,250,4
946,87.66624817035712,77.31014246944285,160,82.48819531989999,10,1,250,4
947,87.64512990471265,77.29635989415159,161,82.47074489943212,10,1,250,4
948,87.62394641711806,77.28252617904694,160,82.4532362980825,10,1,250,4
949,87.60273343186984,77.26862724181429,160,82.43568033684207,10,1,250,4
950,87.58153059145836,77.25465336989531,161,82.41809198067683,10,1,250,4
951,87.56038100701385,77.2405994374702,161,82.40049022224201,10,1,250,4
952,87.5393308085446,77.22646453835848,160,82.38289767345154,10,1,250,4
953,87.51842840169824,77.21225142506499,160,82.36533991338162,10,1,250,4
954,87.49772284514682,77.19796604659638,160,82.3478444458716,10,1,250,4
955,87.47726154292454,77.1836173800809,159,82.33043946150272,10,1,250,4
956,87.45708822629906,77.16921736102069,158,82.31315279365987,10,1,250,4
957,87.43724151705945,77.15478032680718,157,82.29601092193332,10,1,250,4
958,87.41775368143628,77.14032187578952,157,82.2790377786129,10,1,250,4
959,87.39864957406826,77.12585753185408,156,82.26225355296117,10,1,250,4
960,87.3799461616483,77.11140160443269,157,82.2456738830405,10,1,250,4
961,87.36165282092924,77.09696663383455,157,82.22930972738189,10,1,250,4
962,87.34377241082191,77.08256332413983,157,82.21316786748088,10,1,250,4
963,87.32630302090276,77.06820037824443,157,82.1972516995736,10,1,250,4
964,87.30924020121559,77.05388403981912,158,82.18156212051736,10,1,250,4
965,87.29257908815818,77.03961753712203,159,82.1660983126401,10,1,250,4
966,87.2763154511181,77.02540062364298,160,82.15085803738054,10,1,250,4
967,87.26044556237534,77.01122941060495,159,82.13583748649015,10,1,250,4
968,87.24496567062498,76.99709658886296,160,82.12103112974397,10,1,250,4
969,87.22987166341935,76.98299204025986,161,82.1064318518396,10,1,250,4
970,87.21515930877882,76.96890383854813,161,82.09203157366348,10,1,250,4
971,87.20082468588276,76.9548196400277,160,82.07782216295523,10,1,250,4
972,87.18686363441425,76.94072817146774,160,82.063795902941,10,1,250,4
973,87.17327022261638,76.92662023027873,158,82.04994522644756,10,1,250,4
974,87.16003540461168,76.91248909956676,158,82.03626225208922,10,1,250,4
975,87.14714654985289,76.89833076835406,157,82.02273865910348,10,1,250,4
976,87.13458803990692,76.88414395706863,158,82.00936599848777,10,1,250,4
977,87.12234273769262,76.86992955822227,158,81.99613614795744,10,1,250,4
978,87.11039374420494,76.855689589837,159,81.98304166702097,10,1,250,4
979,87.09872585774924,76.84142624682906,159,81.97007605228916,10,1,250,4
980,87.08732615067875,76.82714124539059,160,81.95723369803467,10,1,250,4
981,87.07618385894692,76.81283526525324,160,81.94450956210008,10,1,250,4
982,87.06529056009485,76.79850758736217,159,81.93189907372852,10,1,250,4
983,87.05464083491951,76.7841563171402,159,81.91939857602986,10,1,250,4
984,87.04423282768946,76.76977929088783,159,81.90700605928865,10,1,250,4
985,87.03406850990181,76.75537547022496,158,81.89472199006339,10,1,250,4
986,87.02415384269393,76.74094653197515,159,81.88255018733454,10,1,250,4
987,87.01449883787767,76.72649826336774,160,81.8704985506227,10,1,250,4
988,87.00511732241618,76.71204146992095,160,81.85857939616857,10,1,250,4
989,86.99602630866067,76.69759220083668,161,81.84680925474868,10,1,250,4
990,86.9872449701658,76.68317138927272,162,81.83520817971926,10,1,250,4
991,86.97879351544118,76.66880429738777,161,81.82379890641448,10,1,250,4
992,86.97069254454853,76.65451996090863,161,81.81260625272859,10,1,250,4
993,86.96296288822667,76.64035063282945,162,81.80165676052806,10,1,250,4
994,86.95562534400919,76.62633122578714,162,81.79097828489816,10,1,250,4
995,86.94869991886128,76.61249875259874,161,81.78059933573002,10,1,250,4
996,86.94220438293034,76.59889166689213,162,81.77054802491124,10,1,250,4
997,86.93615242672459,76.58554890821564,161,81.76085066747012,10,1,250,4
998,86.93055220177261,76.57250874857725,162,81.75153047517493,10,1,250,4
999,86.92540563471253,76.55980782994281,161,81.74260673232767,10,1,250,4
1000,86.92070851467383,76.54748048963232,163,81.73409450215308,10,1,250,4
1001,86.91645115884236,76.53555817797557,162,81.72600466840896,10,1,250,4
1002,86.91261926612526,76.5240688701529,163,81.71834406813909,10,1,250,4
1003,86.90919476399671,76.51303647171991,164,81.71111561785831,10,1,250,4
1004,86.90615664875551,76.50248031492742,164,81.70431848184147,10,1,250,4
1005,86.90348172192701,76.49241494056885,164,81.69794833124793,10,1,250,4
1006,86.9011450280298,76.48285016506256,164,81.69199759654617,10,1,250,4
1007,86.89911999405854,76.47379123745512,164,81.68645561575683,10,1,250,4
1008,86.89737846615759,76.46523898864794,NA,81.68130872740277,10,1,250,4
1009,86.89589093651503,76.45719003779051,166,81.67654048715278,10,1,250,4
1010,86.89462735105748,76.44963725090462,166,81.67213230098105,10,1,250,4
1011,86.89355820579294,76.44257058184152,166,81.66806439381723,10,1,250,4
1012,86.89265495690364,76.43597800306205,165,81.66431647998284,10,1,250,4
1013,86.89188954997476,76.42984594115926,165,81.660867745567,10,1,250,4
1014,86.89123365402301,76.42415902222159,165,81.65769633812229,10,1,250,4
1015,86.89065799091195,76.4188994523598,165,81.65477872163586,10,1,250,4
1016,86.8901319556731,76.41404632626443,165,81.65208914096877,10,1,250,4
1017,86.88962352819271,76.4095749291335,165,81.6495992286631,10,1,250,4
1018,86.88909928167097,76.40545632492399,165,81.64727780329747,10,1,250,4
1019,86.88852448835303,76.40165781653114,164,81.64509115244209,10,1,250,4
1020,86.88786351812465,76.3981441807927,165,81.64300384945867,10,1,250,4
1021,86.88708043297531,76.39487889850255,165,81.64097966573894,10,1,250,4
1022,86.88613938773686,76.39182508735918,164,81.63898223754802,10,1,250,4
1023,86.8850048376557,76.38894633349776,165,81.63697558557672,10,1,250,4
1024,86.88364194349921,76.38620751971835,164,81.63492473160878,10,1,250,4
1025,86.88201727228407,76.38357565097225,166,81.63279646162816,10,1,250,4
1026,86.88009959909286,76.38102058011178,165,81.63056008960231,10,1,250,4
1027,86.87786071295866,76.3785154393417,166,81.62818807615018,10,1,250,4
1028,86.8752762272989,76.376036777839,165,81.62565650256894,10,1,250,4
1029,86.87232620026035,76.37356460103106,166,81.6229454006457,10,1,250,4
1030,86.86899517520818,76.37108240943351,165,81.62003879232086,10,1,250,4
1031,86.86527183674139,76.36857723735977,165,81.61692453705058,10,1,250,4
1032,86.8611490627649,76.36603959422334,164,81.61359432849412,10,1,250,4
1033,86.85662456787378,76.36346311356428,163,81.61004384071903,10,1,250,4
1034,86.85170174802715,76.36084381241483,164,81.60627278022099,10,1,250,4
1035,86.84639014131123,76.35817896110926,164,81.60228455121025,10,1,250,4
1036,86.84070472440379,76.35546585621643,164,81.59808529031011,10,1,250,4
1037,86.8346642396684,76.35270108186201,164,81.59368266076521,10,1,250,4
1038,86.82828972313187,76.34988025948087,164,81.58908499130638,10,1,250,4
1039,86.82160362322227,76.34699770082527,164,81.58430066202376,10,1,250,4
1040,86.81462911978774,76.34404596431466,164,81.5793375420512,10,1,250,4
1041,86.80738925289316,76.34101590007882,165,81.57420257648599,10,1,250,4
1042,86.7999054708816,76.33789718381023,164,81.56890132734591,10,1,250,4
1043,86.79219588996715,76.33467875430469,165,81.56343732213591,10,1,250,4
1044,86.78427424042569,76.3313491548331,164,81.5578116976294,10,1,250,4
1045,86.77614969418839,76.32789736374406,164,81.55202352896623,10,1,250,4
1046,86.76782698839514,76.32431401694106,164,81.5460705026681,10,1,250,4
1047,86.7593066496848,76.32059224211064,163,81.53994944589772,10,1,250,4
1048,86.75058551421823,76.31672781223334,164,81.53365666322578,10,1,250,4
1049,86.74165754342162,76.31271881355543,164,81.52718817848853,10,1,250,4
1050,86.732514740422,76.30856502316131,164,81.52053988179165,10,1,250,4
1051,86.72314816726885,76.30426719125306,164,81.51370767926096,10,1,250,4
1052,86.71354925814559,76.29982642321797,163,81.50668784068178,10,1,250,4
1053,86.70371123362098,76.29524385654838,163,81.49947754508469,10,1,250,4
1054,86.69363003081854,76.29052053505633,162,81.49207528293744,10,1,250,4
1055,86.68330474959495,76.28565709020779,162,81.48448091990137,10,1,250,4
1056,86.67273820001728,76.28065322957018,162,81.47669571479372,10,1,250,4
1057,86.66193755115603,76.27550742254047,162,81.46872248684825,10,1,250,4
1058,86.6509144959305,76.27021678336818,162,81.46056563964933,10,1,250,4
1059,86.6396847368139,76.26477676133993,163,81.45223074907692,10,1,250,4
1060,86.628266987277,76.25918073570143,163,81.44372386148922,10,1,250,4
1061,86.61668178134725,76.25342010060598,163,81.43505094097662,10,1,250,4
1062,86.60495048117426,76.24748493773531,163,81.42621770945479,10,1,250,4
1063,86.5930945798316,76.24136488659342,162,81.41722973321251,10,1,250,4
1064,86.58113510394111,76.23505001754255,161,81.40809256074184,10,1,250,4
1065,86.56909211578083,76.22853170770617,162,81.39881191174351,10,1,250,4
1066,86.55698450962456,76.22180351987983,162,81.38939401475218,10,1,250,4
1067,86.5448301995367,76.2148620845923,163,81.37984614206451,10,1,250,4
1068,86.53264669832684,76.20770779034665,162,81.37017724433674,10,1,250,4
1069,86.52045169723594,76.20034489194497,163,81.36039829459045,10,1,250,4
1070,86.50826286579043,76.19278103689007,162,81.35052195134026,10,1,250,4
1071,86.49609687154943,76.18502659994446,159,81.34056173574695,10,1,250,4
1072,86.48396839976348,76.17709402079679,156,81.33053121028013,10,1,250,4
1073,86.47188956283571,76.16899714466405,154,81.32044335374988,10,1,250,4
1074,86.45986969936057,76.16075056564804,153,81.3103101325043,10,1,250,4
1075,86.44791566008865,76.1523689726648,153,81.30014231637674,10,1,250,4
1076,86.43603277574134,76.14386649773195,155,81.28994963673665,10,1,250,4
1077,86.42422631148905,76.13525606637486,156,81.27974118893195,10,1,250,4
1078,86.41250282278372,76.12654874992865,156,81.26952578635618,10,1,250,4
1079,86.40087131492446,76.11775311953943,157,81.25931221723195,10,1,250,4
1080,86.38934459640308,76.10887469923301,157,81.24910964781805,10,1,250,4
1081,86.37794063079203,76.09991571299268,158,81.23892817189235,10,1,250,4
1082,86.366683106633,76.09087512576255,159,81.22877911619779,10,1,250,4
1083,86.35560112750579,76.08174878326919,159,81.21867495538748,10,1,250,4
1084,86.34472860716947,76.07252955314117,159,81.20862908015532,10,1,250,4
1085,86.33410346687735,76.06320746739011,161,81.19865546713373,10,1,250,4
1086,86.32376624418428,76.05376996389931,161,81.1887681040418,10,1,250,4
1087,86.31375801511501,76.04420242214512,161,81.17898021863007,10,1,250,4
1088,86.3041178241336,76.03448899334306,161,81.16930340873833,10,1,250,4
1089,86.29488010897961,76.02461353016871,160,81.15974681957417,10,1,250,4
1090,86.2860729000981,76.01456042122173,159,81.15031666065991,10,1,250,4
1091,86.27771708675456,76.00431513540713,159,81.14101611108084,10,1,250,4
1092,86.26982655431699,75.99386437893712,159,81.13184546662706,10,1,250,4
1093,86.26240880222711,75.98319586517917,159,81.12280233370313,10,1,250,4
1094,86.25546545722449,75.97229779509547,160,81.11388162615998,10,1,250,4
1095,86.24899258416661,75.96115824354098,160,81.1050754138538,10,1,250,4
1096,86.24298118456045,75.94976464668076,160,81.0963729156206,10,1,250,4
1097,86.23741788286299,75.93810358578828,159,81.08776073432563,10,1,250,4
1098,86.23228541054246,75.92616086762237,161,81.07922313908242,10,1,250,4
1099,86.22756288810551,75.91392170652011,161,81.07074229731282,10,1,250,4
1100,86.22322629550048,75.90137100842573,163,81.0622986519631,10,1,250,4
1101,86.2192491312192,75.8884939521555,161,81.05387154168736,10,1,250,4
1102,86.21560287032376,75.87527677059407,161,81.04543982045891,10,1,250,4
1103,86.21225712427237,75.861707341904,162,81.03698223308818,10,1,250,4
1104,86.20917969805984,75.847775493423,162,81.02847759574142,10,1,250,4
1105,86.20633674021836,75.8334732135075,162,81.01990497686293,10,1,250,4
1106,86.20369318125097,75.8187946739434,162,81.01124392759718,10,1,250,4
1107,86.20121336348717,75.80373567290606,163,81.0024745181966,10,1,250,4
1108,86.19886147275973,75.78829259609296,161,80.99357703442635,10,1,250,4
1109,86.19660177246308,75.77246148130268,160,80.98453162688288,10,1,250,4
1110,86.19439903070874,75.75623747913897,160,80.97531825492385,10,1,250,4
1111,86.19221923866031,75.7396147099354,160,80.96591697429785,10,1,250,4
1112,86.19003042549102,75.72258641944916,160,80.95630842247009,10,1,250,4
1113,86.1878034729448,75.70514523832827,160,80.94647435563652,10,1,250,4
1114,86.18551293000854,75.68728354545524,161,80.9363982377319,10,1,250,4
1115,86.18313753554345,75.66899413036604,160,80.92606583295475,10,1,250,4
1116,86.1806598640538,75.65027115485059,160,80.91546550945219,10,1,250,4
1117,86.17806528999945,75.6311112187386,160,80.90458825436903,10,1,250,4
1118,86.17534124628996,75.61151433487434,160,80.89342779058215,10,1,250,4
1119,86.17247706980177,75.5914846182691,160,80.88198084403544,10,1,250,4
1120,86.16946404397292,75.57103068943319,160,80.87024736670305,10,1,250,4
1121,86.16629534602593,75.55016598689173,160,80.85823066645884,10,1,250,4
1122,86.16296570386925,75.52890908628326,160,80.84593739507625,10,1,250,4
1123,86.15947076279369,75.50728402582854,159,80.83337739431111,10,1,250,4
1124,86.1558063571525,75.48532063787754,159,80.82056349751502,10,1,250,4
1125,86.15196797971353,75.4630548861566,157,80.80751143293506,10,1,250,4
1126,86.14795083888097,75.44052911071198,158,80.79423997479648,10,1,250,4
1127,86.14375040631339,75.41779198491479,158,80.78077119561408,10,1,250,4
1128,86.13936286979362,75.39489828140283,160,80.76713057559823,10,1,250,4
1129,86.13478519881035,75.37190883634489,160,80.75334701757762,10,1,250,4
1130,86.1300148229103,75.34889071116534,161,80.73945276703782,10,1,250,4
1131,86.12504902040656,75.32591716062039,160,80.72548309051348,10,1,250,4
1132,86.11988421255984,75.3030673086513,160,80.71147576060557,10,1,250,4
1133,86.11451535835172,75.28042572597522,160,80.69747054216347,10,1,250,4
1134,86.10893564498274,75.25808200572543,160,80.68350882535408,10,1,250,4
1135,86.10313657171154,75.23613033580962,160,80.66963345376058,10,1,250,4
1136,86.09710842714148,75.21466916411961,161,80.65588879563055,10,1,250,4
1137,86.090840867475393,75.19380115019703,160,80.6423210088362,10,1,250,4
1138,86.08432301067141,75.17363291413228,162,80.62897796240185,10,1,250,4
1139,86.077543144196,75.15427341065227,161,80.61590827742413,10,1,250,4
1140,86.07048882683279,75.13583082920967,162,80.60315982802123,10,1,250,4
1141,86.06314767734405,75.11840899377076,162,80.5907783355574,10,1,250,4
1142,86.05550865511631,75.10210374832779,162,80.57880620172205,10,1,250,4
1143,86.04756354035811,75.0869993265439,163,80.567281433451,10,1,250,4
1144,86.03930822383793,75.0731650942138,163,80.55623665902587,10,1,250,4
1145,86.0307436112014,75.06065344355255,163,80.54569852737697,10,1,250,4
1146,86.02187614193959,75.049498935782,163,80.5356875388608,10,1,250,4
1147,86.01271792299785,75.03971810597425,162,80.52621801448605,10,1,250,4
1148,86.00328647692358,75.03131002715018,162,80.51729825203688,10,1,250,4
1149,85.99360410435841,75.02425841367193,162,80.50893125901517,10,1,250,4
1150,85.98369686059166,75.01853458116925,162,80.50111572088045,10,1,250,4
1151,85.97359343844964,75.01409911741312,161,80.49384627793138,10,1,250,4
1152,85.96332454236764,75.01090226456425,162,80.48711340346594,10,1,250,4
1153,85.95292265567335,75.0088851592106,162,80.48090390744198,10,1,250,4
1154,85.94242142030302,75.00798212604029,163,80.47520177317165,10,1,250,4
1155,85.93185443336174,75.00812227040582,163,80.46998835188379,10,1,250,4
1156,85.92125385014046,75.00922988311324,164,80.46524186662685,10,1,250,4
1157,85.9106491832273,75.01122443882574,164,80.46093681102653,10,1,250,4
1158,85.90006668739332,75.0140205794067,164,80.45704363340002,10,1,250,4
1159,85.88952942734798,75.01752808345871,163,80.45352875540334,10,1,250,4
1160,85.87905783288218,75.02165250615664,164,80.45035516951941,10,1,250,4
1161,85.86867044841256,75.02629785630876,165,80.44748415236066,10,1,250,4
1162,85.85838448642902,75.03137072686907,164,80.44487760664904,10,1,250,4
1163,85.84821608700896,75.03678334437637,165,80.44249971569266,10,1,250,4
1164,85.83818047821373,75.04245485598825,166,80.440317667101,10,1,250,4
1165,85.82829223219323,75.04831202592933,166,80.43830212906128,10,1,250,4
1166,85.81856581183088,75.05428992783972,167,80.4364278698353,10,1,250,4
1167,85.80901640769703,75.06033263416133,168,80.43467452092918,10,1,250,4
1168,85.7996608700071,75.06639380603393,168,80.43302733802051,10,1,250,4
1169,85.7905185402684,75.07243698949773,170,80.43147776488306,10,1,250,4
1170,85.78161178727464,75.07843552118734,168,80.430023654231,10,1,250,4
1171,85.77296624714218,75.08437204408689,168,80.42866914561453,10,1,250,4
1172,85.76461096210838,75.09023773130195,170,80.42742434670517,10,1,250,4
1173,85.75657832015547,75.0960314131968,169,80.42630486667613,10,1,250,4
1174,85.74890340486363,75.10175870557724,170,80.42533105522043,10,1,250,4
1175,85.74162275498563,75.10743113894443,170,80.42452694696503,10,1,250,4
1176,85.73477292333355,75.11306538627437,168,80.42391915480397,10,1,250,4
1177,85.7283890294976,75.11868278422064,170,80.42353590685912,10,1,250,4
1178,85.72250330586763,75.12430904994845,170,80.42340617790805,10,1,250,4
1179,85.71714373396392,75.12997380312588,169,80.4235587685449,10,1,250,4
1180,85.7123329656416,75.1357097951313,169,80.42402138038645,10,1,250,4
1181,85.70808765878058,75.14155204007767,168,80.42481984942913,10,1,250,4
1182,85.7044183246489,75.14753665208504,168,80.42597748836697,10,1,250,4
1183,85.70132965416812,75.153698803079,168,80.42751422862355,10,1,250,4
1184,85.69882103030743,75.16006970303152,169,80.42944536666948,10,1,250,4
1185,85.6968870314572,75.16667299223226,168,80.43178001184472,10,1,250,4
1186,85.69551802332374,75.17352122787472,168,80.43451962559922,10,1,250,4
1187,85.69470080691318,75.1806134399886,168,80.43765712345089,10,1,250,4
1188,85.69441903014236,75.1879339516282,169,80.44117649088528,10,1,250,4
1189,85.69465329825564,75.19545187814074,168,80.4450525881982,10,1,250,4
1190,85.69538117837375,75.20312101316385,168,80.4492510957688,10,1,250,4
1191,85.6965771960127,75.21088010183448,169,80.45372864892359,10,1,250,4
1192,85.69821282392343,75.21865379452866,168,80.45843330922605,10,1,250,4
1193,85.7002564636493,75.22635486728021,168,80.46330566546476,10,1,250,4
1194,85.70267342024714,75.23388751495062,167,80.46828046759887,10,1,250,4
1195,85.7054259682008,75.24115074311291,167,80.47328835565685,10,1,250,4
1196,85.70847370413979,75.24804117737433,166,80.47825744075706,10,1,250,4
1197,85.71177418694904,75.25445490157932,167,80.48311454426418,10,1,250,4
1198,85.71528367082364,75.26028842402692,166,80.48778604742529,10,1,250,4
1199,85.71895783439685,75.26543935850222,166,80.49219859644953,10,1,250,4
1200,85.7227525066333,75.2698070167956,166,80.49627976171445,10,1,300,5
1201,85.72662429263006,75.27329271924624,166,80.49995850593815,10,1,300,5
1202,85.73053090490869,75.27580001995815,166,80.50316546243343,10,1,300,5
1203,85.73443120086553,75.27723543344128,165,80.5058333171534,10,1,300,5
1204,85.7382851221262,75.27750966417767,165,80.50789739315194,10,1,300,5
1205,85.7420536339904,75.27653875534695,165,80.50929619466868,10,1,300,5
1206,85.7456986655922,75.27424496303142,165,80.50997181431181,10,1,300,5
1207,85.74918305138596,75.27055755229097,164,80.50987030183846,10,1,300,5
1208,85.75247047455198,75.26541351630708,164,80.50894199542952,10,1,300,5
1209,85.75552541290278,75.25875802459313,163,80.50714171874796,10,1,300,5
1210,85.75831308785675,75.25054460124319,164,80.50442884454998,10,1,300,5
1211,85.76079941703432,75.2407352291599,164,80.50076732309711,10,1,300,5
1212,85.7629509710195,75.22930047852967,165,80.49612572477459,10,1,300,5
1213,85.764735032355,75.216219660137,165,80.490477346246,10,1,300,5
1214,85.7661199523637,75.20148100397628,165,80.48380047817,10,1,300,5
1215,85.76707570876832,75.18508186348244,166,80.47607878612538,10,1,300,5
1216,85.76757427445605,75.16702884801934,167,80.46730156123769,10,1,300,5
1217,85.76758970031744,75.14733768857973,167,80.45746369444859,10,1,300,5
1218,85.76709810766833,75.12603244645112,167,80.44656527705973,10,1,300,5
1219,85.76607778573121,75.10314347940893,167,80.43461063257007,10,1,300,5
1220,85.7645095896197,75.07870416508399,167,80.42160687735185,10,1,300,5
1221,85.76237744409002,75.0527469662716,166,80.40756220518081,10,1,300,5
1222,85.75966836813961,75.02529961798557,167,80.3924839930626,10,1,300,5
1223,85.75637202070372,74.99638241115342,166,80.37637721592857,10,1,300,5
1224,85.75248035287048,74.96600667006942,166,80.35924351146994,10,1,300,5
1225,85.74798746431483,74.93417364298459,168,80.3410805536497,10,1,300,5
1226,85.7428892739346,74.90087361059378,169,80.32188144226419,10,1,300,5
1227,85.7371828097043,74.86608560258051,169,80.30163420614241,10,1,300,5
1228,85.73086511780106,74.82977821006722,169,80.28032166393413,10,1,300,5
1229,85.72393198613666,74.7919120795067,168,80.25792203282168,10,1,300,5
1230,85.7163768725246,74.75244408848565,167,80.23441048050512,10,1,300,5
1231,85.70819013509973,74.71133261880662,167,80.20976137695317,10,1,300,5
1232,85.69935837001175,74.66854236687814,166,80.18395036844495,10,1,300,5
1233,85.68986395407713,74.62404615603366,166,80.15695505505539,10,1,300,5
1234,85.67968518274463,74.57782404392435,166,80.1287546133345,10,1,300,5
1235,85.66879690611344,74.52986284662163,167,80.09932987636753,10,1,300,5
1236,85.65717107812206,74.48015705512493,167,80.0686640666235,10,1,300,5
1237,85.64477712176097,74.42870997402886,167,80.03674354789491,10,1,300,5
1238,85.63158250088662,74.3755342045895,166,80.00355835273805,10,1,300,5
1239,85.61755359664575,74.32065088690477,167,79.96910224177526,10,1,300,5
1240,85.60265669393894,74.26408818870489,167,79.93337244132192,10,1,300,5
1241,85.5868589809122,74.20588060103708,166,79.89636979097463,10,1,300,5
1242,85.57012956200978,74.14606972317632,166,79.85809964259306,10,1,300,5
1243,85.55244029000593,74.08470634114586,166,79.81857331557589,10,1,300,5
1244,85.53376602730323,74.02185282380182,166,79.77780942555253,10,1,300,5
1245,85.51408453201404,73.95758407998149,166,79.73583430599777,10,1,300,5
1246,85.4933767495639,73.89198658804793,165,79.6926816688059,10,1,300,5
1247,85.47162760770526,73.8251562769858,166,79.64839194234553,10,1,300,5
1248,85.44882672997308,73.757196720782,165,79.60301172537754,10,1,300,5
1249,85.42496887272536,73.68821979042605,166,79.5565943315757,10,1,300,5
1250,85.40005428101387,73.61834807914265,167,79.50920118007826,10,1,300,5
1251,85.37408906090718,73.54771558774367,167,79.46090232432542,10,1,300,5
1252,85.34708556825933,73.4764655952719,165,79.41177558176562,10,1,300,5
1253,85.31906271628245,73.40474707839319,167,79.36190489733781,10,1,300,5
1254,85.29004600664186,73.33271114038804,168,79.31137857351496,10,1,300,5
1255,85.26006728378556,73.26050900803399,169,79.26028814590978,10,1,300,5
1256,85.22916440721326,73.18829178909981,169,79.20872809815654,10,1,300,5
1257,85.1973809387341,73.11621081763428,169,79.1567958781842,10,1,300,5
1258,85.16476584410948,73.04441741425154,170,79.1045916291805,10,1,300,5
1259,85.13137320839635,72.97306088863822,169,79.05221704851729,10,1,300,5
1260,85.09726196422884,72.90228536716636,170,78.9997736656976,10,1,300,5
1261,85.06249563219627,72.83222778418074,170,78.94736170818851,10,1,300,5
1262,85.02714207240011,72.76301771747802,171,78.89507989493907,10,1,300,5
1263,84.99127334373593,72.69477809046863,170,78.84302571710228,10,1,300,5
1264,84.95496586491447,72.62762595869287,171,78.79129591180367,10,1,300,5
1265,84.91830077855252,72.5616727935366,172,78.73998678604457,10,1,300,5
1266,84.88136412698002,72.49702416378955,172,78.68919414538479,10,1,300,5
1267,84.84424674096758,72.43377920348179,173,78.63901297222469,10,1,300,5
1268,84.80704403513363,72.37203005943424,173,78.58953704728393,10,1,300,5
1269,84.76985570862296,72.31186131696549,173,78.54085851279422,10,1,300,5
1270,84.73278515448325,72.25334949984241,174,78.49306732716283,10,1,300,5
1271,84.69593847863777,72.19656283821493,174,78.44625065842635,10,1,300,5
1272,84.65942312683339,72.14156120581451,174,78.40049216632394,10,1,300,5
1273,84.62334631299777,72.08839583523822,174,78.355871074118,10,1,300,5
1274,84.58781363751432,72.0371088103939,175,78.3124612239541,10,1,300,5
1275,84.55292799128806,71.98773272543922,174,78.27033035836364,10,1,300,5
1276,84.51878854886202,71.94029070462437,175,78.22953962674319,10,1,300,5
1277,84.48548994652154,71.89479678253018,174,78.19014336452585,10,1,300,5
1278,84.45312203401872,71.85125654680115,174,78.15218929040994,10,1,300,5
1279,84.42177000337752,71.80966784807873,175,78.11571892572812,10,1,300,5
1280,84.39151411307509,71.77002147950547,174,78.08076779629027,10,1,300,5
1281,84.3624289087289,71.73230182582877,173,78.04736536727884,10,1,300,5
1282,84.33458252425771,71.6964875797784,173,78.01553505201807,10,1,300,5
1283,84.30803635496626,71.66255272102777,174,77.98529453799702,10,1,300,5
1284,84.2828451014927,71.63046756299185,175,77.95665633224228,10,1,300,5
1285,84.25905698858882,71.60019928264522,174,77.92962813561702,10,1,300,5
1286,84.23671376773446,71.57171193381895,174,77.9042128507767,10,1,300,5
1287,84.21585040529004,71.54496652970373,174,77.88040846749689,10,1,300,5
1288,84.19649465059516,71.5199213901909,175,77.85820802039302,10,1,300,5
1289,84.1786667760929,71.49653255958556,176,77.83759966783923,10,1,300,5
1290,84.16237987923692,71.47475410026733,176,77.81856698975213,10,1,300,5
1291,84.1476405507836,71.45453806791103,176,77.80108930934732,10,1,300,5
1292,84.13444912891322,71.43583426651973,176,77.78514169771648,10,1,300,5
1293,84.1227994415326,71.41859017416404,176,77.77069480784832,10,1,300,5
1294,84.11267862201525,71.40275123528274,175,77.757714928649,10,1,300,5
1295,84.10406729110629,71.38826152036259,175,77.74616440573445,10,1,300,5
1296,84.09694010519196,71.37506446123562,175,77.7360022832138,10,1,300,5
1297,84.09126647614491,71.3631030776466,175,77.72718477689575,10,1,300,5
1298,84.08701107296258,71.35231969597149,175,77.71966538446704,10,1,300,5
1299,84.08413410566433,71.34265574619316,175,77.71339492592875,10,1,300,5
1300,84.0825917821549,71.33405193064358,176,77.70832185639924,10,1,300,5
1301,84.0823369386788,71.32644876542497,176,77.70439285205188,10,1,300,5
1302,84.08331945440095,71.31978730035968,175,77.70155337738032,10,1,300,5
1303,84.08548645084655,71.31400962824814,176,77.69974803954734,10,1,300,5
1304,84.08878266712374,71.30905908681518,175,77.69892087696945,10,1,300,5
1305,84.09315110928742,71.30488034931822,175,77.69901572930283,10,1,300,5
1306,84.09853377962976,71.30141950223708,175,77.69997664093341,10,1,300,5
1307,84.10487238924544,71.29862411090781,175,77.70174825007663,10,1,300,5
1308,84.1121090547712,71.29644317640597,175,77.70427611558858,10,1,300,5
1309,84.12018678513213,71.29482678942607,175,77.7075067872791,10,1,300,5
1310,84.12904936905126,71.29372567702765,175,77.71138752303946,10,1,300,5
1311,84.13864076174832,71.29309122824498,175,77.71586599499665,10,1,300,5
1312,84.14890455692468,71.29287619440093,174,77.7208903756628,10,1,300,5
1313,84.15978364244883,71.29303586980656,174,77.7264097561277,10,1,300,5
1314,84.17121965048247,71.2935293634312,174,77.73237450695683,10,1,300,5
1315,84.18315220294234,71.2943203770162,172,77.73873628997927,10,1,300,5
1316,84.19551834335824,71.29537729519242,172,77.74544781927534,10,1,300,5
1317,84.20825225360943,71.29667278323917,172,77.7524625184243,10,1,300,5
1318,84.22128506145258,71.2981831855885,172,77.75973412352053,10,1,300,5
1319,84.23454483740585,71.29988811564914,172,77.7672164765275,10,1,300,5
1320,84.24795717220701,71.30177013978692,173,77.77486365599697,10,1,300,5
1321,84.2614463359712,71.30381397056723,173,77.78263015326922,10,1,300,5
1322,84.27493663007202,71.3060050719948,173,77.7904708510334,10,1,300,5
1323,84.28835383537415,71.30832806712847,173,77.7983409512513,10,1,300,5
1324,84.30162695302931,71.3107653189538,173,77.80619613599156,10,1,300,5
1325,84.31468994636535,71.31329601641609,175,77.81399298139073,10,1,300,5
1326,84.32748270469138,71.3158957268893,175,77.82168921579034,10,1,300,5
1327,84.33995123005681,71.31853606426523,175,77.82924364716102,10,1,300,5
1328,84.35204782820239,71.32118433648952,176,77.83661608234596,10,1,300,5
1329,84.36373149960836,71.32380321200425,176,77.8437673558063,10,1,300,5
1330,84.37496814120837,71.32635056166741,174,77.85065935143788,10,1,300,5
1331,84.38573046186372,71.32877971081902,174,77.85725508634137,10,1,300,5
1332,84.39599780721774,71.33104006313492,173,77.86351893517633,10,1,300,5
1333,84.40575569928562,71.33307784339884,173,77.86941677134223,10,1,300,5
1334,84.41499450587608,71.3348367453976,173,77.87491562563685,10,1,300,5
1335,84.42370763023185,71.33625829070223,173,77.87998296046703,10,1,300,5
1336,84.43189058658439,71.33728209428976,173,77.88458634043707,10,1,300,5
1337,84.43954096174056,71.33784662314605,173,77.8886937924433,10,1,300,5
1338,84.44665789725528,71.33789044877857,172,77.89227417301692,10,1,300,5
1339,84.45324079961694,71.33735340934514,172,77.89529710448105,10,1,300,5
1340,84.45928805875577,71.33617758480506,173,77.89773282178041,10,1,300,5
1341,84.46479606749419,71.3343084761816,173,77.8995522718379,10,1,300,5
1342,84.46975834688531,71.33169629230278,172,77.90072731959404,10,1,300,5
1343,84.47416487505367,71.32829675964548,172,77.90123081734959,10,1,300,5
1344,84.4780020098323,71.32407135851818,172,77.90103668417524,10,1,300,5
1345,84.48125300535303,71.31898737641461,173,77.90012019088383,10,1,300,5
1346,84.4838987326112,71.31301787667458,172,77.89845830464289,10,1,300,5
1347,84.48591821410228,71.30614138789146,173,77.89602980099687,10,1,300,5
1348,84.4872885826965,71.298341216953,173,77.89281489982474,10,1,300,5
1349,84.48798466015795,71.2896043860563,173,77.88879452310712,10,1,300,5
1350,84.48797893595521,71.27992048657264,173,77.88394971126392,10,1,300,5
1351,84.48724204429205,71.26928103518904,174,77.87826153974055,10,1,300,5
1352,84.48574315456916,71.25767952756527,174,77.87171134106723,10,1,300,5
1353,84.4834500806604,71.24511199456673,174,77.86428103761357,10,1,300,5
1354,84.48032930455562,71.23157767102718,174,77.8559534877914,10,1,300,5
1355,84.47634581732873,71.21707919188329,173,77.84671250460602,10,1,300,5
1356,84.47146238779743,71.20162231569117,173,77.8365423517443,10,1,300,5
1357,84.4656387471204,71.18521576070104,175,77.82542725391072,10,1,300,5
1358,84.45883205546534,71.1678713484729,175,77.81335170196911,10,1,300,5
1359,84.45099855383698,71.14960425982444,174,77.80030140683071,10,1,300,5
1360,84.44209484110299,71.13043311030992,173,77.78626397570645,10,1,300,5
1361,84.43207838673264,71.11037945483415,173,77.77122892078339,10,1,300,5
1362,84.42090806022296,71.08946672112278,173,77.75518739067286,10,1,300,5
1363,84.40854477541511,71.06771896189348,173,77.73813186865429,10,1,300,5
1364,84.3949516651232,71.04515971798716,173,77.72005569155519,10,1,300,5
1365,84.38009378668396,71.02181118714941,173,77.70095248691669,10,1,300,5
1366,84.36393794421967,70.99769360055063,173,77.68081577238516,10,1,300,5
1367,84.34645272569733,70.97282441654505,173,77.65963857112119,10,1,300,5
1368,84.32760836515793,70.94721752644597,174,77.63741294580194,10,1,300,5
1369,84.30737633307183,70.92088325238174,174,77.61412979272679,10,1,300,5
1370,84.28572885035953,70.89382923455183,174,77.58977904245569,10,1,300,5
1371,84.26263861913385,70.86606162245515,174,77.5643501207945,10,1,300,5
1372,84.23807916074293,70.83758627734011,174,77.53783271904152,10,1,300,5
1373,84.21202585907288,70.80840998578583,175,77.51021792242935,10,1,300,5
1374,84.18445751444362,70.77854158678511,175,77.48149955061436,10,1,300,5
1375,84.15535821340582,70.74799281714287,175,77.45167551527435,10,1,300,5
1376,84.1247193196984,70.71677877750994,175,77.42074904860416,10,1,300,5
1377,84.09254119644142,70.68491801886502,175,77.38872960765322,10,1,300,5
1378,84.05883407442602,70.65243244428036,176,77.3556332593532,10,1,300,5
1379,84.023618066489007,70.61934741582566,176,77.32148274115733,10,1,300,5
1380,83.98692291307209,70.58569206626726,176,77.28630748966967,10,1,300,5
1381,83.94878765373983,70.55149942502152,176,77.25014353938067,10,1,300,5
1382,83.90926002910875,70.51680626036327,175,77.21303314473602,10,1,300,5
1383,83.86839580764696,70.48165283243199,175,77.17502432003948,10,1,300,5
1384,83.82625862181935,70.44608275154262,175,77.13617068668098,10,1,300,5
1385,83.7829203127093,70.41014313627564,175,77.09653172449246,10,1,300,5
1386,83.73846119690644,70.37388497313582,176,77.05617308502113,10,1,300,5
1387,83.6929701570014,70.33736328688359,175,77.01516672194249,10,1,300,5
1388,83.64654494457645,70.30063702319875,175,76.97359098388759,10,1,300,5
1389,83.59929249922376,70.26376883789031,175,76.93153066855703,10,1,300,5
1390,83.5513285017619,70.22682479173424,175,76.88907664674807,10,1,300,5
1391,83.50277606244923,70.18987375489192,176,76.84632490867057,10,1,300,5
1392,83.45376412762892,70.1529866174116,176,76.80337537252026,10,1,300,5
1393,83.40442570044009,70.11623569487256,176,76.76033069765631,10,1,300,5
1394,83.35489548345332,70.07969432807744,175,76.71729490576539,10,1,300,5
1395,83.3053069411732,70.04343628555431,174,76.67437161336375,10,1,300,5
1396,83.25578917047207,70.00753487019983,174,76.63166202033595,10,1,300,5
1397,83.2064638695113,69.97206192397623,174,76.58926289674376,10,1,300,5
1398,83.15744259824555,69.93708682704663,173,76.5472647126461,10,1,300,5
1399,83.10882452369643,69.90267549022064,174,76.50575000695854,10,1,300,5
1400,83.06069484331393,69.8688893396428,173,76.46479209147836,10,1,300,5
1401,83.0131238848903,69.83578429273271,172,76.4244540888115,10,1,300,5
1402,82.9661666866621,69.80340972442649,173,76.3847882055443,10,1,300,5
1403,82.91986295897762,69.77180742282508,173,76.34583519090134,10,1,300,5
1404,82.8742374266563,69.74101072855875,172,76.30762407760753,10,1,300,5
1405,82.82930074648931,69.71104424739514,173,76.27017249694222,10,1,300,5
1406,82.78505138964643,69.68192423312371,173,76.23348781138506,10,1,300,5
1407,82.74147839126489,69.6536594452578,173,76.19756891826134,10,1,300,5
1408,82.69856438197813,69.62625218867174,173,76.16240828532494,10,1,300,5
1409,82.65628831630944,69.59969914485524,172,76.12799373058235,10,1,300,5
1410,82.61462731298046,69.57399199473505,172,76.09430965385775,10,1,300,5
1411,82.57355750992032,69.54911822326912,173,76.06133786659473,10,1,300,5
1412,82.53305432446878,69.52506171579324,172,76.029058020131,10,1,300,5
1413,82.49309241175145,69.5018019758667,172,75.99744719380908,10,1,300,5
1414,82.45364551668243,69.4793121599532,173,75.96647883831781,10,1,300,5
1415,82.4146863175271,69.45755748987521,173,75.93612190370115,10,1,300,5
1416,82.37618626143578,69.43649453115934,173,75.90634039629757,10,1,300,5
1417,82.33811539236856,69.41607075259148,174,75.87709307248002,10,1,300,5
1418,82.3004421718435,69.39622417258389,174,75.8483331722137,10,1,300,5
1419,82.26313358559919,69.37688328824838,174,75.82000843692379,10,1,300,5
1420,82.22615612192267,69.35796738567942,174,75.79206175380105,10,1,300,5
1421,82.18947771968597,69.33938723256028,175,75.76443247612312,10,1,300,5
1422,82.15307029641124,69.32104664203332,175,75.73705846922229,10,1,300,5
1423,82.11691227161546,69.30284588458724,176,75.70987907810135,10,1,300,5
1424,82.08099030558151,69.28468636422141,175,75.68283833490146,10,1,300,5
1425,82.04530005881485,69.26647441460415,176,75.6558872367095,10,1,300,5
1426,82.00984636253119,69.24812353396877,175,75.62898494824998,10,1,300,5
1427,81.97464309284894,69.22955584046305,175,75.602099466656,10,1,300,5
1428,81.93971294368367,69.2107032369699,175,75.57520809032678,10,1,300,5
1429,81.90508700058669,69.19150848169198,174,75.54829774113934,10,1,300,5
1430,81.87080372501849,69.17192606802632,175,75.52136489652241,10,1,300,5
1431,81.83690744612339,69.15192252447213,175,75.49441498529777,10,1,300,5
1432,81.80344694466147,69.13147613527967,176,75.46746153997057,10,1,300,5
1433,81.7704743234959,69.1105764725078,175,75.44052539800185,10,1,300,5
1434,81.73804396879707,69.08922403244048,175,75.41363400061877,10,1,300,5
1435,81.70621160114321,69.06743017159907,175,75.38682088637114,10,1,300,5
1436,81.67503361073324,69.04521714726432,176,75.36012537899879,10,1,300,5
1437,81.6445666758548,69.02261767710081,176,75.33359217647781,10,1,300,5
1438,81.61486746868842,68.99967352986073,176,75.30727049927458,10,1,300,5
1439,81.58599254510894,68.976432756539225,177,75.28121265082407,10,1,300,5
1440,81.55799880772919,68.95294614658067,178,75.25547247715494,10,1,300,5
1441,81.53094434622025,68.92926446900157,179,75.23010440761091,10,1,300,5
1442,81.50488887372751,68.90543698533037,179,75.20516292952894,10,1,300,5
1443,81.47989356340092,68.88151064833926,179,75.1807021058701,10,1,300,5
1444,81.45602067425213,68.85752959566167,179,75.1567751349569,10,1,300,5
1445,81.43333306292236,68.83353474252536,178,75.13343390272385,10,1,300,5
1446,81.41189338532176,68.80956288770022,179,75.110728136511,10,1,300,5
1447,81.39176298715812,68.78564435664182,179,75.08870367189996,10,1,300,5
1448,81.3730006774424,68.76180025417564,179,75.06740046580902,10,1,300,5
1449,81.35566148156666,68.73804244746094,179,75.04685196451379,10,1,300,5
1450,81.3397953730759,68.71437618136929,180,75.0270857772226,10,1,300,5
1451,81.32544617836446,68.69080200980983,179,75.00812409408715,10,1,300,5
1452,81.31265104365343,68.66731606753154,179,74.98998355559249,10,1,300,5
1453,81.3014403660265,68.64391004790795,180,74.97267520696722,10,1,300,5
1454,81.29183760273,68.62057166705858,180,74.95620463489429,10,1,300,5
1455,81.2838590558001,68.59728580950487,181,74.94057243265249,10,1,300,5
1456,81.27751441193924,68.57403664815803,179,74.92577553004864,10,1,300,5
1457,81.27280793984733,68.55081112901647,179,74.9118095344319,10,1,300,5
1458,81.26973936948924,68.52760304049863,179,74.89867120499395,10,1,300,5
1459,81.26830406308176,68.50441571683731,179,74.88635988995954,10,1,300,5
1460,81.26849267287453,68.48126240023826,179,74.8748775365564,10,1,300,5
1461,81.27029038332849,68.45816426174832,178,74.8642273225384,10,1,300,5
1462,81.27367573782853,68.4351465683284,179,74.85441115307847,10,1,300,5
1463,81.27861924525004,68.41223397120362,179,74.84542660822683,10,1,300,5
1464,81.28508215689781,68.38944559789114,180,74.83726387739448,10,1,300,5
1465,81.29301560936625,68.36679033770284,180,74.82990297353454,10,1,300,5
1466,81.30236013391747,68.34426300321863,179,74.82331156856804,10,1,300,5
1467,81.3130457282152,68.32184234299508,179,74.81744403560515,10,1,300,5
1468,81.32499288150008,68.29949080806983,178,74.81224184478495,10,1,300,5
1469,81.3381143592119,68.27715490215067,179,74.80763463068129,10,1,300,5
1470,81.35231696796922,68.25476601853674,178,74.80354149325298,10,1,300,5
1471,81.36750291210359,68.2322427399732,178,74.7998728260384,10,1,300,5
1472,81.38357074320693,68.20949460249207,179,74.79653267284951,10,1,300,5
1473,81.40041600176141,68.18642634910742,178,74.79342117543442,10,1,300,5
1474,81.41793174751676,68.16294218705718,178,74.79043696728698,10,1,300,5
1475,81.43600907776926,68.1389500500448,178,74.78747956390703,10,1,300,5
1476,81.4545376351776,68.11436557432764,178,74.78445160475262,10,1,300,5
1477,81.47340591173206,68.08911520482815,178,74.78126055828011,10,1,300,5
1478,81.49250096046848,68.06313833502429,177,74.77781964774638,10,1,300,5
1479,81.5117076142129,68.03638887190857,178,74.77404824306073,10,1,300,5
1480,81.53090779834025,68.00883651956408,176,74.76987215895217,10,1,300,5
1481,81.54998032949314,67.98046797713874,176,74.76522415331594,10,1,300,5
1482,81.56880139717636,67.95128756399419,176,74.76004448058526,10,1,300,5
1483,81.58724553504327,67.92131610178805,176,74.75428081841565,10,1,300,5
1484,81.60518649858345,67.89058805343052,177,74.74788727600699,10,1,300,5
1485,81.62249766101988,67.85914808905724,176,74.74082287503856,10,1,300,5
1486,81.63905173431084,67.82704766372993,176,74.73304969902038,10,1,300,5
1487,81.65472001230674,67.79434160619405,177,74.7245308092504,10,1,300,5
1488,81.66937172326887,67.76108471791746,177,74.71522822059316,10,1,300,5
1489,81.68287378637109,67.72732838158052,175,74.7051010839758,10,1,300,5
1490,81.69509097422744,67.69311717818942,176,74.69410407620843,10,1,300,5
1491,81.70588628844939,67.65848551203669,176,74.68218590024304,10,1,300,5
1492,81.71512116019703,67.62345473052633,177,74.66928794536167,10,1,300,5
1493,81.7226555754038,67.58803171372206,177,74.65534364456293,10,1,300,5
1494,81.72834871206625,67.55220893329626,177,74.64027882268125,10,1,300,5
1495,81.73206018930685,67.5159650053993,177,74.62401259735307,10,1,300,5
1496,81.73365154022528,67.47926573756189,176,74.60645863889359,10,1,300,5
1497,81.73298771563793,67.44206664532939,175,74.58752718048366,10,1,300,5
1498,81.72993862087012,67.4043165489986,175,74.56712758493435,10,1,300,5
1499,81.7243806877111,67.36596049546375,174,74.54517059158744,10,1,300,5
1500,81.7161984835651,67.32694151825399,174,74.52157000090955,10,1,350,6
1501,81.705286164634785,67.28720201687722,174,74.496244090756,10,1,350,6
1502,81.69154838475475,67.24668514649252,175,74.46911676562364,10,1,350,6
1503,81.67490075904753,67.20533621881341,176,74.44011848893047,10,1,350,6
1504,81.65527046911669,67.1631042126618,175,74.40918734088925,10,1,350,6
1505,81.6325973037037,67.11994359008585,176,74.37627044689478,10,1,350,6
1506,81.60683513593723,67.0758159311446,175,74.34132553354092,10,1,350,6
1507,81.57795354549515,67.03069021762782,177,74.30432188156149,10,1,350,6
1508,81.54593900117189,66.98454235153068,177,74.26524067635128,10,1,350,6
1509,81.51079560432407,66.93735624964506,178,74.22407592698457,10,1,350,6
1510,81.47254597862944,66.88912661216384,179,74.18083629539663,10,1,350,6
1511,81.43123230607327,66.83986121970956,178,74.13554676289141,10,1,350,6
1512,81.3869169235416,66.78958217363046,178,74.08824954858603,10,1,350,6
1513,81.33968218675099,66.73832705480525,179,74.03900462077812,10,1,350,6
1514,81.28962960058762,66.68614990306725,179,73.98788975182742,10,1,350,6
1515,81.23687831212058,66.6331208462089,180,73.93499957916474,10,1,350,6
1516,81.18156315975884,66.5793243777265,181,73.88044376874267,10,1,350,6
1517,81.1238326668509,66.52485745266841,181,73.82434505975965,10,1,350,6
1518,81.06384756288325,66.46982759536242,183,73.76683757912284,10,1,350,6
1519,81.00177973243532,66.4143502372371,182,73.70806498483621,10,1,350,6
1520,80.93781080907468,66.35854557569516,183,73.64817819238492,10,1,350,6
1521,80.87213041151368,66.30253631777772,182,73.5873333646457,10,1,350,6
1522,80.80493479950785,66.24644659936163,182,73.52569069943473,10,1,350,6
1523,80.73642614163396,66.19040129766672,183,73.46341371965033,10,1,350,6
1524,80.66681200176238,66.134525442534,184,73.4006687221482,10,1,350,6
1525,80.59630474845773,66.07894391963168,183,73.3376243340447,10,1,350,6
1526,80.52512068897187,66.02378136611202,183,73.27445102754194,10,1,350,6
1527,80.45347882698593,65.96916186661247,185,73.2113203467992,10,1,350,6
1528,80.38159924076514,65.91520835010793,183,73.14840379543654,10,1,350,6
1529,80.30970127339307,65.86204188073897,184,73.08587157706603,10,1,350,6
1530,80.23800192177819,65.80978084071063,185,73.02389138124441,10,1,350,6
1531,80.16671442101486,65.75853980833693,184,72.9626271146759,10,1,350,6
1532,80.09604663059514,65.7084280318567,185,72.90223733122592,10,1,350,6
1533,80.02619921917095,65.65954749721459,185,72.84287335819278,10,1,350,6
1534,79.95736403479505,65.61199078318171,184,72.78467740898839,10,1,350,6
1535,79.8897228525863,65.56583909239922,185,72.72778097249275,10,1,350,6
1536,79.823446496805,65.52116065200164,185,72.67230357440332,10,1,350,6
1537,79.75869413943684,65.47800948258049,186,72.61835181100867,10,1,350,6
1538,79.69561238251157,65.436424631968407,186,72.56601850723999,10,1,350,6
1539,79.63433412167966,65.39643006806375,186,72.51538209487171,10,1,350,6
1540,79.57497757888123,65.35803523007964,185,72.46650640448044,10,1,350,6
1541,79.51764589218415,65.32123604276731,186,72.41944096747574,10,1,350,6
1542,79.46242765112248,65.28601629593044,185,72.37422197352646,10,1,350,6
1543,79.40939818085751,65.25234938929796,186,72.33087378507773,10,1,350,6
1544,79.3586207934672,65.22020034545162,185,72.2894105694594,10,1,350,6
1545,79.31014761502837,65.1895278961062,186,72.24983775556728,10,1,350,6
1546,79.26401998749697,65.16028644719303,184,72.21215321734499,10,1,350,6
1547,79.22026863964146,65.13242772831862,185,72.17634818398004,10,1,350,6
1548,79.17891401652608,65.10590193223311,186,72.1424079743796,10,1,350,6
1549,79.13996686459762,65.08065814998116,186,72.1103125072894,10,1,350,6
1550,79.10342887698042,65.05664429758083,186,72.08003658728063,10,1,350,6
1551,79.06929330127113,65.03380712024043,185,72.05155021075578,10,1,350,6
1552,79.03754550980211,65.01209256753341,186,72.02481903866777,10,1,350,6
1553,79.00816343493838,64.99144654035969,186,71.99980498764904,10,1,350,6
1554,78.98111767456153,64.97181591299491,185,71.97646679377823,10,1,350,6
1555,78.95637136562011,64.95314963599274,186,71.95476050080643,10,1,350,6
1556,78.93388021634921,64.93539972568875,186,71.93463997101898,10,1,350,6
1557,78.9135927952704,64.91852194602339,186,71.9160573706469,10,1,350,6
1558,78.89545088258916,64.90247608589164,186,71.8989634842404,10,1,350,6
1559,78.879389787254,64.88722583270763,185,71.8833078099808,10,1,350,6
1560,78.86533863058334,64.87273824281274,186,71.86903843669805,10,1,350,6
1561,78.85322059746751,64.85898280929794,186,71.85610170338273,10,1,350,6
1562,78.84295315625002,64.84593032283333,186,71.84444173954168,10,1,350,6
1563,78.83444834602096,64.83355191613322,185,71.83400013107709,10,1,350,6
1564,78.82761332768,64.8218183900484,187,71.82471585886421,10,1,350,6
1565,78.82235120013718,64.81069962665478,184,71.81652541339598,10,1,350,6
1566,78.81856188802257,64.80016408980607,186,71.80936298891433,10,1,350,6
1567,78.8161430048817,64.79017860872598,186,71.80316080680385,10,1,350,6
1568,78.81499069342648,64.780708445141,186,71.79784956928374,10,1,350,6
1569,78.81500044442585,64.77171744938457,188,71.79335894690522,10,1,350,6
1570,78.81606789582025,64.76316830601348,186,71.78961810091687,10,1,350,6
1571,78.81808961367783,64.7550230645852,186,71.78655633913152,10,1,350,6
1572,78.82096385662929,64.74724385863112,187,71.78410385763021,10,1,350,6
1573,78.8245912278616,64.73979342323946,187,71.78219232555054,10,1,350,6
1574,78.82887502118143,64.73263521674805,187,71.78075511896475,10,1,350,6
1575,78.83372116516117,64.72573314712766,188,71.77972715614442,10,1,350,6
1576,78.83903776687694,64.71905100117914,189,71.77904438402804,10,1,350,6
1577,78.8447345493179,64.71255177221322,189,71.77864316076557,10,1,350,6
1578,78.8507227691199,64.70619708186251,188,71.7784599254912,10,1,350,6
1579,78.85691561603318,64.69994689166457,188,71.77843125384888,10,1,350,6
1580,78.86322851029111,64.69375940747369,189,71.7784939588824,10,1,350,6
1581,78.8695790066247,64.68759078718415,187,71.77858489690442,10,1,350,6
1582,78.8758863062439,64.68139455488325,187,71.77864043056357,10,1,350,6
1583,78.88207047561177,64.6751209171949,187,71.77859569640333,10,1,350,6
1584,78.88805156835028,64.66871617761562,186,71.77838387298294,10,1,350,6
1585,78.89374884660351,64.66212244469654,185,71.77793564565002,10,1,350,6
1586,78.8990802981837,64.65527773244723,187,71.77717901531547,10,1,350,6
1587,78.90396254829959,64.64811645386426,187,71.77603950108193,10,1,350,6
1588,78.90831116714782,64.64057021101192,187,71.77444068907987,10,1,350,6
1589,78.91204127713014,64.632568687601065,186,71.7723049823656,10,1,350,6
1590,78.91506826593778,64.62404074266973,186,71.76955450430376,10,1,350,6
1591,78.91730870436513,64.61491609661245,186,71.7661124004888,10,1,350,6
1592,78.91868186032444,64.60512761064781,185,71.76190473548613,10,1,350,6
1593,78.9191114201932,64.59461377063047,184,71.75686259541183,10,1,350,6
1594,78.91852624826666,64.58332088854928,184,71.75092356840797,10,1,350,6
1595,78.91685999042879,64.57120443745453,184,71.74403221394167,10,1,350,6
1596,78.914050303486,64.55822932557754,185,71.73613981453177,10,1,350,6
1597,78.91003810136323,64.54436930540706,184,71.72720370338514,10,1,350,6
1598,78.90476681912648,64.5296058108818,184,71.71718631500414,10,1,350,6
1599,78.8981818908236,64.51392661326156,185,71.70605425204258,10,1,350,6
1600,78.89023083217351,64.49732439350497,184,71.69377761283924,10,1,350,6
1601,78.88086373388323,64.47979503626985,185,71.68032938507653,10,1,350,6
1602,78.87003338612116,64.46133584074238,185,71.66568461343178,10,1,350,6
1603,78.85769523000398,64.44194423361807,184,71.64981973181102,10,1,350,6
1604,78.84380830727862,64.42161727690157,185,71.6327127920901,10,1,350,6
1605,78.82833720887987,64.40035197055437,184,71.61434458971712,10,1,350,6
1606,78.81125385252821,64.37814605741904,184,71.59469995497363,10,1,350,6
1607,78.79253860222008,64.35499874524581,185,71.57376867373294,10,1,350,6
1608,78.77218092512666,64.3309111507792,186,71.55154603795293,10,1,350,6
1609,78.75017978128142,64.30588666098562,186,71.52803322113351,10,1,350,6
1610,78.72654394128948,64.27993121140123,186,71.50323757634536,10,1,350,6
1611,78.70129223207252,64.25305328647387,186,71.4771727592732,10,1,350,6
1612,78.67445351543876,64.22526344672698,186,71.44985848108287,10,1,350,6
1613,78.6460662041054,64.19657318753059,186,71.421319695818,10,1,350,6
1614,78.61617711964034,64.16699322686277,185,71.39158517325156,10,1,350,6
1615,78.5848398868117,64.13653161206128,185,71.36068574943648,10,1,350,6
1616,78.55211344887155,64.10519193802759,185,71.32865269344957,10,1,350,6
1617,78.51806099555607,64.07297187183593,185,71.29551643369601,10,1,350,6
1618,78.48274930286067,64.03986208123845,186,71.26130569204956,10,1,350,6
1619,78.44624828853772,64.00584556711877,187,71.22604692782824,10,1,350,6
1620,78.40863039216467,63.97089749758053,186,71.1897639448726,10,1,350,6
1621,78.36996968116789,63.93498573900183,185,71.15247771008487,10,1,350,6
1622,78.33034087673545,63.89807218197823,186,71.11420652935684,10,1,350,6
1623,78.28981849352735,63.860114862660524,187,71.07496667809394,10,1,350,6
1624,78.24847628708042,63.82107048991476,187,71.0347733884976,10,1,350,6
1625,78.20638720283598,63.780896598623386,188,70.99364190072968,10,1,350,6
1626,78.16362402075572,63.739553134707286,188,70.9515885777315,10,1,350,6
1627,78.12026040176767,63.69700386267722,187,70.90863213222244,10,1,350,6
1628,78.07637155455228,63.65321769387197,187,70.86479462421212,10,1,350,6
1629,78.03203432643474,63.60816974086671,188,70.82010203365073,10,1,350,6
1630,77.98732710739694,63.56184209852846,189,70.7745846029627,10,1,350,6
1631,77.9423297410973,63.51422454717275,189,70.72827714413502,10,1,350,6
1632,77.89712344166074,63.46531517809519,188,70.68121930987796,10,1,350,6
1633,77.85179071498584,63.41512074656109,188,70.63345573077346,10,1,350,6
1634,77.80641528330267,63.36365675228009,188,70.58503601779138,10,1,350,6
1635,77.761081816615,63.310947442331475,187,70.53601462947324,10,1,350,6
1636,77.71587507956454,63.25702593136964,187,70.48645050546709,10,1,350,6
1637,77.67087849240957,63.20193463380231,187,70.43640656310595,10,1,350,6
1638,77.62617249497993,63.14572590988154,188,70.38594920243074,10,1,350,6
1639,77.58183300492597,63.088462534890056,188,70.33514776990802,10,1,350,6
1640,77.53793016406077,63.03021769799457,187,70.28407393102768,10,1,350,6
1641,77.49452737162001,62.97107433472242,186,70.23280085317121,10,1,350,6
1642,77.45168040831086,62.91112408453921,188,70.18140224642504,10,1,350,6
1643,77.40943684524643,62.850466652535374,187,70.1299517488909,10,1,350,6
1644,77.36783632209958,62.789209476253156,187,70.07852289917636,10,1,350,6
1645,77.32691179126012,62.72746672072028,187,70.0271892559902,10,1,350,6
1646,77.2866913372238,62.665357502485634,187,69.97602441985472,10,1,350,6
1647,77.24720018054877,62.603004121198005,187,69.92510215087339,10,1,350,6
1648,77.20846247579732,62.54053058949751,188,69.87449653264741,10,1,350,6
1649,77.17050261043295,62.47806126424365,186,69.8242819373383,10,1,350,6
1650,77.13334580916943,62.41571928454039,186,69.77453254685491,10,1,350,6
1651,77.09701794585071,62.353624424479065,186,69.72532118516489,10,1,350,6
1652,77.06154456251424,62.29189026115466,187,69.67671741183446,10,1,350,6
1653,77.02694948539946,62.23062085118005,188,69.62878516828975,10,1,350,6
1654,76.99325381778542,62.16990759671703,188,69.58158070725122,10,1,350,6
1655,76.96047550435028,62.10982746988434,187,69.5351514871173,10,1,350,6
1656,76.92862907656858,62.05044288674099,187,69.48953598165478,10,1,350,6
1657,76.89772548133982,61.99180264440778,189,69.4447640628738,10,1,350,6
1658,76.86777218772428,61.93394333511938,189,69.40085776142183,10,1,350,6
1659,76.8387735716221,61.87689065121979,187,69.35783211142095,10,1,350,6
1660,76.81073138318916,61.82066038544809,188,69.31569588431863,10,1,350,6
1661,76.78364529691821,61.76525932117756,188,69.27445230904789,10,1,350,6
1662,76.75751373943982,61.71068610989041,188,69.23409992466512,10,1,350,6
1663,76.73233470241968,61.65693213577553,188,69.1946334190976,10,1,350,6
1664,76.70810576023923,61.60398246500297,188,69.1560441126211,10,1,350,6
1665,76.6848233900268,61.551817074881335,187,69.11832023245407,10,1,350,6
1666,76.66248256948494,61.50041265572894,188,69.08144761260694,10,1,350,6
1667,76.64107704273019,61.44974537589302,188,69.04541120931161,10,1,350,6
1668,76.62060005913537,61.399794220112085,187,69.01019713962373,10,1,350,6
1669,76.60104548773,61.350543731137655,186,68.97579460943383,10,1,350,6
1670,76.58240930727075,61.30198576477517,186,68.94219753602296,10,1,350,6
1671,76.56469098437191,61.25412064870712,185,68.90940581653952,10,1,350,6
1672,76.54789376434515,61.20695784274872,186,68.87742580354694,10,1,350,6
1673,76.53202358214727,61.160515905454204,185,68.84626974380075,10,1,350,6
1674,76.51708698358168,61.114821864465846,184,68.81595442402376,10,1,350,6
1675,76.50308844682763,61.06991038047177,186,68.7864994136497,10,1,350,6
1676,76.49002749432995,61.02582250928554,185,68.75792500180775,10,1,350,6
1677,76.47789598513702,60.98260328122252,185,68.73024963317977,10,1,350,6
1678,76.46667597787432,60.940298389758475,184,68.70348718381639,10,1,350,6
1679,76.45633816451164,60.89895135430232,185,68.67764475940697,10,1,350,6
1680,76.44684048508823,60.85860164408218,185,68.65272106458521,10,1,350,6
1681,76.43812702139967,60.81928337235203,185,68.62870519687584,10,1,350,6
1682,76.43012775551135,60.78102426770188,185,68.60557601160662,10,1,350,6
1683,76.422759389045,60.743844726853254,186,68.58330205794913,10,1,350,6
1684,76.4159270292676,60.70775694850724,187,68.56184198888742,10,1,350,6
1685,76.40952645065475,60.67276434301255,187,68.54114539683366,10,1,350,6
1686,76.4034465432186,60.63886112013949,187,68.52115383167904,10,1,350,6
1687,76.39757136398568,60.60603166477401,188,68.50180151437985,10,1,350,6
1688,76.39178101307078,60.5742496030876,186,68.48301530807919,10,1,350,6
1689,76.38595133615732,60.54347675449071,187,68.46471404532402,10,1,350,6
1690,76.37995323554358,60.51366226239685,186,68.44680774897022,10,1,350,6
1691,76.37365207937722,60.48474229455815,187,68.42919718696768,10,1,350,6
1692,76.36690740616869,60.45664041130792,188,68.41177390873831,10,1,350,6
1693,76.35957292668711,60.42926840762437,188,68.39442066715574,10,1,350,6
1694,76.35149663035887,60.40252763020196,187,68.3770121302804,10,1,350,6
1695,76.34252099845125,60.37631096597554,187,68.35941598221339,10,1,350,6
1696,76.33248352148321,60.35050540608941,187,68.34149446378632,10,1,350,6
1697,76.32121781593231,60.32499479681948,186,68.3231063063759,10,1,350,6
1698,76.30855573292348,60.29966248657231,186,68.3041091097479,10,1,350,6
1699,76.29433026640795,60.27439367565895,187,68.28436197103345,10,1,350,6
1700,76.27837848313266,60.249077568185335,187,68.26372802565899,10,1,350,6
1701,76.26054398928932,60.22360971800697,186,68.24207685364814,10,1,350,6
1702,76.24067874128052,60.19789447292282,185,68.21928660710167,10,1,350,6
1703,76.21864449563651,60.17184693347483,185,68.19524571455567,10,1,350,6
1704,76.19431468068326,60.14539423275136,185,68.1698544567173,10,1,350,6
1705,76.1675767896552,60.11847633359602,185,68.14302656162562,10,1,350,6
1706,76.13833471200923,60.0910462468208,185,68.11469047941502,10,1,350,6
1707,76.10651041944811,60.06306928120803,184,68.08478985032806,10,1,350,6
1708,76.07204442288021,60.03452142357607,185,68.05328292322814,10,1,350,6
1709,76.03489509906558,60.0053874346852,185,68.02014126687538,10,1,350,6
1710,75.99503766821337,59.97565905152016,186,67.98534835986676,10,1,350,6
1711,75.95246331088175,59.94533349127278,187,67.94889840107726,10,1,350,6
1712,75.90717861963084,59.91441215962954,187,67.9107953896302,10,1,350,6
1713,75.85920519048386,59.882899173274474,186,67.87105218187916,10,1,350,6
1714,75.80857876886746,59.85079969659676,186,67.82968923273211,10,1,350,6
1715,75.7553476570931,59.818118482695155,186,67.78673306989413,10,1,350,6
1716,75.699570382849,59.78485881368167,187,67.74221459826533,10,1,350,6
1717,75.6413131156612,59.751021840218414,186,67.69616747793981,10,1,350,6
1718,75.58064780580315,59.71660641778493,186,67.64862711179404,10,1,350,6
1719,75.51765153231493,59.681609634745904,185,67.59963058353041,10,1,350,6
1720,75.45240705899943,59.646027739617864,185,67.54921739930865,10,1,350,6
1721,75.38500410950174,59.60985668725716,186,67.49743039837945,10,1,350,6
1722,75.31554038481214,59.57309210894793,187,67.44431624688004,10,1,350,6
1723,75.2441221267129,59.535729096619136,186,67.38992561166602,10,1,350,6
1724,75.17086481085474,59.49776219141109,187,67.33431350113291,10,1,350,6
1725,75.09589396779185,59.459185966804014,187,67.27753996729794,10,1,350,6
1726,75.01934554493744,59.419996108849666,187,67.21967082689355,10,1,350,6
1727,74.94136570994948,59.38019040836754,187,67.1607780591585,10,1,350,6
1728,74.86211048359974,59.33976947009357,187,67.10093997684666,10,1,350,6
1729,74.78174500477603,59.29873733388184,187,67.04024116932894,10,1,350,6
1730,74.7004416448725,59.25710210548089,187,66.97877187517669,10,1,350,6
1731,74.61837716406974,59.21487659681666,187,66.9166268804432,10,1,350,6
1732,74.53573007728123,59.17207897565054,188,66.85390452646588,10,1,350,6
1733,74.45267871471488,59.12873342440748,188,66.79070606956118,10,1,350,6
1734,74.36939977920709,59.08487061281397,190,66.72713519601052,10,1,350,6
1735,74.2860673000293,59.040527593821515,190,66.66329744692541,10,1,350,6
1736,74.20285198043257,58.99574731740944,191,66.599299648921,10,1,350,6
1737,74.11992074114006,58.950578541979,189,66.53524964155953,10,1,350,6
1738,74.03743606695421,58.90507614266547,189,66.47125610480984,10,1,350,6
1739,73.95555515387862,58.859301035511095,189,66.40742809469486,10,1,350,6
1740,73.87442924439877,58.81331913142065,188,66.3438741879097,10,1,350,6
1741,73.79420305093747,58.76719892880666,188,66.28070098987206,10,1,350,6
1742,73.71501367988479,58.72100784145751,190,66.21801076067115,10,1,350,6
1743,73.63698885887351,58.674807845825455,188,66.15589835234948,10,1,350,6
1744,73.5602446602606,58.62865142208555,190,66.09444804117307,10,1,350,6
1745,73.48488301145414,58.582579153531256,189,66.0337310824927,10,1,350,6
1746,73.41098938043683,58.5366190810424,189,65.97380423073962,10,1,350,6
1747,73.33863102506419,58.490786641567325,190,65.91470883331576,10,1,350,6
1748,73.26785619497548,58.445084702499415,189,65.85647044873744,10,1,350,6
1749,73.19869409000212,58.39950388677111,188,65.79909898838662,10,1,350,6
1750,73.13115479401996,58.35402338368951,189,65.74258908885474,10,1,350,6
1751,73.06522908624657,58.30861244073284,189,65.68692076348971,10,1,350,6
1752,73.00088871504286,58.26323224400964,189,65.63206047952625,10,1,350,6
1753,72.93808742696781,58.2178374075447,190,65.57796241725626,10,1,350,6
1754,72.87676275151968,58.172376779370786,189,65.52456976544524,10,1,350,6
1755,72.81683854227862,58.126793760200094,190,65.47181615123935,10,1,350,6
1756,72.75822827542086,58.08102652562527,190,65.41962740052307,10,1,350,6
1757,72.70083871661637,58.03500873796894,190,65.36792372729266,10,1,350,6
1758,72.64457317731532,57.98867094381255,189,65.31662206056393,10,1,350,6
1759,72.58933397170247,57.941942463134986,190,65.26563821741873,10,1,350,6
1760,72.53502407582405,57.89475377113002,189,65.21488892347703,10,1,350,6
1761,72.48154818547773,57.84703956888112,189,65.16429387717943,10,1,350,6
1762,72.42881356451468,57.7987422513471,189,65.1137779079309,10,1,350,6
1763,72.37673078257038,57.74981499334186,190,65.06327288795612,10,1,350,6
1764,72.32521414859396,57.70022406422884,190,65.0127191064114,10,1,350,6
1765,72.27418203664004,57.649950372042746,191,64.9620662043414,10,1,350,6
1766,72.2235576904725,57.5989902375529,189,64.91127396401271,10,1,350,6
1767,72.17327050824797,57.54735539856022,189,64.86031295340409,10,1,350,6
1768,72.12325722325181,57.49507214694935,189,64.80916468510058,10,1,350,6
1769,72.07346278670778,57.44217940324785,189,64.75782109497781,10,1,350,6
1770,72.02384114871312,57.38872592337256,190,64.70628353604283,10,1,350,6
1771,71.97435603568833,57.33476722219977,190,64.65456162894405,10,1,350,6
1772,71.92498172505388,57.28036289598418,190,64.60267231051904,10,1,350,6
1773,71.87570352508651,57.22557512308243,190,64.55063932408447,10,1,350,6
1774,71.82651737513805,57.1704681469839,190,64.49849276106097,10,1,350,6
1775,71.77742827383429,57.11510757022294,190,64.44626792202861,10,1,350,6
1776,71.72844753531463,57.05955887295316,189,64.3940032041339,10,1,350,6
1777,71.67958945867073,57.00388515518651,190,64.34173730692862,10,1,350,6
1778,71.6308685808781,56.9481447844583,190,64.2895066826682,10,1,350,6
1779,71.58229809824883,56.89239031346814,191,64.23734420585848,10,1,350,6
1780,71.5338894562055,56.83666886186575,189,64.18527915903563,10,1,350,6
1781,71.48565291210228,56.781022985985764,190,64.13333794904402,10,1,350,6
1782,71.43759868075178,56.72549145056694,190,64.08154506565936,10,1,350,6
1783,71.38973846741708,56.67010970671423,191,64.02992408706565,10,1,350,6
1784,71.34208738811267,56.614910075494805,191,63.97849873180374,10,1,350,6
1785,71.29466588685834,56.55992183168509,191,63.927293859271714,10,1,350,6
1786,71.24750086930398,56.50517128469578,190,63.87633607699988,10,1,350,6
1787,71.20062566225442,56.45068185620995,190,63.82565375923218,10,1,350,6
1788,71.15407879871923,56.39647405658722,190,63.775276427653225,10,1,350,6
1789,71.10790192059159,56.34256516460452,189,63.725233542598055,10,1,350,6
1790,71.06213738355672,56.28896861022322,189,63.67555299688997,10,1,350,6
1791,71.01682585619831,56.235693255197,191,63.62625955569766,10,1,350,6
1792,70.97200391267562,56.182742668848384,190,63.577373290762,10,1,350,6
1793,70.92770161836305,56.13011439886655,191,63.5289080086148,10,1,350,6
1794,70.88394010789989,56.07779923707265,191,63.480869672486264,10,1,350,6
1795,70.84072935027935,56.025780480203984,190,63.43325491524166,10,1,350,6
1796,70.79806649082222,55.97403328340995,191,63.38604988711609,10,1,350,6
1797,70.75593496496461,55.92252430180433,190,63.33922963338447,10,1,350,6
1798,70.71430438389582,55.871211620460826,191,63.292758002178324,10,1,350,6
1799,70.6731309972271,55.820044778286295,190,63.246587887756704,10,1,350,6
1800,70.63235834301852,55.768965081500845,190,63.20066171225969,10,1,400,7
1801,70.59191818337749,55.71790679274712,191,63.15491248806231,10,1,400,7
1802,70.55173231171757,55.666799294274966,190,63.10926580299627,10,1,400,7
1803,70.51171523273595,55.61556983605229,190,63.06364253439412,10,1,400,7
1804,70.47177713110909,55.564146382196405,190,63.01796175665275,10,1,400,7
1805,70.43182713021761,55.51245997162409,190,62.97214355092085,10,1,400,7
1806,70.3917774274767,55.46044659402229,190,62.92611201074949,10,1,400,7
1807,70.35154801504306,55.4080491674086,191,62.879798591225835,10,1,400,7
1808,70.3110708168021,55.355219520729136,191,62.83314516876562,10,1,400,7
1809,70.2702925600937,55.30191960209015,192,62.78610608109192,10,1,400,7
1810,70.22917618812993,55.24812171829415,191,62.738648953212035,10,1,400,7
1811,70.18770071638197,55.19380819640819,192,62.690754456395084,10,1,400,7
1812,70.14585953351533,55.13897046779551,192,62.64241500065542,10,1,400,7
1813,70.10365763490108,55.083607184750164,192,62.593632409825624,10,1,400,7
1814,70.06110876420031,55.02772156496224,192,62.54441516458128,10,1,400,7
1815,70.01823275558147,54.97131874415663,191,62.49477574986905,10,1,400,7
1816,69.97505268623331,54.91440342948324,191,62.44472805785827,10,1,400,7
1817,69.93159193642197,54.856977658510395,191,62.394284797466185,10,1,400,7
1818,69.88787174196995,54.799038858840724,191,62.34345530040534,10,1,400,7
1819,69.843909531426,54.740578793569995,190,62.292244162497994,10,1,400,7
1820,69.79971804762238,54.681583392637386,191,62.24065072012988,10,1,400,7
1821,69.7553052533543,54.622032884959786,191,62.188669069157044,10,1,400,7
1822,69.71067502096867,54.56190223156873,190,62.136288626268694,10,1,400,7
1823,69.66582831311752,54.501162445292245,191,62.08349537920488,10,1,400,7
1824,69.62076426939171,54.439782992441245,191,62.03027363091648,10,1,400,7
1825,69.57548110127547,54.377735081854844,191,61.976608091565154,10,1,400,7
1826,69.52997718557154,54.31499535406176,191,61.922486269816645,10,1,400,7
1827,69.48425225878049,54.25154919066934,191,61.86790072472491,10,1,400,7
1828,69.4383081272355,54.187392961560974,193,61.81285054439824,10,1,400,7
1829,69.39214879545506,54.122534624905065,193,61.75734171018006,10,1,400,7
1830,69.34578040282787,54.05699297264238,192,61.70138668773512,10,1,400,7
1831,69.29921116363954,53.99079669177056,192,61.64500392770505,10,1,400,7
1832,69.25245131034563,53.92398363128692,192,61.588217470816275,10,1,400,7
1833,69.20551284488428,53.85659988420413,193,61.531056364544206,10,1,400,7
1834,69.1584087077127,53.78869839144438,195,61.47355354957854,10,1,400,7
1835,69.11115116931482,53.72033687182433,193,61.415744020569576,10,1,400,7
1836,69.06374944400594,53.651574979781444,194,61.35766221189369,10,1,400,7
1837,69.01620672094003,53.582470689962946,193,61.29933870545149,10,1,400,7
1838,68.96851700234302,53.51307649300084,193,61.24079674767193,10,1,400,7
1839,68.92066213909689,53.443436572049805,193,61.18204935557335,10,1,400,7
1840,68.87260945394999,53.37358534944151,193,61.12309740169575,10,1,400,7
1841,68.8243101477191,53.303547012626574,193,61.06392858017284,10,1,400,7
1842,68.77569848897626,53.23333553118036,193,61.00451701007831,10,1,400,7
1843,68.72669188553112,53.16295457926547,194,60.94482323239829,10,1,400,7
1844,68.67719203385067,53.09239746086907,194,60.88479474735988,10,1,400,7
1845,68.62708724523924,53.02164781805994,192,60.824367531649585,10,1,400,7
1846,68.57625595026519,52.95068151251826,193,60.763468731391725,10,1,400,7
1847,68.52457118806345,52.87946968058657,192,60.70202043432501,10,1,400,7
1848,68.47190569223268,52.80798257204372,193,60.6399441321382,10,1,400,7
1849,68.41813699005408,52.736193392713794,192,60.57716519138394,10,1,400,7
1850,68.36315173669165,52.66408166365769,192,60.513616700174666,10,1,400,7
1851,68.30684899363646,52.591635902275186,192,60.449242447955825,10,1,400,7
1852,68.24914264819503,52.518855430540775,194,60.38399903936791,10,1,400,7
1853,68.18996317064969,52.44575111545189,194,60.31785714305079,10,1,400,7
1854,68.12925890550764,52.372344944154854,194,60.25080192483125,10,1,400,7
1855,68.06699689791388,52.29866843358957,192,60.182832665751725,10,1,400,7
1856,68.00316306094085,52.22476016693727,194,60.11396161393906,10,1,400,7
1857,67.93776139166054,52.15066304162085,194,60.0442122166407,10,1,400,7
1858,67.87081184609679,52.076421618424114,194,59.97361673226045,10,1,400,7
1859,67.8023471656266,52.002079766152825,194,59.902213465889716,10,1,400,7
1860,67.73240962990207,51.927678601164175,195,59.83004411553312,10,1,400,7
1861,67.66104822348623,51.85325452603197,193,59.757151374759104,10,1,400,7
1862,67.58831621556516,51.77883736671754,194,59.68357679114135,10,1,400,7
1863,67.51426876184743,51.70444880274944,193,59.609358782298436,10,1,400,7
1864,67.43895974755213,51.63010128503408,192,59.5345305162931,10,1,400,7
1865,67.36243816325643,51.55579763606143,194,59.45911789965893,10,1,400,7
1866,67.28474537829152,51.48153133231815,192,59.38313835530484,10,1,400,7
1867,67.20591409124489,51.40728727377565,194,59.30660068251027,10,1,400,7
1868,67.12596915203315,51.33304284546958,194,59.229505998751364,10,1,400,7
1869,67.04493005995656,51.258769076326615,193,59.151849568141586,10,1,400,7
1870,66.96281455208401,51.184432090657815,193,59.07362332137092,10,1,400,7
1871,66.87964259886265,51.109995437981475,193,58.994819018422064,10,1,400,7
1872,66.79544002634307,51.03542310661452,192,58.9154315664788,10,1,400,7
1873,66.71024147207285,50.96068224621215,193,58.8354618591425,10,1,400,7
1874,66.62409286931842,50.885745209645776,193,58.7549190394821,10,1,400,7
1875,66.53705355659896,50.810591109780354,193,58.67382233318966,10,1,400,7
1876,66.44919801179898,50.73520698910224,193,58.59220250045061,10,1,400,7
1877,66.36061691730487,50.659588602514624,194,58.51010275990974,10,1,400,7
1878,66.27141696976537,50.58374100857562,194,58.4275789891705,10,1,400,7
1879,66.18171962814135,50.50767935939873,194,58.34469949377004,10,1,400,7
1880,66.09165977377705,50.431429986670146,194,58.261544880223596,10,1,400,7
1881,66.00138486583046,50.35503158845892,194,58.178208227144694,10,1,400,7
1882,65.9110547850209,50.27853632132438,193,58.09479555317264,10,1,400,7
1883,65.82084226584317,50.2020106020368,193,58.01142643393999,10,1,400,7
1884,65.73093352459185,50.125535618087454,193,57.92823457133965,10,1,400,7
1885,65.64152878789491,50.04920774101164,194,57.84536826445328,10,1,400,7
1886,65.55284252380478,49.97313884125817,195,57.76299068253148,10,1,400,7
1887,65.46510327478444,49.89745630804225,195,57.681279791413345,10,1,400,7
1888,65.37855308921314,49.822302382285024,194,57.60042773574908,10,1,400,7
1889,65.29344645030633,49.74783221541229,194,57.52063933285931,10,1,400,7
1890,65.21004850362388,49.67421104195481,195,57.44212977278934,10,1,400,7
1891,65.1286326767524,49.60161182908942,194,57.36512225292091,10,1,400,7
1892,65.04947807718553,49.53021388825077,195,57.28984598271815,10,1,400,7
1893,64.972867054306,49.460202055967216,195,57.216534555136604,10,1,400,7
1894,64.89908331129101,49.391766050978156,195,57.145424681134585,10,1,400,7
1895,64.82841066007755,49.32509961461014,194,57.076755137343845,10,1,400,7
1896,64.76113221986859,49.26039952899717,194,57.01076587443288,10,1,400,7
1897,64.69752995722138,49.1978650953516,195,56.94769752628649,10,1,400,7
1898,64.63788456333302,49.13769855690162,195,56.88779156011732,10,1,400,7
1899,64.58247566413112,49.080106853524775,196,56.831291258827946,10,1,400,7
1900,64.53158235877277,49.025303924610185,195,56.778443141691476,10,1,400,7
1901,64.48548369203289,48.97351160616337,195,56.72949764909813,10,1,400,7
1902,64.44445827593648,48.92495892373277,195,56.68470859983462,10,1,400,7
1903,64.40878315381111,48.87988133828919,195,56.644332246050155,10,1,400,7
1904,64.3787328777638,48.83852072179134,196,56.60862679977757,10,1,400,7
1905,64.35457918541651,48.801126058777776,196,56.57785262209714,10,1,400,7
1906,64.3365910765765,48.76795448005464,196,56.55227277831557,10,1,400,7
1907,64.32503499299989,48.73927184426916,195,56.53215341863452,10,1,400,7
1908,64.32017470689132,48.715352570736755,194,56.51776363881404,10,1,400,7
1909,64.32227081643896,48.69647891446055,195,56.50937486544976,10,1,400,7
1910,64.33158003934398,48.68293987414923,195,56.5072599567466,10,1,400,7
1911,64.34835449535501,48.67502992391584,194,56.51169220963543,10,1,400,7
1912,64.37284116887821,48.67304785676482,196,56.52294451282151,10,1,400,7
1913,64.40528145019672,48.67729612541647,195,56.54128878780659,10,1,400,7
1914,64.44591036130579,48.68808038319257,196,56.56699537224918,10,1,400,7
1915,64.49495536506247,48.705708244873534,194,56.600331804968,10,1,400,7
1916,64.55263494905594,48.73048716523857,196,56.64156105714726,10,1,400,7
1917,64.61915707819921,48.762722210820876,196,56.69093964451004,10,1,400,7
1918,64.69471751265927,48.80271381763295,196,56.74871566514611,10,1,400,7
1919,64.7794980854331,48.85075494487413,195,56.81512651515362,10,1,400,7
1920,64.87366513159193,48.90712781502551,194,56.890396473308726,10,1,400,7
1921,64.97736835897581,48.97210121117358,194,56.974734785074695,10,1,400,7
1922,65.09074054790216,49.045928522254734,195,57.06833453507845,10,1,400,7
1923,65.21389758987158,49.128845946804034,194,57.171371768337806,10,1,400,7
1924,65.3469374976822,49.22107075373214,196,57.28400412570717,10,1,400,7
1925,65.48993809253696,49.32279998662335,196,57.406369039580156,10,1,400,7
1926,65.64295414691853,49.43420951063837,194,57.53858182877845,10,1,400,7
1927,65.80601427465108,49.555452813717096,195,57.680733544184086,10,1,400,7
1928,65.97911737225398,49.6866592667276,196,57.83288831949079,10,1,NA,NA
1929,66.16222851363675,49.82793184017948,195,57.99508017690812,10,1,NA,NA
1930,66.35527429818441,49.97934417796852,196,58.16730923807647,10,1,NA,NA
1931,66.55813755527515,50.140936831504185,195,58.349537193389665,10,1,NA,NA
1932,66.77065121133788,50.31271343340153,195,58.5416823223697,10,1,NA,NA
1933,66.9925917114733,50.494638565801296,194,58.743615138637296,10,1,NA,NA
1934,67.22367297366986,50.686637810957265,194,58.955155392313564,10,1,NA,NA
1935,67.46354156191632,50.88859920433428,193,59.17607038312529,10,1,NA,NA
1936,67.7117734728711,51.100375115997835,192,59.40607429443447,10,1,NA,NA
1937,67.96787332192686,51.32178339159822,192,59.64482835676254,10,1,NA,NA
1938,68.23127710573087,51.55260746263666,190,59.89194228418376,10,1,NA,NA
1939,68.50135845132348,51.79259601407029,189,60.146977232696884,10,1,NA,NA
1940,68.7774369951168,52.04146299292837,188,60.40944999402259,10,1,NA,NA
1941,69.05878812112928,52.29888893722726,188,60.67883852917827,10,1,NA,NA
1942,69.34465387396148,52.56452304441559,187,60.95458845918853,10,1,NA,NA
1943,69.63425476513588,52.83798383850899,186,61.236119301822434,10,1,NA,NA
1944,69.92680209439435,53.118858148776305,185,61.52283012158533,10,1,NA,NA
1945,70.22151021279194,53.406699966533886,184,61.81410508966292,10,1,NA,NA
1946,70.51760795948341,53.701030356952934,183,62.10931915821817,10,1,NA,NA
1947,70.814348211450593,54.00133921314249,182,62.40784371229654,10,1,NA,NA
1948,71.11101419259964,54.30708905504011,181,62.709051623819875,10,1,NA,NA
1949,71.40692265138925,54.61772049088333,179,63.01232157113629,10,1,NA,NA
1950,71.70142547878336,54.93265837423031,178,63.31704192650683,10,1,NA,NA
1951,71.99391055748005,55.25131710461645,178,63.62261383104825,10,1,NA,NA
1952,72.28380185249439,55.5731048857096,177,63.928453369101994,10,1,NA,NA
1953,72.57055904524738,55.89742812052154,176,64.23399358288447,10,1,NA,NA
1954,72.85367730538299,56.223696343031364,175,64.53868682420718,10,1,NA,NA
1955,73.1326875013623,56.551327305302735,173,64.84200740333252,10,1,NA,NA
1956,73.40715685771131,56.87975193665148,173,65.1434543971814,10,1,NA,NA
1957,73.67668987117447,57.208418988817506,172,65.442554429996,10,1,NA,NA
1958,73.9409291023922,57.53679918091032,172,65.73886414165126,10,1,NA,NA
1959,74.19955575172537,57.86438865764179,171,66.03197220468358,10,1,NA,NA
1960,74.45229021984211,58.19071176908664,171,66.32150099446437,10,1,NA,NA
1961,74.69889256049466,58.51532337488368,169,66.60710796768916,10,1,NA,NA
1962,74.93916243971755,58.837810485203725,169,66.88848646246063,10,1,NA,NA
1963,75.17293831258489,59.15779266018858,169,67.16536548638673,10,1,NA,NA
1964,75.40009562557302,59.474921076763444,167,67.43750835116823,10,1,NA,NA
1965,75.6205441445992,59.78887665891792,167,67.70471040175856,10,1,NA,NA
1966,75.83422480085943,60.09936786213989,166,67.96679633149967,10,1,NA,NA
1967,76.04110644604856,60.40612889730037,165,68.22361767167446,10,1,NA,NA
1968,76.2411829080533,60.708918496092565,162,68.47505070207293,10,1,NA,NA
1969,76.4344702500912,61.00751863696044,160,68.72099444352583,10,1,NA,NA
1970,76.62100364819861,61.30173304021279,159,68.9613683442057,10,1,NA,NA
1971,76.80083408191288,61.591385630801284,160,69.19610985635708,10,1,NA,NA
1972,76.97402581298374,61.87631926445241,161,69.42517253871807,10,1,NA,NA
1973,77.14065504148847,62.156395110076616,161,69.64852507578254,10,1,NA,NA
1974,77.30080954330202,62.431492593376106,159,69.86615106833906,10,1,NA,NA
1975,77.45458880004902,62.70150931858115,155,70.07804905931509,10,1,NA,NA
1976,77.60210383985076,62.96636077511437,154,70.28423230748257,10,1,NA,NA
1977,77.74347659224422,63.225980025854916,151,70.48472830904957,10,1,NA,NA
1978,77.8788391457185,63.48031728079553,151,70.67957821325702,10,1,NA,NA
1979,78.00833319857892,63.72933896701199,150,70.86883608279545,10,1,NA,NA
1980,78.13210989612365,63.9730263932688,149,71.05256814469622,10,1,NA,NA
1981,78.25032985685122,64.21137459500292,149,71.23085222592707,10,1,NA,NA
1982,78.36316280015485,64.44439106736753,148,71.4037769337612,10,1,NA,NA
1983,78.47078657792818,64.67209321597885,147,71.5714398969535,10,1,NA,NA
1984,78.57338580248326,64.89450472034025,146,71.73394526141175,10,1,NA,NA
1985,78.67115036061597,65.11165237028854,145,71.89140136545225,10,1,NA,NA
1986,78.76427420110738,65.32356376526789,145,72.04391898318764,10,1,NA,NA
1987,78.85295429517899,65.53026509574508,145,72.19160969546203,10,1,NA,NA
1988,78.93738918166808,65.73177900635994,145,72.33458409401402,10,1,NA,NA
1989,79.0177770938609,65.92812332072043,144,72.47295020729067,10,1,NA,NA
1990,79.09431425011452,66.11931072503452,143,72.60681248757453,10,1,NA,NA
1991,79.16719359779466,66.30534882507364,143,72.73627121143414,10,1,NA,NA
1992,79.236604007477,66.48624047872593,142,72.86142224310146,10,1,NA,NA
1993,79.30272981687129,66.66198479416124,141,72.98235730551627,10,1,NA,NA
1994,79.36575052645296,66.83257869601971,142,73.09916461123633,10,1,NA,NA
1995,79.42584074147065,66.9980184744108,143,73.21192960794073,10,1,NA,NA
1996,79.48317074768745,67.15830141430186,143,73.32073608099466,10,1,NA,NA
1997,79.53790771811855,67.31342828564277,142,73.42566800188067,10,1,NA,NA
1998,79.5902171579257,67.46340659670645,141,73.52681187731608,10,1,NA,NA
1999,79.64026419469766,67.60825363521988,138,73.62425891495877,10,1,NA,NA
2000,79.68821432139521,67.74799871191502,138,73.71810651665511,10,1,NA,NA
2001,79.7342334918496,67.88268441114081,137,73.8084589514952,10,1,NA,NA
2002,79.77848776130284,68.01236704315548,137,73.89542740222916,10,1,NA,NA
2003,79.82114276201729,68.1371168826756,139,73.97912982234644,10,1,NA,NA
2004,79.86236340152554,68.25701838787312,139,74.05969089469933,10,1,NA,NA
2005,79.90231378093063,68.37217020362026,137,74.13724199227545,10,1,NA,NA
2006,79.94115694051061,68.48268455751386,133,74.21192074901224,10,1,NA,NA
2007,79.97905423498197,68.58868546194412,132,74.28386984846304,10,1,NA,NA
2008,80.01616433588259,68.69030591554974,133,74.35323512571617,10,1,NA,NA
2009,80.05264215119345,68.78768507750375,133,74.42016361434861,10,1,NA,NA
2010,80.08863824499082,68.88096599779158,133,74.4848021213912,10,1,NA,NA
2011,80.12429894978773,68.9702940963988,135,74.54729652309327,10,1,NA,NA
2012,80.15976697409766,69.05581629165229,NA,74.60779163287498,10,1,NA,NA
2013,80.19518211277425,69.13768038530895,NA,74.66643124904161,10,1,NA,NA
2014,80.23068147269397,69.21603440949642,NA,74.7233579410952,10,1,NA,NA
2015,80.26639911407048,69.29102573813287,NA,74.77871242610168,10,1,NA,NA
2016,80.30246549540668,69.36279996052257,NA,74.83263272796462,10,1,NA,NA
2017,80.33900691506842,69.43149970990757,NA,74.885253312488,10,1,NA,NA
2018,80.37614494744824,69.4972635422486,NA,74.93670424484841,10,1,NA,NA
2019,80.41399587175253,69.56022486301791,NA,74.98711036738521,10,1,NA,NA
2020,80.45267009151928,69.62051089985002,NA,75.03659049568465,10,1,NA,NA
2021,80.4922715430563,69.67824171897675,NA,75.08525663101653,10,1,NA,NA
2022,80.53289709108162,69.73352928346839,NA,75.133213187275,10,1,NA,NA
2023,80.57463590994871,69.78647655141476,NA,75.18055623068173,10,1,NA,NA
2024,80.61756884894967,69.837176612306,NA,75.22737273062783,10,1,NA,NA
2025,80.66176778030973,69.88571186001272,NA,75.27373982016123,10,1,NA,NA
2026,80.7072949286164,69.93215320091977,NA,75.31972406476808,10,1,NA,NA
2027,80.75420218056686,69.9765592959333,NA,75.36538073825008,10,1,NA,NA
2028,80.8025303740679,70.01897583526113,NA,75.41075310466451,10,1,NA,NA
2029,80.85230856588419,70.05943484505609,NA,75.45587170547014,10,1,NA,NA
