time,smo2_dom,smo2_ndom,heart_rate,smo2_avg,participant_id,session,power,lap
0,64.64626977806398,51.84429423747647,117,58.24528200777023,11,3,70,1
1,64.62860501369732,51.83696425383115,117,58.23278463376424,11,3,70,1
2,64.59123391643806,51.82048429571821,117,58.20585910607814,11,3,70,1
3,64.53447159920611,51.79491740391103,117,58.16469450155857,11,3,70,1
4,64.45878015912577,51.76036382474413,117,58.10957199193495,11,3,70,1
5,64.3647539537836,51.716961408327066,117,58.040857681055336,11,3,70,1
6,64.25310507432586,51.66488614671077,117,57.958995610518315,11,3,70,1
7,64.12464881116138,51.604352849851004,117,57.86450083050619,11,3,70,1
8,63.98028949141409,51.535615956617036,117,57.75795272401557,11,3,70,1
9,63.821007650869994,51.45897047748685,117,57.63998906417842,11,3,70,1
10,63.64784862394925,51.37475306495095,117,57.511300844450105,11,3,70,1
11,63.461911756218555,51.283343207012265,117,57.37262748161541,11,3,70,1
12,63.264339930607086,51.18516258777329,117,57.224751259190185,11,3,70,1
13,63.0563095853082,51.08066870770134,117,57.068489146504774,11,3,70,1
14,62.839020815450816,50.97034343980271,117,56.904682127626764,11,3,70,1
15,62.61368656488525,50.8546817816707,117,56.734184173277974,11,3,70,1
16,62.381520791903554,50.73418294179276,117,56.557851866848154,11,3,70,1
17,62.14372637035872,50.60934277708094,117,56.37653457371983,11,3,70,1
18,61.90148329255452,50.48064718374708,117,56.1910652381508,11,3,70,1
19,61.65593754536924,50.348566628922505,117,56.00225208714588,11,3,70,1
20,61.40819054375306,50.21355210809689,119,55.81087132592498,11,3,70,1
21,61.15928851858998,50.07603291120893,118,55.61766071489946,11,3,70,1
22,60.91021223196909,49.93641580021362,117,55.423314016091354,11,3,70,1
23,60.66186836912662,49.795084420981134,118,55.228476395053875,11,3,70,1
24,60.41508395733659,49.65239874811238,118,55.03374135272449,11,3,70,1
25,60.17060467548083,49.50869533699711,117,54.83965000623897,11,3,70,1
26,59.92909499312344,49.36428847503058,116,54.64669173407701,11,3,70,1
27,59.691137103796855,49.21947164149065,119,54.45530437264375,11,3,70,1
28,59.4572298125864,49.07451907608353,119,54.26587444433497,11,3,70,1
29,59.227789807368794,48.929687646652525,118,54.07873872701066,11,3,70,1
30,59.003155208370735,48.78521881668752,118,53.89418701252913,11,3,70,1
31,58.78359070675152,48.641340123388964,118,53.71246541507024,11,3,70,1
32,58.56929360413487,48.49826596742366,118,53.53377978577927,11,3,70,1
33,58.36039957847496,48.35619790587211,118,53.35829874217353,11,3,70,1
34,58.15698788052136,48.21532464009436,118,53.18615626030786,11,3,70,1
35,57.959086543939854,48.07582189046311,118,53.01745421720148,11,3,70,1
36,57.766678095498165,47.937852545174444,118,52.8522653203363,11,3,70,1
37,57.57970615499265,47.80156766560755,118,52.6906369103001,11,3,70,1
38,57.398082632522296,47.66710834567995,118,52.532595489101126,11,3,70,1
39,57.22169454854582,47.534607837603915,118,52.37815119307487,11,3,70,1
40,57.05041038050771,47.40419355167861,118,52.22730196609316,11,3,70,1
41,56.884086718062925,47.275988732951284,118,52.080037725507104,11,3,70,1
42,56.722575619051646,47.150114202892965,118,51.93634491097231,11,3,70,1
43,56.56573266838973,47.02669113951719,118,51.79621190395346,11,3,70,1
44,56.41342544950604,46.90584508911002,118,51.659635269308026,11,3,70,1
45,56.265541845299325,46.78771062243386,118,51.526626233866594,11,3,70,1
46,56.12199748785458,46.67243565803678,118,51.39721657294568,11,3,70,1
47,55.98274157830181,46.56018408500219,118,51.271462831652,11,3,70,1
48,55.84776059040546,46.45113619512006,118,51.14944839276276,11,3,70,1
49,55.717079663591754,46.34548731206909,118,51.03128348783042,11,3,70,1
50,55.59076129546728,46.24344480988609,118,50.91710305267669,11,3,70,1
51,55.4689007482094,46.14522351770504,118,50.80706213295722,11,3,70,1
52,55.351618753103935,46.05103960510494,118,50.701329179104434,11,3,70,1
53,55.23905326746718,45.96110313983313,118,50.600078203650156,11,3,70,1
54,55.13135242795742,45.87560989981092,118,50.50348116388417,11,3,70,1
55,55.0286700637165,45.79473341158008,118,50.411701737648286,11,3,70,1
56,54.93116084095318,45.718618480177355,118,50.32488966056527,11,3,70,1
57,54.83897250062254,45.64737776836719,118,50.24317513449486,11,3,70,1
58,54.752238698178054,45.58109142300345,118,50.16666506059075,11,3,70,1
59,54.6710749791225,45.51980818618414,118,50.09544158265332,11,3,70,1
60,54.595576425251004,45.46354720964247,118,50.029561817446734,11,3,70,1
61,54.52581618950021,45.412300571584204,118,49.96905838054221,11,3,70,1
62,54.46184452778052,45.36603600796283,118,49.91394026787168,11,3,70,1
63,54.40368715621262,45.32469898046508,118,49.86419306833885,11,3,70,1
64,54.35134215269934,45.28821388662245,118,49.819778019660895,11,3,70,1
65,54.304775012304994,45.256484510433836,118,49.78062976136941,11,3,70,1
66,54.26391234419722,45.22939322698902,118,49.74665278559312,11,3,70,1
67,54.228635576262654,45.20679847489943,118,49.71771702558104,11,3,70,1
68,54.1987762291861,45.18853127868548,118,49.69365375393579,11,3,70,1
69,54.17411451754735,45.174392481502686,118,49.67425349952502,11,3,70,1
70,54.15438079288937,45.1641515687098,118,49.659266180799584,11,3,70,1
71,54.139257783898614,45.15754728047521,118,49.64840253218691,11,3,70,1
72,54.12838490587591,45.15429021208217,118,49.64133755897904,11,3,70,1
73,54.12136649762188,45.15406760104649,118,49.637717049334185,11,3,70,1
74,54.11778223562578,45.15655001291458,118,49.63716612427018,11,3,70,1
75,54.11719846366702,45.161399150291665,117,49.63929880697934,11,3,70,1
76,54.11918054183993,45.16827620495816,120,49.64372837339904,11,3,70,1
77,54.12330495368911,45.17685036812283,120,49.650077660905964,11,3,70,1
78,54.12916961754484,45.18680672373248,122,49.65798817063866,11,3,70,1
79,54.13640123813545,45.19785235950211,122,49.66712679881878,11,3,70,1
80,54.1446598997658,45.20972060300017,122,49.67719025138298,11,3,70,1
81,54.15364246744691,45.22217436270019,122,49.68790841507355,11,3,70,1
82,54.16308528894504,45.235008383055145,122,49.69904683600009,11,3,70,1
83,54.17276561724516,45.24804905174617,122,49.71040733449567,11,3,70,1
84,54.18250156246043,45.26115156723475,122,49.72182656484759,11,3,70,1
85,54.19215077173605,45.27419544473044,122,49.733173108233245,11,3,70,1
86,54.20160823014323,45.28707972839628,122,49.74434397926976,11,3,70,1
87,54.21080377002421,45.299719667383734,122,49.75526171870397,11,3,70,1
88,54.21969948551836,45.31204524744565,122,49.76587236648201,11,3,70,1
89,54.22828685830544,45.324000604080894,122,49.776143731193166,11,3,70,1
90,54.2365831074972,45.3355437330818,122,49.786063420289494,11,3,70,1
91,54.244625983552446,45.346646304287106,122,49.79563614391978,11,3,70,1
92,54.25246739613425,45.35729357919707,122,49.804880487665656,11,3,70,1
93,54.26016743595032,45.367484627965354,122,49.81382603195784,11,3,70,1
94,54.26778917996006,45.37723274846009,122,49.822510964210075,11,3,70,1
95,54.275393498764544,45.386565697262185,117,49.830979598013364,11,3,70,1
96,54.28303367016772,45.39552504963341,119,49.839279359900566,11,3,70,1
97,54.29075018815157,45.404163712653165,122,49.84745695040237,11,3,70,1
98,54.29856635169658,45.41254188350191,122,49.85555411759924,11,3,70,1
99,54.30648541314379,45.420723012684974,121,49.86360421291438,11,3,70,1
100,54.314489285753595,45.428770161439424,120,49.87162972359651,11,3,70,1
101,54.32253783504362,45.43674197207574,119,49.87963990355968,11,3,70,1
102,54.330567876356625,45.44468834784118,119,49.8876281120989,11,3,70,1
103,54.33849207437146,45.45264681678891,119,49.895569445580186,11,3,70,1
104,54.34619950122604,45.46063996904563,119,49.903419735135834,11,3,70,1
105,54.353559220127174,45.46867377183298,119,49.91111649598008,11,3,70,1
106,54.36042504294029,45.476736664371394,119,49.91858085365584,11,3,70,1
107,54.36663873273299,45.484799432595004,119,49.925719082663996,11,3,70,1
108,54.372032531373335,45.49281596139496,119,49.932424246384144,11,3,70,1
109,54.37643296537496,45.50072505989787,119,49.93857901263641,11,3,70,1
110,54.379665737490676,45.50845336048477,119,49.944059548987724,11,3,70,1
111,54.38156190178782,45.51591909742635,119,49.948740499607084,11,3,70,1
112,54.38196542241687,45.52303637610274,119,49.9525008992598,11,3,70,1
113,54.38074055806299,45.52971934881366,119,49.95522995343832,11,3,70,1
114,54.377778099088815,45.5358863960187,119,49.956832247553756,11,3,70,1
115,54.37300045943817,45.54146509461633,119,49.957232777027244,11,3,70,1
116,54.366365722501136,45.546397779424936,119,49.95638175096303,11,3,70,1
117,54.35787083719128,45.55064652850814,119,49.95425868284971,11,3,70,1
118,54.347553867328436,45.554196890443684,119,49.95087537888606,11,3,70,1
119,54.33549490421395,45.557060159019464,119,49.94627753161671,11,3,70,1
120,54.321815739333005,45.559274390639914,119,49.94054506498646,11,3,70,1
121,54.30667888115146,45.56090474948818,119,49.93379181531982,11,3,70,1
122,54.29028581657484,45.562043472462435,119,49.926164644518636,11,3,70,1
123,54.272873734252784,45.56280945286959,119,49.917841593561185,11,3,70,1
124,54.2547108041537,45.56334705128586,119,49.90902892771978,11,3,70,1
125,54.236090985124996,45.56382335142922,119,49.89995716827711,11,3,70,1
126,54.21732864890191,45.564423566201135,119,49.89087610755152,11,3,70,1
127,54.198752625853885,45.5653447864124,119,49.88204870613315,11,3,70,1
128,54.18069947253332,45.56678816689473,119,49.87374381971402,11,3,70,1
129,54.163505955962684,45.568949546983184,119,49.866227751472934,11,3,70,1
130,54.14750084700567,45.572009575208554,119,49.859755211107114,11,3,70,1
131,54.132996212695055,45.576125481030495,119,49.854560846862775,11,3,70,1
132,54.12027878767681,45.58142536868991,119,49.85085207818336,11,3,70,1
133,54.10960239534792,45.58800464062805,119,49.84880351798799,11,3,70,1
134,54.10118190195891,45.59592386574311,119,49.84855288385101,11,3,70,1
135,54.0951886997595,45.60520711563898,119,49.85019790769924,11,3,70,1
136,54.091747813405334,45.61584096300944,119,49.85379438820739,11,3,70,1
137,54.09093682205277,45.627775507313345,119,49.85935616468306,11,3,70,1
138,54.0927863025913,45.64092801316856,119,49.866857157879934,11,3,70,1
139,54.09728101250591,45.65518896714323,119,49.87623498982457,11,3,70,1
140,54.10436142173198,45.670428896049906,119,49.88739515889094,11,3,70,1
141,54.11392559372144,45.68650282719298,119,49.90021421045721,11,3,70,1
142,54.12583180678504,45.70325151471805,119,49.91454166075154,11,3,70,1
143,54.13990269758994,45.72050079984715,119,49.930201748718545,11,3,70,1
144,54.155930733913024,45.73806105824341,119,49.94699589607822,11,3,70,1
145,54.17368384890804,45.7557292732029,119,49.96470656105547,11,3,70,1
146,54.192910752395136,45.773294420371194,119,49.98310258638317,11,3,70,1
147,54.213346117846704,45.79054499664404,119,50.00194555724537,11,3,70,1
148,54.23471613664476,45.80727694081596,119,50.02099653873036,11,3,70,1
149,54.25674522400091,45.82329960834159,119,50.040022416171254,11,3,70,1
150,54.27916280784366,45.83843990089078,119,50.05880135436722,11,3,70,1
151,54.3017083517031,45.852547089601316,119,50.07712772065221,11,3,70,1
152,54.32413695666561,45.8654990174473,119,50.09481798705646,11,3,70,1
153,54.34622778978145,45.87720851257505,119,50.11171815117825,11,3,70,1
154,54.3677917338119,45.88762845386766,119,50.12771009383978,11,3,70,1
155,54.38867523805531,45.89675353932056,119,50.142714388687935,11,3,70,1
156,54.4087617386934,45.90461836779906,119,50.15669005324623,11,3,70,1
157,54.427972016558996,45.91129300471272,119,50.16963251063586,11,3,70,1
158,54.446263689217034,45.91687768923952,119,50.18157068922828,11,3,70,1
159,54.463630326285475,45.92149882788782,117,50.19256457708664,11,3,70,1
160,54.480100773883,45.92530666300965,120,50.20270371844633,11,3,70,1
161,54.49573878584495,45.9284732487652,121,50.212106017305075,11,3,70,1
162,54.51064247357743,45.931190049447565,121,50.2209162615125,11,3,70,1
163,54.524942890800915,45.93366515752385,122,50.22930402416238,11,3,70,1
164,54.538801459048315,45.9361205185771,121,50.23746098881271,11,3,70,1
165,54.55240623188499,45.93878994020208,123,50.24559808604353,11,3,70,1
166,54.56596767812249,45.941917588792016,122,50.25394263345726,11,3,70,1
167,54.57971534665533,45.94575560507047,124,50.2627354758629,11,3,70,1
168,54.593895409665805,45.950560151822046,123,50.272227780743926,11,3,70,1
169,54.60876771511027,45.956585889918074,122,50.282676802514175,11,3,70,1
170,54.624601369294936,45.96407936636522,122,50.294340367830074,11,3,70,1
171,54.641668260298445,45.97327228582006,122,50.30747027305925,11,3,70,1
172,54.66023520085,45.984374856846095,121,50.32230502884805,11,3,70,1
173,54.68055663721984,45.997568624126814,122,50.339062630673325,11,3,70,1
174,54.702869090463246,46.01299973091691,122,50.35793441069008,11,3,70,1
175,54.72738771624892,46.03077515885613,123,50.37908143755253,11,3,70,1
176,54.754304394384874,46.05096227730864,129,50.40263333584676,11,3,70,1
177,54.78378578409656,46.073589610477065,132,50.42868769728681,11,3,70,1
178,54.81597085438761,46.09864763685233,128,50.45730924561997,11,3,70,1
179,54.85096847212399,46.1260895508785,130,50.48852901150124,11,3,70,1
180,54.88885553337803,46.1558319869752,128,50.52234376017661,11,3,70,1
181,54.9296760264986,46.187755636972945,127,50.55871583173577,11,3,70,1
182,54.973440830643135,46.22170652862203,127,50.59757367963258,11,3,70,1
183,55.02012756633224,46.25749977843384,126,50.63881367238304,11,3,70,1
184,55.06968030278661,46.2949257654918,126,50.6823030341392,11,3,70,1
185,55.12200902485082,46.333756597181,127,50.72788281101591,11,3,70,1
186,55.17698866529829,46.37375186681821,125,50.775370266058246,11,3,70,1
187,55.234457996548315,46.414663901772784,125,50.82456094916055,11,3,70,1
188,55.29421906652473,46.45624250578931,134,50.87523078615702,11,3,70,1
189,55.35603786393875,46.498239004261166,144,50.92713843409996,11,3,70,1
190,55.41964660622307,46.540409206177216,143,50.98002790620014,11,3,70,1
191,55.484747848815616,46.58251470137721,141,51.03363127509641,11,3,70,1
192,55.551020322404064,46.624323179678214,143,51.08767175104114,11,3,70,1
193,55.61812611259164,46.665609726336285,143,51.14186791946396,11,3,70,1
194,55.685718601723444,46.70615948760548,144,51.19593904466446,11,3,70,1
195,55.753450397783396,46.74577053943162,144,51.24961046860751,11,3,70,1
196,55.82098076801534,46.784256279853096,144,51.302618523934214,11,3,70,1
197,55.88798238754516,46.82144715317732,144,51.35471477036124,11,3,70,1
198,55.95414701812187,46.857191221144795,144,51.40566911963333,11,3,70,1
199,56.01918953683408,46.89135280341386,144,51.455271170123964,11,3,70,1
200,56.082850124509164,46.923809384822974,144,51.50332975466607,11,3,70,1
201,56.14489471575238,46.95444796203172,144,51.549671338892054,11,3,70,1
202,56.205113714669636,46.98316200192923,144,51.59413785829943,11,3,70,1
203,56.26331927255536,47.009850184034306,144,51.636584728294835,11,3,70,1
204,56.31934200868232,47.034417026091916,144,51.67687951738712,11,3,70,1
205,56.3730280549838,47.05677441906924,144,51.714901237026524,11,3,70,1
206,56.424236914977435,47.07684319519602,144,51.75054005508673,11,3,70,1
207,56.47284062703884,47.09455395011811,144,51.78369728857848,11,3,70,1
208,56.51872423422412,47.1098474130045,144,51.81428582361431,11,3,70,1
209,56.56178697740483,47.122675731204104,144,51.84223135430447,11,3,70,1
210,56.60194353073828,47.133005060518066,144,51.86747429562817,11,3,70,1
211,56.639124500742206,47.14081887659919,144,51.8899716886707,11,3,70,1
212,56.673276677991474,47.146121227687075,144,51.90969895283928,11,3,70,1
213,56.704364798192316,47.148938953538334,144,51.926651875865325,11,3,70,1
214,56.73237500852221,47.14932257785301,144,51.94084879318761,11,3,70,1
215,56.757318674227726,47.147346263906954,144,51.95233246906734,11,3,70,1
216,56.77923486752826,47.143107125217064,144,51.96117099637266,11,3,70,1
217,56.798189587883016,47.136724085181264,144,51.967456836532136,11,3,70,1
218,56.81427229824726,47.1283363817223,144,51.97130433998478,11,3,70,1
219,56.827592897520276,47.11810171506891,144,51.9728473062946,11,3,70,1
220,56.83828029826071,47.10619393897625,144,51.97223711861848,11,3,70,1
221,56.846481827656625,47.0928000978858,144,51.96964096277121,11,3,70,1
222,56.85236188914412,47.07811670980649,144,51.9652392994753,11,3,70,1
223,56.85609754149665,47.06234529202681,144,51.959221416761736,11,3,70,1
224,56.85787118792554,47.04568751676937,144,51.95177935234746,11,3,70,1
225,56.8578631035178,47.02834077396724,144,51.943101938742515,11,3,70,1
226,56.85624604158391,47.01049433312098,144,51.933370187352445,11,3,70,1
227,56.85318367183327,46.992325711042696,144,51.92275469143799,11,3,70,1
228,56.84883187232451,46.97399734010117,144,51.911414606212844,11,3,70,1
229,56.84333916619845,46.95565411944609,144,51.89949664282227,11,3,70,1
230,56.836845130305946,46.93742223684619,144,51.88713368357607,11,3,70,1
231,56.8294781389486,46.91940945396835,144,51.87444379645848,11,3,70,1
232,56.82135341594483,46.90170597528889,144,51.86152969561686,11,3,70,1
233,56.81257217332679,46.88438394819524,144,51.84847806076102,11,3,70,1
234,56.80322251763504,46.867495885485376,144,51.83535920156021,11,3,70,1
235,56.79338192715989,46.851074545126906,144,51.8222282361434,11,3,70,1
236,56.7831200307587,46.83513524183403,144,51.80912763629637,11,3,70,1
237,56.772500516558836,46.81968000471074,144,51.796090260634784,11,3,70,1
238,56.76158226697298,46.8047028003875,144,51.78314253368024,11,3,70,1
239,56.75042030425394,46.79019484619864,144,51.77030757522629,11,3,70,1
240,56.73906693582069,46.77614894054428,144,51.75760793818249,11,3,70,1
241,56.72757348864607,46.76256164010318,144,51.74506756437462,11,3,70,1
242,56.71599214418625,46.74943377167804,144,51.73271295793215,11,3,70,1
243,56.70437650749804,46.736771424533416,144,51.72057396601573,11,3,70,1
244,56.69278061711036,46.72458722813,144,51.70868392262018,11,3,70,1
245,56.681257175129964,46.71289937918972,144,51.69707827715985,11,3,70,1
246,56.66985558197778,46.70172812529088,144,51.68579185363433,11,3,70,1
247,56.65862016509196,46.691091655475304,144,51.67485591028363,11,3,70,1
248,56.64758889345178,46.681002275417065,144,51.66429558443443,11,3,70,1
249,56.63679238216887,46.67146267182703,144,51.654127526997954,11,3,70,1
250,56.62625240626353,46.66246285115642,238,51.644357628709976,11,3,70,1
251,56.615980118238916,46.653979118105006,236,51.63497961817196,11,3,70,1
252,56.605976114948454,46.64597538670891,234,51.62597575082869,11,3,70,1
253,56.59623410924128,46.63840604406626,234,51.61732007665377,11,3,70,1
254,56.58674667826081,46.631220074626675,234,51.608983376443746,11,3,70,1
255,56.577510064806134,46.6243666407959,234,51.600938352801016,11,3,70,1
256,56.56852770671522,46.617801437849934,234,51.593164572282575,11,3,70,1
257,56.5598135672062,46.6114922633148,234,51.585652915260496,11,3,70,1
258,56.55139468087095,46.60542321623761,234,51.578408948554284,11,3,70,1
259,56.543312037249805,46.59959791696184,234,51.57145497710582,11,3,70,1
260,56.53562054934065,46.59404184516578,234,51.56483119725321,11,3,70,1
261,56.52838956945114,46.5888036010177,234,51.558596585234426,11,3,70,1
262,56.52170378897339,46.58395489396869,234,51.55282934147104,11,3,70,1
263,56.51566296041143,46.57958906335319,234,51.547626011882315,11,3,70,1
264,56.510379074825806,46.575817739535275,234,51.54309840718054,11,3,70,1
265,56.505969822708494,46.57276505893287,234,51.53936744082068,11,3,70,1
266,56.502550189794206,46.570560016449086,234,51.53655510312164,11,3,70,1
267,56.50022657520771,46.56932870912206,234,51.53477764216488,11,3,70,1
268,56.49909352773452,46.56918754195337,234,51.53414053484394,11,3,70,1
269,56.499230855226486,46.570237784135855,234,51.53473431968117,11,3,70,1
270,56.50070120322901,46.57256166897468,234,51.53663143610184,11,3,70,1
271,56.50354761391671,46.57622003595163,234,51.539883824934165,11,3,70,1
272,56.50779067422829,46.58125151367509,234,51.54452109395169,11,3,70,1
273,56.513426910682284,46.58767324278766,234,51.55055007673497,11,3,70,1
274,56.52042950347723,46.59548294314738,234,51.5579562233123,11,3,70,1
275,56.528751319932525,46.60466193483363,234,51.56670662738308,11,3,70,1
276,56.53832938982755,46.615178625295634,234,51.57675400756159,11,3,70,1
277,56.54908906765807,46.62699187768558,234,51.58804047267183,11,3,70,1
278,56.56094710246248,46.640053870699994,234,51.60050048658124,11,3,70,1
279,56.57381381144535,46.65431225548479,234,51.61406303346507,11,3,70,1
280,56.5875943586843,46.669711415261894,234,51.6286528869731,11,3,70,1
281,56.60218894523063,46.6861926334054,234,51.64419078931802,11,3,70,1
282,56.617492204689796,46.703693268366116,234,51.66059273652796,11,3,70,1
283,56.63339258613771,46.72214532651048,234,51.677768956324094,11,3,70,1
284,56.64977231124433,46.7414739215489,234,51.69562311639662,11,3,70,1
285,56.66650829749643,46.76159620685662,234,51.71405225217653,11,3,70,1
286,56.68347395181455,46.78242097693915,234,51.73294746437685,11,3,70,1
287,56.70054125124866,46.80384874425947,234,51.75219499775406,11,3,70,1
288,56.71758282010082,46.825772390389176,234,51.771677605245,11,3,70,1
289,56.7344740054565,46.848078783189166,234,51.791276394322836,11,3,70,1
290,56.751095050635705,46.870651264139504,234,51.810873157387604,11,3,70,1
291,56.767333563571434,46.89337242232729,234,51.83035299294936,11,3,70,1
292,56.78308630659204,46.916126279058204,234,51.84960629282512,11,3,70,1
293,56.798258163522625,46.93879871447714,234,51.86852843899988,11,3,70,1
294,56.81275818818144,46.961276138004685,234,51.88701716309306,11,3,70,1
295,56.826494686524846,46.9834435748104,234,51.904969130667624,11,3,70,1
296,56.839371187108775,47.00518324301555,234,51.92227721506217,11,3,70,1
297,56.85128505701071,47.02637459881107,234,51.938829827910894,11,3,70,1
298,56.862128179509966,47.04689526611,234,51.95451172280998,11,3,70,1
299,56.871786769003855,47.06662070679078,234,51.96920373789732,11,3,70,1
300,56.880139739622436,47.08542234082892,234,51.982781040225674,11,3,105,2
301,56.88705738499718,47.10316567886307,234,51.99511153193012,11,3,105,2
302,56.89240241936511,47.11971002981558,118,52.006056224590345,11,3,105,2
303,56.896035722921255,47.13491134627881,114,52.015473534600034,11,3,105,2
304,56.89782591568342,47.14862781969373,113,52.02322686768858,11,3,105,2
305,56.89765866540244,47.160725886620945,115,52.02919227601169,11,3,105,2
306,56.89544358567425,47.171084892592575,122,52.033264239133416,11,3,105,2
307,56.891118530905146,47.17959924514079,123,52.03535888802297,11,3,105,2
308,56.88465162113139,47.18617874063477,123,52.03541518088308,11,3,105,2
309,56.87604179745108,47.190749602554405,123,52.03339570000274,11,3,105,2
310,56.86531847427743,47.193257012901746,123,52.02928774358959,11,3,105,2
311,56.8525407956293,47.193668162501375,121,52.02310447906534,11,3,105,2
312,56.837796865649985,47.191974357954514,121,52.01488561180225,11,3,105,2
313,56.82120306948315,47.188190234989165,121,52.004696652236156,11,3,105,2
314,56.80290268333235,47.18234998081216,121,51.992626332072255,11,3,105,2
315,56.78306193819861,47.1745023209461,121,51.97878212957235,11,3,105,2
316,56.76186361312027,47.16470612327039,121,51.96328486819533,11,3,105,2
317,56.739500320698504,47.15302856928636,120,51.94626444499244,11,3,105,2
318,56.716169179256084,47.13954579416236,119,51.92785748670922,11,3,105,2
319,56.69206864896267,47.12434384868053,122,51.9082062488216,11,3,105,2
320,56.66739655350581,47.10751851883019,124,51.887457536168,11,3,105,2
321,56.6423475285518,47.0891732214123,125,51.86576037498205,11,3,105,2
322,56.61710940623119,47.069415559399076,134,51.843262482815135,11,3,105,2
323,56.59185931294121,47.048354486199955,131,51.82010689957058,11,3,105,2
324,56.566760940634786,47.02609895501041,130,51.7964299478226,11,3,105,2
325,56.541963183924835,47.002757856482106,129,51.77236052020347,11,3,105,2
326,56.51759897000783,46.978440267645325,126,51.748019618826575,11,3,105,2
327,56.49378369387364,46.95325425471558,124,51.723518974294606,11,3,105,2
328,56.47061364689011,46.927303837944585,124,51.69895874241735,11,3,105,2
329,56.44816521726749,46.90068509222561,124,51.674425154746544,11,3,105,2
330,56.42649554366453,46.873483039991456,125,51.64998929182799,11,3,105,2
331,56.405645205961235,46.845771675819144,125,51.62570844089019,11,3,105,2
332,56.38564207445213,46.817616926338694,126,51.60162950039541,11,3,105,2
333,56.36650397590757,46.78907981322862,126,51.577791894568094,11,3,105,2
334,56.34824007851162,46.76021825764923,126,51.554229168080425,11,3,105,2
335,56.33085314120499,46.731087134996656,125,51.53097013810083,11,3,105,2
336,56.314343114958774,46.70173716429564,125,51.50804013962721,11,3,105,2
337,56.29871092546339,46.672214191978604,125,51.485462558721,11,3,105,2
338,56.28396146182726,46.642559844637866,125,51.46326065323257,11,3,105,2
339,56.27010499093865,46.61281394018133,125,51.44145946555999,11,3,105,2
340,56.2571571924787,46.58301758381051,125,51.42008738814461,11,3,105,2
341,56.24513917995994,46.553214412199836,125,51.399176796079885,11,3,105,2
342,56.23407799523931,46.52344979015446,125,51.37876389269688,11,3,105,2
343,56.224006405724104,46.493770104904115,125,51.35888825531411,11,3,105,2
344,56.21496122354152,46.46422332778271,125,51.33959227566211,11,3,105,2
345,56.20698092645646,46.43486103763686,125,51.32092098204666,11,3,105,2
346,56.20010394550879,46.405741124897645,125,51.30292253520322,11,3,105,2
347,56.19436878925377,46.376929419815326,125,51.28564910453455,11,3,105,2
348,56.18981532124292,46.348499561175174,125,51.269157441209046,11,3,105,2
349,56.18648484921562,46.32053149461152,125,51.253508171913566,11,3,105,2
350,56.184418342616866,46.29310908706892,125,51.23876371484289,11,3,105,2
351,56.18365375320551,46.26631744141106,125,51.22498559730829,11,3,105,2
352,56.184223998733735,46.24024049511947,125,51.212232246926604,11,3,105,2
353,56.18615775492368,46.21495948700217,125,51.20055862096292,11,3,105,2
354,56.18948315275719,46.190552388150216,125,51.19001777045371,11,3,105,2
355,56.19423242987131,46.167093905720684,125,51.180663167796,11,3,105,2
356,56.200445877449496,46.1446558632501,125,51.172550870349795,11,3,105,2
357,56.208173716536024,46.12330795632952,125,51.165740836432775,11,3,105,2
358,56.2174759031303,46.103118589907105,125,51.1602972465187,11,3,105,2
359,56.2284212268173,46.08415521090909,125,51.156288218863196,11,3,105,2
360,56.241086092156124,46.06648394003372,125,51.15378501609492,11,3,105,2
361,56.255552396525566,46.05016869673261,125,51.152860546629086,11,3,105,2
362,56.27190489339775,46.03527001142611,125,51.15358745241193,11,3,105,2
363,56.290228332404745,46.021843719043474,125,51.156036025724106,11,3,105,2
364,56.31060174139735,46.00993943542128,125,51.16027058840932,11,3,105,2
365,56.33308858123052,45.99959842555744,125,51.166343503393975,11,3,105,2
366,56.357726966214194,45.990850862959356,125,51.174288914586775,11,3,105,2
367,56.384523168041866,45.9837128695995,125,51.18411801882068,11,3,105,2
368,56.4134472322045,45.978183726177484,125,51.19581547919099,11,3,105,2
369,56.444429438838256,45.97424364261694,125,51.2093365407276,11,3,105,2
370,56.477357706044444,45.971852478980246,125,51.22460509251235,11,3,105,2
371,56.51207632695538,45.97094980727056,125,51.24151306711297,11,3,105,2
372,56.5483866275277,45.97145611967172,125,51.25992137359971,11,3,105,2
373,56.58605032776673,45.97327440385845,125,51.279662365812584,11,3,105,2
374,56.62479531684143,45.97629179399028,125,51.30054355541586,11,3,105,2
375,56.66432248025472,45.98038149396209,125,51.322351987108405,11,3,105,2
376,56.70431251035733,45.98540516973285,125,51.34485884004509,11,3,105,2
377,56.74443192451884,45.99121600777176,125,51.3678239661453,11,3,105,2
378,56.784338588502976,45.997662539296336,125,51.39100056389965,11,3,105,2
379,56.82368811573217,46.00459323256369,125,51.41414067414793,11,3,105,2
380,56.86214036742941,46.01186175800357,125,51.43700106271649,11,3,105,2
381,56.899364595894255,46.01933273343764,125,51.45934866466595,11,3,105,2
382,56.93504655244684,46.026886954576014,125,51.480966753511424,11,3,105,2
383,56.96889980850692,46.03442429217084,125,51.50166205033888,11,3,105,2
384,57.00067593007613,46.04186411677893,125,51.52127002342753,11,3,105,2
385,57.03016931591497,46.049144856637895,125,51.539657086276435,11,3,105,2
386,57.05721894661074,46.056223535240335,NA,51.55672124092554,11,3,105,2
387,57.08170987630706,46.06307531124559,NA,51.57239259377633,11,3,105,2
388,57.10357427452084,46.06969302140336,NA,51.5866336479621,11,3,105,2
389,57.122790264165594,46.07608672688044,NA,51.59943849552302,11,3,105,2
390,57.139378361773346,46.08228326310582,NA,51.61083081243959,11,3,105,2
391,57.153396885800504,46.08832581465579,NA,51.62086135022815,11,3,105,2
392,57.16493730811009,46.094272994566325,NA,51.62960515133821,11,3,105,2
393,57.17412013299353,46.100196300311566,NA,51.63715821665255,11,3,105,2
394,57.18109149741209,46.10617619481456,70,51.643633846113325,11,3,105,2
395,57.186020295517345,46.112298502046805,70,51.649159398782075,11,3,105,2
396,57.1890957276493,46.118652069683186,70,51.65387389866625,11,3,105,2
397,57.19052527119549,46.12532789256286,70,51.657926581879174,11,3,105,2
398,57.19053307037424,46.13241930542933,70,51.66147618790178,11,3,105,2
399,57.189358741716866,46.14002226816277,NA,51.66469050493981,11,3,105,2
400,57.18725629915258,46.14823544943813,NA,51.667745874295356,11,3,105,2
401,57.18449260975028,46.15716049746184,NA,51.67082655360606,11,3,105,2
402,57.1813451810935,46.166902496241114,NA,51.674123838667306,11,3,105,2
403,57.17809947121274,46.17757021563813,NA,51.67783484342543,11,3,105,2
404,57.175046301983876,46.189275665876806,NA,51.682160983930345,11,3,105,2
405,57.17247985923706,46.202132369586096,NA,51.68730611441158,11,3,105,2
406,57.17069490952951,46.21625254472408,NA,51.69347372712679,11,3,105,2
407,57.169981961032526,46.231744172013826,NA,51.700863066523176,11,3,105,2
408,57.170622119640925,46.24870872546011,NA,51.709665422550515,11,3,105,2
409,57.172883489014005,46.26724014949447,NA,51.72006181925424,11,3,105,2
410,57.17701891511757,46.2874249836371,NA,51.73222194937733,11,3,105,2
411,57.18326458342907,46.30934285292214,NA,51.74630371817561,11,3,105,2
412,57.19183887965602,46.33306683504547,NA,51.762452857350745,11,3,105,2
413,57.202941120132564,46.358663507903046,NA,51.780802314017805,11,3,105,2
414,57.2167509287787,46.386192968986364,NA,51.801471948882536,11,3,105,2
415,57.233429037810446,46.41570960589727,NA,51.82456932185386,11,3,105,2
416,57.25311872909751,46.447263812113484,NA,51.85019127060549,11,3,105,2
417,57.27594635305374,46.480904256992076,NA,51.87842530502291,11,3,105,2
418,57.30202033760155,46.516679246151,NA,51.909349791876274,11,3,105,2
419,57.33142888033277,46.5546346354978,NA,51.943031757915286,11,3,105,2
420,57.36423739510071,46.59480859078281,NA,51.97952299294176,11,3,105,2
421,57.400487662417646,46.63722631319254,NA,52.018856987805094,11,3,105,2
422,57.440198390029046,46.681896778706744,NA,52.0610475843679,11,3,105,2
423,57.48336464704706,46.728812466216915,NA,52.10608855663199,11,3,105,2
424,57.52995558613369,46.777950903816205,NA,52.15395324497494,11,3,105,2
425,57.57991181934433,46.829274717096546,NA,52.204593268220435,11,3,105,2
426,57.633143618582096,46.88272910689826,NA,52.25793636274018,11,3,105,2
427,57.68953091698389,46.938237927574555,NA,52.31388442227922,11,3,105,2
428,57.74892462495233,46.995700610017465,NA,52.372312617484894,11,3,105,2
429,57.81114809224102,47.05499324691967,NA,52.433070669580346,11,3,105,2
430,57.876000083924744,47.11597354921831,NA,52.49598681657153,11,3,105,2
431,57.94326005328583,47.17848577412401,NA,52.56087291370493,11,3,105,2
432,58.012693276290996,47.24236328602441,NA,52.6275282811577,11,3,105,2
433,58.0840548756986,47.30742797237875,NA,52.69574142403867,11,3,105,2
434,58.15709371380116,47.37348807780399,NA,52.76529089580258,11,3,105,2
435,58.23155596251131,47.44033836063313,NA,52.83594716157222,11,3,105,2
436,58.30718786699249,47.50776355030637,NA,52.90747570864943,11,3,105,2
437,58.38373770677411,47.5755431580253,NA,52.979640432399705,11,3,105,2
438,58.46095686075993,47.64345618093246,NA,53.0522065208462,11,3,105,2
439,58.538600370204364,47.711284727847804,NA,53.12494254902609,11,3,105,2
440,58.6164284665953,47.77881627737509,NA,53.1976223719852,11,3,105,2
441,58.694209263322165,47.84584496191925,NA,53.27002711262071,11,3,105,2
442,58.77172046902143,47.9121723686077,NA,53.341946418814565,11,3,105,2
443,58.84874915083584,47.97760844553704,NA,53.413178798186436,11,3,105,2
444,58.9250911116609,48.04197241889481,NA,53.48353176527785,11,3,105,2
445,59.00055164037698,48.10509294362143,NA,53.552822291999206,11,3,105,2
446,59.07494754070857,48.16680758797157,NA,53.62087756434007,11,3,105,2
447,59.148109076209614,48.22696263002612,NA,53.687535853117865,11,3,105,2
448,59.2198812489967,48.28541326622696,NA,53.75264725761183,11,3,105,2
449,59.29012460994783,48.34202345403058,NA,53.8160740319892,11,3,105,2
450,59.35871618800555,48.396665488477396,NA,53.87769083824148,11,3,105,2
451,59.425551516126234,48.449220290176044,NA,53.93738590315114,11,3,105,2
452,59.490547658235634,48.49957889438361,NA,53.99506327630962,11,3,105,2
453,59.55364606833787,48.547645143035965,NA,54.05064560568692,11,3,105,2
454,59.614814307676966,48.59333880110629,NA,54.104076554391625,11,3,105,2
455,59.67404584056472,48.636597538158114,NA,54.155321689361415,11,3,105,2
456,59.731358202001296,48.67737738617876,NA,54.20436779409003,11,3,105,2
457,59.786790902728455,48.71565245497126,NA,54.25122167884986,11,3,105,2
458,59.84040346160513,48.75141449102024,NA,54.29590897631269,11,3,105,2
459,59.89227297947425,48.78467276792208,NA,54.338472873698166,11,3,105,2
460,59.942490960996224,48.815454601118915,NA,54.37897278105757,11,3,105,2
461,59.99115938327043,48.84380619417657,NA,54.417482788723504,11,3,105,2
462,60.03838630245865,48.8697925481932,NA,54.454089425325925,11,3,105,2
463,60.08428158207557,48.89349477549092,NA,54.48888817878324,11,3,105,2
464,60.128953326519245,48.91500569442921,NA,54.521979510474225,11,3,105,2
465,60.172505310773545,48.934426630212585,NA,54.553465970493065,11,3,105,2
466,60.21503472185735,48.95186571287394,NA,54.583450217365645,11,3,105,2
467,60.25662962519273,48.967435817666576,NA,54.61203272142966,11,3,105,2
468,60.29736703222855,48.981251658518275,NA,54.63930934537341,11,3,105,2
469,60.3373125433294,48.99342632541963,NA,54.66536943437451,11,3,105,2
470,60.376521467187644,49.004067751666256,NA,54.69029460942695,11,3,105,2
471,60.41504083050008,49.01327618213001,NA,54.714158506315044,11,3,105,2
472,60.45291188688712,49.02114312857731,NA,54.737027507732215,11,3,105,2
473,60.49017302677265,49.027751615391864,NA,54.75896232108226,11,3,105,2
474,60.526862794950674,49.03317712904937,NA,54.780019962000026,11,3,105,2
475,60.56302242999373,49.03748829468314,NA,54.80025536233843,11,3,105,2
476,60.59869753472749,49.04074718102518,NA,54.81972235787634,11,3,105,2
477,60.63393868202828,49.0430100129433,NA,54.838474347485786,11,3,105,2
478,60.66880085768392,49.04432829059629,NA,54.85656457414011,11,3,105,2
479,60.703341739533045,49.04474953401976,NA,54.8740456367764,11,3,105,2
480,60.73761890958143,49.04431735972185,NA,54.890968134651644,11,3,105,2
481,60.77168619330346,49.04307108362579,NA,54.90737863846462,11,3,105,2
482,60.8055895154131,49.04104523982853,NA,54.92331737762081,11,3,105,2
483,60.839362856518896,49.03826959978064,NA,54.93881622814977,11,3,105,2
484,60.87302470012124,49.03476949627296,NA,54.9538970981971,11,3,105,2
485,60.906575164513335,49.030565476397356,NA,54.96857032045534,11,3,105,2
486,60.939994307006344,49.025672088021096,NA,54.98283319751372,11,3,105,2
487,60.97324238079893,49.02009638469331,NA,54.99666938274612,11,3,105,2
488,61.006262239875625,49.013837124137495,NA,55.01004968200656,11,3,105,2
489,61.038983502377555,49.006886025734865,NA,55.02293476405621,11,3,105,2
490,61.07132779054292,48.99923059931807,NA,55.035279194930496,11,3,105,2
491,61.103214072909374,48.990856204493134,NA,55.047035138701254,11,3,105,2
492,61.13456303705089,48.981746560371,NA,55.058154798710945,11,3,105,2
493,61.16529990884984,48.971883486226965,NA,55.0685916975384,11,3,105,2
494,61.19535776779812,48.961247141331995,NA,55.07830245456506,11,3,105,2
495,61.22468370036487,48.94981851991952,NA,55.08725111014219,11,3,105,2
496,61.25324525646644,48.93758342128012,NA,55.09541433887328,11,3,105,2
497,61.281033308329555,48.924534578972995,NA,55.102783943651275,11,3,105,2
498,61.30806140976393,48.91067116905764,NA,55.10936628941079,11,3,105,2
499,61.33436341165122,48.89599745313741,NA,55.11518043239431,11,3,105,2
500,61.35999030883021,48.88052172669037,NA,55.12025601776029,11,3,105,2
501,61.385007098183536,48.86425615785888,NA,55.124631628021206,11,3,105,2
502,61.40948993976929,48.847217419030166,NA,55.12835367939972,11,3,105,2
503,61.43352342492646,48.82942762331538,NA,55.13147552412092,11,3,105,2
504,61.457197755107785,48.810915175505365,NA,55.13405646530657,11,3,105,2
505,61.48060563506285,48.79171407409557,NA,55.13615985457921,11,3,105,2
506,61.503838976527646,48.771861273799146,NA,55.137850125163396,11,3,105,2
507,61.52698580115754,48.75139454647421,NA,55.13919017381588,11,3,105,2
508,61.55012753636878,48.73035249804015,NA,55.14024001720446,11,3,105,2
509,61.57333670272868,48.70877644818212,NA,55.1410565754554,11,3,105,2
510,61.59667528425276,48.68671290423883,NA,55.14169409424579,11,3,105,2
511,61.62019436571956,48.6642146778561,NA,55.14220452178783,11,3,105,2
512,61.64393493850295,48.64134035106059,NA,55.14263764478177,11,3,105,2
513,61.66792909381689,48.61815345646468,NA,55.14304127514079,11,3,105,2
514,61.69220131010894,48.59472215099237,NA,55.143461730550655,11,3,105,2
515,61.716770029163136,48.57111957720136,NA,55.14394480318225,11,3,105,2
516,61.741649227906855,48.54742461852375,NA,55.1445369232153,11,3,105,2
517,61.76684949793883,48.52372226699148,NA,55.14528588246515,11,3,105,2
518,61.79237912023826,48.5001030169904,NA,55.14624106861433,11,3,105,2
519,61.81824542749244,48.47666089356312,NA,55.14745316052778,11,3,105,2
520,61.8444554785339,48.453490699082415,NA,55.14897308880816,11,3,105,2
521,61.87101555708441,48.430686037444445,NA,55.150850797264425,11,3,105,2
522,61.89792998238266,48.40833830939688,NA,55.153134145889766,11,3,105,2
523,61.92519952421022,48.386535507111866,NA,55.15586751566104,11,3,105,2
524,61.95281971487214,48.36536070905094,NA,55.15909021196154,11,3,105,2
525,61.98077964336283,48.344891249126015,NA,55.16283544624442,11,3,105,2
526,62.009061329336134,48.32519875393802,NA,55.16713004163708,11,3,105,2
527,62.037639286903854,48.30634946166371,NA,55.171994374283784,11,3,105,2
528,62.06648066869388,48.28840452885925,NA,55.177442598776565,11,3,105,2
529,62.0955471610089,48.271420324144465,NA,55.183483742576684,11,3,105,2
530,62.124798337976344,48.255448707811006,NA,55.19012352289367,11,3,105,2
531,62.15419471960159,48.24053729647264,NA,55.197366008037115,11,3,105,2
532,62.1836996564946,48.22672941933505,NA,55.20521453791483,11,3,105,2
533,62.213279944316874,48.214063180120206,NA,55.213671562218536,11,3,105,2
534,62.242905558655316,48.20257001412327,NA,55.22273778638929,11,3,105,2
535,62.272549778834936,48.192274105334874,NA,55.23241194208491,11,3,105,2
536,62.3021900912997,48.183192955757626,NA,55.24269152352866,11,3,105,2
537,62.331808800066554,48.17533832624848,NA,55.253573563157516,11,3,105,2
538,62.36139217415078,48.16871706092008,NA,55.26505461753543,11,3,105,2
539,62.390927254412176,48.16333159982452,NA,55.277129427118346,11,3,105,2
540,62.42039719789098,48.1591800822656,NA,55.289788640078285,11,3,105,2
541,62.4497776958253,48.15625604070052,NA,55.30301686826291,11,3,105,2
542,62.47903553854975,48.15454807541701,NA,55.31679180698338,11,3,105,2
543,62.508128937529925,48.154040290397965,NA,55.331084613963945,11,3,105,2
544,62.53700823953239,48.15471310040128,NA,55.34586066996684,11,3,105,2
545,62.56561469268015,48.15654284889393,NA,55.36107877078704,11,3,105,2
546,62.593877362713954,48.15949994453405,NA,55.376688653624,11,3,105,2
547,62.62171073636853,48.16354649195771,NA,55.392628614163115,11,3,105,2
548,62.649014085901875,48.168634225515675,NA,55.40882415570877,11,3,105,2
549,62.67567220597404,48.17470341539203,NA,55.425187810683035,11,3,105,2
550,62.7015568416758,48.1816828026012,NA,55.441619822138506,11,3,105,2
551,62.72652783410644,48.18948992283902,NA,55.45800887847273,11,3,105,2
552,62.75043359534225,48.1980314440841,NA,55.474232519713176,11,3,105,2
553,62.773111695288414,48.20720349136638,NA,55.490157593327396,11,3,105,2
554,62.79439170860021,48.21689196015693,NA,55.505641834378565,11,3,105,2
555,62.81410149463818,48.22697279213028,NA,55.52053714338423,11,3,105,2
556,62.832074182024456,48.23731261916207,NA,55.53469340059326,11,3,105,2
557,62.84815273922677,48.24777069713134,NA,55.54796171817905,11,3,105,2
558,62.862192377576335,48.258201992256886,NA,55.56019718491661,11,3,105,2
559,62.87406220344864,48.26846014022585,NA,55.57126117183724,11,3,105,2
560,62.88364665831369,48.278399918067926,NA,55.581023288190806,11,3,105,2
561,62.89084640731008,48.28787981624751,NA,55.589363111778795,11,3,105,2
562,62.89557784907196,48.29676442060874,NA,55.59617113484035,11,3,105,2
563,62.897770809438754,48.30492543593372,NA,55.60134812268623,11,3,105,2
564,62.897365054358666,48.31224096307222,NA,55.60480300871544,11,3,105,2
565,62.8943067447869,48.31859342178641,NA,55.60645008328666,11,3,105,2
566,62.888545322236276,48.323866803987286,NA,55.606206063111784,11,3,105,2
567,62.880030825852394,48.32794423459963,NA,55.60398753022601,11,3,105,2
568,62.86871164182321,48.33070623203925,NA,55.59970893693123,11,3,105,2
569,62.85453268591284,48.3320294750685,NA,55.59328108049067,11,3,105,2
570,62.83743401993919,48.33178588282895,NA,55.58460995138407,11,3,105,2
571,62.817349903073456,48.329841814903794,NA,55.573595858988625,11,3,105,2
572,62.794207986289294,48.326057393411546,NA,55.56013268985042,11,3,105,2
573,62.76792806575671,48.32028614429331,NA,55.54410710502501,11,3,105,2
574,62.738420591394934,48.31237515505111,NA,55.52539787322302,11,3,105,2
575,62.70558590723529,48.302165946293385,NA,55.50387592676434,11,3,105,2
576,62.669314615151976,48.28949586439951,NA,55.479405239775744,11,3,105,2
577,62.629488868434045,48.27419941255809,NA,55.451844140496064,11,3,105,2
578,62.58598401166973,48.25610952270713,NA,55.42104676718843,11,3,105,2
579,62.53866959339654,48.23505935615626,NA,55.3868644747764,11,3,105,2
580,62.48740985099038,48.21088463548056,NA,55.34914724323547,11,3,105,2
581,62.43206484027027,48.18342592505645,NA,55.307745382663356,11,3,105,2
582,62.37249260207553,48.15253057017465,NA,55.262511586125086,11,3,105,2
583,62.3085519778318,48.11805429719567,NA,55.21330313751373,11,3,105,2
584,62.24010578368821,48.07986267219294,NA,55.15998422794057,11,3,105,2
585,62.16702415033227,48.03783281048194,NA,55.1024284804071,11,3,105,2
586,62.089187737986066,47.991855534195295,NA,55.04052163609068,11,3,105,2
587,62.00649043843483,47.941837979797235,NA,54.97416420911603,11,3,105,2
588,61.91884166346872,47.887706169534425,NA,54.903273916501576,11,3,105,2
589,61.82616880660559,47.829406572886874,NA,54.82778768974623,11,3,105,2
590,61.72841968441393,47.76690656162168,NA,54.7476631230178,11,3,105,2
591,61.62556398316961,47.70019453956784,NA,54.66287926136873,11,3,105,2
592,61.51759361411374,47.629280235306936,NA,54.573436924710336,11,3,105,2
593,61.40452275809067,47.55419535304471,NA,54.47935905556769,11,3,105,2
594,61.286387892299516,47.47499419136354,NA,54.380691041831525,11,3,105,2
595,61.163247603843715,47.39175325398313,NA,54.27750042891343,11,3,105,2
596,61.0351823845861,47.30456985168147,NA,54.169876118133786,11,3,105,2
597,60.90229499164145,47.21356066955852,NA,54.05792783059998,11,3,105,2
598,60.76471107964012,47.11886068827837,NA,53.94178588395924,11,3,105,2
599,60.62257893269475,47.02062226239829,NA,53.82160059754652,11,3,105,2
600,60.47606848918272,46.919014353692795,NA,53.69754142143776,11,3,140,3
601,60.32537121764066,46.814222112194955,NA,53.5697966649178,11,3,140,3
602,60.17070084111977,46.706446607246214,NA,53.43857372418299,11,3,140,3
603,60.01229334640573,46.59590412042255,NA,53.304098733414136,11,3,140,3
604,59.85040520185515,46.48282470458996,NA,53.166614953222556,11,3,140,3
605,59.685309194957505,46.36745000573993,NA,53.02637960034872,11,3,140,3
606,59.51728876348962,46.25003073418258,NA,52.883659748836095,11,3,140,3
607,59.346633156946545,46.13082456163228,NA,52.73872885928941,11,3,140,3
608,59.17363478938675,46.010094732900924,NA,52.59186476114384,11,3,140,3
609,58.99858868166246,45.88810919312424,NA,52.44334893739335,11,3,140,3
610,58.8217919401945,45.765139446122035,NA,52.29346569315827,11,3,140,3
611,58.64354121940983,45.64145777418896,NA,52.142499496799395,11,3,140,3
612,58.46412952874482,45.51733291263584,NA,51.99073122069033,11,3,140,3
613,58.28384423281229,45.393025735469074,NA,51.83843498414068,11,3,140,3
614,58.10296672785801,45.26878621603553,NA,51.68587647194677,11,3,140,3
615,57.921774862933255,45.14485263395852,NA,51.53331374844589,11,3,140,3
616,57.74054693092857,45.02145234170809,NA,51.380999636318336,11,3,140,3
617,57.55956332361714,44.8988017461845,NA,51.22918253490082,11,3,140,3
618,57.379105066057825,44.777104819005196,NA,51.07810494253151,11,3,140,3
619,57.199451566890225,44.656551107502594,NA,50.928001337196406,11,3,140,3
620,57.0208792382846,44.53731412110215,NA,50.779096679693374,11,3,140,3
621,56.84366137134024,44.419550870436645,NA,50.63160612088844,11,3,140,3
622,56.668067994635486,44.303402946639324,NA,50.48573547063741,11,3,140,3
623,56.494365223979024,44.18899913834986,NA,50.341682181164444,11,3,140,3
624,56.3228151720548,44.076458998980634,NA,50.19963708551772,11,3,140,3
625,56.15367514582054,43.965896191768664,NA,50.0597856687946,11,3,140,3
626,55.98719603005079,43.857421513181635,NA,49.922308771616215,11,3,140,3
627,55.823623852064216,43.75114656823881,NA,49.78738521015151,11,3,140,3
628,55.6632044261644,43.64718799845321,NA,49.65519621230881,11,3,140,3
629,55.50618590442373,43.545671090190666,NA,49.5259284973072,11,3,140,3
630,55.35281786443093,43.446732176375,NA,49.39977502040297,11,3,140,3
631,55.203349466119576,43.35051982955058,NA,49.27693464783508,11,3,140,3
632,55.05802745410225,43.25719474662193,NA,49.15761110036209,11,3,140,3
633,54.917093026264524,43.16692812788122,NA,49.04201057707287,11,3,140,3
634,54.780778345086425,43.07989874291112,NA,48.93033854399877,11,3,140,3
635,54.64930522391524,42.9962892659514,NA,48.82279724493332,11,3,140,3
636,54.52288520427548,42.916281877964245,NA,48.71958354111986,11,3,140,3
637,54.401716924190254,42.840052547337194,NA,48.620884735763724,11,3,140,3
638,54.28598106684828,42.76776466918327,NA,48.52687286801577,11,3,140,3
639,54.17583776342444,42.699564011302684,NA,48.43770088736356,11,3,140,3
640,54.07142820292868,42.63557584213627,NA,48.353502022532474,11,3,140,3
641,53.97287830075039,42.57590404337938,NA,48.27439117206488,11,3,140,3
642,53.880301790154945,42.5206316200821,NA,48.20046670511852,11,3,140,3
643,53.79380078399359,42.46982163123771,NA,48.13181120761565,11,3,140,3
644,53.71346409745841,42.423518051870204,NA,48.06849107466431,11,3,140,3
645,53.63936508597265,42.381746565630245,NA,48.01055582580145,11,3,140,3
646,53.5715596796088,42.344515287206825,NA,47.95803748340781,11,3,140,3
647,53.51008441783361,42.31181541414847,NA,47.91094991599104,11,3,140,3
648,53.45495380096434,42.28362151535081,NA,47.869287658157575,11,3,140,3
649,53.40615578734195,42.259890871123666,NA,47.83302332923281,11,3,140,3
650,53.36364660647868,42.24056215785057,NA,47.80210438216463,11,3,140,3
651,53.32734839974933,42.225554648362404,NA,47.77645152405587,11,3,140,3
652,53.29715046962537,42.21476851421053,NA,47.75595949191795,11,3,140,3
653,53.27291218791138,42.208086231097035,NA,47.74049920950421,11,3,140,3
654,53.25446580901425,42.205374211175524,NA,47.72992001009489,11,3,140,3
655,53.241617629815295,42.20648290837702,NA,47.72405026909615,11,3,140,3
656,53.23414788890462,42.2112457889955,NA,47.72269683895006,11,3,140,3
657,53.231811749105525,42.21947970584318,NA,47.72564572747435,11,3,140,3
658,53.23434234208375,42.2309875564012,NA,47.732664949242476,11,3,140,3
659,53.24145548868078,42.24556244749446,NA,47.74350896808762,11,3,140,3
660,53.25285444096408,42.26299200401398,NA,47.757923222489026,11,3,140,3
661,53.268231724281065,42.283060874151225,NA,47.77564629921615,11,3,140,3
662,53.287268669155445,42.30555104429561,NA,47.79640985672553,11,3,140,3
663,53.30963673438422,42.33024113739839,NA,47.8199389358913,11,3,140,3
664,53.33500101644875,42.356906356341405,NA,47.84595368639508,11,3,140,3
665,53.36302331684687,42.3853212215838,NA,47.874172269215336,11,3,140,3
666,53.39336516270302,42.41526442380778,NA,47.904314793255395,11,3,140,3
667,53.42569146866511,42.44652228369577,NA,47.93610687618044,11,3,140,3
668,53.459673577350166,42.47888965182136,NA,47.96928161458577,11,3,140,3
669,53.49499256137786,42.512169422440905,NA,48.00358099190939,11,3,140,3
670,53.53134366993598,42.54617193237538,NA,48.03875780115568,11,3,140,3
671,53.56844007162138,42.58071561357186,NA,48.074577842596625,11,3,140,3
672,53.6060146302954,42.6156289998353,NA,48.11082181506535,11,3,140,3
673,53.64381971840118,42.650752920111245,NA,48.14728631925621,11,3,140,3
674,53.681625559596114,42.685941515462154,NA,48.18378353752914,11,3,140,3
675,53.71921807995712,42.72106052161833,NA,48.22013930078772,11,3,140,3
676,53.756398027035765,42.75598350215085,NA,48.256190764593306,11,3,140,3
677,53.79298389607909,42.790588960503065,NA,48.291786428291076,11,3,140,3
678,53.82881700837178,42.82475960086004,NA,48.32678830461591,11,3,140,3
679,53.863762892262336,42.85838334961489,NA,48.36107312093861,11,3,140,3
680,53.897708286577085,42.891355456492526,NA,48.39453187153481,11,3,140,3
681,53.93055825525048,42.923580701683164,NA,48.42706947846682,11,3,140,3
682,53.962235073092906,42.95497493030166,NA,48.45860500169728,11,3,140,3
683,53.9926777137416,42.98546533042452,NA,48.48907152208306,11,3,140,3
684,54.021841550864856,43.01498974863425,NA,48.518415649749556,11,3,140,3
685,54.04969866372466,43.04349621467216,NA,48.54659743919841,11,3,140,3
686,54.07623786995493,43.07094345647088,NA,48.573590663212904,11,3,140,3
687,54.10146234016563,43.09730279650946,NA,48.599382568337546,11,3,140,3
688,54.12538576993903,43.12256045474361,NA,48.62397311234132,11,3,140,3
689,54.14803120576923,43.14671791765158,NA,48.64737456171041,11,3,140,3
690,54.16943291489111,43.16978969084599,NA,48.669611302868546,11,3,140,3
691,54.1896376897438,43.1917994106115,NA,48.69071855017765,11,3,140,3
692,54.2087036357777,43.21277587477122,NA,48.71073975527446,11,3,140,3
693,54.22669731971794,43.23275113837634,NA,48.729724229047136,11,3,140,3
694,54.243690740455136,43.251761161474676,NA,48.747725950964906,11,3,140,3
695,54.25975841415959,43.269847838000786,NA,48.76480312608019,11,3,140,3
696,54.27497447498594,43.28706055199681,NA,48.78101751349138,11,3,140,3
697,54.289410472997176,43.30345472452247,NA,48.79643259875982,11,3,140,3
698,54.30313416077952,43.319087935717185,NA,48.81111104824835,11,3,140,3
699,54.316208877482794,43.3340173275999,NA,48.82511310254135,11,3,140,3
700,54.328694114456084,43.348300042402386,NA,48.838497078429235,11,3,140,3
701,54.340648822088546,43.361996500469495,NA,48.85132266127902,11,3,140,3
702,54.3521362864527,43.37517495621366,NA,48.86365562133318,11,3,140,3
703,54.363226673293106,43.38791440502625,NA,48.87557053915968,11,3,140,3
704,54.373996653126795,43.40030476714927,NA,48.88715071013803,11,3,140,3
705,54.38452883741071,43.41244512757457,NA,48.89848698249264,11,3,140,3
706,54.394912195035985,43.424441786247655,NA,48.90967699064182,11,3,140,3
707,54.40524305771331,43.43640884807751,NA,48.92082595289541,11,3,140,3
708,54.415625639944494,43.44847105847773,NA,48.932048349211115,11,3,140,3
709,54.426170316398384,43.46076556638141,NA,48.9434679413899,11,3,140,3
710,54.436989752610344,43.47344085709888,NA,48.95521530485461,11,3,140,3
711,54.448194838051435,43.48665265779953,NA,48.96742374792548,11,3,140,3
712,54.45989159028909,43.50055817885255,NA,48.980224884570816,11,3,140,3
713,54.47218029652813,43.51531161476732,NA,48.993745955647725,11,3,140,3
714,54.48515835394748,43.53106207276736,NA,49.008110213357426,11,3,140,3
715,54.49892495402782,43.54795334138519,NA,49.023439147706505,11,3,140,3
716,54.51358322013153,43.566123643542944,NA,49.03985343183724,11,3,140,3
717,54.529238138646846,43.58570225067877,NA,49.05747019466281,11,3,140,3
718,54.545992915614356,43.606802955788325,NA,49.07639793570134,11,3,140,3
719,54.56394717102372,43.62951752461284,NA,49.096732347818275,11,3,140,3
720,54.58319716425204,43.65391117153063,NA,49.11855416789133,11,3,140,3
721,54.60383590326248,43.68002103412088,NA,49.141928468691674,11,3,140,3
722,54.62595167300429,43.707856865096126,NA,49.16690426905021,11,3,140,3
723,54.64962420128787,43.73740140505788,NA,49.19351280317288,11,3,140,3
724,54.67491992385013,43.768609753158294,NA,49.221764838504214,11,3,140,3
725,54.70189005381558,43.80140890637942,NA,49.2516494800975,11,3,140,3
726,54.730572820047655,43.83569902872956,NA,49.2831359243886,11,3,140,3
727,54.76099889819315,43.87135840223929,NA,49.316178650216216,11,3,140,3
728,54.79319740027314,43.90825128098293,NA,49.350724340628034,11,3,140,3
729,54.827198130659724,43.946235138622335,NA,49.38671663464103,11,3,140,3
730,54.863029717823714,43.985165653400266,NA,49.42409768561199,11,3,140,3
731,54.900717132751005,44.024899627840256,NA,49.46280838029563,11,3,140,3
732,54.9402798615845,44.065296040454115,NA,49.50278795101931,11,3,140,3
733,54.98172975673574,44.106215426755234,NA,49.54397259174549,11,3,140,3
734,55.02506837109976,44.147518469620394,NA,49.58629342036008,11,3,140,3
735,55.07028436043139,44.18906536179024,NA,49.629674861110814,11,3,140,3
736,55.1173513440296,44.23071594268761,NA,49.674033643358605,11,3,140,3
737,55.16622641900281,44.27232905113177,NA,49.719277735067294,11,3,140,3
738,55.216849816224745,44.3137608035298,NA,49.76530530987728,11,3,140,3
739,55.26914647894716,44.35486277514197,NA,49.81200462704456,11,3,140,3
740,55.32302907730696,44.39548086697827,NA,49.859254972142615,11,3,140,3
741,55.378400704216276,44.435455445866154,NA,49.906928075041215,11,3,140,3
742,55.43515676628687,44.47462324777603,NA,49.95489000703145,11,3,140,3
743,55.4931868515658,44.512821437031505,NA,50.00300414429866,11,3,140,3
744,55.55237686831087,44.54989284855507,NA,50.051134858432974,11,3,140,3
745,55.612611261455804,44.58569007476791,NA,50.09915066811186,11,3,140,3
746,55.673774528234226,44.62007732665215,NA,50.14692592744319,11,3,140,3
747,55.735750669223094,44.65293026631822,NA,50.19434046777066,11,3,140,3
748,55.7984212593667,44.6841348861027,NA,50.2412780727347,11,3,140,3
749,55.861664871846294,44.713587386899235,NA,50.28762612937277,11,3,140,3
750,55.92535805172718,44.74119525258175,NA,50.33327665215447,11,3,140,3
751,55.98937550038883,44.76687796153613,NA,50.37812673096248,11,3,140,3
752,56.053588887441045,44.79056655644112,NA,50.42207772194108,11,3,140,3
753,56.117866145289646,44.812202073558275,NA,50.46503410942396,11,3,140,3
754,56.18207290649113,44.83173312523065,NA,50.506903015860885,11,3,140,3
755,56.24607481796185,44.84911322175148,NA,50.54759401985666,11,3,140,3
756,56.309738003073456,44.86429880879495,NA,50.5870184059342,11,3,140,3
757,56.3729275761882,44.87724938666603,NA,50.62508848142711,11,3,140,3
758,56.435505479726395,44.88792902929017,NA,50.66171725450828,11,3,140,3
759,56.49732754836337,44.89630657253053,NA,50.696817060446946,11,3,140,3
760,56.558240485291414,44.90235359455864,NA,50.73029703992503,11,3,140,3
761,56.61808089862276,44.906041164146046,NA,50.762061031384405,11,3,140,3
762,56.676676302794,44.907336820401575,NA,50.79200656159779,11,3,140,3
763,56.733845746632234,44.9062037351752,NA,50.82002474090372,11,3,140,3
764,56.78939987570201,44.90260205864532,NA,50.846000967173666,11,3,140,3
765,56.84314238250243,44.89649049791533,NA,50.86981644020888,11,3,140,3
766,56.8948732376013,44.88782686124105,NA,50.89135004942118,11,3,140,3
767,56.9443925342853,44.87656698329222,NA,50.91047975878876,11,3,140,3
768,56.99150436459551,44.862663105023564,NA,50.927083734809536,11,3,140,3
769,57.03602072985271,44.84606443991194,NA,50.941042584882325,11,3,140,3
770,57.07776558623503,44.82672080514143,NA,50.952243195688226,11,3,140,3
771,57.11657922336707,44.8045883431276,NA,50.96058378324733,11,3,140,3
772,57.15232180818528,44.77963509075876,NA,50.96597844947202,11,3,140,3
773,57.18487356059122,44.75184288564649,NA,50.968358223118855,11,3,140,3
774,57.21413234337847,44.72120551232994,NA,50.967668927854206,11,3,140,3
775,57.24001276488484,44.68772640500138,NA,50.96386958494311,11,3,140,3
776,57.262447966415216,44.651418150228515,NA,50.956933058321866,11,3,140,3
777,57.281392340079655,44.61230496007608,NA,50.94684865007787,11,3,140,3
778,57.29682430022782,44.57042723757364,NA,50.933625768900725,11,3,140,3
779,57.30874910916265,44.52584530798997,NA,50.91729720857631,11,3,140,3
780,57.31720048946756,44.47864075465908,NA,50.897920622063324,11,3,140,3
781,57.32223848689919,44.42891516334184,NA,50.87557682512052,11,3,140,3
782,57.323945241470966,44.37678783445507,NA,50.85036653796302,11,3,140,3
783,57.32242451804609,44.32239577785528,NA,50.822410147950684,11,3,140,3
784,57.317805385305086,44.265896573537475,NA,50.791850979421284,11,3,140,3
785,57.31024496950335,44.207471950278624,NA,50.75885845989099,11,3,140,3
786,57.2999277450187,44.14732983638515,NA,50.72362879070192,11,3,140,3
787,57.28706135924953,44.08570253879601,NA,50.686381949022774,11,3,140,3
788,57.271871134842485,44.02284133992171,NA,50.6473562373821,11,3,140,3
789,57.25459753769432,43.95901043475481,NA,50.60680398622456,11,3,140,3
790,57.23549728998569,43.89448235019916,NA,50.56498982009242,11,3,140,3
791,57.21484519835183,43.82953620805402,NA,50.522190703202924,11,3,140,3
792,57.19293425473705,43.7644574618863,NA,50.478695858311674,11,3,140,3
793,57.170072054912524,43.69953500685873,NA,50.43480353088563,11,3,140,3
794,57.146573237501975,43.635054585172995,NA,50.39081391133749,11,3,140,3
795,57.122749304282394,43.57129043343147,NA,50.34701986885693,11,3,140,3
796,57.09889815782577,43.50849741088442,NA,50.303697784355094,11,3,140,3
797,57.075296667986485,43.44690614030478,NA,50.261101404145634,11,3,140,3
798,57.05219695933933,43.38672076740086,NA,50.21945886337009,11,3,140,3
799,57.029824311242905,43.328116018922856,NA,50.17897016508288,11,3,140,3
800,57.00837513387584,43.27123228831648,NA,50.139803711096164,11,3,140,3
801,56.98801459873428,43.21616952652899,NA,50.102092062631634,11,3,140,3
802,56.96887407382034,43.162981984106025,NA,50.065928028963185,11,3,140,3
803,56.951048542105035,43.1116771193301,NA,50.03136283071757,11,3,140,3
804,56.93459400123569,43.06221915924891,NA,49.9984065802423,11,3,140,3
805,56.9195250241669,43.014534972552916,NA,49.967029998359905,11,3,140,3
806,56.90581390112072,42.96852040160811,NA,49.93716715136442,11,3,140,3
807,56.89339348061185,42.92404568921975,NA,49.9087195849158,11,3,140,3
808,56.882163640276936,42.88096058693248,NA,49.88156211360471,11,3,140,3
809,56.87199967463029,42.83910168281265,NA,49.85555067872147,11,3,140,3
810,56.8627605668916,42.798301755925095,NA,49.830531161408345,11,3,140,3
811,56.85429461079934,42.758398233870324,NA,49.80634642233483,11,3,140,3
812,56.84644170180465,42.719238805179614,NA,49.78284025349213,11,3,140,3
813,56.83903347044007,42.68068321368115,NA,49.75985834206061,11,3,140,3
814,56.83189340618188,42.642602407648305,NA,49.73724790691509,11,3,140,3
815,56.824840095630435,42.604878362202626,NA,49.71485922891653,11,3,140,3
816,56.81769328512691,42.56740545482388,NA,49.692549369975396,11,3,140,3
817,56.810279064169855,42.53009183519582,NA,49.67018544968283,11,3,140,3
818,56.802433489642574,42.49285991318801,NA,49.6476467014153,11,3,140,3
819,56.79400699443346,42.455645771331874,NA,49.62482638288267,11,3,140,3
820,56.78486948543768,42.41839769808154,NA,49.60163359175961,11,3,140,3
821,56.77491359726639,42.381074428090976,NA,49.57799401267869,11,3,140,3
822,56.7640558110571,42.34364435830821,NA,49.55385008468265,11,3,140,3
823,56.75223739079797,42.30608769127551,NA,49.52916254103674,11,3,140,3
824,56.739425235997935,42.26840062828203,NA,49.50391293213998,11,3,140,3
825,56.72561089593826,42.23059790624753,NA,49.47810440109289,11,3,140,3
826,56.71080725834345,42.19271192270586,NA,49.45175959052466,11,3,140,3
827,56.69504369293044,42.154788643721965,NA,49.424916168326206,11,3,140,3
828,56.67836101519282,42.11688204993177,NA,49.3976215325623,11,3,140,3
829,56.66080822073947,42.079050436300534,NA,49.36992932852,11,3,140,3
830,56.64244196495276,42.04135593031338,NA,49.34189894763307,11,3,140,3
831,56.62332878722073,42.003866642477206,NA,49.31359771484897,11,3,140,3
832,56.603548713318006,41.966659692480874,NA,49.28510420289944,11,3,140,3
833,56.583197503806915,41.9298221838081,NA,49.25650984380751,11,3,140,3
834,56.56238676689466,41.89344944282656,NA,49.227918104860606,11,3,140,3
835,56.5412431047182,41.857642081595316,NA,49.19944259315676,11,3,140,3
836,56.51990755930577,41.82250412627919,NA,49.17120584279248,11,3,140,3
837,56.49853672174501,41.788145135733345,NA,49.14334092873918,11,3,140,3
838,56.47730423436,41.75468513817724,NA,49.11599468626862,11,3,140,3
839,56.4563987819649,41.722257117209296,NA,49.0893279495871,11,3,140,3
840,56.436017886745645,41.691004801908754,NA,49.063511344327196,11,3,140,3
841,56.41636003984167,41.66107653924573,NA,49.038718289543695,11,3,140,3
842,56.39761682473754,41.632617294886,NA,49.01511705981177,11,3,140,3
843,56.37996580972226,41.60576209642219,NA,48.992863953072224,11,3,140,3
844,56.363564304013885,41.580632379886985,NA,48.972098341950435,11,3,140,3
845,56.34854338959744,41.5573348473192,NA,48.95293911845832,11,3,140,3
846,56.33500290913311,41.535961272893545,NA,48.93548209101333,11,3,140,3
847,56.32300935868907,41.516586524895914,NA,48.919797941792496,11,3,140,3
848,56.31259687883622,41.4992648021274,NA,48.90593084048181,11,3,140,3
849,56.30376978245679,41.48402681465254,NA,48.89389829855466,11,3,140,3
850,56.29650525318684,41.47087966373874,NA,48.88369245846279,11,3,140,3
851,56.290755043952316,41.45981020079487,NA,48.87528262237359,11,3,140,3
852,56.28644715131454,41.45079079226322,NA,48.86861897178888,11,3,140,3
853,56.28349058756272,41.44378456452118,NA,48.86363757604195,11,3,140,3
854,56.28178305656475,41.43874847105189,NA,48.860265763808314,11,3,140,3
855,56.28121802338777,41.43563379227716,NA,48.85842590783247,11,3,140,3
856,56.281688740797264,41.43438543423687,NA,48.85803708751707,11,3,140,3
857,56.28308786874979,41.434943148071,NA,48.859015508410394,11,3,140,3
858,56.28530405407551,41.437244671158304,NA,48.86127436261691,11,3,140,3
859,56.28821956862321,41.44122766964441,NA,48.86472361913381,11,3,140,3
860,56.291709885453685,41.44682863010569,NA,48.86926925777969,11,3,140,3
861,56.29564285401068,41.45397811609314,NA,48.87481048505191,11,3,140,3
862,56.29987630577455,41.46259395117978,NA,48.881235128477165,11,3,140,3
863,56.30425409250204,41.472576036076,NA,48.88841506428902,11,3,140,3
864,56.30860211990063,41.48380416666302,NA,48.896203143281824,11,3,140,3
865,56.31272750038097,41.496137879150794,NA,48.90443268976588,11,3,140,3
866,56.31642092513919,41.50941705624949,NA,48.91291899069434,11,3,140,3
867,56.31945933244192,41.5234617359394,NA,48.92146053419066,11,3,140,3
868,56.3216078024584,41.53807151549012,NA,48.92983965897426,11,3,140,3
869,56.322621462422156,41.55302689444611,NA,48.937824178434134,11,3,140,3
870,56.32224886883299,41.56809343752923,NA,48.94517115318111,11,3,140,3
871,56.32023901629705,41.58302817561384,NA,48.95163359595544,11,3,140,3
872,56.31635041627146,41.597587077935096,NA,48.956968747103275,11,3,140,3
873,56.310356982552094,41.61153184360438,NA,48.96094441307824,11,3,140,3
874,56.30204926416762,41.624635235893244,NA,48.963342250030436,11,3,140,3
875,56.291233370087745,41.63668515803491,NA,48.96395926406133,11,3,140,3
876,56.2777297348476,41.64748718143913,NA,48.962608458143364,11,3,140,3
877,56.26137367888463,41.65686474930182,NA,48.95911921409322,11,3,140,3
878,56.242017278699336,41.66465764386818,NA,48.95333746128376,11,3,140,3
879,56.2195296232616,41.6707206708775,NA,48.94512514706955,11,3,140,3
880,56.1937944835961,41.674923246465454,NA,48.934358865030774,11,3,140,3
881,56.164706372995816,41.67714930356377,NA,48.920927838279795,11,3,140,3
882,56.13216685291464,41.677296739534086,NA,48.90473179622436,11,3,140,3
883,56.096083817239,41.67527543147901,NA,48.885679624359,11,3,140,3
884,56.05637375648045,41.67100421098981,NA,48.86368898373513,11,3,140,3
885,56.012964272283774,41.664408555435095,NA,48.838686413859435,11,3,140,3
886,55.96579508786398,41.65541958229755,NA,48.81060733508076,11,3,140,3
887,55.91481677517769,41.64397376249973,NA,48.77939526883871,11,3,140,3
888,55.85998837022424,41.6300123784234,NA,48.74500037432382,11,3,140,3
889,55.80127699847176,41.61347936210156,NA,48.70737818028665,11,3,140,3
890,55.73865980366902,41.59431800220321,NA,48.666488902936116,11,3,140,3
891,55.67212564457285,41.57246886160045,NA,48.62229725308665,11,3,140,3
892,55.601675096871425,41.547869784252676,NA,48.57477244056205,11,3,140,3
893,55.52731837031927,41.52045740711311,NA,48.52388788871619,11,3,140,3
894,55.449072409075164,41.490169300182465,NA,48.469620854628815,11,3,140,3
895,55.366960101232664,41.45694556523732,NA,48.41195283323499,11,3,140,3
896,55.281012182510956,41.420729894194956,NA,48.350871038352956,11,3,140,3
897,55.19127007805966,41.381471258485846,NA,48.28637066827275,11,3,140,3
898,55.0977877311262,41.33912671798571,NA,48.218457224555955,11,3,140,3
899,55.000630272100025,41.29366515521003,NA,48.14714771365503,11,3,140,3
900,54.89986991725276,41.245070179741425,NA,48.072470048497095,11,3,175,4
901,54.7955820223164,41.19333888708328,NA,47.99446045469984,11,3,175,4
902,54.68784333808858,41.13847676481628,NA,47.91316005145243,11,3,175,4
903,54.576733637347125,41.0804926476348,NA,47.828613142490966,11,3,175,4
904,54.4623385660423,41.019395671962606,NA,47.74086711900245,11,3,175,4
905,54.34474825541232,40.95519423003389,NA,47.649971242723105,11,3,175,4
906,54.22405188877198,40.88789633808293,NA,47.55597411342745,11,3,175,4
907,54.10033407384767,40.817510248063904,NA,47.45892216095579,11,3,175,4
908,53.97367575033518,40.74404501015613,NA,47.35886038024566,11,3,175,4
909,53.844159241194816,40.66751157113649,NA,47.25583540616565,11,3,175,4
910,53.711875398099366,40.58792509123096,NA,47.14990024466516,11,3,175,4
911,53.576929133289305,40.505309259565095,NA,47.0411191964272,11,3,175,4
912,53.43944187331842,40.41970133995918,NA,46.9295716066388,11,3,175,4
913,53.299551713327396,40.331154630381995,NA,46.815353171854696,11,3,175,4
914,53.15741253793326,40.23973775024016,NA,46.69857514408671,11,3,175,4
915,53.013193862260806,40.14553290050929,NA,46.57936338138505,11,3,175,4
916,52.86708119564017,40.04863446116952,NA,46.45785782840484,11,3,175,4
917,52.71927477949758,39.94914850988097,NA,46.334211644689276,11,3,175,4
918,52.56998601378839,39.84719287027928,NA,46.20858944203383,11,3,175,4
919,52.41943234916918,39.74289632272672,NA,46.081164335947946,11,3,175,4
920,52.267832494863654,39.63639678061839,NA,45.95211463774102,11,3,175,4
921,52.115404864999824,39.52783940562086,NA,45.82162213531034,11,3,175,4
922,51.96236916247787,39.41737602522196,NA,45.68987259384991,11,3,175,4
923,51.808947975735066,39.30516760599028,NA,45.55705779086267,11,3,175,4
924,51.655367507129455,39.19138919492955,NA,45.4233783510295,11,3,175,4
925,51.501858795001354,39.07623440026604,NA,45.2890465976337,11,3,175,4
926,51.34866001110278,38.959917555699484,NA,45.15428878340113,11,3,175,4
927,51.1960196346923,38.84267278478537,NA,45.019346209738835,11,3,175,4
928,51.04420001186332,38.724750937483904,NA,44.88447547467361,11,3,175,4
929,50.89348051589906,38.60641712628563,NA,44.749948821092346,11,3,175,4
930,50.7441588414759,38.487950418613444,NA,44.61605463004467,11,3,175,4
931,50.59654828252763,38.36964607151677,NA,44.4830971770222,11,3,175,4
932,50.450971574368275,38.251818353535576,NA,44.351394963951925,11,3,175,4
933,50.307754611494424,38.1347996574547,NA,44.22127713447456,11,3,175,4
934,50.16722159667835,38.018935508903866,NA,44.09307855279111,11,3,175,4
935,50.02969142123978,37.9045789770111,NA,43.96713519912544,11,3,175,4
936,49.89547468624277,37.79208692019701,NA,43.843780803219886,11,3,175,4
937,49.7648703842839,37.68181942714537,NA,43.72334490571464,11,3,175,4
938,49.63816233458257,37.5741411793975,NA,43.60615175699003,11,3,175,4
939,49.515616537179646,37.469420828448385,NA,43.492518682814016,11,3,175,4
940,49.397479636914994,37.36802633337287,NA,43.38275298514393,11,3,175,4
941,49.28397771275812,37.27031605818597,NA,43.27714688547205,11,3,175,4
942,49.175315681263484,37.176628256772226,NA,43.17597196901785,11,3,175,4
943,49.07167867613559,37.087274401967946,NA,43.07947653905177,11,3,175,4
944,48.973235205616206,37.00253732894632,NA,42.98788626728126,11,3,175,4
945,48.880140329113004,36.92267067671785,NA,42.901405502915424,11,3,175,4
946,48.792537484898894,36.84789747751543,NA,42.820217481207166,11,3,175,4
947,48.710557991082474,36.77840710981536,NA,42.74448255044892,11,3,175,4
948,48.63431860776191,36.714351294295504,NA,42.67433495102871,11,3,175,4
949,48.56391891399136,36.655841275624056,NA,42.60988009480771,11,3,175,4
950,48.49943966820647,36.60294706557015,NA,42.55119336688831,11,3,175,4
951,48.44094273580503,36.55569835556302,NA,42.498320545684024,11,3,175,4
952,48.38847199739684,36.514086219762724,NA,42.45127910857978,11,3,175,4
953,48.342053481061164,36.47806424263486,NA,42.410058861848015,11,3,175,4
954,48.301694327778996,36.44754907116342,NA,42.374621699471206,11,3,175,4
955,48.26738156503733,36.422421757960315,NA,42.344901661498824,11,3,175,4
956,48.23908195648753,36.402530481784176,NA,42.320806219135854,11,3,175,4
957,48.2167444884344,36.38769445220965,NA,42.30221947032203,11,3,175,4
958,48.20030490842928,36.377708610631544,NA,42.28900675953041,11,3,175,4
959,48.1896895857029,36.37234854517373,NA,42.281019065438315,11,3,175,4
960,48.184817719045064,36.371375330060935,NA,42.278096524553,11,3,175,4
961,48.185602673557,36.374540292925204,NA,42.2800714832411,11,3,175,4
962,48.19195225244404,36.381589421123714,NA,42.28677083678387,11,3,175,4
963,48.20376673473915,36.392266825677076,NA,42.298016780208116,11,3,175,4
964,48.22093507056209,36.40631697415042,NA,42.31362602235626,11,3,175,4
965,48.24333118626098,36.42348569646066,NA,42.33340844136082,11,3,175,4
966,48.27081098642399,36.44352035774057,NA,42.357165672082274,11,3,175,4
967,48.30320927444347,36.46616998251878,NA,42.38468962848113,11,3,175,4
968,48.34033649636933,36.491185821847594,NA,42.41576115910846,11,3,175,4
969,48.381975895892396,36.51832256237734,NA,42.450149229134865,11,3,175,4
970,48.4278822538826,36.547339888634966,NA,42.48761107125878,11,3,175,4
971,48.47778397152657,36.57800362200679,NA,42.527893796766676,11,3,175,4
972,48.53138840333564,36.610086147552046,NA,42.57073727544385,11,3,175,4
973,48.588388493490335,36.64336632738501,NA,42.615877410437676,11,3,175,4
974,48.64846945205603,36.67762987955509,NA,42.66304966580556,11,3,175,4
975,48.71131489057996,36.712671981539955,NA,42.711993436059956,11,3,175,4
976,48.776612226859065,36.748301516453076,NA,42.76245687165607,11,3,175,4
977,48.84405755885282,36.78434403901772,NA,42.81420079893527,11,3,175,4
978,48.91336011012099,36.82064209874309,NA,42.86700110443204,11,3,175,4
979,48.98424625149422,36.857053118086725,NA,42.920649684790476,11,3,175,4
980,49.05646222564292,36.893446291132435,NA,42.974954258387676,11,3,175,4
981,49.12977382311185,36.92970123608054,NA,43.02973752959619,11,3,175,4
982,49.203963599005405,36.96570908636382,NA,43.08483634268461,11,3,175,4
983,49.27882856012643,37.0013746567359,NA,43.140101608431166,11,3,175,4
984,49.35417920382114,37.036617637736015,NA,43.195398420778574,11,3,175,4
985,49.42983874126096,37.0713700889741,NA,43.25060441511753,11,3,175,4
986,49.505641922902264,37.105571695568294,NA,43.30560680923528,11,3,175,4
987,49.58143346889238,37.13916844598353,NA,43.36030095743796,11,3,175,4
988,49.65706649715971,37.17211590266352,NA,43.41459119991161,11,3,175,4
989,49.73240173191763,37.20438375000411,NA,43.46839274096087,11,3,175,4
990,49.8073081776385,37.235958694210794,NA,43.52163343592464,11,3,175,4
991,49.881665845888364,37.26684317953011,NA,43.57425451270924,11,3,175,4
992,49.95536956167261,37.29705089644546,NA,43.62621022905904,11,3,175,4
993,50.02833131516694,37.32660356854072,NA,43.67746744185383,11,3,175,4
994,50.100480380163006,37.35553057843852,NA,43.72800547930076,11,3,175,4
995,50.17176217598158,37.3838700669607,NA,43.77781612147113,11,3,175,4
996,50.242136849338756,37.41166906661527,NA,43.82690295797701,11,3,175,4
997,50.311578552393726,37.43897915747251,NA,43.875278854933114,11,3,175,4
998,50.380075807748725,37.465848327491884,NA,43.922962067620304,11,3,175,4
999,50.44763276572279,37.49231391342299,NA,43.96997333957289,11,3,175,4
1000,50.51426998855236,37.51839964523785,NA,44.0163348168951,11,3,175,4
1001,50.58002222549465,37.54411796397193,NA,44.062070094733286,11,3,175,4
1002,50.6449332760659,37.56947556430374,NA,44.107204420184814,11,3,175,4
1003,50.709050671937334,37.594476894635186,NA,44.151763783286256,11,3,175,4
1004,50.7724220300531,37.61912405394555,NA,44.195773041999324,11,3,175,4
1005,50.83509405164475,37.64341523116062,NA,44.23925464140268,11,3,175,4
1006,50.897113386109304,37.66734383283384,NA,44.282228609471574,11,3,175,4
1007,50.958526823032294,37.69090044499961,NA,44.32471363401595,11,3,175,4
1008,51.019379543642195,37.71407723913926,NA,44.36672839139072,11,3,175,4
1009,51.07971143099456,37.73687189625342,NA,44.408291663623984,11,3,175,4
1010,51.13955251112201,37.75928870823955,NA,44.449420609680786,11,3,175,4
1011,51.19891967037337,37.78133510093535,NA,44.49012738565436,11,3,175,4
1012,51.257815526328606,37.803014651696856,NA,44.530415089012735,11,3,175,4
1013,51.316229061884314,37.82432050293431,NA,44.570274782409314,11,3,175,4
1014,51.37413714463407,37.8452313174189,NA,44.609684231026485,11,3,175,4
1015,51.431505566195085,37.86571016564943,NA,44.64860786592226,11,3,175,4
1016,51.48828940675881,37.88570556532322,NA,44.686997486041015,11,3,175,4
1017,51.54443370075435,37.90515272273337,NA,44.72479321174386,11,3,175,4
1018,51.599874989539266,37.92397448920341,NA,44.76192473937134,11,3,175,4
1019,51.65454395704249,37.942083008943534,NA,44.79831348299301,11,3,175,4
1020,51.70836856411036,37.95938303489235,NA,44.83387579950136,11,3,175,4
1021,51.761276317097106,37.97577788925495,NA,44.86852710317603,11,3,175,4
1022,51.813195184119785,37.991176997260965,NA,44.90218609069038,11,3,175,4
1023,51.864053550244975,38.00550187439469,NA,44.93477771231983,11,3,175,4
1024,51.91377999302949,38.01868910540837,NA,44.96623454921893,11,3,175,4
1025,51.96230404998637,38.030690511406675,NA,44.996497280696524,11,3,175,4
1026,52.00955768646992,38.04147138382789,NA,45.0255145351489,11,3,175,4
1027,52.05547570938629,38.05100834667535,NA,45.05324202803082,11,3,175,4
1028,52.09999454256591,38.059287042632626,NA,45.079640792599264,11,3,175,4
1029,52.143049950061645,38.066298473008345,NA,45.104674211535,11,3,175,4
1030,52.184574878834965,38.07203389422368,NA,45.12830438652932,11,3,175,4
1031,52.22449917751592,38.07647924638081,NA,45.15048921194837,11,3,175,4
1032,52.262750899667246,38.07961028453689,NA,45.17118059210207,11,3,175,4
1033,52.29925685173297,38.08138977847199,NA,45.190323315102475,11,3,175,4
1034,52.33394111880988,38.08176668381535,NA,45.20785390131262,11,3,175,4
1035,52.36672137433874,38.080675724514904,NA,45.22369854942682,11,3,175,4
1036,52.397504340448634,38.07803680222745,NA,45.23777057133805,11,3,175,4
1037,52.4261833263714,38.07375462381104,NA,45.24996897509122,11,3,175,4
1038,52.452638041476106,38.06771893832679,NA,45.26017848990145,11,3,175,4
1039,52.476734148644375,38.05980577518618,NA,45.26826996191528,11,3,175,4
1040,52.498321779569594,38.049879002385374,NA,45.27410039097748,11,3,175,4
1041,52.517233989438715,38.03779045106008,NA,45.2775122202494,11,3,175,4
1042,52.5332863237921,38.02337880355959,NA,45.278332563675846,11,3,175,4
1043,52.546278865708615,38.00646939320093,NA,45.27637412945477,11,3,175,4
1044,52.55600027849586,37.98687608867433,NA,45.27143818358509,11,3,175,4
1045,52.56223150606981,37.96440546087503,NA,45.26331848347242,11,3,175,4
1046,52.56474835399189,37.938861771974516,NA,45.2518050629832,11,3,175,4
1047,52.56332373486314,37.910049668527755,NA,45.23668670169545,11,3,175,4
1048,52.55773026432231,37.87777428903526,NA,45.21775227667878,11,3,175,4
1049,52.547743796401285,37.84184132496108,NA,45.19479256068118,11,3,175,4
1050,52.53314799929457,37.802059184064845,NA,45.16760359167971,11,3,175,4
1051,52.51373958484709,37.75824501474498,NA,45.13599229979603,11,3,175,4
1052,52.48933321971877,37.71023420419296,NA,45.099783711955865,11,3,175,4
1053,52.459765243523194,37.657890817169736,NA,45.05882803034646,11,3,175,4
1054,52.42489805000964,37.601116832070765,NA,45.0130074410402,11,3,175,4
1055,52.38462698702632,37.53985842065446,NA,44.96224270384039,11,3,175,4
1056,52.33888743647273,37.47410976059777,NA,44.90649859853525,11,3,175,4
1057,52.2876596373794,37.403917112728834,NA,44.84578837505411,11,3,175,4
1058,52.23097193584024,37.329383455610675,NA,44.780177695725456,11,3,175,4
1059,52.16890353499657,37.250671530907674,NA,44.70978753295212,11,3,175,4
1060,52.10158615938692,37.1680043225312,NA,44.634795240959065,11,3,175,4
1061,52.02920307181059,37.08166316208491,NA,44.555433116947754,11,3,175,4
1062,51.95198524558207,36.991982871918665,NA,44.471984058750365,11,3,175,4
1063,51.87020585979769,36.89934257592242,NA,44.384774217860056,11,3,175,4
1064,51.78417525987459,36.80415363596961,NA,44.2941644479221,11,3,175,4
1065,51.69423950032822,36.70684899983011,NA,44.20054425007916,11,3,175,4
1066,51.600781294508465,36.6078748320495,NA,44.104328063278984,11,3,175,4
1067,51.504217903799216,36.50768188512791,NA,44.00594989446356,11,3,175,4
1068,51.40499430219442,36.40671601887685,NA,43.90585516053564,11,3,175,4
1069,51.30357375561697,36.30540922651713,NA,43.804491491067054,11,3,175,4
1070,51.20042795492735,36.20417174585594,NA,43.70229985039164,11,3,175,4
1071,51.096028841279164,36.103385053791335,NA,43.59970694753525,11,3,175,4
1072,50.99084299436162,36.00339671316953,NA,43.497119853765575,11,3,175,4
1073,50.885328186071526,35.90451921189942,NA,43.39492369898547,11,3,175,4
1074,50.77993014161462,35.807032106147574,NA,43.293481123881094,11,3,175,4
1075,50.67507598956139,35.711183951379155,NA,43.193129970470274,11,3,175,4
1076,50.57116527178598,35.617193236569264,NA,43.09417925417762,11,3,175,4
1077,50.46856377371539,35.52525026844451,NA,42.99690702107995,11,3,175,4
1078,50.367601924376274,35.43552088016734,NA,42.90156140227181,11,3,175,4
1079,50.268576004868976,35.34815176639281,NA,42.8083638856309,11,3,175,4
1080,50.17175059950385,35.26327675930628,NA,42.717513679405066,11,3,175,4
1081,50.07736091943328,35.18102287285183,NA,42.62919189614256,11,3,175,4
1082,49.98561421433091,35.1015147474919,NA,42.5435644809114,11,3,175,4
1083,49.89669007335728,35.02487593288619,NA,42.46078300312173,11,3,175,4
1084,49.81074058755188,34.951227494221094,NA,42.38098404088649,11,3,175,4
1085,49.72789251668008,34.88068647624061,NA,42.30428949646034,11,3,175,4
1086,49.64825116553706,34.81336519847806,NA,42.230808182007564,11,3,175,4
1087,49.571903236653036,34.749370794652705,NA,42.16063701565287,11,3,175,4
1088,49.49891768235758,34.68880450679174,NA,42.09386109457466,11,3,175,4
1089,49.42934533513703,34.63176034224574,NA,42.030552838691385,11,3,175,4
1090,49.36321848565653,34.57832328709968,NA,41.970770886378105,11,3,175,4
1091,49.300551968251824,34.5285678548351,NA,41.91455991154346,11,3,175,4
1092,49.24134555830683,34.482557359083,NA,41.86195145869492,11,3,175,4
1093,49.18558573052839,34.44034390931006,NA,41.81296481991922,11,3,175,4
1094,49.13324599780648,34.40196883583919,NA,41.76760741682284,11,3,175,4
1095,49.08428622100431,34.36746295816554,NA,41.725874589584926,11,3,175,4
1096,49.03865157285867,34.336846695917075,NA,41.68774913438787,11,3,175,4
1097,48.996272132012976,34.31013060719287,NA,41.653201369602925,11,3,175,4
1098,48.95706330312086,34.287315476122714,NA,41.62218938962179,11,3,175,4
1099,48.920926478878386,34.268389608600934,NA,41.594658043739656,11,3,175,4
1100,48.88774955514938,34.2533234337391,NA,41.57053649444424,11,3,175,4
1101,48.85740710564705,34.242063947215485,NA,41.54973552643126,11,3,175,4
1102,48.82976051053121,34.23453085023267,NA,41.532145680381944,11,3,175,4
1103,48.80465882117122,34.23061555539977,NA,41.5176371882855,11,3,175,4
1104,48.781940265691965,34.23018276819674,NA,41.50606151694436,11,3,175,4
1105,48.7614334222736,34.23307289003605,NA,41.49725315615483,11,3,175,4
1106,48.74295855040714,34.23910436717354,NA,41.49103145879034,11,3,175,4
1107,48.72633103351658,34.24807598792596,NA,41.48720351072127,11,3,175,4
1108,48.71136703326519,34.25977020391559,NA,41.48556861859039,11,3,175,4
1109,48.6978896027162,34.27395962428108,NA,41.48592461349864,11,3,175,4
1110,48.68573409072082,34.29041649113107,NA,41.48807529092595,11,3,175,4
1111,48.67475225502315,34.30892260375448,NA,41.491837429388816,11,3,175,4
1112,48.664814969574245,34.32927715909629,NA,41.497046064335265,11,3,175,4
1113,48.65581395751706,34.35129997586714,NA,41.5035569666921,11,3,175,4
1114,48.6476630980549,34.37483098322892,NA,41.511247040641905,11,3,175,4
1115,48.64029973804493,34.39973026851449,NA,41.52001500327971,11,3,175,4
1116,48.633686068171244,34.42588014953519,NA,41.529783108853216,11,3,175,4
1117,48.62781040860422,34.453187908112064,NA,41.540499158358145,11,3,175,4
1118,48.6226875854099,34.48158704082883,NA,41.55213731311936,11,3,175,4
1119,48.618357071376245,34.51103410233951,NA,41.56469558685788,11,3,175,4
1120,48.614879339714776,34.541501239832996,NA,41.578190289773886,11,3,175,4
1121,48.61233241982194,34.57296754057366,NA,41.5926499801978,11,3,175,4
1122,48.61080882975317,34.60541241174655,NA,41.608110620749855,11,3,175,4
1123,48.61041132361308,34.63881430925466,NA,41.62461281643387,11,3,175,4
1124,48.611247257372135,34.67315384043043,NA,41.642200548901286,11,3,175,4
1125,48.613422741994704,34.70841597396532,NA,41.66091935798001,11,3,175,4
1126,48.61703785023286,34.744589016446525,NA,41.680813433339694,11,3,175,4
1127,48.62218424099098,34.78166094095802,NA,41.701922590974505,11,3,175,4
1128,48.62894480957465,34.81961521377474,NA,41.72428001167469,11,3,175,4
1129,48.63739321658621,34.85842982579021,NA,41.747911521188215,11,3,175,4
1130,48.64759261141142,34.89808001663352,NA,41.77283631402247,11,3,175,4
1131,48.659594329436494,34.938541960757995,NA,41.799068145097245,11,3,175,4
1132,48.67343773246504,34.97979497742685,NA,41.82661635494594,11,3,175,4
1133,48.68915275214477,35.02182011912545,NA,41.855486435635115,11,3,175,4
1134,48.70676416040468,35.0645961141069,NA,41.88568013725579,11,3,175,4
1135,48.72629405506088,35.10809675996911,NA,41.917195407514996,11,3,175,4
1136,48.747761779883895,35.15229103659984,NA,41.95002640824187,11,3,175,4
1137,48.771183229521576,35.197144378295,NA,41.98416380390829,11,3,175,4
1138,48.79657129465185,35.24262003261563,NA,42.01959566363374,11,3,175,4
1139,48.82393900771628,35.28867992129758,NA,42.056309464506924,11,3,175,4
1140,48.85330460870759,35.335285589002964,NA,42.09429509885528,11,3,175,4
1141,48.88469540956269,35.382400996159724,NA,42.133548202861206,11,3,175,4
1142,48.918149091326654,35.42999715646381,NA,42.174073123895234,11,3,175,4
1143,48.95371282381682,35.47805686390348,NA,42.21588484386015,11,3,175,4
1144,48.99144157273303,35.52657765651842,NA,42.259009614625725,11,3,175,4
1145,49.03139793438046,35.57557106640077,NA,42.30348450039061,11,3,175,4
1146,49.073652911918565,35.625058838744025,NA,42.3493558753313,11,3,175,4
1147,49.11828412080486,35.675069436051444,NA,42.39667677842815,11,3,175,4
1148,49.16537073957747,35.72563629024391,NA,42.44550351491069,11,3,175,4
1149,49.214987350629656,35.77679741207854,NA,42.495892381354096,11,3,175,4
1150,49.26719813285179,35.828595284454316,NA,42.547896708653056,11,3,175,4
1151,49.32205218532359,35.881075283360516,NA,42.60156373434205,11,3,175,4
1152,49.379579688480284,35.93428233320598,NA,42.65693101084313,11,3,175,4
1153,49.43978753649287,35.98825696627692,NA,42.7140222513849,11,3,175,4
1154,49.50265453795767,36.0430317610223,NA,42.77284314948999,11,3,175,4
1155,49.568127745412696,36.098628938870505,NA,42.8333783421416,11,3,175,4
1156,49.63612118202818,36.15505950924238,NA,42.89559034563528,11,3,175,4
1157,49.706517941695125,36.2123239624202,NA,42.95942095205766,11,3,175,4
1158,49.77917429831759,36.27041372979425,NA,43.02479401405592,11,3,175,4
1159,49.85392211967318,36.32931185086519,NA,43.091616985269184,11,3,175,4
1160,49.93056880776475,36.38899196929356,NA,43.15978038852916,11,3,175,4
1161,50.008896914112555,36.44941546319745,NA,43.229156188655,11,3,175,4
1162,50.088664993590704,36.51052827073075,NA,43.29959663216073,11,3,175,4
1163,50.169610675560314,36.572260727839364,NA,43.370935701699835,11,3,175,4
1164,50.25145449298769,36.63453032150046,NA,43.44299240724408,11,3,175,4
1165,50.33390057213524,36.69724384816211,NA,43.515572210148676,11,3,175,4
1166,50.416634382256454,36.760297320519285,NA,43.588465851387866,11,3,175,4
1167,50.49932184155749,36.82357381916059,NA,43.66144783035904,11,3,175,4
1168,50.581611637543546,36.886940656252605,NA,43.734276146898075,11,3,175,4
1169,50.66314018172328,36.9502483890843,NA,43.80669428540379,11,3,175,4
1170,50.743537643523744,37.013332563383315,NA,43.878435103453526,11,3,175,4
1171,50.82243253308204,37.07601740841392,NA,43.94922497074798,11,3,175,4
1172,50.8994543509632,37.13811953564843,NA,44.01878694330581,11,3,175,4
1173,50.974235871168624,37.19944852254319,NA,44.08684219685591,11,3,175,4
1174,51.046416428715744,37.25980487196312,NA,44.15311065033943,11,3,175,4
1175,51.115647387938445,37.318979446798295,NA,44.21731341736837,11,3,175,4
1176,51.18159852911392,37.376755845946214,NA,44.27917718753007,11,3,175,4
1177,51.24396165240154,37.4329145544602,NA,44.33843810343087,11,3,175,4
1178,51.302451014075814,37.48723731061371,NA,44.39484416234476,11,3,175,4
1179,51.356803525978656,37.539509742526114,NA,44.448156634252385,11,3,175,4
1180,51.406779893089464,37.58952179005298,NA,44.49815084157122,11,3,175,4
1181,51.452166108072845,37.63706689066326,NA,44.544616499368054,11,3,175,4
1182,51.49277423361423,37.68194129810802,NA,44.58735776586113,11,3,175,4
1183,51.52844091528919,37.72394529276887,NA,44.62619310402903,11,3,175,4
1184,51.55902392052597,37.76288609178103,NA,44.6609550061535,11,3,175,4
1185,51.58439885205506,37.798580316215165,NA,44.69148958413511,11,3,175,4
1186,51.604457110999746,37.830854555251435,NA,44.71765583312559,11,3,175,4
1187,51.619105111565105,37.85954324990192,NA,44.73932418073351,11,3,175,4
1188,51.628263481045785,37.884484776833894,NA,44.75637412893984,11,3,175,4
1189,51.63186371065867,37.90551827086889,NA,44.76869099076378,11,3,175,4
1190,51.62984323383445,37.92248245669251,NA,44.77616284526348,11,3,175,4
1191,51.622143419774844,37.935216492309365,NA,44.778679956042104,11,3,175,4
1192,51.608710873418275,37.94356214399545,NA,44.77613650870686,11,3,175,4
1193,51.58949833632088,37.9473659297099,NA,44.768432133015395,11,3,175,4
1194,51.564464116370395,37.94648064818913,NA,44.75547238227976,11,3,175,4
1195,51.53357160765526,37.94076649117822,NA,44.73716904941674,11,3,175,4
1196,51.49678948636188,37.930092423850006,NA,44.71344095510594,11,3,175,4
1197,51.45409219312646,37.91433900603481,NA,44.68421559958064,11,3,175,4
1198,51.405460897402065,37.89340265628758,NA,44.64943177684482,11,3,175,4
1199,51.35088572452579,37.86720019017848,NA,44.60904295735213,11,3,175,4
1200,51.290368855616,37.83567275655461,NA,44.563020806085305,11,3,210,5
1201,51.22392693984143,37.79878858781807,NA,44.51135776382975,11,3,210,5
1202,51.15159301408846,37.756544467574074,NA,44.45406874083127,11,3,210,5
1203,51.07341988049775,37.708966306269105,NA,44.39119309338343,11,3,210,5
1204,50.98948455117376,37.65610892240459,NA,44.32279673678917,11,3,210,5
1205,50.89989102815386,37.598054833866435,NA,44.248972931010144,11,3,210,5
1206,50.804771027262795,37.53491244867517,NA,44.16984173796898,11,3,210,5
1207,50.70428459497717,37.46681462924117,NA,44.08554961210917,11,3,210,5
1208,50.598621103929716,37.393917823515785,NA,43.996269463722754,11,3,210,5
1209,50.48799964917506,37.31640117575702,NA,43.902200412466044,11,3,210,5
1210,50.37266737919529,37.234464639102214,NA,43.80356600914875,11,3,210,5
1211,50.25289380748588,37.14832472163555,NA,43.70060926456071,11,3,210,5
1212,50.12896227135763,37.058208545625064,NA,43.59358540849135,11,3,210,5
1213,50.00116282546514,36.96434894765138,NA,43.48275588655826,11,3,210,5
1214,49.8697881262983,36.86698198164913,NA,43.36838505397372,11,3,210,5
1215,49.73513113269763,36.766346821247055,NA,43.25073897697234,11,3,210,5
1216,49.59748295970573,36.66268678973209,NA,43.13008487471891,11,3,210,5
1217,49.45712873536746,36.55624897791387,NA,43.006688856640665,11,3,210,5
1218,49.31434184611483,36.447281665797576,NA,42.8808117559562,11,3,210,5
1219,49.169379492458106,36.33603051961718,NA,42.752705006037644,11,3,210,5
1220,49.02248150150113,36.22273541359776,NA,42.62260845754945,11,3,210,5
1221,48.873873367649,36.10763060367773,NA,42.490751985663366,11,3,210,5
1222,48.723772444829265,35.99094776175587,NA,42.357360103292564,11,3,210,5
1223,48.57239416546144,35.87291816036364,NA,42.22265616291254,11,3,210,5
1224,48.41995691721049,35.75377263860649,NA,42.08686477790849,11,3,210,5
1225,48.266685964275034,35.63374032113827,NA,41.95021314270665,11,3,210,5
1226,48.11281719007275,35.5130475496356,NA,41.812932369854174,11,3,210,5
1227,47.95860182823035,35.39191897395082,NA,41.67526040109058,11,3,210,5
1228,47.80431178801319,35.2705808969422,NA,41.53744634247769,11,3,210,5
1229,47.65024361948603,35.14926511378257,NA,41.3997543666343,11,3,210,5
1230,47.49672004121841,35.028211681585816,NA,41.26246586140211,11,3,210,5
1231,47.34408883081563,34.90766925018119,NA,41.12587904049841,11,3,210,5
1232,47.192718975707976,34.78789314536182,NA,40.9903060605349,11,3,210,5
1233,47.04299407880106,34.669142956423755,NA,40.85606851761241,11,3,210,5
1234,46.895303696041935,34.55168001418404,NA,40.72349185511299,11,3,210,5
1235,46.75003396550584,34.43576378007357,NA,40.592898872789704,11,3,210,5
1236,46.607558594905974,34.32164665456048,NA,40.46460262473323,11,3,210,5
1237,46.46823098186448,34.20956720088067,NA,40.338899091372575,11,3,210,5
1238,46.332377753788975,34.09974295063765,NA,40.21606035221331,11,3,210,5
1239,46.20029352682563,33.99236512851627,NA,40.09632932767095,11,3,210,5
1240,46.07223678129668,33.88759646321246,NA,39.97991662225457,11,3,210,5
1241,45.948426849049255,33.785572081611775,NA,39.866999465330515,11,3,210,5
1242,45.829042886538616,33.68640211813917,NA,39.75772250233889,11,3,210,5
1243,45.714226585905315,33.590173306088786,NA,39.652199945997054,11,3,210,5
1244,45.604088328617976,33.4969491590556,NA,39.55051874383679,11,3,210,5
1245,45.498714438525845,33.40677069188216,NA,39.452742565204005,11,3,210,5
1246,45.39817367933195,33.31965885057565,NA,39.3589162649538,11,3,210,5
1247,45.30252162956522,33.23561904067202,NA,39.26907033511862,11,3,210,5
1248,45.211803031480265,33.15464658322918,NA,39.18322480735472,11,3,210,5
1249,45.12605367359415,33.07673036727515,NA,39.101392020434645,11,3,210,5
1250,45.04530287906,33.00185343077531,NA,39.02357815491766,11,3,210,5
1251,44.96957718452896,32.92999066537411,NA,38.94978392495153,11,3,210,5
1252,44.89890423364506,32.86110481564394,NA,38.880004524644505,11,3,210,5
1253,44.83331434876039,32.7951429190781,NA,38.81422863391924,11,3,210,5
1254,44.77283890258583,32.7320345529551,NA,38.752436727770466,11,3,210,5
1255,44.71750626960355,32.67169247413662,NA,38.69459937187008,11,3,210,5
1256,44.66733711245354,32.614015067671126,NA,38.64067609006233,11,3,210,5
1257,44.6223417339431,32.55888884987847,NA,38.59061529191079,11,3,210,5
1258,44.582519884531756,32.50619092994609,NA,38.544355407238925,11,3,210,5
1259,44.54786107438629,32.45579299238376,NA,38.50182703338503,11,3,210,5
1260,44.518344024480314,32.407566899757676,NA,38.462955462119,11,3,210,5
1261,44.49393447659728,32.361390552135205,NA,38.42766251436625,11,3,210,5
1262,44.47458214288763,32.317153322434464,NA,38.395867732661046,11,3,210,5
1263,44.46021913644987,32.274761069549115,NA,38.3674901029995,11,3,210,5
1264,44.45076056649452,32.2341399506419,NA,38.342450258568206,11,3,210,5
1265,44.44610632375775,32.19523747345103,NA,38.32067189860439,11,3,210,5
1266,44.44614278948793,32.158020497135126,NA,38.302081643311524,11,3,210,5
1267,44.45074290896612,32.12247115784942,NA,38.28660703340777,11,3,210,5
1268,44.45976463133322,32.08858130482834,NA,38.27417296808078,11,3,210,5
1269,44.473049278306355,32.05634564239057,NA,38.26469746034846,11,3,210,5
1270,44.49042023416488,32.02575406573746,NA,38.258087149951166,11,3,210,5
1271,44.51168117920612,31.996783970973734,NA,38.25423257508993,11,3,210,5
1272,44.53661396698027,31.969393222324424,NA,38.25300359465235,11,3,210,5
1273,44.5649771237504,31.943514362181602,NA,38.254245742966006,11,3,210,5
1274,44.596505753887605,31.91905123513389,NA,38.257778494510745,11,3,210,5
1275,44.63091344019253,31.895879782732074,NA,38.2633966114623,11,3,210,5
1276,44.667896143266404,31.873852132648082,NA,38.27087413795724,11,3,210,5
1277,44.70713751915594,31.85280047278289,NA,38.27996899596941,11,3,210,5
1278,44.74831448952716,31.832539834765516,NA,38.29042716214634,11,3,210,5
1279,44.79110131357991,31.812871545118337,NA,38.30198642934912,11,3,210,5
1280,44.83517255686009,31.793588224787303,NA,38.31438039082369,11,3,210,5
1281,44.8802074980056,31.774480340098624,NA,38.32734391905211,11,3,210,5
1282,44.925895685862976,31.755343820635048,NA,38.340619753249015,11,3,210,5
1283,44.97194053074585,31.73598777185818,NA,38.353964151302016,11,3,210,5
1284,45.018060349422655,31.716240627470324,NA,38.36715048844649,11,3,210,5
1285,45.06398881918481,31.695952403568977,NA,38.37997061137689,11,3,210,5
1286,45.1094759183003,31.67499393508913,NA,38.39223492669471,11,3,210,5
1287,45.154289552095584,31.65325719342849,NA,38.40377337276204,11,3,210,5
1288,45.19821777102269,31.630657662641863,NA,38.414437716832275,11,3,210,5
1289,45.24107119415834,31.607136630069416,NA,38.42410391211388,11,3,210,5
1290,45.28268456850751,31.5826622222516,NA,38.43267339537955,11,3,210,5
1291,45.322915711380595,31.557228991944974,NA,38.440072351662785,11,3,210,5
1292,45.361641935967015,31.530855764128454,NA,38.44624885004774,11,3,210,5
1293,45.398755913098086,31.503581350973434,NA,38.45116863203576,11,3,210,5
1294,45.43416204405848,31.47545901335461,NA,38.454810528706545,11,3,210,5
1295,45.46777354122869,31.446551814141603,NA,38.45716267768515,11,3,210,5
1296,45.499509535314964,31.416929057548124,NA,38.458219296431544,11,3,210,5
1297,45.52929064994866,31.386662057922834,NA,38.45797635393575,11,3,210,5
1298,45.557032947411884,31.355819139399486,NA,38.456426043405685,11,3,210,5
1299,45.58264161229161,31.324461425923896,NA,38.453551519107755,11,3,210,5
1300,45.606005739945246,31.292639713233633,NA,38.44932272658944,11,3,210,5
1301,45.626995596828884,31.26039144648796,NA,38.443693521658425,11,3,210,5
1302,45.6454626470516,31.227737900316612,NA,38.43660027368411,11,3,210,5
1303,45.66124156687152,31.194682731173266,NA,38.42796214902239,11,3,210,5
1304,45.67415278637268,31.161212194284204,NA,38.417682490328446,11,3,210,5
1305,45.68400341506547,31.12729643990731,NA,38.405649927486394,11,3,210,5
1306,45.69058704189595,31.09289179157011,NA,38.39173941673303,11,3,210,5
1307,45.69368553387382,31.05794439688918,NA,38.3758149653815,11,3,210,5
1308,45.69307381189907,31.022394471326482,NA,38.357734141612774,11,3,210,5
1309,45.688526436702396,30.986179184940355,NA,38.33735281082137,11,3,210,5
1310,45.6798247403726,30.949234095503865,NA,38.31452941793823,11,3,210,5
1311,45.66676314140992,30.911494884634248,NA,38.289129013022084,11,3,210,5
1312,45.64915328114879,30.872899983147775,NA,38.26102663214829,11,3,210,5
1313,45.62682461920969,30.83339350139365,NA,38.23010906030167,11,3,210,5
1314,45.59962285643869,30.79292797781838,NA,38.19627541712853,11,3,210,5
1315,45.567410284571785,30.751466556468205,NA,38.15943842052,11,3,210,5
1316,45.53006884532698,30.708984399079814,NA,38.119526622203395,11,3,210,5
1317,45.487503365081075,30.665469332319727,NA,38.0764863487004,11,3,210,5
1318,45.43964369896053,30.620922413314926,NA,38.030283056137726,11,3,210,5
1319,45.38644578580752,30.57535977918384,NA,37.980902782495676,11,3,210,5
1320,45.32789210279782,30.528815585463413,NA,37.92835384413061,11,3,210,5
1321,45.263992495782425,30.48134427748676,NA,37.872668386634594,11,3,210,5
1322,45.194786848679286,30.43302112125018,NA,37.81390398496473,11,3,210,5
1323,45.120351542471795,30.383940602764948,NA,37.75214607261837,11,3,210,5
1324,45.04080755731606,30.334213182418317,NA,37.687510369867184,11,3,210,5
1325,44.95632397412101,30.283961768418077,NA,37.62014287126954,11,3,210,5
1326,44.86711570324132,30.23331878546153,NA,37.55021724435142,11,3,210,5
1327,44.77343933915398,30.182424226884304,NA,37.477931783019145,11,3,210,5
1328,44.675589576233186,30.13142439562459,NA,37.403506985928885,11,3,210,5
1329,44.5738971570274,30.080470356451247,NA,37.32718375673932,11,3,210,5
1330,44.46872737307902,30.029715902107377,NA,37.249221637593195,11,3,210,5
1331,44.360476187002966,29.979315616250144,NA,37.16989590162655,11,3,210,5
1332,44.249563384927754,29.929423713565402,NA,37.089493549246576,11,3,210,5
1333,44.1364245088549,29.880194434958927,NA,37.00830947190691,11,3,210,5
1334,44.02150331812261,29.83178380034092,NA,36.92664355923176,11,3,210,5
1335,43.905246528902474,29.784351546131116,NA,36.84479903751679,11,3,210,5
1336,43.788100239618814,29.738061586897864,NA,36.763080913258335,11,3,210,5
1337,43.67050510922843,29.693078852813482,NA,36.68179198102096,11,3,210,5
1338,43.55288920852765,29.6495628905414,NA,36.601226049534525,11,3,210,5
1339,43.43565931796706,29.607661151149912,NA,36.52166023455848,11,3,210,5
1340,43.319192616107024,29.567503718289338,NA,36.44334816719818,11,3,210,5
1341,43.20383187362145,29.529200059602356,NA,36.36651596661191,11,3,210,5
1342,43.089884634687195,29.49283721413861,NA,36.2913609244129,11,3,210,5
1343,42.97762325922599,29.45847765840139,NA,36.21805045881369,11,3,210,5
1344,42.86728230985783,29.42615636199637,NA,36.1467193359271,11,3,210,5
1345,42.759053279335745,29.39587781223172,NA,36.07746554578373,11,3,210,5
1346,42.653081336631985,29.367614470206448,NA,36.010347903419216,11,3,210,5
1347,42.549467600053724,29.341308804146596,NA,35.94538820210016,11,3,210,5
1348,42.44827517943067,29.316878607791967,NA,35.882576893611315,11,3,210,5
1349,42.34953586455155,29.294222873649982,NA,35.82187936910076,11,3,210,5
1350,42.25325609329252,29.273226271607832,NA,35.76324118245017,11,3,210,5
1351,42.1594216136799,29.253761063992254,NA,35.70659133883608,11,3,210,5
1352,42.06800181512337,29.23568753177251,NA,35.65184467344794,11,3,210,5
1353,41.97895626496899,29.21885623016989,NA,35.598906247569445,11,3,210,5
1354,41.89224325572348,29.203112758598465,NA,35.54767800716097,11,3,210,5
1355,41.80782743740247,29.188303096482404,NA,35.49806526694244,11,3,210,5
1356,41.72568448731258,29.17427765410591,NA,35.44998107070924,11,3,210,5
1357,41.64580164733026,29.16089228519344,NA,35.40334696626185,11,3,210,5
1358,41.56817520196565,29.14800626354874,NA,35.3580907327572,11,3,210,5
1359,41.4928082137068,29.13547898169598,NA,35.31414359770139,11,3,210,5
1360,41.41970997877585,29.123167617105693,NA,35.271438797940775,11,3,210,5
1361,41.348896813088004,29.110928499261586,NA,35.2299126561748,11,3,210,5
1362,41.280393583036144,29.09862188717154,NA,35.189507735103845,11,3,210,5
1363,41.21423520054793,29.0861168432544,NA,35.15017602190117,11,3,210,5
1364,41.15046769187257,29.073294352535274,NA,35.111881022203924,11,3,210,5
1365,41.089148839543974,29.06004829902141,NA,35.07459856928269,11,3,210,5
1366,41.03034810418222,29.046284593723232,NA,35.038316348952726,11,3,210,5
1367,40.974145240002414,29.0319194313601,NA,35.003032335681254,11,3,210,5
1368,40.92062799310478,29.0168779452168,NA,34.96875296916079,11,3,210,5
1369,40.86989024684271,29.001094822060654,NA,34.93549253445168,11,3,210,5
1370,40.82203032030303,28.984516585669798,NA,34.90327345298641,11,3,210,5
1371,40.77714746770049,28.9671034041566,NA,34.872125435928545,11,3,210,5
1372,40.73533599195724,28.948829251460207,NA,34.84208262170873,11,3,210,5
1373,40.69667775126561,28.929680228553266,NA,34.81317898990944,11,3,210,5
1374,40.6612352030459,28.909652507841496,NA,34.785443855443695,11,3,210,5
1375,40.629048495424534,28.88875302218324,NA,34.75890075880389,11,3,210,5
1376,40.600137483110394,28.867003581343333,NA,34.733570532226864,11,3,210,5
1377,40.57450691133771,28.844446660066637,NA,34.70947678570217,11,3,210,5
1378,40.55215213401758,28.821150906641694,NA,34.68665152032964,11,3,210,5
1379,40.533061854653276,28.797214225434896,NA,34.665138040044084,11,3,210,5
1380,40.51721740238748,28.77276306677612,NA,34.6449902345818,11,3,210,5
1381,40.50459107932441,28.74794733744005,NA,34.62626920838223,11,3,210,5
1382,40.495145237561914,28.722932295311338,NA,34.609038766436626,11,3,210,5
1383,40.488832866674436,28.697890742234236,NA,34.59336180445433,11,3,210,5
1384,40.48559930208286,28.6729972682012,NA,34.57929828514203,11,3,210,5
1385,40.48538349443627,28.648424739296416,NA,34.56690411686634,11,3,210,5
1386,40.4881177679401,28.624342051324085,NA,34.556229909632094,11,3,210,5
1387,40.49372548336294,28.600911000627494,NA,34.547318241995214,11,3,210,5
1388,40.50211777724101,28.578281684263306,NA,34.54019973075216,11,3,210,5
1389,40.51319230461321,28.556587402407544,NA,34.53488985351038,11,3,210,5
1390,40.52683447436972,28.535940816361137,NA,34.53138764536543,11,3,210,5
1391,40.542919228063354,28.516433896080432,NA,34.52967656207189,11,3,210,5
1392,40.56131277873573,28.498142240698947,NA,34.52972750971734,11,3,210,5
1393,40.58187509199036,28.481132405044104,NA,34.53150374851723,11,3,210,5
1394,40.60446272123033,28.465469694943767,NA,34.53496620808705,11,3,210,5
1395,40.62893043862874,28.451222723814073,NA,34.540076581221406,11,3,210,5
1396,40.655131956668896,28.43846443686084,NA,34.54679819676487,11,3,210,5
1397,40.68292188833247,28.427272722998797,NA,34.55509730566563,11,3,210,5
1398,40.71215943589367,28.41773217394075,NA,34.56494580491721,11,3,210,5
1399,40.74271264012223,28.40993698923483,NA,34.57632481467853,11,3,210,5
1400,40.77446234673549,28.403994343148934,NA,34.589228344942214,11,3,210,5
1401,40.807305697041464,28.400026846382435,NA,34.60366627171195,11,3,210,5
1402,40.84115979485003,28.398172832927358,NA,34.61966631388869,11,3,210,5
1403,40.87596574630798,28.39858329971515,NA,34.63727452301157,11,3,210,5
1404,40.91169053795184,28.401415984598586,NA,34.656553261275214,11,3,210,5
1405,40.94832343761334,28.4068287261762,NA,34.67757608189477,11,3,210,5
1406,40.98586873941786,28.414973273499445,NA,34.700421006458654,11,3,210,5
1407,41.024340510265965,28.425989738330482,NA,34.72516512429822,11,3,210,5
1408,41.063760540733426,28.44000256546101,NA,34.75188155309722,11,3,210,5
1409,41.104156574067474,28.45711957952474,NA,34.78063807679611,11,3,210,5
1410,41.1455589597428,28.47743342360521,NA,34.811496191674,11,3,210,5
1411,41.1879949508692,28.501022461829887,NA,34.844508706349544,11,3,210,5
1412,41.23148191300578,28.52795016912668,NA,34.87971604106623,11,3,210,5
1413,41.276022760279005,28.558263982297525,NA,34.91714337128826,11,3,210,5
1414,41.32160498409269,28.59199458680046,NA,34.95679978544658,11,3,210,5
1415,41.36820268916985,28.629156613878397,NA,34.99867965152412,11,3,210,5
1416,41.41578007650672,28.669750357401394,NA,35.04276521695406,11,3,210,5
1417,41.464293837640334,28.71376275451025,NA,35.08902829607529,11,3,210,5
1418,41.51369368047193,28.76116636206498,NA,35.13743002126846,11,3,210,5
1419,41.56392157254778,28.81191554881246,NA,35.18791856068012,11,3,210,5
1420,41.614909117365855,28.865940391415847,NA,35.24042475439085,11,3,210,5
1421,41.66657286956294,28.923140030772327,NA,35.294856450167636,11,3,210,5
1422,41.718810028518334,28.983377050359397,NA,35.351093539438864,11,3,210,5
1423,41.771497242742534,29.046474243754854,NA,35.40898574324869,11,3,210,5
1424,41.82449184390261,29.112214358726245,NA,35.46835310131443,11,3,210,5
1425,41.87763297644642,29.18034262558194,NA,35.52898780101418,11,3,210,5
1426,41.930741844745704,29.250571292853152,NA,35.59065656879943,11,3,210,5
1427,41.9836216654737,29.32258480872013,NA,35.653103237096914,11,3,210,5
1428,42.03605879106393,29.39604526248393,NA,35.71605202677393,11,3,210,5
1429,42.087827348216095,29.470598676195483,NA,35.77921301220579,11,3,210,5
1430,42.13869700460401,29.545882834428156,NA,35.842289919516084,11,3,210,5
1431,42.188440746059406,29.621537437950693,NA,35.90498909200505,11,3,210,5
1432,42.23684042440478,29.697215221352373,NA,35.96702782287858,11,3,210,5
1433,42.28368871390361,29.772590528818952,NA,36.02813962136128,11,3,210,5
1434,42.328788455090134,29.847363402666037,NA,36.088075928878084,11,3,210,5
1435,42.371952705496284,29.92125879952573,NA,36.14660575251101,11,3,210,5
1436,42.41300637818926,29.994023377304355,NA,36.203514877746805,11,3,210,5
1437,42.451787910421935,30.065425124244012,NA,36.25860651733297,11,3,210,5
1438,42.48814969712739,30.13525690695892,NA,36.311703302043156,11,3,210,5
1439,42.52195631640284,30.203340819852837,NA,36.36264856812784,11,3,210,5
1440,42.553081232061956,30.269530510531226,NA,36.41130587129659,11,3,210,5
1441,42.5814043162913,30.333708947983368,NA,36.45755663213733,11,3,210,5
1442,42.60681136485328,30.395782611206876,NA,36.50129698803008,11,3,210,5
1443,42.62919560671407,30.455676586871608,NA,36.54243609679284,11,3,210,5
1444,42.64846042956565,30.51333243073451,NA,36.580896430150084,11,3,210,5
1445,42.66452176228426,30.568708013693588,NA,36.61661488798892,11,3,210,5
1446,42.67730923798476,30.62177789033108,NA,36.64954356415792,11,3,210,5
1447,42.686765943917074,30.672532044771838,NA,36.679648994344454,11,3,210,5
1448,42.69284705191595,30.720972038890732,NA,36.70690954540334,11,3,210,5
1449,42.69551811058192,30.767104758138338,NA,36.73131143436013,11,3,210,5
1450,42.694753780200266,30.810935900832348,NA,36.7528448405163,11,3,210,5
1451,42.690537791254286,30.852467307421502,NA,36.771502549337896,11,3,210,5
1452,42.6828636392422,30.891698812413885,NA,36.78728122582804,11,3,210,5
1453,42.67173426036433,30.928631887882926,NA,36.80018307412363,11,3,210,5
1454,42.65716039557734,30.963272835168194,NA,36.81021661537277,11,3,210,5
1455,42.63915881344922,30.99563376905253,NA,36.81739629125087,11,3,210,5
1456,42.61775126949478,31.025731101694667,NA,36.821741185594725,11,3,210,5
1457,42.59296478693801,31.053582696580914,NA,36.823273741759465,11,3,210,5
1458,42.56483325855953,31.07920505778564,NA,36.82201915817259,11,3,210,5
1459,42.53339978399512,31.102612114890064,NA,36.81800594944259,11,3,210,5
1460,42.49871866902921,31.12381560331319,NA,36.811267136171196,11,3,210,5
1461,42.46085552557767,31.142825479231785,NA,36.80184050240473,11,3,210,5
1462,42.41988634934132,31.159649588601773,NA,36.789767968971546,11,3,210,5
1463,42.37589889039039,31.174292590128157,NA,36.775095740259275,11,3,210,5
1464,42.328996705641266,31.18675549759311,NA,36.757876101617185,11,3,210,5
1465,42.27930335586392,31.19703857252034,NA,36.73817096419213,11,3,210,5
1466,42.22696450221017,31.205147274526176,NA,36.716055888368174,11,3,210,5
1467,42.17214594955755,31.211097953037317,NA,36.691621951297435,11,3,210,5
1468,42.11502841470464,31.214921719650466,NA,36.66497506717755,11,3,210,5
1469,42.055802528219786,31.216666695927483,NA,36.636234612073636,11,3,210,5
1470,41.99466562776083,31.216398538581615,NA,36.60553208317123,11,3,210,5
1471,41.93181994976531,31.214198851137915,NA,36.57300940045161,11,3,210,5
1472,41.86747065585029,31.210161871204374,NA,36.53881626352733,11,3,210,5
1473,41.801820959741356,31.204390602565592,NA,36.50310578115347,11,3,210,5
1474,41.735064936789406,31.19699278081288,NA,36.466028858801145,11,3,210,5
1475,41.667381914444206,31.18807628078415,NA,36.427729097614176,11,3,210,5
1476,41.59893468405695,31.177744646926126,NA,36.388339665491536,11,3,210,5
1477,41.52987211645678,31.166094500597236,NA,36.347983308527006,11,3,210,5
1478,41.460334813220605,31.15321521286231,NA,36.30677501304146,11,3,210,5
1479,41.39046047499916,31.13918986590094,NA,36.26482517045005,11,3,210,5
1480,41.320387521603855,31.1240972090179,NA,36.222242365310876,11,3,210,5
1481,41.25025735182789,31.10801499809827,NA,36.17913617496308,11,3,210,5
1482,41.180215630974494,31.09102403449217,NA,36.13561983273333,11,3,210,5
1483,41.110412994026156,31.073211146409978,NA,36.09181207021807,11,3,210,5
1484,41.041004674486075,31.054670038631254,NA,36.04783735655867,11,3,210,5
1485,40.97214769101273,31.035499619014985,NA,36.00382365501386,11,3,210,5
1486,40.903995394375386,31.01580038558608,NA,35.95989788998073,11,3,210,5
1487,40.8366903477105,30.995670433281642,NA,35.91618039049607,11,3,210,5
1488,40.770357000800786,30.97520205419281,NA,35.872779527496796,11,3,210,5
1489,40.70509610694034,30.95447931994473,NA,35.829787713442535,11,3,210,5
1490,40.640980880479766,30.933576157108657,NA,35.78727851879421,11,3,210,5
1491,40.57805294276297,30.912553548832914,NA,35.74530324579794,11,3,210,5
1492,40.51631805535223,30.891456154172126,NA,35.703887104762174,11,3,210,5
1493,40.45574359068599,30.870310294927737,NA,35.663026942806866,11,3,210,5
1494,40.39625861793639,30.849123601927925,NA,35.622691109932155,11,3,210,5
1495,40.3377564094885,30.827884954818973,NA,35.58282068215374,11,3,210,5
1496,40.280098588827364,30.806564422638335,NA,35.54333150573285,11,3,210,5
1497,40.22311955594989,30.785113985641075,NA,35.504116770795484,11,3,210,5
1498,40.16663099735119,30.76346884376944,NA,35.46504992056032,11,3,210,5
1499,40.11042745850002,30.74154814206398,NA,35.425987800282,11,3,210,5
1500,40.05429346938518,30.719255309095278,NA,35.38677438924023,11,3,245,6
1501,39.99801222629107,30.696479570263254,NA,35.34724589827716,11,3,245,6
1502,39.94137495525992,30.673098734993268,NA,35.307236845126596,11,3,245,6
1503,39.884189204869685,30.648981894016135,NA,35.26658554944291,11,3,245,6
1504,39.826284706000735,30.62399183354628,NA,35.22513826977351,11,3,245,6
1505,39.76751582619122,30.597988143758865,NA,35.18275198497504,11,3,245,6
1506,39.70776159659576,30.570830731071755,NA,35.139296163833755,11,3,245,6
1507,39.646926239931275,30.542382175797325,NA,35.0946542078643,11,3,245,6
1508,39.58494010375069,30.51250864471891,NA,35.0487243742348,11,3,245,6
1509,39.521757879333705,30.48108033610232,NA,35.001419107718014,11,3,245,6
1510,39.45735381468835,30.447972044451685,NA,34.95266292957002,11,3,245,6
1511,39.39171645839071,30.41306404210627,NA,34.90239025024849,11,3,245,6
1512,39.32484478791219,30.37624337716295,NA,34.85054408253757,11,3,245,6
1513,39.25674689307271,30.337405589582715,NA,34.797076241327716,11,3,245,6
1514,39.18744092203147,30.296456944766348,NA,34.74194893339891,11,3,245,6
1515,39.1169565340221,30.253317381283637,NA,34.68513695765287,11,3,245,6
1516,39.045335688093026,30.207923784047164,NA,34.62662973607009,11,3,245,6
1517,38.97263218215449,30.160232608785293,NA,34.56643239546989,11,3,245,6
1518,38.89891130720444,30.11022146863008,NA,34.504566387917265,11,3,245,6
1519,38.82425293217352,30.057889878558875,NA,34.4410714053662,11,3,245,6
1520,38.748757140508914,30.00325906049553,NA,34.37600810050222,11,3,245,6
1521,38.67254734525549,29.946370418933284,NA,34.30945888209439,11,3,245,6
1522,38.59576932045263,29.887283271984263,NA,34.241526296218446,11,3,245,6
1523,38.51858809768939,29.826073397822338,NA,34.172330747755865,11,3,245,6
1524,38.441184578773274,29.762832785753748,NA,34.10200868226351,11,3,245,6
1525,38.36375361761589,29.697669810437265,NA,34.03071171402658,11,3,245,6
1526,38.28650308084059,29.630709145056986,NA,33.958606112948786,11,3,245,6
1527,38.20965115305371,29.562090826534877,NA,33.8858709897943,11,3,245,6
1528,38.133420908183595,29.491968763455823,NA,33.81269483581971,11,3,245,6
1529,38.05803292380362,29.420509854976007,NA,33.73927138938981,11,3,245,6
1530,37.98369778822586,29.34789391339493,NA,33.6657958508104,11,3,245,6
1531,37.91061142312255,29.27431360749316,NA,33.59246251530786,11,3,245,6
1532,37.83895341350086,29.199973448457147,NA,33.519463430979,11,3,245,6
1533,37.76888580599587,29.125086644940254,NA,33.446986225468066,11,3,245,6
1534,37.70055100716125,29.049870116702166,NA,33.37521056193171,11,3,245,6
1535,37.63406858418094,28.974539419208913,NA,33.30430400169492,11,3,245,6
1536,37.56953281901816,28.899305038909088,NA,33.23441892896362,11,3,245,6
1537,37.50701491564691,28.824371226303256,NA,33.16569307097508,11,3,245,6
1538,37.44656956626591,28.749936778306644,NA,33.09825317228628,11,3,245,6
1539,37.38824138861864,28.67619542581123,NA,33.032218407214934,11,3,245,6
1540,37.33206889261922,28.60333494550645,NA,32.96770191906283,11,3,245,6
1541,37.27808578047759,28.531535578171898,NA,32.90481067932474,11,3,245,6
1542,37.22632045754652,28.46096843328564,NA,32.84364444541608,11,3,245,6
1543,37.17679570411406,28.391794657441714,NA,32.78429518077789,11,3,245,6
1544,37.12952987322068,28.324165461450654,NA,32.72684766733567,11,3,245,6
1545,37.08454039443009,28.258222418389373,NA,32.671381406409736,11,3,245,6
1546,37.041848705410295,28.194097835162967,NA,32.61797327028663,11,3,245,6
1547,37.00148407506112,28.13191500028341,NA,32.566699537672264,11,3,245,6
1548,36.96348456215324,28.07178703780872,NA,32.51763579998098,11,3,245,6
1549,36.92789413362662,28.013813585233613,NA,32.47085385943012,11,3,245,6
1550,36.894756917342384,27.958076854196737,NA,32.42641688576956,11,3,245,6
1551,36.86411151476574,27.90463863307914,NA,32.38437507392244,11,3,245,6
1552,36.83598712861366,27.853538425306102,NA,32.34476277695988,11,3,245,6
1553,36.81040209013225,27.804793112549433,NA,32.307597601340845,11,3,245,6
1554,36.7873637126471,27.758398044678774,NA,32.27288087866294,11,3,245,6
1555,36.766866740039625,27.71432858081699,NA,32.24059766042831,11,3,245,6
1556,36.74888921959897,27.672541398798337,NA,32.210715309198655,11,3,245,6
1557,36.733386189529355,27.63297518325314,NA,32.183180686391246,11,3,245,6
1558,36.720283034714754,27.595550692989587,NA,32.15791686385217,11,3,245,6
1559,36.70947182774912,27.560170598779777,NA,32.134821213264445,11,3,245,6
1560,36.70081221702027,27.52671987308739,NA,32.11376604505383,11,3,245,6
1561,36.694136668460814,27.495067903701024,NA,32.09460228608092,11,3,245,6
1562,36.68925762468666,27.465072040440827,NA,32.077164832563746,11,3,245,6
1563,36.68597190228889,27.436580821278426,NA,32.061276361783655,11,3,245,6
1564,36.684061940017074,27.409436099771735,NA,32.046749019894406,11,3,245,6
1565,36.6832978024997,27.38347427123332,NA,32.03338603686651,11,3,245,6
1566,36.68344121086905,27.358527185313122,NA,32.020984198091085,11,3,245,6
1567,36.684250238338706,27.33442372291453,NA,32.009336980626614,11,3,245,6
1568,36.68548418672926,27.3109926252817,NA,31.99823840600548,11,3,245,6
1569,36.68690903781521,27.28806677298551,NA,31.98748790540036,11,3,245,6
1570,36.6883027029058,27.265488039612222,NA,31.976895371259012,11,3,245,6
1571,36.68945812353225,27.243110771975324,NA,31.966284447753786,11,3,245,6
1572,36.69018451929801,27.220803216527514,NA,31.95549386791276,11,3,245,6
1573,36.690309322081895,27.198447479457027,NA,31.94437840076946,11,3,245,6
1574,36.68968128724269,27.175938607748837,NA,31.932809947495763,11,3,245,6
1575,36.688173223898865,27.153183378283845,NA,31.920678301091357,11,3,245,6
1576,36.685683468786046,27.13009928431167,NA,31.907891376548857,11,3,245,6
1577,36.68213571551347,27.106614110910467,NA,31.89437491321197,11,3,245,6
1578,36.67747710326927,27.082665613038237,NA,31.880071358153753,11,3,245,6
1579,36.671675346480214,27.05819993178146,NA,31.864937639130837,11,3,245,6
1580,36.664715686572364,27.033168749784828,NA,31.848942218178596,11,3,245,6
1581,36.656598056509345,27.00752655224844,NA,31.832062304378894,11,3,245,6
1582,36.64733445835867,26.98122926225189,NA,31.81428186030528,11,3,245,6
1583,36.636945773604566,26.954235421570843,NA,31.795590597587704,11,3,245,6
1584,36.6254580060465,26.92650942997821,NA,31.775983718012355,11,3,245,6
1585,36.6128993225164,26.89802469783418,NA,31.75546201017529,11,3,245,6
1586,36.59929828118697,26.868765932196563,NA,31.734032106691764,11,3,245,6
1587,36.58468246675147,26.83873114206715,NA,31.71170680440931,11,3,245,6
1588,36.56907762957198,26.807933655610103,NA,31.68850564259104,11,3,245,6
1589,36.552508303730534,26.776404149365142,NA,31.664456226547838,11,3,245,6
1590,36.534999513421944,26.744192006471717,NA,31.63959575994683,11,3,245,6
1591,36.51657781162536,26.711364637887595,NA,31.613971224756476,11,3,245,6
1592,36.49727096790151,26.678004278147984,NA,31.587637623024747,11,3,245,6
1593,36.47710669506179,26.64420264478902,NA,31.560654669925405,11,3,245,6
1594,36.45611099951188,26.610055020790917,NA,31.533083010151397,11,3,245,6
1595,36.43430693514392,26.575656489699195,NA,31.50498171242156,11,3,245,6
1596,36.41171444313581,26.541100614579342,NA,31.476407528857575,11,3,245,6
1597,36.388351862513595,26.506478413513875,NA,31.447415138013735,11,3,245,6
1598,36.364238038245524,26.47187655727897,NA,31.418057297762246,11,3,245,6
1599,36.339392295532576,26.43737478779066,NA,31.388383541661618,11,3,245,6
1600,36.313832475080574,26.40304314121036,NA,31.358437808145467,11,3,245,6
1601,36.287574150258315,26.36894014493532,NA,31.328257147596815,11,3,245,6
1602,36.26063190370262,26.335112377545645,NA,31.29787214062413,11,3,245,6
1603,36.233021297593766,26.301595000651112,NA,31.26730814912244,11,3,245,6
1604,36.20476026937056,26.268412579144822,NA,31.23658642425769,11,3,245,6
1605,36.17586878217923,26.23557921393194,NA,31.205723998055582,11,3,245,6
1606,36.14636633963207,26.2030979867491,NA,31.174732163190583,11,3,245,6
1607,36.11626775474168,26.170960692235454,NA,31.143614223488566,11,3,245,6
1608,36.08557922104497,26.13914853997113,NA,31.112363880508052,11,3,245,6
1609,36.054298392129205,26.107634216752658,NA,31.08096630444093,11,3,245,6
1610,36.02241885960952,26.076385114307143,NA,31.049401986958333,11,3,245,6
1611,35.98993610344107,26.04536694254869,NA,31.01765152299488,11,3,245,6
1612,35.95685267125829,26.01454714363541,NA,30.98569990744685,11,3,245,6
1613,35.92318102616908,25.983897717188622,NA,30.95353937167885,11,3,245,6
1614,35.88894367279461,25.953397067009583,NA,30.921170369902097,11,3,245,6
1615,35.85417134166831,25.92303047956194,NA,30.888600910615125,11,3,245,6
1616,35.81890127994606,25.892789429628568,NA,30.855845354787313,11,3,245,6
1617,35.78317896423086,25.862670493682785,NA,30.822924728956824,11,3,245,6
1618,35.74706216200113,25.832674358802095,NA,30.78986826040161,11,3,245,6
1619,35.71062187879934,25.802805122253364,NA,30.756713500526352,11,3,245,6
1620,35.67393862967315,25.773069589131275,NA,30.723504109402214,11,3,245,6
1621,35.637096374693954,25.743475787697648,NA,30.6902860811958,11,3,245,6
1622,35.600176750855134,25.714031092477704,NA,30.65710392166642,11,3,245,6
1623,35.56325652520362,25.684741515597842,NA,30.62399902040073,11,3,245,6
1624,35.52640895070865,25.655612849015363,NA,30.591010899862006,11,3,245,6
1625,35.48970746305649,25.626653462461995,NA,30.558180462759243,11,3,245,6
1626,35.45322869354437,25.597877489003142,NA,30.525553091273757,11,3,245,6
1627,35.417050310197496,25.569306057160727,NA,30.493178183679113,11,3,245,6
1628,35.38124436869193,25.540965984147217,NA,30.461105176419572,11,3,245,6
1629,35.34587202415326,25.512887100343292,NA,30.429379562248275,11,3,245,6
1630,35.31098155349385,25.485099277534,NA,30.398040415513925,11,3,245,6
1631,35.27660773661126,25.457630135834016,NA,30.36711893622264,11,3,245,6
1632,35.242771035100176,25.43050342884997,NA,30.336637231975075,11,3,245,6
1633,35.20947539748222,25.40373713128108,NA,30.30660626438165,11,3,245,6
1634,35.176704885726586,25.377340935991064,NA,30.277022910858825,11,3,245,6
1635,35.144420683636476,25.351313550448605,NA,30.24786711704254,11,3,245,6
1636,35.11255975536114,25.325640475169713,NA,30.219100115265427,11,3,245,6
1637,35.081036130015256,25.300293239568834,NA,30.190664684792047,11,3,245,6
1638,35.049744033078106,25.275230485597852,NA,30.16248725933798,11,3,245,6
1639,35.0185603299215,25.2504007045335,NA,30.1344805172275,11,3,245,6
1640,34.98734638063761,25.22574565216431,NA,30.106546016400962,11,3,245,6
1641,34.95595203912124,25.201202687483757,NA,30.0785773633025,11,3,245,6
1642,34.92422248129691,25.176706230855594,NA,30.05046435607625,11,3,245,6
1643,34.89200649924955,25.152190488438837,NA,30.02209849384419,11,3,245,6
1644,34.859164410400375,25.127593834023386,NA,29.99337912221188,11,3,245,6
1645,34.82557324313663,25.102863483745246,NA,29.96421836344094,11,3,245,6
1646,34.79112900596681,25.07795919662063,NA,29.934544101293717,11,3,245,6
1647,34.7557479928561,25.05285483124555,NA,29.904301412050827,11,3,245,6
1648,34.719368296799274,25.027537564203303,NA,29.873452930501287,11,3,245,6
1649,34.681951923061376,25.002005550895177,NA,29.841978736978277,11,3,245,6
1650,34.64348721042089,24.976265784685264,NA,29.809876497553077,11,3,245,6
1651,34.60399058562402,24.95033488544829,NA,29.77716273553615,11,3,245,6
1652,34.56350677338484,24.9242420371058,NA,29.743874405245318,11,3,245,6
1653,34.522106681372165,24.89802978222588,NA,29.71006823179902,11,3,245,6
1654,34.47988432502508,24.871751600314127,NA,29.675817962669605,11,3,245,6
1655,34.43695630246328,24.845468414972146,NA,29.641212358717713,11,3,245,6
1656,34.39346362295365,24.81924578478861,NA,29.606354703871126,11,3,245,6
1657,34.349571985600086,24.79315314255768,NA,29.571362564078882,11,3,245,6
1658,34.30546914053008,24.767264984268063,NA,29.536367062399073,11,3,245,6
1659,34.26136050046477,24.741662446167204,NA,29.501511473315986,11,3,245,6
1660,34.21746426776086,24.716434293354638,NA,29.46694928055775,11,3,245,6
1661,34.17400743927283,24.691676928491045,NA,29.432842183881938,11,3,245,6
1662,34.131223368423164,24.66749400446186,NA,29.39935868644251,11,3,245,6
1663,34.08935088096476,24.643997200081778,NA,29.366674040523268,11,3,245,6
1664,34.04863406296697,24.62130776706578,NA,29.334970915016374,11,3,245,6
1665,34.009320961625775,24.599556505622715,NA,29.304438733624245,11,3,245,6
1666,33.971661390170595,24.578881386481697,NA,29.275271388326146,11,3,245,6
1667,33.93590597883126,24.559423597622523,NA,29.247664788226892,11,3,245,6
1668,33.902307053200076,24.541323281573746,NA,29.22181516738691,11,3,245,6
1669,33.87112036070532,24.524716716786287,NA,29.197918538745803,11,3,245,6
1670,33.84260627572486,24.509735623677493,NA,29.176170949701177,11,3,245,6
1671,33.81702872366521,24.496508203066167,NA,29.156768463365687,11,3,245,6
1672,33.79465181994712,24.48516083202237,NA,29.139906325984747,11,3,245,6
1673,33.77573597547213,24.47581865945123,NA,29.125777317461683,11,3,245,6
1674,33.76053434231203,24.468604806826427,NA,29.114569574569227,11,3,245,6
1675,33.749289595584926,24.463639342578542,NA,29.106464469081736,11,3,245,6
1676,33.7422306574456,24.46103871098296,NA,29.101634684214282,11,3,245,6
1677,33.73956857913444,24.460915808742143,NA,29.100242193938293,11,3,245,6
1678,33.7414910898619,24.46337992714679,NA,29.102435508504346,11,3,245,6
1679,33.74815561420568,24.468534802395162,NA,29.10834520830042,11,3,245,6
1680,33.75968173051652,24.47647438223133,NA,29.118078056373925,11,3,245,6
1681,33.77614521374859,24.48727728267823,NA,29.131711248213414,11,3,245,6
1682,33.79757453872803,24.501000811276125,NA,29.14928767500208,11,3,245,6
1683,33.82394945255761,24.51767533595124,NA,29.170812394254426,11,3,245,6
1684,33.855201323113135,24.53729987650321,NA,29.196250599808174,11,3,245,6
1685,33.891215068869485,24.559839893644728,NA,29.225527481257107,11,3,245,6
1686,33.93183247603706,24.58522737316181,NA,29.258529924599436,11,3,245,6
1687,33.97685670970334,24.61336242543163,NA,29.295109567567486,11,3,245,6
1688,34.026057728804204,24.644116401346913,NA,29.33508706507556,11,3,245,6
1689,34.07917821781126,24.67733730648279,NA,29.378257762147026,11,3,245,6
1690,34.13593984360361,24.712857222860396,NA,29.424398533232,11,3,245,6
1691,34.196049841483415,24.75050037509771,NA,29.473275108290565,11,3,245,6
1692,34.25920705678679,24.790090575519308,NA,29.52464881615305,11,3,245,6
1693,34.32510569093725,24.831456880461687,NA,29.578281285699468,11,3,245,6
1694,34.393436073858126,24.874436972793262,NA,29.633936523325694,11,3,245,6
1695,34.46388285767567,24.918878468365612,NA,29.69138066302064,11,3,245,6
1696,34.536121904543705,24.964638539067774,NA,29.75038022180574,11,3,245,6
1697,34.60981801933811,25.011582440086865,NA,29.810700229712488,11,3,245,6
1698,34.68462470274186,25.059581041155035,NA,29.872102871948446,11,3,245,6
1699,34.760186125040036,25.108506973761628,NA,29.934346549400832,11,3,245,6
1700,34.836140155572444,25.158229786522746,NA,29.997184971047595,11,3,245,6
1701,34.91211991739739,25.208611281170857,NA,30.060365599284125,11,3,245,6
1702,34.98775397034198,25.25950190907194,NA,30.123627939706957,11,3,245,6
1703,35.062667859209995,25.310738815688445,NA,30.18670333744922,11,3,245,6
1704,35.136487813229714,25.362145535340925,NA,30.249316674285318,11,3,245,6
1705,35.208845432104425,25.413532753586175,NA,30.3111890928453,11,3,245,6
1706,35.27938268170042,25.464700042418485,NA,30.372041362059452,11,3,245,6
1707,35.34775701001099,25.515438961378152,NA,30.43159798569457,11,3,245,6
1708,35.413645906186034,25.565537527670877,NA,30.489591716928455,11,3,245,6
1709,35.476749737492874,25.614785668372903,NA,30.54576770293289,11,3,245,6
1710,35.53679306429461,25.662980292469438,NA,30.599886678382028,11,3,245,6
1711,35.593525998307065,25.709927645072455,NA,30.65172682168976,11,3,245,6
1712,35.646726096104956,25.75544275189157,NA,30.701084423998264,11,3,245,6
1713,35.696200206532566,25.79934790772468,NA,30.747774057128623,11,3,245,6
1714,35.7417862754759,25.841471869999644,NA,30.791629072737773,11,3,245,6
1715,35.783355696226295,25.881651125673965,NA,30.83250341095013,11,3,245,6
1716,35.82081611041036,25.91973284400619,NA,30.870274477208277,11,3,245,6
1717,35.854113881170164,25.955577371902745,NA,30.904845626536456,11,3,245,6
1718,35.88323575232901,25.98905939637058,NA,30.936147574349793,11,3,245,6
1719,35.908209499295545,26.020068166400364,NA,30.964138832847954,11,3,245,6
1720,35.92910327929675,26.048507654071255,NA,30.988805466684,11,3,245,6
1721,35.946023290360706,26.07429802212423,NA,31.01016065624247,11,3,245,6
1722,35.959109835539664,26.097378204415886,NA,31.028244019977777,11,3,245,6
1723,35.968532375968934,26.11770784480786,NA,31.043120110388397,11,3,245,6
1724,35.97448347307498,26.135267522519158,NA,31.05487549779707,11,3,245,6
1725,35.97717083704143,26.150056874418766,NA,31.063613855730097,11,3,245,6
1726,35.976808356427014,26.162091492411548,NA,31.06944992441928,11,3,245,6
1727,35.9736086417322,26.171400741768544,NA,31.07250469175037,11,3,245,6
1728,35.967777957464406,26.17802689032416,NA,31.072902423894284,11,3,245,6
1729,35.9595127591146,26.18202418256516,NA,31.07076847083988,11,3,245,6
1730,35.94899724663476,26.18345688258802,NA,31.06622706461139,11,3,245,6
1731,35.936401541241075,26.1823956998747,NA,31.059398620557886,11,3,245,6
1732,35.92188058021829,26.178913962433704,NA,31.050397271326,11,3,245,6
1733,35.90557431227892,26.17308685249476,NA,31.03933058238684,11,3,245,6
1734,35.887609386129405,26.164994093765788,NA,31.0263017399476,11,3,245,6
1735,35.86810213498931,26.154723553089624,NA,31.011412844039466,11,3,245,6
1736,35.84716187969829,26.14237409709539,NA,30.99476798839684,11,3,245,6
1737,35.82489279289527,26.12805692215332,NA,30.976474857524295,11,3,245,6
1738,35.80139471269243,26.111895453617432,NA,30.956645083154932,11,3,245,6
1739,35.776765440172696,26.094024787994492,NA,30.935395114083594,11,3,245,6
1740,35.75110481174965,26.074591456416847,NA,30.912848134083248,11,3,245,6
1741,35.72451859410066,26.053754092538743,NA,30.8891363433197,11,3,245,6
1742,35.69712073702554,26.031684027191165,NA,30.864402382108352,11,3,245,6
1743,35.66903300717454,26.008563271343043,NA,30.83879813925879,11,3,245,6
1744,35.64038268362475,25.984580079782358,NA,30.812481381703556,11,3,245,6
1745,35.61130065431916,25.959925018826503,NA,30.78561283657283,11,3,245,6
1746,35.58192098431303,25.934788803140556,NA,30.758354893726793,11,3,245,6
1747,35.55238175872419,25.909361508563194,NA,30.73087163364369,11,3,245,6
1748,35.52282612537972,25.88383247521204,NA,30.70332930029588,11,3,245,6
1749,35.49340158424266,25.85838992252986,NA,30.67589575338626,11,3,245,6
1750,35.46425800907287,25.833219785629645,NA,30.648738897351258,11,3,245,6
1751,35.43554732515466,25.808503770002826,NA,30.622025547578744,11,3,245,6
1752,35.40742503583007,25.78441701185481,NA,30.595921023842443,11,3,245,6
1753,35.3800510594867,25.761126121559137,NA,30.57058859052292,11,3,245,6
1754,35.35358831397153,25.738787022290143,NA,30.546187668130834,11,3,245,6
1755,35.328198460723954,25.71754063049745,NA,30.522869545610703,11,3,245,6
1756,35.30403617164223,25.697506863505463,NA,30.500771517573845,11,3,245,6
1757,35.281245232474745,25.678779898204358,NA,30.48001256533955,11,3,245,6
1758,35.259957260650346,25.661425654374753,NA,30.46069145751255,11,3,245,6
1759,35.24029127963957,25.645480525830514,NA,30.442885902735043,11,3,245,6
1760,35.22235278226861,25.630951065747837,NA,30.426651924008222,11,3,245,6
1761,35.206231305755566,25.6178150157546,NA,30.412023160755083,11,3,245,6
1762,35.19199719960711,25.606023971278987,NA,30.399010585443047,11,3,245,6
1763,35.17969992591488,25.595507878562966,NA,30.387603902238922,11,3,245,6
1764,35.16936915895112,25.586181168989384,NA,30.377775163970252,11,3,245,6
1765,35.16101887833976,25.57794994654571,NA,30.369484412442738,11,3,245,6
1766,35.15465260209788,25.57071866910855,NA,30.362685635603217,11,3,245,6
1767,35.1502658578116,25.564393788993897,NA,30.357329823402747,11,3,245,6
1768,35.147844428816484,25.558884061620972,NA,30.353364245218728,11,3,245,6
1769,35.14735935083152,25.554099474485504,NA,30.350729412658513,11,3,245,6
1770,35.148761000200324,25.549950260934217,NA,30.34935563056727,11,3,245,6
1771,35.15197598065802,25.54634697553342,NA,30.349161478095724,11,3,245,6
1772,35.156907784795415,25.543201339820758,NA,30.350054562308088,11,3,245,6
1773,35.16343947568633,25.5404262992268,NA,30.351932887456567,11,3,245,6
1774,35.17143643941761,25.53793480485722,NA,30.354685622137417,11,3,245,6
1775,35.18074706450743,25.53563790673329,NA,30.358192485620357,11,3,245,6
1776,35.19120164291877,25.533442745088333,NA,30.362322194003553,11,3,245,6
1777,35.20261222608232,25.531251026342357,NA,30.36693162621234,11,3,245,6
1778,35.21477509671325,25.528958180289536,NA,30.37186663850139,11,3,245,6
1779,35.22747644456526,25.526453004967376,NA,30.376964724766317,11,3,245,6
1780,35.240499493586526,25.523617410693504,NA,30.382058452140015,11,3,245,6
1781,35.25362898718744,25.52032567978147,NA,30.386977333484456,11,3,245,6
1782,35.266652352202925,25.516443438859582,NA,30.391547895531254,11,3,245,6
1783,35.27936027593912,25.511827321139375,NA,30.395593798539245,11,3,245,6
1784,35.291547967609,25.50632551580877,NA,30.398936741708884,11,3,245,6
1785,35.30301691235679,25.499778621556977,NA,30.401397766956883,11,3,245,6
1786,35.313576828438684,25.492020904129433,NA,30.40279886628406,11,3,245,6
1787,35.32304744046953,25.482882740688208,NA,30.402965090578867,11,3,245,6
1788,35.33125987661587,25.4721945461564,NA,30.40172721138613,11,3,245,6
1789,35.33805769256012,25.459791989087634,NA,30.398924840823877,11,3,245,6
1790,35.34329742732762,25.44552181690662,NA,30.39440962211712,11,3,245,6
1791,35.346848498319495,25.42924712259523,NA,30.388047810457362,11,3,245,6
1792,35.34859224271591,25.410851274877082,NA,30.379721758796496,11,3,245,6
1793,35.348419912238185,25.39024012385589,NA,30.369330018047037,11,3,245,6
1794,35.34623079358559,25.367343459283365,NA,30.356787126434476,11,3,245,6
1795,35.341932992211966,25.342118063811267,NA,30.342025528011618,11,3,245,6
1796,35.335446393317476,25.314552134711516,NA,30.324999264014494,11,3,245,6
1797,35.326704290132895,25.284668246119452,NA,30.305686268126173,11,3,245,6
1798,35.31565221768192,25.252524104174377,NA,30.28408816092815,11,3,245,6
1799,35.30224457830151,25.218212557760467,NA,30.26022856803099,11,3,245,6
1800,35.286440522852025,25.181860668873977,NA,30.234150595863,11,3,280,7
1801,35.26820142924285,25.143625792891402,NA,30.205913611067125,11,3,280,7
1802,35.247490369073674,25.1036889919118,NA,30.175589680492735,11,3,280,7
1803,35.22427200240326,25.0622486073539,NA,30.14326030487858,11,3,280,7
1804,35.19851143817073,25.01951424913116,NA,30.109012843650945,11,3,280,7
1805,35.1701706953211,24.97569885745592,NA,30.072934776388507,11,3,280,7
1806,35.139203643040524,24.93100863898641,NA,30.035106141013465,11,3,280,7
1807,35.10555254190921,24.885632824817744,NA,29.995592683363476,11,3,280,7
1808,35.069147844849745,24.83973539300198,NA,29.954441618925863,11,3,280,7
1809,35.02991145386012,24.79345109360893,NA,29.911681273734526,11,3,280,7
1810,34.98776245822586,24.746886456561523,NA,29.867324457393693,11,3,280,7
1811,34.94262320956759,24.70012480475827,NA,29.82137400716293,11,3,280,7
1812,34.894424466951804,24.65323341757117,NA,29.77382894226149,11,3,280,7
1813,34.8431092230781,24.606270112319212,NA,29.724689667698655,11,3,280,7
1814,34.78863550520119,24.55928836478098,NA,29.673961934991084,11,3,280,7
1815,34.73097912702828,24.51234194317696,NA,29.62166053510262,11,3,280,7
1816,34.67013668484036,24.4654889572133,NA,29.567812821026827,11,3,280,7
1817,34.60612840804828,24.418794150867882,NA,29.51246127945808,11,3,280,7
1818,34.53899979130182,24.372329242920653,NA,29.455664517111238,11,3,280,7
1819,34.468820252141754,24.326172094516377,NA,29.397496173329067,11,3,280,7
1820,34.39567920364601,24.280405092795927,NA,29.33804214822097,11,3,280,7
1821,34.31968207700035,24.235112749389906,NA,29.27739741319513,11,3,280,7
1822,34.24094775569225,24.19037948787867,NA,29.21566362178546,11,3,280,7
1823,34.159607809846065,24.146289569663054,NA,29.15294868975456,11,3,280,7
1824,34.07580665101288,24.102928766781957,NA,29.08936770889742,11,3,280,7
1825,33.98970045954305,24.060385049308845,NA,29.025042754425947,11,3,280,7
1826,33.90145458968128,24.018748188445713,NA,28.960101389063496,11,3,280,7
1827,33.81124101055498,23.978110809909122,NA,28.894675910232053,11,3,280,7
1828,33.719237536169594,23.938570993734984,NA,28.82890426495229,11,3,280,7
1829,33.625630792493965,23.90023407814338,NA,28.762932435318675,11,3,280,7
1830,33.53062184592511,23.863212690547705,NA,28.696917268236408,11,3,280,7
1831,33.43443039359033,23.827625394214557,NA,28.631027893902445,11,3,280,7
1832,33.33729546403062,23.793593656214384,NA,28.5654445601225,11,3,280,7
1833,33.23947262484627,23.761236159459457,NA,28.500354392152865,11,3,280,7
1834,33.14122925419886,23.730661627426336,NA,28.4359454408126,11,3,280,7
1835,33.04284099340853,23.701963476039808,NA,28.37240223472417,11,3,280,7
1836,32.94458996172393,23.675216486138723,NA,28.309903223931325,11,3,280,7
1837,32.84676277823109,23.65047256896917,NA,28.24861767360013,11,3,280,7
1838,32.74964663083976,23.62775503834509,NA,28.188700834592424,11,3,280,7
1839,32.65352182730212,23.60705314438139,NA,28.130287485841755,11,3,280,7
1840,32.55865160413781,23.58831764877796,NA,28.073484626457883,11,3,280,7
1841,32.46527231036827,23.571457246785116,NA,28.018364778576693,11,3,280,7
1842,32.37358659553845,23.556336714482207,NA,27.964961655010327,11,3,280,7
1843,32.283761744211795,23.542778733550897,NA,27.913270238881346,11,3,280,7
1844,32.19593247102911,23.53056920056566,NA,27.863250835797388,11,3,280,7
1845,32.11020466235763,23.519463682638225,NA,27.814834172497928,11,3,280,7
1846,32.02665840426404,23.50919414486966,NA,27.76792627456685,11,3,280,7
1847,31.945350490206913,23.49947653858714,NA,27.722413514397026,11,3,280,7
1848,31.8663166022509,23.49001866926495,NA,27.678167635757923,11,3,280,7
1849,31.789573359970813,23.480526592838036,NA,27.635049976404424,11,3,280,7
1850,31.71512082169886,23.47070934984662,NA,27.592915085772738,11,3,280,7
1851,31.642946413216524,23.460283407482024,NA,27.551614910349272,11,3,280,7
1852,31.57303028386134,23.448977496799813,NA,27.511003890330578,11,3,280,7
1853,31.50535111482638,23.436537849487216,NA,27.470944482156796,11,3,280,7
1854,31.43989159961557,23.4227331556156,NA,27.431312377615583,11,3,280,7
1855,31.376643011718773,23.40735788077603,NA,27.3920004462474,11,3,280,7
1856,31.315608274518752,23.390233360955794,NA,27.35292081773727,11,3,280,7
1857,31.256802948323763,23.371206873426537,NA,27.31400491087515,11,3,280,7
1858,31.20025462215887,23.350149856889647,NA,27.27520223952426,11,3,280,7
1859,31.146002270669424,23.32695742910481,NA,27.236479849887118,11,3,280,7
1860,31.09409596586,23.30154988677366,NA,27.19782292631683,11,3,280,7
1861,31.044596162768844,23.273875408998563,NA,27.159235785883702,11,3,280,7
1862,30.997571485391457,23.243912307404447,NA,27.120741896397952,11,3,280,7
1863,30.953093646399722,23.211668287750488,NA,27.082380967075103,11,3,280,7
1864,30.911230084849436,23.17717623568932,NA,27.044203160269376,11,3,280,7
1865,30.872036856790153,23.14048808717793,NA,27.00626247198404,11,3,280,7
1866,30.83555333837753,23.10166844120593,NA,26.96861088979173,11,3,280,7
1867,30.801799325873155,23.060789669751056,NA,26.931294497812104,11,3,280,7
1868,30.770774239327054,23.017928719069126,NA,26.89435147919809,11,3,280,7
1869,30.742457259195554,22.973164235697826,NA,26.857810747446692,11,3,280,7
1870,30.71680800575371,22.926573528311295,NA,26.8216907670325,11,3,280,7
1871,30.693768151768804,22.87822975436881,NA,26.785998953068805,11,3,280,7
1872,30.673264359203205,22.82819991559533,NA,26.750732137399268,11,3,280,7
1873,30.655212930988302,22.776544441465493,NA,26.715878686226898,11,3,280,7
1874,30.639525203604773,22.723318749797407,NA,26.68142197670109,11,3,280,7
1875,30.626111340833,22.66857678350113,NA,26.647344062167065,11,3,280,7
1876,30.6148819448017,22.612375937365147,NA,26.613628941083423,11,3,280,7
1877,30.60574865617245,22.55478220355231,NA,26.58026542986238,11,3,280,7
1878,30.598624622685914,22.495874657034136,NA,26.547249639860027,11,3,280,7
1879,30.593425422667213,22.435748694676274,NA,26.514587058671744,11,3,280,7
1880,30.59006995715416,22.37451783164051,NA,26.482293894397337,11,3,280,7
1881,30.588479751367267,22.31231424867214,NA,26.450397000019706,11,3,280,7
1882,30.588576179106177,22.249287990959253,NA,26.418932085032715,11,3,280,7
1883,30.590276196537438,22.185604426360428,NA,26.387940311448933,11,3,280,7
1884,30.593488049693278,22.12144064344276,NA,26.35746434656802,11,3,280,7
1885,30.59810929791127,22.056982542451856,NA,26.327545920181564,11,3,280,7
1886,30.60402754481093,21.992422909084016,NA,26.298225226947473,11,3,280,7
1887,30.611122317797584,21.927959297722484,NA,26.269540807760034,11,3,280,7
1888,30.619266634773496,21.863791038383834,NA,26.241528836578667,11,3,280,7
1889,30.628326894407916,21.800115169243234,NA,26.214221031825574,11,3,280,7
1890,30.63816167717273,21.73712187688189,NA,26.18764177702731,11,3,280,7
1891,30.64862199520249,21.674990806733394,NA,26.16180640096794,11,3,280,7
1892,30.659553383332735,21.61388882601578,NA,26.13672110467426,11,3,280,7
1893,30.670798077958448,21.553969041299002,NA,26.112383559628725,11,3,280,7
1894,30.68219582304688,21.495369995200768,NA,26.08878290912382,11,3,280,7
1895,30.693582135308453,21.438213089070565,NA,26.06589761218951,11,3,280,7
1896,30.70478490887554,21.38259871720447,NA,26.043691813040006,11,3,280,7
1897,30.71562228820507,21.328604036852678,NA,26.022113162528875,11,3,280,7
1898,30.725903274966917,21.27628354292052,NA,26.001093408943717,11,3,280,7
1899,30.73543107174761,21.225671860928344,NA,25.980551466337978,11,3,280,7
1900,30.744007897539873,21.17678758690975,NA,25.960397742224814,11,3,280,7
1901,30.751438742087252,21.12963641800734,NA,25.940537580047298,11,3,280,7
1902,30.7575336719922,21.084213378375903,NA,25.92087352518405,11,3,280,7
1903,30.76211044727984,21.040505505806742,NA,25.901307976543293,11,3,280,7
1904,30.764997646434583,20.998495681891605,NA,25.881746664163096,11,3,280,7
1905,30.766036937209254,20.95816760590237,NA,25.862102271555813,11,3,280,7
1906,30.765084105715534,20.919511229852972,NA,25.84229766778425,11,3,280,7
1907,30.762009431480767,20.882527289428243,NA,25.822268360454505,11,3,280,7
1908,30.75669799594118,20.84723063828998,NA,25.80196431711558,11,3,280,7
1909,30.749050511615735,20.813653166027756,NA,25.781351838821745,11,3,280,7
1910,30.738984868824822,20.781846104424616,NA,25.76041548662472,11,3,280,7
1911,30.726438206423232,20.751880551066265,NA,25.73915937874475,11,3,280,7
1912,30.711368434902102,20.723845624265934,NA,25.717607029584016,11,3,280,7
1913,30.693753262075578,20.69784424821732,NA,25.69579875514645,11,3,280,7
1914,30.67358759985007,20.673986957168285,NA,25.673787278509177,11,3,280,7
1915,30.650883058864427,20.652384497351388,NA,25.651633778107907,11,3,280,7
1916,30.62567031138385,20.633140005301545,NA,25.6294051583427,11,3,280,7
1917,30.59800217642669,20.616341541194945,NA,25.607171858810815,11,3,280,7
1918,30.567955963561914,20.602055951030838,NA,25.585005957296374,11,3,280,7
1919,30.535634294237113,20.590325226774414,NA,25.562979760505762,11,3,280,7
1920,30.501164106814784,20.581166046207777,NA,25.54116507651128,11,3,280,7
1921,30.464694038802303,20.57457268691635,NA,25.519633362859327,11,3,280,7
1922,30.426391062148365,20.57052243629055,NA,25.498456749219457,11,3,280,7
1923,30.386437929900314,20.568981546836447,NA,25.477709738368382,11,3,280,7
1924,30.345031529172356,20.5699100789687,NA,25.457470804070528,11,3,280,7
1925,30.30238077206929,20.57326426625839,NA,25.43782251916384,11,3,280,7
1926,30.258702948602693,20.578996306206705,NA,25.418849627404697,11,3,280,7
1927,30.214217758070117,20.587052747677347,NA,25.400635252873734,11,3,280,7
1928,30.16913940569984,20.597371573282153,NA,25.383255489491,11,3,280,7
1929,30.12366832178566,20.609877002200054,NA,25.366772661992858,11,3,280,7
1930,30.077983865555296,20.6244724045867,NA,25.351228135070997,11,3,280,7
1931,30.032239181153393,20.641033084486875,NA,25.336636132820132,11,3,280,7
1932,29.986559080817344,20.659400298335797,NA,25.32297968957657,11,3,280,7
1933,29.941041538094765,20.679377486411237,NA,25.310209512253003,11,3,280,7
1934,29.89576181376834,20.700729597578476,NA,25.29824570567341,11,3,280,7
1935,29.85077667695497,20.723186290702177,NA,25.286981483828573,11,3,280,7
1936,29.80612803741185,20.746448626219646,NA,25.27628833181575,11,3,280,7
1937,29.761847158587123,20.770197691443215,NA,25.26602242501517,11,3,280,7
1938,29.717959840877114,20.79410379866791,NA,25.25603181977251,11,3,280,7
1939,29.6744921844073,20.81783509054502,NA,25.246163637476158,11,3,280,7
1940,29.631475857980714,20.84106487503962,NA,25.23627036651017,11,3,280,7
1941,29.588951118082253,20.86347750001832,NA,25.226214309050285,11,3,280,7
1942,29.546966894659217,20.8847726749822,NA,25.21586978482071,11,3,280,7
1943,29.50557833318875,20.904668244837193,NA,25.205123289012974,11,3,280,7
1944,29.464843547956423,20.922901517902392,NA,25.193872532929408,11,3,280,7
1945,29.424822706908632,20.939229347620905,NA,25.18202602726477,11,3,280,7
1946,29.385579447182725,20.95342755729626,NA,25.169503502239493,11,3,280,7
1947,29.34718149917438,20.96529068703006,NA,25.15623609310222,11,3,280,7
1948,29.309699445233615,20.974632651585562,NA,25.14216604840959,11,3,280,7
1949,29.27320458731135,20.981288507449946,NA,25.12724654738065,11,3,280,7
1950,29.237767092916236,20.985116551686197,NA,25.111441822301217,11,3,280,7
1951,29.20345578380336,20.985998999461614,NA,25.09472739163249,11,3,280,7
1952,29.17033946876563,20.983841437536352,NA,25.07709045315099,11,3,280,7
1953,29.13848816131612,20.97857320137936,NA,25.05853068134774,11,3,280,7
1954,29.107972718122312,20.97014926260441,NA,25.03906099036336,11,3,280,7
1955,29.07886201926161,20.958552652433966,NA,25.018707335847786,11,3,280,7
1956,29.051219054730417,20.943796251426335,NA,24.997507653078376,11,3,280,7
1957,29.025098939820897,20.925922580200798,NA,24.97551076001085,11,3,280,7
1958,29.00054915101261,20.90500159096323,NA,24.952775370987922,11,3,280,7
1959,28.977609933231726,20.881127824705736,NA,24.92936887896873,11,3,280,7
1960,28.956313609747713,20.85441761576886,NA,24.90536561275829,11,3,280,7
1961,28.936682208862553,20.825006342309162,NA,24.880844275585858,11,3,280,7
1962,28.918724382281408,20.793045818417557,NA,24.855885100349482,11,3,280,7
1963,28.902434150816852,20.758702020878815,NA,24.830568085847833,11,3,280,7
1964,28.88779196498615,20.722152953147358,NA,24.804972459066754,11,3,280,7
1965,28.87476651998383,20.68358605873602,NA,24.779176289359924,11,3,280,7
1966,28.86331615487413,20.643195473869316,NA,24.753255814371723,11,3,280,7
1967,28.853389056190753,20.60118028694573,NA,24.727284671568242,11,3,280,7
1968,28.8449229493543,20.557744191943534,NA,24.701333570648917,11,3,280,7
1969,28.83784642453216,20.513096142519032,NA,24.675471283525596,11,3,280,7
1970,28.83208209297404,20.467451028240205,NA,24.649766560607123,11,3,280,7
1971,28.82754981924231,20.42102880909071,NA,24.62428931416651,11,3,280,7
1972,28.82416895761091,20.37405151967323,NA,24.59911023864207,11,3,280,7
1973,28.821859203719058,20.32673852985351,NA,24.574298866786286,11,3,280,7
1974,28.82054025780878,20.279300838714704,NA,24.549920548261742,11,3,280,7
1975,28.820131081103572,20.231935568887515,NA,24.526033324995545,11,3,280,7
1976,28.82054952688278,20.184821730916976,NA,24.502685628899876,11,3,280,7
1977,28.821713127809524,20.13811822999924,NA,24.479915678904383,11,3,280,7
1978,28.823540358026182,20.091963819699185,NA,24.457752088862684,11,3,280,7
1979,28.825950225480742,20.046477439570356,NA,24.43621383252555,11,3,280,7
1980,28.828860488372523,20.00175893450923,NA,24.415309711440877,11,3,280,7
1981,28.832187228034925,19.957891714580985,NA,24.395039471307953,11,3,280,7
1982,28.835846364766144,19.914947548813185,NA,24.375396956789665,11,3,280,7
1983,28.839755557314167,19.87299232116996,NA,24.35637393924206,11,3,280,7
1984,28.843835511940373,19.832091479555828,NA,24.3379634957481,11,3,280,7
1985,28.848010312182215,19.792313811254832,NA,24.320162061718523,11,3,280,7
1986,28.852206477936807,19.753732763454636,NA,24.30296962069572,11,3,280,7
1987,28.856350559985927,19.716425112696523,NA,24.286387836341227,11,3,280,7
1988,28.860366636651534,19.680468542712486,NA,24.270417589682012,11,3,280,7
1989,28.864176639866436,19.6459414457397,NA,24.25505904280307,11,3,280,7
1990,28.86770351184057,19.61292533625226,NA,24.240314424046417,11,3,280,7
1991,28.870874267393933,19.581507339899755,NA,24.226190803646844,11,3,280,7
1992,28.873621500077363,19.551781293301783,NA,24.212701396689575,11,3,280,7
1993,28.875883333215814,19.523847063179375,NA,24.199865198197593,11,3,280,7
1994,28.877602889837036,19.497808571048935,NA,24.187705730442985,11,3,280,7
1995,28.878729428269324,19.47377188745546,NA,24.17625065786239,11,3,280,7
1996,28.879221534433942,19.451843881824562,NA,24.165532708129252,11,3,280,7
1997,28.87905100607937,19.432131036141612,NA,24.15559102111049,11,3,280,7
1998,28.87820616158923,19.414737445428294,NA,24.14647180350876,11,3,280,7
1999,28.876693403329927,19.39976044277524,NA,24.138226923052585,11,3,280,7
2000,28.874537425856925,19.387284139953355,NA,24.13091078290514,11,3,280,7
2001,28.871782019623996,19.377373027956523,NA,24.124577523790258,11,3,280,7
2002,28.868492347640988,19.370067489419295,NA,24.11927991853014,11,3,280,7
2003,28.86475849930724,19.36538278252973,NA,24.115070640918482,11,3,280,7
2004,28.860698954854332,19.363311983501504,NA,24.112005469177916,11,3,280,7
2005,28.85646142299323,19.363832302125694,NA,24.11014686255946,11,3,280,7
2006,28.85222056222201,19.366912819715093,NA,24.10956669096855,11,3,280,7
2007,28.848174144101936,19.372520333463108,NA,24.110347238782524,11,3,280,7
2008,28.84453814349276,19.38062242981882,NA,24.112580286655792,11,3,280,7
2009,28.841540167476648,19.391189347975157,NA,24.116364757725904,11,3,280,7
2010,28.839410927042426,19.404195121647863,NA,24.121803024345144,11,3,280,7
2011,28.838373748048244,19.419617414371157,NA,24.1289955812097,11,3,280,7
2012,28.83863408262236,19.437435073343554,NA,24.138034577982957,11,3,280,7
2013,28.840372863348012,19.45762203667545,NA,24.14899745001173,11,3,280,7
2014,28.843744017555654,19.480137887027148,NA,24.161940952291403,11,3,280,7
2015,28.84887318493478,19.504917002856327,NA,24.176895093895553,11,3,280,7
2016,28.855856326288254,19.531858258736175,NA,24.193857292512213,11,3,280,7
2017,28.86475830508272,19.560817226602012,NA,24.212787765842364,11,3,280,7
2018,28.87561144030863,19.591602147553246,NA,24.23360679393094,11,3,280,7
2019,28.88841411325232,19.6239742617183,NA,24.25619418748531,11,3,280,7
2020,28.903130653869997,19.657651621335376,NA,24.280391137602685,11,3,280,7
2021,28.919694624742526,19.69231404984881,NA,24.30600433729567,11,3,280,7
2022,28.938015140859864,19.72760866615641,NA,24.332811903508137,11,3,280,7
2023,28.957983634515717,19.76315714940583,NA,24.360570391960774,11,3,280,7
2024,28.979479227403953,19.798564554717,NA,24.389021891060477,11,3,280,7
2025,29.002371541124653,19.833428125074207,NA,24.41789983309943,11,3,280,7
2026,29.026521533188333,19.86734522764744,NA,24.44693338041789,11,3,280,7
2027,29.05178270143944,19.89992022568732,NA,24.47585146356338,11,3,280,7
2028,29.07800353689483,19.930770292223507,NA,24.50438691455917,11,3,280,7
2029,29.105030642042177,19.959530366774587,NA,24.532280504408384,11,3,280,7
2030,29.13271173664075,19.985857261005112,NA,24.559284498822933,11,3,280,7
2031,29.160897578022112,20.009432723915847,NA,24.58516515096898,11,3,280,7
2032,29.18944260317689,20.0299658620479,NA,24.609704232612394,11,3,280,7
2033,29.21820488017392,20.04719589502511,NA,24.632700387599513,11,3,280,7
2034,29.24704605394573,20.060895055879442,NA,24.653970554912586,11,3,280,7
2035,29.275832068956934,20.070870274682814,NA,24.673351171819874,11,3,280,7
2036,29.304434280758546,20.076963453951436,NA,24.69069886735499,11,3,280,7
2037,29.332729397908853,20.079051314206495,NA,24.705890356057672,11,3,280,7
2038,29.360597866120138,20.077044909697364,NA,24.71882138790875,11,3,280,7
2039,29.387921476872968,20.070888035917303,NA,24.729404756395134,11,3,280,7
2040,29.414581080217815,20.06055462784994,NA,24.737567854033877,11,3,280,7
2041,29.440455378992066,20.04604612521681,NA,24.743250752104437,11,3,280,7
2042,29.465421294007776,20.027388707613845,NA,24.74640500081081,11,3,280,7
2043,29.48935590210772,20.004629229083793,NA,24.746992565595757,11,3,280,7
2044,29.512139753923805,19.977830241898573,NA,24.74498499791119,11,3,280,7
2045,29.533661183079527,19.947066059612343,NA,24.740363621345935,11,3,280,7
2046,29.553820633292286,19.912420638739455,NA,24.73312063601587,11,3,280,7
2047,29.57253344448539,19.873986887759582,NA,24.723260166122486,11,3,280,7
2048,29.589731196977574,19.831867011994586,NA,24.710799104486078,11,3,280,7
2049,29.60536337073125,19.78617350275755,NA,24.6957684367444,11,3,280,7
2050,29.61940000347615,19.737030476560054,NA,24.678215240018105,11,3,280,7
2051,29.631834958329065,19.684575167536472,NA,24.65820506293277,11,3,280,7
2052,29.642688630905344,19.628959961283517,NA,24.63582429609443,11,3,280,7
2053,29.652008145250935,19.570355943326813,NA,24.611182044288874,11,3,280,7
2054,29.659864453050943,19.508956984437575,NA,24.58441071874426,11,3,280,7
2055,29.666347115699608,19.444981433986097,NA,24.555664274842854,11,3,280,7
2056,29.671558231222654,19.378670735533408,NA,24.525114483378033,11,3,280,7
2057,29.675607650519257,19.310286521855833,NA,24.492947086187545,11,3,280,7
2058,29.678609969055973,19.240106770879454,NA,24.459358369967713,11,3,280,7
2059,29.68068212188085,19.168420628324462,NA,24.424551375102656,11,3,280,7
2060,29.68194050727758,19.095522282912412,NA,24.388731395094997,11,3,280,7
2061,29.682496661876836,19.021705060119974,NA,24.352100860998405,11,3,280,7
2062,29.682452558352626,18.947256217618854,NA,24.31485438798574,11,3,280,7
2063,29.681898645201372,18.872452242785783,NA,24.277175443993578,11,3,280,7
2064,29.68091491964061,18.79755484291167,NA,24.23923488127614,11,3,280,7
2065,29.67957249623182,18.72280820905608,NA,24.20119035264395,11,3,280,7
2066,29.677934304441155,18.648437744559526,NA,24.16318602450034,11,3,280,7
2067,29.676054718947555,18.5746500593336,NA,24.125352389140577,11,3,280,7
2068,29.673978414332044,18.50163354364955,NA,24.087805978990797,11,3,280,7
2069,29.671739223609855,18.429558347751904,NA,24.050648785680877,11,3,280,7
2070,29.669359194994364,18.3585758618931,NA,24.013967528443732,11,3,280,7
2071,29.66684745622523,18.28881905965401,NA,23.977833257939622,11,3,280,7
2072,29.664198691048313,18.22040379972457,NA,23.94230124538644,11,3,280,7
2073,29.66139122770936,18.15342991362211,NA,23.907410570665732,11,3,280,7
2074,29.6583853247835,18.087981589844322,NA,23.87318345731391,11,3,280,7
2075,29.655122825147863,18.024127247960024,NA,23.839625036553944,11,3,280,7
2076,29.651528666408552,17.9619191939342,NA,23.806723930171376,11,3,280,7
2077,29.647514053598712,17.901393445776637,NA,23.774453749687673,11,3,280,7
2078,29.642980319917726,17.84257031392518,NA,23.742775316921453,11,3,280,7
2079,29.637821721192815,17.785456516094655,NA,23.711639118643735,11,3,280,7
2080,29.631927360658263,17.730048338571514,NA,23.680987849614887,11,3,280,7
2081,29.625184391516115,17.67633408815409,NA,23.650759239835104,11,3,280,7
2082,29.61748259652173,17.62429524955504,NA,23.620888923038386,11,3,280,7
2083,29.60871839556616,17.573906933665437,NA,23.5913126646158,11,3,280,7
2084,29.598797697720016,17.525138592337022,NA,23.56196814502852,11,3,280,7
2085,29.58763837963803,17.477956365581633,NA,23.53279737260983,11,3,280,7
2086,29.57517219669812,17.432326671495613,NA,23.503749434096868,11,3,280,7
2087,29.561344957685854,17.38821889359202,NA,23.474781925638936,11,3,280,7
2088,29.54611486655031,17.34560648328386,NA,23.445860674917085,11,3,280,7
2089,29.52945000747043,17.304467258285108,NA,23.41695863287777,11,3,280,7
2090,29.511325754205025,17.26478309241686,NA,23.38805442331094,11,3,280,7
2091,29.491722689467053,17.226538607020252,NA,23.359130648243653,11,3,280,7
2092,29.47062522979433,17.189719547029227,NA,23.33017238841178,11,3,280,7
2093,29.448020761151326,17.154312597622614,NA,23.30116667938697,11,3,280,7
2094,29.423898602750246,17.120306544143624,NA,23.272102573446936,11,3,280,7
2095,29.39824762885172,17.087692824747045,NA,23.242970226799383,11,3,280,7
2096,29.37105274380759,17.056464988258377,NA,23.213758866032983,11,3,280,7
2097,29.3422917711458,17.026618032748235,NA,23.184454901947017,11,3,280,7
2098,29.311933732328427,16.99814830768597,NA,23.155041020007197,11,3,280,7
2099,29.279938905685523,16.971054369901996,NA,23.12549663779376,11,3,280,7
2100,29.246260080783657,16.94533869587515,NA,23.095799388329404,11,3,315,8
2101,29.210843448247743,16.92100966513571,NA,23.06592655669173,11,3,315,8
2102,29.173629223305497,16.898083131968107,NA,23.035856177636802,11,3,315,8
2103,29.134553759559967,16.876582804965302,NA,23.005568282262637,11,3,315,8
2104,29.093554129279628,16.856539824333147,NA,22.97504697680639,11,3,315,8
2105,29.050575366238835,16.837993097180807,NA,22.944284231709823,11,3,315,8
2106,29.00557910404828,16.82099029277279,NA,22.913284698410536,11,3,315,8
2107,28.958550879718565,16.805587741453387,NA,22.882069310585976,11,3,315,8
2108,28.909504444863916,16.79184874881014,NA,22.850676596837026,11,3,315,8
2109,28.858482499515805,16.779841104504353,NA,22.81916180201008,11,3,315,8
2110,28.805554726163297,16.76963437002611,NA,22.787594548094702,11,3,315,8
2111,28.75081546426567,16.761297334495133,NA,22.7560563993804,11,3,315,8
2112,28.69438160939023,16.754896125130145,NA,22.72463886726019,11,3,315,8
2113,28.636389565067518,16.75049355654651,NA,22.693441560807013,11,3,315,8
2114,28.576990562801555,16.748149425240307,NA,22.66256999402093,11,3,315,8
2115,28.51634415307134,16.74792057782812,NA,22.632132365449728,11,3,315,8
2116,28.454611133002118,16.749860654572885,NA,22.6022358937875,11,3,315,8
2117,28.391948639318844,16.75402048268738,NA,22.57298456100311,11,3,315,8
2118,28.328508086870738,16.760449216111006,NA,22.54447865149087,11,3,315,8
2119,28.264434584763396,16.769195440652652,NA,22.516815012708022,11,3,315,8
2120,28.199866754829408,16.780307658501698,NA,22.490087206665553,11,3,315,8
2121,28.13493616988041,16.793833761205562,NA,22.464384965542987,11,3,315,8
2122,28.06976640958171,16.809819782974074,NA,22.439793096277892,11,3,315,8
2123,28.004472512197303,16.828308908938475,NA,22.41639071056789,11,3,315,8
2124,27.93916160057875,16.849341127801274,NA,22.394251364190012,11,3,315,8
2125,27.873935460898924,16.872953333134227,NA,22.373444397016577,11,3,315,8
2126,27.808893999530113,16.89917958008831,NA,22.35403678980921,11,3,315,8
2127,27.74413665033211,16.928051106787372,NA,22.33609387855974,11,3,315,8
2128,27.679761535704856,16.959595632185447,NA,22.31967858394515,11,3,315,8
2129,27.615864915828674,16.993835344679646,NA,22.30485013025416,11,3,315,8
2130,27.552542095011354,17.030783971214415,NA,22.291663033112883,11,3,315,8
2131,27.489889588557656,17.070444292084673,NA,22.280166940321166,11,3,315,8
2132,27.42800708559929,17.112806003705423,NA,22.270406544652356,11,3,315,8
2133,27.366996475324097,17.157842368714675,NA,22.262419422019384,11,3,315,8
2134,27.30695754490748,17.20550536098179,NA,22.256231452944633,11,3,315,8
2135,27.24798229833175,17.255720281353067,NA,22.251851289842406,11,3,315,8
2136,27.190148967487335,17.308380625226434,NA,22.249264796356883,11,3,315,8
2137,27.133515909238408,17.363343788385258,NA,22.24842984881183,11,3,315,8
2138,27.07811655772977,17.420428490623056,NA,22.249272524176412,11,3,315,8
2139,27.023957576892382,17.47941508985299,NA,22.251686333372685,11,3,315,8
2140,26.97102011510434,17.540048496915723,NA,22.255534306010034,11,3,315,8
2141,26.91926182099328,17.602041938816367,NA,22.260651879904824,11,3,315,8
2142,26.86861903543261,17.665081184193244,NA,22.26685010981293,11,3,315,8
2143,26.819010330823716,17.72883021083752,NA,22.273920270830615,11,3,315,8
2144,26.77034100847932,17.792937929975512,NA,22.281639469227414,11,3,315,8
2145,26.722506604594038,17.857044216832737,NA,22.28977541071339,11,3,315,8
2146,26.675395406254477,17.920785155371195,NA,22.298090280812836,11,3,315,8
2147,26.628891929852866,17.983799063370697,NA,22.306345496611783,11,3,315,8
2148,26.58288126608464,18.045732718264052,NA,22.314306992174345,11,3,315,8
2149,26.537252147473392,18.106245058286007,NA,22.3217486028797,11,3,315,8
2150,26.491897569744182,18.165008071810036,NA,22.32845282077711,11,3,315,8
2151,26.446712773705233,18.221707026006232,NA,22.334209899855733,11,3,315,8
2152,26.4015918573077,18.27604091777082,NA,22.33881638753926,11,3,315,8
2153,26.356425750584695,18.32772276168489,NA,22.342074256134794,11,3,315,8
2154,26.311103018195546,18.376480304919735,NA,22.34379166155764,11,3,315,8
2155,26.265513686346598,18.42205873415723,NA,22.343786210251913,11,3,315,8
2156,26.219554925351222,18.464224598455193,NA,22.341889761903207,11,3,315,8
2157,26.173136053532865,18.50276783081334,NA,22.337951942173103,11,3,315,8
2158,26.126181888665673,18.537502359755564,NA,22.331842124210617,11,3,315,8
2159,26.078635033567764,18.56826941076923,NA,22.3234522221685,11,3,315,8
2160,26.03045729207792,18.59494350047955,NA,22.312700396278736,11,3,315,8
2161,25.981630021225072,18.617437029422934,NA,22.299533525324,11,3,315,8
2162,25.93215381033085,18.635702402429335,NA,22.283928106380092,11,3,315,8
2163,25.882048462707857,18.649733628706247,NA,22.26589104570705,11,3,315,8
2164,25.831352792256357,18.65956720728122,NA,22.24545999976879,11,3,315,8
2165,25.78012228390588,18.665279957000287,NA,22.22270112045308,11,3,315,8
2166,25.72842481239158,18.666984180678487,NA,22.19770449653503,11,3,315,8
2167,25.67633675943313,18.664823283428124,NA,22.170580021430627,11,3,315,8
2168,25.623939918437795,18.658968916356933,NA,22.141454417397362,11,3,315,8
2169,25.571317624960958,18.649618668055023,NA,22.11046814650799,11,3,315,8
2170,25.518550501824713,18.636993520912164,NA,22.077772011368438,11,3,315,8
2171,25.46571415852011,18.621334483972,NA,22.043524321246053,11,3,315,8
2172,25.412879136263875,18.602898398898958,NA,22.007888767581417,11,3,315,8
2173,25.360111341859554,18.581953500555386,NA,21.971032421207468,11,3,315,8
2174,25.307471896350044,18.55877531344132,NA,21.933123604895684,11,3,315,8
2175,25.255016007287256,18.53364346506884,NA,21.89432973617805,11,3,315,8
2176,25.202791351360258,18.506839607069516,NA,21.854815479214885,11,3,315,8
2177,25.150837332052916,18.478646244608242,NA,21.81474178833058,11,3,315,8
2178,25.099185699277353,18.449345494344232,NA,21.774265596810793,11,3,315,8
2179,25.047862140212832,18.41921601087322,NA,21.733539075543028,11,3,315,8
2180,24.996887963008707,18.3885283698833,NA,21.692708166446003,11,3,315,8
2181,24.946280507421267,18.357541244600892,NA,21.65191087601108,11,3,315,8
2182,24.8960523795864,18.326499054095876,NA,21.61127571684114,11,3,315,8
2183,24.84621107125496,18.29563010406189,NA,21.570920587658424,11,3,315,8
2184,24.796759548519343,18.26514482612306,NA,21.5309521873212,11,3,315,8
2185,24.747697419762833,18.235234307185962,NA,21.491465863474396,11,3,315,8
2186,24.699022292627514,18.206068715413515,NA,21.452545504020513,11,3,315,8
2187,24.650730929845576,18.177794644481832,NA,21.414262787163704,11,3,315,8
2188,24.602820008886997,18.15053127595022,NA,21.37667564241861,11,3,315,8
2189,24.55528648546825,18.124366137786023,NA,21.339826311627135,11,3,315,8
2190,24.50812795111977,18.099351920276845,NA,21.30373993569831,11,3,315,8
2191,24.4613437651546,18.075506493808494,NA,21.268425129481546,11,3,315,8
2192,24.414936668457607,18.052816517833097,NA,21.233876593145354,11,3,315,8
2193,24.3689135135766,18.031243275194882,NA,21.20007839438574,11,3,315,8
2194,24.323285306140246,18.010729366454576,NA,21.16700733629741,11,3,315,8
2195,24.278068313158695,17.9912048992463,NA,21.1346366062025,11,3,315,8
2196,24.233286433100016,17.97259288090241,NA,21.102939657001215,11,3,315,8
2197,24.188973461953847,17.95481459568886,NA,21.071894028821355,11,3,315,8
2198,24.145174474594054,17.937795162885894,NA,21.041484818739974,11,3,315,8
2199,24.10194612582312,17.921468886756106,NA,21.01170750628961,11,3,315,8
2200,24.059356163005475,17.905783229080058,NA,20.982569696042766,11,3,315,8
2201,24.017482929714514,17.890699454504247,NA,20.95409119210938,11,3,315,8
2202,23.976414956875644,17.876189851976708,NA,20.926302404426174,11,3,315,8
2203,23.936250054952563,17.86223328856697,NA,20.899241671759768,11,3,315,8
2204,23.897093418115734,17.848810559198885,NA,20.87295198865731,11,3,315,8
2205,23.859054348741875,17.83590070311434,NA,20.847477525928106,11,3,315,8
2206,23.822241893241426,17.823478482471693,NA,20.82286018785656,11,3,315,8
2207,23.786760362907774,17.811512243124366,NA,20.79913630301607,11,3,315,8
2208,23.752705811030157,17.799962157986432,NA,20.776333984508295,11,3,315,8
2209,23.720164635121836,17.788779633786792,NA,20.754472134454314,11,3,315,8
2210,23.689214205237846,17.777908954750565,NA,20.733561579994205,11,3,315,8
2211,23.659924151501684,17.767292529484326,NA,20.713608340493003,11,3,315,8
2212,23.632357431790087,17.7568780837608,NA,20.694617757775443,11,3,315,8
2213,23.606570788341394,17.746623118248795,NA,20.676596953295096,11,3,315,8
2214,23.58261498245022,17.7364957541323,NA,20.659555368291258,11,3,315,8
2215,23.560535976798207,17.72647489339786,NA,20.643505435098035,11,3,315,8
2216,23.540377162155277,17.71655115734602,NA,20.62846415975065,11,3,315,8
2217,23.522181652351193,17.70672860364495,NA,20.61445512799807,11,3,315,8
2218,23.505993573913617,17.697026441761654,NA,20.601510007837636,11,3,315,8
2219,23.49185717923776,17.687479186102532,NA,20.589668182670145,11,3,315,8
2220,23.479813392455213,17.678134173651692,NA,20.578973783053453,11,3,315,8
2221,23.46989417748906,17.669045860358043,NA,20.569470018923553,11,3,315,8
2222,23.462116385835188,17.66026845617401,NA,20.5611924210046,11,3,315,8
2223,23.45647800973797,17.6518506043774,NA,20.554164307057686,11,3,315,8
2224,23.45295742574873,17.643833372356088,NA,20.54839539905241,11,3,315,8
2225,23.45151387303001,17.636250382656268,NA,20.54388212784314,11,3,315,8
2226,23.45208799629478,17.629128718130676,NA,20.540608357212726,11,3,315,8
2227,23.454601868797635,17.622489040067126,NA,20.53854545443238,11,3,315,8
2228,23.458958788915194,17.61634472380041,NA,20.537651756357803,11,3,315,8
2229,23.465044021970595,17.610701181932605,NA,20.537872601951598,11,3,315,8
2230,23.472726976490005,17.605555862643055,NA,20.53914141956653,11,3,315,8
2231,23.481864621596806,17.600898727931867,NA,20.541381674764338,11,3,315,8
2232,23.492305562332522,17.596713211833066,NA,20.544509387082794,11,3,315,8
2233,23.50389379972817,17.592977853818194,NA,20.548435826773183,11,3,315,8
2234,23.51647169027287,17.589668412562627,NA,20.55307005141775,11,3,315,8
2235,23.529882107194837,17.586759875174515,NA,20.558320991184676,11,3,315,8
2236,23.54397029368461,17.584227972100127,NA,20.564099132892366,11,3,315,8
2237,23.55858638586728,17.582050003005108,NA,20.570318194436194,11,3,315,8
2238,23.573588607917475,17.580205559226222,NA,20.57689708357185,11,3,315,8
2239,23.588846166257834,17.578678508665806,NA,20.58376233746182,11,3,315,8
2240,23.604241454884033,17.577459755745497,NA,20.590850605314763,11,3,315,8
2241,23.61967176891943,17.57654843575288,NA,20.598110102336157,11,3,315,8
2242,23.635050333145912,17.57595125110251,NA,20.60550079212421,11,3,315,8
2243,23.650306061876016,17.5756817052043,NA,20.612993883540156,11,3,315,8
2244,23.66538205152243,17.57575952645368,NA,20.620570788988054,11,3,315,8
2245,23.680233392215715,17.576209111688925,NA,20.62822125195232,11,3,315,8
2246,23.694824591986485,17.577056988818143,NA,20.635940790402316,11,3,315,8
2247,23.709126614225564,17.578329468699483,NA,20.643728041462523,11,3,315,8
2248,23.72311430929864,17.58005087602962,NA,20.65158259266413,11,3,315,8
2249,23.73676580139493,17.582241968700412,NA,20.65950388504767,11,3,315,8
2250,23.750063831007196,17.58491893540536,NA,20.667491383206276,11,3,315,8
2251,23.76299749276757,17.58809414162047,NA,20.67554581719402,11,3,315,8
2252,23.775563588595563,17.591778233550524,NA,20.683670911073044,11,3,315,8
2253,23.787767596325263,17.59598164908905,NA,20.691874622707157,11,3,315,8
2254,23.79962444893134,17.600714852854203,NA,20.70016965089277,11,3,315,8
2255,23.811159514409173,17.60598788035808,NA,20.708573697383628,11,3,315,8
2256,23.82240938591593,17.611809678836185,NA,20.717109532376057,11,3,315,8
2257,23.833421311318496,17.618187634736252,NA,20.725804473027374,11,3,315,8
2258,23.844250383748275,17.625126897581676,NA,20.734688640664977,11,3,315,8
2259,23.85495390723248,17.63262832965125,NA,20.743791118441866,11,3,315,8
2260,23.86558430210798,17.640685569097347,NA,20.753134935602663,11,3,315,8
2261,23.876183865637046,17.649283352333224,NA,20.762733608985137,11,3,315,8
2262,23.886782264881305,17.658397681024127,NA,20.772589972952716,11,3,315,8
2263,23.897395200601782,17.667996858542352,NA,20.782696029572065,11,3,315,8
2264,23.908023363899133,17.678042811030547,NA,20.793033087464842,11,3,315,8
2265,23.918651490281754,17.68849249848956,NA,20.803571994385656,11,3,315,8
2266,23.92924790130916,17.699299318938284,NA,20.81427361012372,11,3,315,8
2267,23.939765509428955,17.710414506302495,NA,20.825090007865725,11,3,315,8
2268,23.95014448156564,17.721788815358316,NA,20.835966648461977,11,3,315,8
2269,23.960315976941875,17.733375079700448,NA,20.84684552832116,11,3,315,8
2270,23.970205789590263,17.74513076564663,NA,20.857668277618444,11,3,315,8
2271,23.979736140942283,17.75701818189791,NA,20.868377161420096,11,3,315,8
2272,23.988825818713664,17.769002053007547,NA,20.878913935860606,11,3,315,8
2273,23.997390809109074,17.78104621294373,NA,20.8892185110264,11,3,315,8
2274,24.005345716217857,17.793110297159544,NA,20.899228006688702,11,3,315,8
2275,24.01260440930929,17.80514643375672,NA,20.908875421533004,11,3,315,8
2276,24.019079606745784,17.817096031934675,NA,20.91808781934023,11,3,315,8
2277,24.02468237323435,17.828886863572336,NA,20.926784618403342,11,3,315,8
2278,24.029322019468832,17.84043063395339,NA,20.934876326711112,11,3,315,8
2279,24.03290640555165,17.851621237852655,NA,20.942263821702152,11,3,315,8
2280,24.035342454532593,17.862333799912868,NA,20.94883812722273,11,3,315,8
2281,24.036536487347938,17.872424500978877,NA,20.954480494163406,11,3,315,8
2282,24.036394575683364,17.881731680025915,NA,20.95906312785464,11,3,315,8
2283,24.03482369451737,17.89007918928702,NA,20.962451441902196,11,3,315,8
2284,24.031734261028173,17.897281614927515,NA,20.964507937977842,11,3,315,8
2285,24.027044451450273,17.90314961030783,NA,20.96509703087905,11,3,315,8
2286,24.020685419408025,17.907494759462598,NA,20.96409008943531,11,3,315,8
2287,24.012605271133662,17.91013455893149,NA,20.961369915032577,11,3,315,8
2288,24.002771213389046,17.910897423307517,NA,20.95683431834828,11,3,315,8
2289,23.991170850264638,17.90962693702177,NA,20.950398893643204,11,3,315,8
2290,23.977813507194504,17.90618515993379,NA,20.941999333564148,11,3,315,8
2291,23.962732362664347,17.900455379282324,NA,20.931593870973337,11,3,315,8
2292,23.945986607150893,17.892344310125793,NA,20.919165458638343,11,3,315,8
2293,23.927661287865213,17.881783355933546,NA,20.904722321899378,11,3,315,8
2294,23.90786435069282,17.868729418462127,NA,20.88829688457747,11,3,315,8
2295,23.88672224355,17.853166623500726,NA,20.86994443352536,11,3,315,8
2296,23.864375347488345,17.83510876806953,NA,20.84974205777894,11,3,315,8
2297,23.84097440405055,17.814600733629113,NA,20.82778756883983,11,3,315,8
2298,23.816677936714704,17.791718377389852,NA,20.804198157052276,11,3,315,8
2299,23.79164949365377,17.766567681323156,NA,20.779108587488466,11,3,315,8
2300,23.7660545142863,17.739283157695475,NA,20.75266883599089,11,3,315,8
2301,23.74005759738811,17.710024729178507,NA,20.725041163283308,11,3,315,8
2302,23.71382065588901,17.67897337407191,NA,20.69639701498046,11,3,315,8
2303,23.687502150871868,17.646326899704043,NA,20.666914525287957,11,3,315,8
2304,23.661257012102503,17.612295841221332,NA,20.636776426661918,11,3,315,8
2305,23.63523626724517,17.577098117187532,NA,20.60616719221635,11,3,315,8
2306,23.609586084739398,17.540952438749123,NA,20.57526926174426,11,3,315,8
2307,23.584446618143083,17.50407183454096,NA,20.54425922634202,11,3,315,8
2308,23.559950747205598,17.46665806826716,NA,20.513304407736378,11,3,315,8
2309,23.536222518410735,17.4288971407479,NA,20.482559829579316,11,3,315,8
2310,23.5133752829279,17.3909564585407,NA,20.452165870734298,11,3,315,8
2311,23.491509725133035,17.352984641628634,NA,20.422247183380833,11,3,315,8
2312,23.470711682409853,17.3151131872686,NA,20.392912434839225,11,3,315,8
2313,23.451049364522774,17.277457451702826,NA,20.364253408112802,11,3,315,8
2314,23.432570556465933,17.24011645998553,NA,20.33634350822573,11,3,315,8
2315,23.41530136434455,17.203173102713748,NA,20.30923723352915,11,3,315,8
2316,23.399246601090447,17.166695010728382,NA,20.282970805909414,11,3,315,8
2317,23.384390446077592,17.130735131123306,NA,20.25756278860045,11,3,315,8
2318,23.370696988406806,17.09533161335375,NA,20.233014300880278,11,3,315,8
2319,23.35811123932454,17.060507199682768,NA,20.209309219503652,11,3,315,8
2320,23.34656061433011,17.026268607059766,NA,20.18641461069494,11,3,315,8
2321,23.335956300599417,16.992606680386086,NA,20.16428149049275,11,3,315,8
2322,23.326194315773787,16.95949770721226,NA,20.142846011493024,11,3,315,8
2323,23.317156454563243,16.926905893995894,NA,20.12203117427957,11,3,315,8
2324,23.308711417388874,16.894786516584333,NA,20.101748966986605,11,3,315,8
2325,23.30071651304719,16.863088770086993,NA,20.08190264156709,11,3,315,8
2326,23.29301974235867,16.83175802620003,NA,20.06238888427935,11,3,315,8
2327,23.28546148471727,16.80073788890182,NA,20.043099686809548,11,3,315,8
2328,23.277875887437432,16.769972439504578,NA,20.023924163471005,11,3,315,8
2329,23.270092935748057,16.739409062079055,NA,20.004750998913558,11,3,315,8
2330,23.26194130354323,16.709001459956028,NA,19.98547138174963,11,3,315,8
2331,23.253251207226803,16.67871169365383,NA,19.965981450440317,11,3,315,8
2332,23.243856875151604,16.648510753252125,NA,19.946183814201866,11,3,315,8
2333,23.233598635276213,16.618377860874794,NA,19.925988248075505,11,3,315,8
2334,23.222324330998894,16.588299088962433,NA,19.905311709980666,11,3,315,8
2335,23.209889482434615,16.558266270038743,NA,19.88407787623668,11,3,315,8
2336,23.19615707334563,16.528276588345427,NA,19.86221683084553,11,3,315,8
2337,23.180999306871122,16.498332658404692,NA,19.839665982637907,11,3,315,8
2338,23.164301234639105,16.468443188092156,NA,19.816372211365632,11,3,315,8
2339,23.14596372525478,16.43862461632492,NA,19.79229417078985,11,3,315,8
2340,23.125904993640276,16.408903042452373,NA,19.767404018046324,11,3,315,8
2341,23.104061668141274,16.379314691400207,NA,19.74168817977074,11,3,315,8
2342,23.08038988435689,16.349904719083177,NA,19.715147301720034,11,3,315,8
2343,23.05486640666949,16.320725723061678,NA,19.687796064865584,11,3,315,8
2344,23.027490070759576,16.291836738048552,NA,19.659663404404064,11,3,315,8
2345,22.998284132679313,16.26330291052101,NA,19.63079352160016,11,3,315,8
2346,22.96729884172464,16.235195363828684,NA,19.60124710277666,11,3,315,8
2347,22.934612285980776,16.207590082333972,NA,19.571101184157374,11,3,315,8
2348,22.90032882698846,16.180565715949427,NA,19.540447271468942,11,3,315,8
2349,22.86457570754316,16.154201279283935,NA,19.509388493413546,11,3,315,8
2350,22.82749861132257,16.128574329412352,NA,19.478036470367464,11,3,315,8
2351,22.78925714776806,16.103759816117638,NA,19.44650848194285,11,3,315,8
2352,22.75002094274537,16.079829700939875,NA,19.414925321842624,11,3,315,8
2353,22.709966722674945,16.056853343869257,NA,19.3834100332721,11,3,315,8
2354,22.669275901819045,16.03489846148344,NA,19.352087181651243,11,3,315,8
2355,22.62813130445923,16.014032265288783,NA,19.321081784874007,11,3,315,8
2356,22.58671292162092,15.994322584124403,NA,19.29051775287266,11,3,315,8
2357,22.545193869977023,15.975838969571425,NA,19.260516419774223,11,3,315,8
2358,22.503737427990377,15.95865358822491,NA,19.231195508107643,11,3,315,8
2359,22.46249573183874,15.942841509585412,NA,19.202668620712075,11,3,315,8
2360,22.421610128584426,15.928480583517054,NA,19.175045356050738,11,3,315,8
2361,22.381212598989244,15.915651686402844,NA,19.148432142696045,11,3,315,8
2362,22.341427662533732,15.904439237242745,NA,19.122933449888237,11,3,315,8
2363,22.302374177340056,15.894931007051621,NA,19.09865259219584,11,3,315,8
2364,22.264166447815313,15.887216927629082,NA,19.0756916877222,11,3,315,8
2365,22.226914052925686,15.881387288493242,NA,19.054150670709465,11,3,315,8
2366,22.190719905634342,15.877530515665292,NA,19.03412521064982,11,3,315,8
2367,22.15567615166493,15.875730530913165,NA,19.015703341289047,11,3,315,8
2368,22.121858588778384,15.876063787630692,NA,18.99896118820454,11,3,315,8
2369,22.089321360835466,15.87859617713736,NA,18.983958768986412,11,3,315,8
2370,22.058092803338774,15.883380291916138,NA,18.970736547627457,11,3,315,8
2371,22.028172439645406,15.890453825083746,NA,18.959313132364578,11,3,315,8
2372,21.999529224969216,15.899839105286066,NA,18.949684165127643,11,3,315,8
2373,21.972101233265366,15.911542986134585,NA,18.941822109699977,11,3,315,8
2374,21.945796787482283,15.925556797224203,NA,18.93567679235324,11,3,315,8
2375,21.920496839063244,15.941856551701187,NA,18.931176695382216,11,3,315,8
2376,21.896058793185098,15.960403508051659,NA,18.92823115061838,11,3,315,8
2377,21.872322366788136,15.981145086478756,NA,18.926733726633447,11,3,315,8
2378,21.849117188965575,16.004016140465872,NA,18.926566664715722,11,3,315,8
2379,21.82627097570647,16.028940584338503,NA,18.92760578002249,11,3,315,8
2380,21.80361711113875,16.05583318275427,NA,18.92972514694651,11,3,315,8
2381,21.78100046745358,16.084601113143847,NA,18.932800790298714,11,3,315,8
2382,21.758280783305988,16.115145204883145,NA,18.936712994094567,11,3,315,8
2383,21.73533340801457,16.147361051711002,NA,18.941347229862785,11,3,315,8
2384,21.71204809650341,16.18113999893225,NA,18.94659404771783,11,3,315,8
2385,21.68832741753242,16.216369811954394,NA,18.952348614743407,11,3,315,8
2386,21.664085362173097,16.252935125385974,NA,18.958510243779536,11,3,315,8
2387,21.63924576391788,16.290718064593452,NA,18.964981914255667,11,3,315,8
2388,21.61374033670424,16.329598748898253,NA,18.971669542801244,11,3,315,8
2389,21.587506332053643,16.369454702872865,NA,18.978480517463254,11,3,315,8
2390,21.560483621332246,16.410158982537098,NA,18.985321301934672,11,3,315,8
2391,21.532610813984626,16.451577603608293,NA,18.99209420879646,11,3,315,8
2392,21.503821290546362,16.49356656642057,NA,18.998693928483465,11,3,315,8
2393,21.47404129724939,16.535968479627286,NA,19.005004888438336,11,3,315,8
2394,21.443190395887722,16.578609760332363,NA,19.01090007811004,11,3,315,8
2395,21.411182709492063,16.621300363872525,NA,19.016241536682294,11,3,315,8
2396,21.377928672443993,16.66383633857272,NA,19.020882505508357,11,3,315,8
2397,21.343338261725567,16.706003842898824,NA,19.024671052312193,11,3,315,8
2398,21.30732580821632,16.747583945398226,NA,19.027454876807273,11,3,315,8
2399,21.269815609114946,16.788358210728134,NA,19.02908690992154,11,3,315,8
2400,21.230747660018775,16.828114782534342,NA,19.02943122127656,11,3,350,9
2401,21.190082922568077,16.866654381321545,NA,19.02836865194481,11,3,350,9
2402,21.14780773839979,16.903795732887183,NA,19.025801735643487,11,3,350,9
2403,21.103937194913915,16.939380040232006,NA,19.02165861757296,11,3,350,9
2404,21.05851666273991,16.97327401405312,NA,19.015895338396515,11,3,350,9
2405,21.011620139128368,17.005370879051732,NA,19.00849550909005,11,3,350,9
2406,20.96334588425929,17.03558935812974,NA,18.999467621194515,11,3,350,9
2407,20.91381169024648,17.0638712213754,NA,18.98884145581094,11,3,350,9
2408,20.863150073956437,17.090177791274467,NA,18.976663932615452,11,3,350,9
2409,20.811501636170405,17.114485600154346,NA,18.962993618162375,11,3,350,9
2410,20.75900648753381,17.13678188325874,NA,18.947894185396276,11,3,350,9
2411,20.705795299757284,17.157061078302483,NA,18.931428189029884,11,3,350,9
2412,20.65198124793855,17.175322526810266,NA,18.913651887374407,11,3,350,9
2413,20.59765381740907,17.191568597050072,NA,18.894611207229573,11,3,350,9
2414,20.542875643834105,17.20580313104677,NA,18.874339387440436,11,3,350,9
2415,20.487683750706744,17.218030800865826,NA,18.852857275786285,11,3,350,9
2416,20.432094110338124,17.22825737411221,NA,18.830175742225165,11,3,350,9
2417,20.376106016396825,17.23649030335467,NA,18.806298159875748,11,3,350,9
2418,20.31970509726757,17.24273954184683,NA,18.7812223195572,11,3,350,9
2419,20.262866140657625,17.247018975569368,NA,18.7549425581135,11,3,350,9
2420,20.20555690009958,17.24934827634774,NA,18.72745258822366,11,3,350,9
2421,20.14774405416619,17.249754395509214,NA,18.6987492248377,11,3,350,9
2422,20.08939966072123,17.248272502687083,NA,18.668836081704157,11,3,350,9
2423,20.03050361995816,17.24494675950225,NA,18.637725189730205,11,3,350,9
2424,19.971042244181053,17.23983102510681,NA,18.60543663464393,11,3,350,9
2425,19.911007616445854,17.23298929781592,NA,18.57199845713089,11,3,350,9
2426,19.85039949395113,17.224496282130854,NA,18.537447888040994,11,3,350,9
2427,19.78922858583494,17.214439055523087,NA,18.501833820679014,11,3,350,9
2428,19.72752042505665,17.20291973626476,NA,18.465220080660707,11,3,350,9
2429,19.66531944401934,17.19005798048117,NA,18.427688712250255,11,3,350,9
2430,19.602692960893307,17.175992526512665,NA,18.389342743702986,11,3,350,9
2431,19.539734880844488,17.16088139455224,NA,18.350308137698363,11,3,350,9
2432,19.476568818475364,17.14490054431856,NA,18.310734681396962,11,3,350,9
2433,19.413350249834153,17.128240988316307,NA,18.27079561907523,11,3,350,9
2434,19.350267009282646,17.111104845646842,NA,18.230685927464744,11,3,350,9
2435,19.287537153419546,17.093701308784524,NA,18.190619231102033,11,3,350,9
2436,19.2254036039242,17.07624252019218,NA,18.15082306205819,11,3,350,9
2437,19.164125370891647,17.058938380170325,NA,18.111531875530986,11,3,350,9
2438,19.103967108607012,17.041990380211303,NA,18.072978744409156,11,3,350,9
2439,19.045190706207688,17.02558562908652,NA,18.035388167647106,11,3,350,9
2440,18.98804890916681,17.009891751329775,NA,17.99897033024829,11,3,350,9
2441,18.93277726114811,16.99505285030257,NA,17.96391505572534,11,3,350,9
2442,18.879585435263078,16.98118653325502,NA,17.930385984259047,11,3,350,9
2443,18.828653803359934,16.968381801087,NA,17.898517802223466,11,3,350,9
2444,18.780135240099057,16.95669780099245,NA,17.868416520545754,11,3,350,9
2445,18.73415630674812,16.946163635681184,NA,17.840159971214653,11,3,350,9
2446,18.69081712954024,16.936779520866665,NA,17.81379832520345,11,3,350,9
2447,18.65019445733498,16.92851968070373,NA,17.789357069019353,11,3,350,9
2448,18.612347409309354,16.921336298389235,NA,17.766841853849293,11,3,350,9
2449,18.577320449349177,16.915162766628427,NA,17.7462416079888,11,3,350,9
2450,18.545143391119627,16.90991614115208,NA,17.727529766135852,11,3,350,9
2451,18.515833505057426,16.90550035890186,NA,17.710666931979645,11,3,350,9
2452,18.489399726804802,16.9018104172266,NA,17.695605072015702,11,3,350,9
2453,18.465843894850224,16.898736345106002,NA,17.682290119978113,11,3,350,9
2454,18.44515852953846,16.896166285248512,NA,17.670662407393486,11,3,350,9
2455,18.427325249994592,16.893988493683906,NA,17.66065687183925,11,3,350,9
2456,18.412315389688125,16.892091965969517,NA,17.652203677828822,11,3,350,9
2457,18.400091835557486,16.89036530159835,NA,17.64522856857792,11,3,350,9
2458,18.39061131083028,16.88869449111032,NA,17.6396529009703,11,3,350,9
2459,18.383826516867273,16.886961383332903,NA,17.635393950100088,11,3,350,9
2460,18.37968735438926,16.885042932080058,NA,17.632365143234658,11,3,350,9
2461,18.378140249449935,16.882809663563947,NA,17.63047495650694,11,3,350,9
2462,18.37912656031663,16.88012356152514,NA,17.629625060920887,11,3,350,9
2463,18.382582992222666,16.876837322860517,NA,17.62971015754159,11,3,350,9
2464,18.388444801200734,16.87279537605927,NA,17.630620088630003,11,3,350,9
2465,18.39665042244029,16.86783549429699,NA,17.63224295836864,11,3,350,9
2466,18.40714557339724,16.861790810529623,NA,17.634468191963432,11,3,350,9
2467,18.4198842966129,16.8544930173972,NA,17.637188657005048,11,3,350,9
2468,18.43482684554153,16.845776364363932,NA,17.640301604952732,11,3,350,9
2469,18.451936755013183,16.83548089409114,NA,17.643708824552164,11,3,350,9
2470,18.471178950184946,16.823455018144017,NA,17.647316984164483,11,3,350,9
2471,18.492520260091847,16.80955919018635,NA,17.6510397251391,11,3,350,9
2472,18.51593126343199,16.79367058146265,NA,17.654800922447322,11,3,350,9
2473,18.541385955744357,16.77568680995553,NA,17.658536382849945,11,3,350,9
2474,18.568858458141495,16.755528237419703,NA,17.6621933477806,11,3,350,9
2475,18.59831871877459,16.73313981125277,NA,17.66572926501368,11,3,350,9
2476,18.62972896314062,16.708492549968973,NA,17.669110756554797,11,3,350,9
2477,18.66304245432739,16.681583892818374,NA,17.67231317357288,11,3,350,9
2478,18.698204368718283,16.652436914001036,NA,17.67532064135966,11,3,350,9
2479,18.735152837126055,16.621099181827375,NA,17.678126009476713,11,3,350,9
2480,18.773818981756605,16.587641750159932,NA,17.68073036595827,11,3,350,9
2481,18.8141255598285,16.552158476469998,NA,17.683142018149248,11,3,350,9
2482,18.855985287846234,16.514765762941348,NA,17.68537552539379,11,3,350,9
2483,18.899301383710153,16.475602719162097,NA,17.687452051436125,11,3,350,9
2484,18.943970425554962,16.43483154951335,NA,17.689400987534157,11,3,350,9
2485,18.98988518790829,16.392637772930044,NA,17.691261480419165,11,3,350,9
2486,19.036935408479458,16.349229784814394,NA,17.693082596646924,11,3,350,9
2487,19.085004731579026,16.304837172987916,NA,17.69492095228347,11,3,350,9
2488,19.133965195437284,16.259707979518275,NA,17.69683658747778,11,3,350,9
2489,19.18367375199465,16.214105880232317,NA,17.698889816113486,11,3,350,9
2490,19.233972089170337,16.168307570677527,NA,17.70113982992393,11,3,350,9
2491,19.284687807093476,16.12259996428672,NA,17.7036438856901,11,3,350,9
2492,19.335635487698656,16.077276710763215,NA,17.706456099230934,11,3,350,9
2493,19.3866166849988,16.032633445013875,NA,17.709625065006335,11,3,350,9
2494,19.437419034006265,15.988962054695495,NA,17.71319054435088,11,3,350,9
2495,19.48781584692972,15.946545132250169,NA,17.717180489589943,11,3,350,9
2496,19.537567272872796,15.905651484753971,NA,17.721609378813383,11,3,350,9
2497,19.586423804857105,15.866533282431709,NA,17.726478543644408,11,3,350,9
2498,19.63413194281001,15.829424939203582,NA,17.731778441006796,11,3,350,9
2499,19.680440845922178,15.794543331186505,NA,17.73749208855434,11,3,350,9
2500,19.725108710295046,15.7620885691906,NA,17.743598639742824,11,3,350,9
2501,19.767907510219427,15.732244151372027,NA,17.750075830795726,11,3,350,9
2502,19.80862571667304,15.705176590454741,NA,17.756901153563888,11,3,350,9
2503,19.84706958180027,15.681035878182204,NA,17.764052729991235,11,3,350,9
2504,19.883063480351833,15.659956784396819,NA,17.771510132374324,11,3,350,9
2505,19.916449701252134,15.642059622874445,NA,17.779254662063288,11,3,350,9
2506,19.947088082185598,15.627449994119232,NA,17.787269038152417,11,3,350,9
2507,19.974855879816776,15.616217893393847,NA,17.795536886605312,11,3,350,9
2508,19.999647682757203,15.60843686510494,NA,17.80404227393107,11,3,350,9
2509,20.02137458889392,15.604164177517085,NA,17.812769383205502,11,3,350,9
2510,20.03996313641757,15.603441821571664,NA,17.821702478994617,11,3,350,9
2511,20.055355745620133,15.606296967389309,NA,17.830826356504723,11,3,350,9
2512,20.067512965220153,15.61274158518493,NA,17.84012727520254,11,3,350,9
2513,20.076416353651915,15.622772010470063,NA,17.84959418206099,11,3,350,9
2514,20.08207024023751,15.636368941044635,NA,17.85921959064107,11,3,350,9
2515,20.08450002561186,15.653498060910703,NA,17.868999043261283,11,3,350,9
2516,20.08374741149511,15.674110901255721,NA,17.878929156375417,11,3,350,9
2517,20.07986568065497,15.698144963661218,NA,17.88900532215809,11,3,350,9
2518,20.072915904282073,15.725522813681152,NA,17.89921935898161,11,3,350,9
2519,20.062962710449142,15.75615053592306,NA,17.909556623186102,11,3,350,9
2520,20.050069612733854,15.789916234613349,NA,17.9199929236736,11,3,350,9
2521,20.034295263560676,15.826689556495197,NA,17.930492410027938,11,3,350,9
2522,20.015691021448454,15.8663220427346,NA,17.941006532091528,11,3,350,9
2523,19.99429924603776,15.908646946346197,NA,17.95147309619198,11,3,350,9
2524,19.970152905333855,15.953478127307429,NA,17.96181551632064,11,3,350,9
2525,19.943278250185383,16.000608613192313,NA,17.97194343168885,11,3,350,9
2526,19.913700165314527,16.04980951100184,NA,17.98175483815818,11,3,350,9
2527,19.88144766047163,16.100830053730824,NA,17.991138857101227,11,3,350,9
2528,19.84655862344592,16.153398687706186,NA,17.99997865557605,11,3,350,9
2529,19.809084614743877,16.20722422922688,NA,18.00815442198538,11,3,350,9
2530,19.769095703306576,16.261996899658918,NA,18.015546301482747,11,3,350,9
2531,19.726684562122177,16.317389828745775,NA,18.022037195433974,11,3,350,9
2532,19.681969139848324,16.373061030957786,NA,18.027515085403053,11,3,350,9
2533,19.63509332175866,16.42865527474393,NA,18.031874298251296,11,3,350,9
2534,19.58622567570533,16.483806240158202,NA,18.035015957931765,11,3,350,9
2535,19.535557061155654,16.538140335909173,NA,18.036848698532413,11,3,350,9
2536,19.483297878986754,16.59128198644447,NA,18.037289932715613,11,3,350,9
2537,19.429675739378617,16.642858639186702,NA,18.03626718928266,11,3,350,9
2538,19.374933056855717,16.69250491251696,NA,18.033718984686338,11,3,350,9
2539,19.319322813276987,16.73986647550803,NA,18.02959464439251,11,3,350,9
2540,19.26310277763715,16.784604152768445,NA,18.023853465202798,11,3,350,9
2541,19.206530519669283,16.826398650053093,NA,18.01646458486119,11,3,350,9
2542,19.14985999356241,16.8649559058967,NA,18.007407949729554,11,3,350,9
2543,19.093338907503586,16.90001268405321,NA,17.996675795778398,11,3,350,9
2544,19.037206484952943,16.931341728524703,NA,17.984274106738823,11,3,350,9
2545,18.98169161380343,16.958755509882238,NA,17.970223561842836,11,3,350,9
2546,18.92701098955578,16.98210807870936,NA,17.95455953413257,11,3,350,9
2547,18.873366468649742,17.00129502907307,NA,17.937330748861406,11,3,350,9
2548,18.820942116277052,17.016252061984716,NA,17.918597089130884,11,3,350,9
2549,18.76990279876089,17.026953125868136,NA,17.898427962314514,11,3,350,9
2550,18.720393829955732,17.03340833013015,NA,17.87690108004294,11,3,350,9
2551,18.672538450365604,17.035661047033983,NA,17.854099748699795,11,3,350,9
2552,18.62643333180419,17.033784494353487,NA,17.83010891307884,11,3,350,9
2553,18.582146299809768,17.027878968606178,NA,17.805012634207973,11,3,350,9
2554,18.539717540311827,17.018069630204586,NA,17.778893585258206,11,3,350,9
2555,18.499162241205365,17.00450347345062,NA,17.75183285732799,11,3,350,9
2556,18.460473302661498,16.987345576979106,NA,17.723909439820304,11,3,350,9
2557,18.42362353068277,16.96677619298479,NA,17.69519986183378,11,3,350,9
2558,18.388566826310342,16.942988770218754,NA,17.66577779826455,11,3,350,9
2559,18.355237980758687,16.91618754243686,NA,17.635712761597773,11,3,350,9
2560,18.323551564887186,16.886584094077698,NA,17.605067829482444,11,3,350,9
2561,18.293401279551006,16.854393095085,NA,17.573897187318003,11,3,350,9
2562,18.26466025585426,16.819827396678278,NA,17.54224382626627,11,3,350,9
2563,18.237181916815,16.783092679829664,NA,17.510137298322334,11,3,350,9
2564,18.21080110980408,16.744382726075635,NA,17.477591917939858,11,3,350,9
2565,18.185335316961247,16.703877258238485,NA,17.444606287599868,11,3,350,9
2566,18.160586238767472,16.661742152977702,NA,17.411164195872587,11,3,350,9
2567,18.136342533907186,16.61812968147196,NA,17.377236107689573,11,3,350,9
2568,18.1123840111048,16.57317809288034,NA,17.34278105199257,11,3,350,9
2569,18.088487081125706,16.527011513580753,NA,17.30774929735323,11,3,350,9
2570,18.064430984650816,16.479740842789738,NA,17.272085913720275,11,3,350,9
2571,18.040004019171562,16.43146603277019,NA,17.235735025970875,11,3,350,9
2572,18.01500889046475,16.38227965434088,NA,17.198644272402817,11,3,350,9
2573,17.98926621652893,16.332271160874093,NA,17.16076868870151,11,3,350,9
2574,17.962616382109246,16.28153077639187,NA,17.12207357925056,11,3,350,9
2575,17.934921112126816,16.23015144573749,NA,17.082536278932153,11,3,350,9
2576,17.906065059104257,16.17822913801278,NA,17.04214709855852,11,3,350,9
2577,17.875956626427904,16.12586364765344,NA,17.00091013704067,11,3,350,9
2578,17.844528224313805,16.07316047686249,NA,16.958844350588148,11,3,350,9
2579,17.81173713035701,16.020232822453202,NA,16.915984976405106,11,3,350,9
2580,17.77756676063688,15.967202787600439,NA,16.872384774118657,11,3,350,9
2581,17.74202679143257,15.914201036423108,NA,16.828113913927837,11,3,350,9
2582,17.705151546584222,15.8613648894977,NA,16.783258218040963,11,3,350,9
2583,17.666997040519618,15.808835638585512,NA,16.737916339552566,11,3,350,9
2584,17.627637554268915,15.756755761213315,NA,16.692196657741114,11,3,350,9
2585,17.587163109132536,15.705266618140904,NA,16.64621486363672,11,3,350,9
2586,17.545678714696123,15.654506924119278,NA,16.6000928194077,11,3,350,9
2587,17.503305779947894,15.604611989747184,NA,16.55395888484754,11,3,350,9
2588,17.460184808015253,15.555713537194594,NA,16.507949172604924,11,3,350,9
2589,17.41647722678362,15.507939697535974,NA,16.462208462159797,11,3,350,9
2590,17.37236635319058,15.461415382712117,NA,16.41689086795135,11,3,350,9
2591,17.328059634489776,15.416263810413758,NA,16.372161722451768,11,3,350,9
2592,17.28379284636805,15.372609277461546,NA,16.328201061914797,11,3,350,9
2593,17.23983546434801,15.33058059451362,NA,16.285208029430812,11,3,350,9
2594,17.196496326917504,15.290314399836648,NA,16.243405363377075,11,3,350,9
2595,17.15412861075971,15.251957374733117,NA,16.20304299274641,11,3,350,9
2596,17.113133625538783,15.215667553549642,NA,16.16440058954421,11,3,350,9
2597,17.073963422703518,15.181616091486868,NA,16.127789757095194,11,3,350,9
2598,17.037122114490074,15.14998997541922,NA,16.093556044954646,11,3,350,9
2599,17.003165700983413,15.120995284889096,NA,16.062080492936254,11,3,350,9
2600,16.972700689980886,15.094860415105904,NA,16.033780552543394,11,3,350,9
2601,16.946382281285786,15.071838478400007,NA,16.009110379842895,11,3,350,9
2602,16.924912788741633,15.052209368234925,NA,15.988561078488278,11,3,350,9
2603,16.909040875024257,15.036283237493382,NA,15.97266205625882,11,3,350,9
2604,16.899560612866242,15.024405191570443,NA,15.961982902218342,11,3,350,9
2605,16.897307825065543,15.016959045571904,NA,15.957133435318724,11,3,350,9
2606,16.903153203228115,15.014369164826274,NA,15.958761184027194,11,3,350,9
2607,16.917993752853345,15.017100577777766,NA,15.967547165315555,11,3,350,9
2608,16.94274420937398,15.025657842323273,NA,15.984201025848627,11,3,350,9
2609,16.978330166885733,15.040583438646307,NA,16.00945680276602,11,3,350,9
2610,17.025683197954134,15.062456460987619,NA,16.044069829470878,11,3,350,9
2611,17.085736779643607,15.09189238019819,NA,16.0888145799209,11,3,350,9
2612,17.159422133430965,15.129542795128431,NA,16.144482464279697,11,3,350,9
2613,17.247663379253055,15.176092237127975,NA,16.211877808190515,11,3,350,9
2614,17.351372281804974,15.232251724898248,NA,16.29181200335161,11,3,350,9
2615,17.47144374514511,15.29875139996001,NA,16.38509757255256,11,3,350,9
2616,17.608752431560216,15.376333499682238,NA,16.492542965621226,11,3,350,9
2617,17.76415010060776,15.465745851607961,NA,16.61494797610786,11,3,350,9
2618,17.938464337470112,15.567736560306269,NA,16.75310044888819,11,3,350,9
2619,18.13250041300842,15.683051045569682,NA,16.90777572928905,11,3,350,9
2620,18.347045287211696,15.812430444933062,NA,17.079737866072378,11,3,350,9
2621,18.582870037022587,15.95660824770122,NA,17.269739142361903,11,3,350,9
2622,18.840729623330862,16.116304563720245,NA,17.478517093525554,11,3,350,9
2623,19.121361545705728,16.292219966232622,NA,17.706790755969173,11,3,350,9
2624,19.42548425093083,16.4850302631489,NA,17.955257257039865,11,3,350,9
2625,19.753795478912878,16.695382966146752,NA,18.224589222529815,11,3,350,9
2626,20.106970632300584,16.923895154466283,NA,18.515432893383434,11,3,350,9
2627,20.485661158941344,17.171151357785863,NA,18.828406258363604,11,3,350,9
2628,20.890491766201677,17.437700180579895,NA,19.164095973390786,11,3,350,9
2629,21.32205411611003,17.72404848841995,NA,19.52305130226499,11,3,350,9
2630,21.780897381770824,18.030653830464967,NA,19.905775606117896,11,3,350,9
2631,22.267518777084128,18.35791762625587,NA,20.31271820167,11,3,350,9
2632,22.782355709409288,18.706180085098303,NA,20.744267897253795,11,3,350,9
2633,23.325779742549543,19.07571626658448,NA,21.20074800456701,11,3,350,9
2634,23.89809187559209,19.46673259421657,NA,21.68241223490433,11,3,350,9
2635,24.49951796139355,19.879363037572343,NA,22.18944049948295,11,3,350,9
2636,25.13020347975159,20.31366466720937,NA,22.72193407348048,11,3,350,9
2637,25.790207271631875,20.76961277532149,NA,23.27991002347668,11,3,350,9
2638,26.479494037151717,21.24709575636844,NA,23.86329489676008,11,3,350,9
2639,27.197925596453192,21.7459099431814,NA,24.471917769817296,11,3,350,9
2640,27.945250426400275,22.265754107715264,NA,25.10550226705777,11,3,NA,NA
2641,28.7210904999762,22.806222849369586,NA,25.763656674672895,11,3,NA,NA
2642,29.524926310244336,23.366798778092985,NA,26.445862544168662,11,3,NA,NA
2643,30.356082815921237,23.946844083882862,NA,27.15146344990205,11,3,NA,NA
2644,31.213719145360134,24.54559198850708,NA,27.879655566933607,11,3,NA,NA
2645,32.096824995689914,25.162138479616704,NA,28.629481737653308,11,3,NA,NA
2646,33.00422413041095,25.795435607264746,NA,29.39982986883785,11,3,NA,NA
2647,33.934582845358534,26.44428850281059,NA,30.189435674084564,11,3,NA,NA
2648,34.88642254348712,27.107357502111206,NA,30.996890022799164,11,3,NA,NA
2649,35.85813682934528,27.783165976857585,NA,31.82065140310143,11,3,NA,NA
2650,36.848013633869385,28.470113407215525,NA,32.65906352054245,11,3,NA,NA
2651,37.8542629796115,29.16649215811219,NA,33.51037756886184,11,3,NA,NA
2652,38.87504777939713,29.870506716030143,NA,34.372777247713636,11,3,NA,NA
2653,39.908511843876894,30.58029443743885,NA,35.24440314065787,11,3,NA,NA
2654,40.95280190768922,31.293947251500203,NA,36.12337457959471,11,3,NA,NA
2655,42.00608311779269,32.00953415087166,NA,37.00780863433218,11,3,NA,NA
2656,43.066548988145854,32.72512323221923,NA,37.89583611018254,11,3,NA,NA
2657,44.132428385281976,33.438800975499475,NA,38.78561468039072,11,3,NA,NA
2658,45.20199035321386,34.148687719100586,NA,39.675339036157226,11,3,NA,NA
2659,46.273545829875964,34.85294955567057,NA,40.56324769277327,11,3,NA,NA
2660,47.345446574711204,35.54980726310352,NA,41.44762691890736,11,3,NA,NA
2661,48.41608289438026,36.23754327460685,NA,42.32681308449355,11,3,NA,NA
2662,49.48388155786465,36.91450808107812,NA,43.19919481947139,11,3,NA,NA
2663,50.54730509655265,37.5791278482049,NA,44.06321647237877,11,3,NA,NA
2664,51.60485280647273,38.2299135665817,NA,44.91738318652722,11,3,NA,NA
2665,52.655062891423206,38.86547058889665,NA,45.76026674015993,11,3,NA,NA
2666,53.696514990096276,39.48450769951747,NA,46.59051134480687,11,3,NA,NA
2667,54.727832134616456,40.0858451529411,NA,47.40683864377878,11,3,NA,NA
2668,55.74768226018762,40.66842150612329,NA,48.20805188315545,11,3,NA,NA
2669,56.75478045778506,41.23129945813244,NA,48.99303995795875,11,3,NA,NA
2670,57.74789179559172,41.773670811182726,NA,49.76078130338722,11,3,NA,NA
2671,58.72583316860598,42.29486056762044,NA,50.51034686811321,11,3,NA,NA
2672,59.6874738055283,42.794330175436855,NA,51.24090199048258,11,3,NA,NA
2673,60.631735231687614,43.271679932816255,NA,51.951707582251935,11,3,NA,NA
2674,61.55759070565449,43.72664968227527,NA,52.642120193964885,11,3,NA,NA
2675,62.464063366074754,44.15911604496651,NA,53.31158970552063,11,3,NA,NA
2676,63.3502218367736,44.5690862967712,NA,53.9596540667724,11,3,NA,NA
2677,64.21517242757207,44.9566908389001,NA,54.585931633236086,11,3,NA,NA
2678,65.05805018877268,45.32217514077757,NA,55.19011266477513,11,3,NA,NA
2679,65.87801175944966,45.66589095814993,NA,55.7719513587998,11,3,NA,NA
2680,66.67423509502697,45.988286334966055,NA,56.33126071499652,11,3,NA,NA
2681,67.44593428043447,46.2898924328761,NA,56.867913356655286,11,3,NA,NA
2682,68.19238778343188,46.57130513317764,NA,57.381846458304764,11,3,NA,NA
2683,68.91297157687495,46.83316393903508,NA,57.87306775795501,11,3,NA,NA
2684,69.60718826503327,47.07613470384118,NA,58.341661484437225,11,3,NA,NA
2685,70.27467964115844,47.300899687219996,NA,58.78778966418922,11,3,NA,NA
2686,70.91522180612982,47.5081525874612,NA,59.21168719679551,11,3,NA,NA
2687,71.52871475335306,47.69859502843215,NA,59.613654890892604,11,3,NA,NA
2688,72.11517237326036,47.8729333197212,NA,59.99405284649078,11,3,NA,NA
2689,72.67471287905143,48.03187547908785,NA,60.353294179069636,11,3,NA,NA
2690,73.20754965353248,48.17612850622048,NA,60.69183907987648,11,3,NA,NA
2691,73.71398251528062,48.30639589677348,NA,61.01018920602705,11,3,NA,NA
2692,74.19438940087096,48.42337538566993,NA,61.308882393270444,11,3,NA,NA
2693,74.64921845855307,48.527756908708476,NA,61.588487683630774,11,3,NA,NA
2694,75.07898054753991,48.62022077160178,NA,61.84960065957085,11,3,NA,NA
2695,75.48424213597428,48.70143601569345,NA,62.092839075833865,11,3,NA,NA
2696,75.86561858965561,48.7720589697495,NA,62.31883877970256,11,3,NA,NA
2697,76.2237678427392,48.8327319773946,NA,62.528249910066904,11,3,NA,NA
2698,76.55938444085393,48.884082289960354,NA,62.72173336540715,11,3,NA,NA
2699,76.87319394641722,48.926721114729936,NA,62.89995753057357,11,3,NA,NA
2700,77.16594769535192,48.96124280879754,NA,63.063595252074734,11,3,NA,NA
2701,77.43841789392272,48.98822420901053,NA,63.21332105146662,11,3,NA,NA
2702,77.69139304400524,49.00822408872394,NA,63.34980856636459,11,3,NA,NA
2703,77.9256736847724,49.02178273236954,NA,63.473728208570975,11,3,NA,NA
2704,78.14206843852597,49.02942161912252,NA,63.58574502882425,11,3,NA,NA
2705,78.3413903482108,49.03164320723671,NA,63.68651677772375,11,3,NA,NA
2706,78.52445349402127,49.02893081091164,NA,63.77669215246645,11,3,NA,NA
2707,78.69206987643796,49.021748561851204,NA,63.85690921914458,11,3,NA,NA
2708,78.84504655301399,49.01054144797166,NA,63.927794000492824,11,3,NA,NA
2709,78.98418301626191,48.9957354220153,NA,63.989959219138605,11,3,NA,NA
2710,79.11026880006624,48.97773757312462,NA,64.04400318659543,11,3,NA,NA
2711,79.22408130216367,48.95693635472817,NA,64.09050882844592,11,3,NA,NA
2712,79.32638381038645,48.9337018623833,NA,64.13004283638487,11,3,NA,NA
2713,79.41792372055224,48.9083861555114,NA,64.16315493803182,11,3,NA,NA
2714,79.49943093410268,48.88132361724758,NA,64.19037727567513,11,3,NA,NA
2715,79.57161642383909,48.8528313469075,NA,64.21222388537329,11,3,NA,NA
2716,79.63517095637589,48.82320957985021,NA,64.22919026811304,11,3,NA,NA
2717,79.690763960226107,48.792742129784784,NA,64.24175304500545,11,3,NA,NA
2718,79.73904252874796,48.76169684883214,NA,64.25036968879004,11,3,NA,NA
2719,79.78063054751296,48.73032610090892,NA,64.25547832421094,11,3,NA,NA
2720,79.81612793600405,48.69886724424999,NA,64.25749759012702,11,3,NA,NA
2721,79.84610999391312,48.66754311912722,NA,64.25682655652017,11,3,NA,NA
2722,79.87112684268084,48.636562537056506,NA,64.25384468986867,11,3,NA,NA
2723,79.89170295330514,48.606120768011706,NA,64.24891186065842,11,3,NA,NA
2724,79.90833675183664,48.5764000223829,NA,64.24236838710976,11,3,NA,NA
2725,79.9215002943793,48.54756992462785,NA,64.23453510950358,11,3,NA,NA
2726,79.93163900382045,48.51978797576941,NA,64.22571348979493,11,3,NA,NA
2727,79.93917146092538,48.493200002088116,NA,64.21618573150676,11,3,NA,NA
2728,79.9444892428468,48.46794058754847,NA,64.20621491519763,11,3,NA,NA
2729,79.94795680251805,48.44413348767983,NA,64.19604514509894,11,3,NA,NA
2730,79.94991138282019,48.421892022808365,NA,64.18590170281428,11,3,NA,NA
2731,79.95066295983582,48.401319448705635,NA,64.17599120427073,11,3,NA,NA
2732,79.95049420992733,48.38250930288243,NA,64.16650175640488,11,3,NA,NA
2733,79.949660495802,48.365545724913865,NA,64.15760311035793,11,3,NA,NA
2734,79.94838986715293,48.350503749333285,NA,64.14944680824311,11,3,NA,NA
2735,79.94688307189053,48.337449569779885,NA,64.1421663208352,11,3,NA,NA
2736,79.94531357440543,48.32644077322674,NA,64.13587717381608,11,3,NA,NA
2737,79.94382757772998,48.317526543254594,NA,64.13067706049229,11,3,NA,NA
2738,79.94254404689092,48.31074783147092,NA,64.12664593918092,11,3,NA,NA
2739,79.94155473117151,48.30613749630564,NA,64.12384611373858,11,3,NA,NA
2740,79.94092418342638,48.303720408543036,NA,64.1223222959847,11,3,NA,NA
